text,label,source,true_label,predicted_label
එහි මෙය මෙසේ කියනු ලැබේ. [1]“රවා බලන්නෙක් නොවීය. වංක ලෙස ඇස් කෙළවරින් බලන්නේද නොවීය. ඔරවා නොබලන්නේ ඍජුවූ පැතුරුණු බැලුම් ඇත්තේ විය. ප්‍රිය ඇසින් බොහෝදෙනා දෙස බැලුවේය.” [2]“හෙතෙම සුගතිවල ඵල විපාක අනුභව කරයි. එහිදී සතුටුවෙයි. මේ ලෝකයේදී හොඳින් දැකුම් කටයුතුවූ අතිශයින් නිල්වන් ඇස් ඇත්තේ එදා උපන් වස්සෙකුගේ ඇස්පිහාටුවලට බඳු ඇස්පිහාටු ඇත්තේ වෙයි.” [3]“හසලවූ නිමිති ශාස්ත්‍රයෙහි දක්ෂවූ සියුම් ඇස් පරීක්ෂාකොට බැලීමෙහි දක්ෂවූ මිනිස්සු ඔහු ප්‍රියවූ දැකුම් ඇත්තෙකැයි පෙන්වත්.” [4]“ගිහි වූයේ නමුදු ප්‍රියවූ දැකුම් ඇත්තේ ශාන්තවූයේ බොහෝ දෙනාට ප්‍රිය වූයේද වෙයි. ඉදින් ගිහි නොවේ නම් බොහෝ දෙනාගේ ශොක නැති කරන්නාවූ ප්‍රියවූ ශ්‍රමණයෙක් වේ.”,sin,nadil,sinhala,sinhala
"‘‘‘රාහුලො ච අහඤ්චෙව, නෙකජාතිසතෙ බහූ; එකස්මිං සම්භවෙ ජාතා, සමානඡන්දමානසා.",pli,nadil,pali,pali
"“යම් රජෙකුගේ රටෙහි ස්වාමීයන් නැත්තාවූ තරුණියෝ මහළු බවට යෙද්ද, ඒ මේ බ්‍රහ්මදත්ත රජ තෙම කවර කලෙක්හි නම් මැරෙන්නේදැයි (එක්තරා දිළිඳු ස්ත්‍රියක් නින්දා කරමින් කීවාය.)",sin,nadil,sinhala,sinhala
"නවවස්සසහස්සානි, අගාරං අජ්ඣ සො වසි; සුචන්දකඤ්චනසිරිවඩ්ඪා, තයො පාසාදමුත්තමා.",pli,nadil,pali,pali
"න නො පිතූනං න පිතාමහානං, දිට්ඨො සුතො කුඤ්ජරො ඡබ්බිසාණො; යමද්දසා සුපිනෙ රාජපුත්තී, අක්ඛාහි නො යාදිසො හත්ථිනාගො.",pli,nadil,pali,pali
“අහසෙහි හැසිරෙන්නාවූ පක්ෂිතෙමේ පියවර නොතැබීමෙන් අහසෙහි පියවරකොට ගමන්කරයි. හංසයන් අතුරෙන් ඉතා උතුම්වූ එබඳුවූ නුඹ දුරදීම මේ මළපුඩුව දැන නොගන්නේදැයි වැදිතෙම ඇසීය.,sin,nadil,sinhala,sinhala
"“මහණෙනි, නැවතද මහණතෙම ශ්‍රද්ධාවෙන් යුක්ත වූයේ වෙයිද, ශීලයෙන් යුක්තවූයේ වෙයිද, බහුශ්‍රැත භාවයෙන් යුක්තවූයේ වෙයිද ත්‍යාගයෙන් යුක්ත වූයේ වෙයිද, ප්‍රඥාවෙන් යුක්තවූයේ වෙයිද, ඒ මහණහට ශරීරය බිඳීමෙන් මරණින් පසු මම බ්‍රාහ්මණ මහාසාරයන් එක්වීමට පැමිණෙන්නෙම් නම් ඉතා හොඳයයි සිතන්නේද ඒ සිත තබන්නේද ඒ සිත පිහිටුවයිද ඒ සිත වඩයිද මෙසේ වඩනලද මෙසේ පුරුදු කරන ලද ඒ ප්‍රාර්ථනාව සහිත ශ්‍රද්ධාදි ධර්මයෝ එහි ඉපදීම පිණිස පවතිත්. මහණෙනි, මේ මාර්ගය මේ ප්‍රතිපදාව එහි ඉපදීම පිණිස පවතී. “මහණෙනි, නැවතද මහණතෙමේ ශ්‍රද්ධාවෙන් යුක්ත වූයේ සීලයෙන් යුක්තවූයේ ත්‍යාගයෙන් යුක්තවූයේ බහුශ්‍රැතයෙන් යුක්තවූයේ ප්‍රඥාවෙන් යුක්තවූයේ වෙයිද, ඔහුට මම ශරීරය බිඳීමෙන් මරණින් මතු ගෘහපති මහාසාර කුලයෙහි උපදින්නෙම් නම් හොඳයයි සිත්වන්නේය. හෙතෙම ඒ සිත තබයිද ඒ සිත පිහිටුවයිද ඒ සිත වඩයිද මෙසේ වඩන ලද මෙසේ පුරුදු කරන ලද ඒ ප්‍රාර්ථනාව සහිත ශ්‍රද්ධාදි ධර්මයෝ ගෘහපති මහාසාර කුලයෙහි ඉපදීම පිණිස ඒ මහණහට හේතුවෙත්. මහණෙනි, මේ මාර්ගය, මේ ප්‍රතිපදාව, ඒ ගෘහපති මහාසාර කුලයෙහි ඉපදීම පිණිස පවතියි.",sin,nadil,sinhala,sinhala
"එකල ඒ භික්ෂූන්ට මෙබඳු සිතක් පහළ විය. ‘මේ අම්බට්ඨ මාණවක තෙමේ ප්‍රසිද්ධකුලයේ උපන්නේම ප්‍රකටවූ පොක්ඛරසාති බමුණහට අතවැසිද වෙයි. මෙබඳු කුල පුත්‍රයන් සමග කරන කථා බස භාග්‍යවතුන් වහන්සේට බරෙක් නොවේමය’ යනුයි. ඒ භික්ෂුහු අම්බට්ඨ මානවකයාහට මෙසේ කීහ: “අම්බට්ඨය, එතැන ගන්ධකුටිය වසනලද දොර ඇත්තේය. ශබ්ද නොකොට එහි ගොස් සෙමින් පිලට ඇතුලුව කාරා අගුළ නිය පිටින් තට්ටුකරව, නුඹට භාග්‍යවතුන් වහන්සේ දොර හරිනවා ඇත.”",sin,nadil,sinhala,sinhala
"“කුශල මූලයෙන් මෙහෙයන ලද්දේ, තුෂිත දෙව් ලොවින් චුතව, දිව්‍ය මනුෂ්‍ය සම්පත් දෙක අනුභව කොට මිනිසත් බැව්හි සිත් අලවා වසන්නේය.",sin,nadil,sinhala,sinhala
"“ප්‍රාණඝාතයද තැලීම, කැපීම, බැඳීම යන මෙයද, සොරකමද, බොරු කීමද, ආශා කිරීමද, රැවටීමද, අභිවෘද්ධියක් නැති අවැඩට හේතු පොත් කියවීමද, අනුන් අයත් අඹුවන් කරා යාමද, යන මේ ආම ගන්ධ නම්වේ. ත්‍රිකොටික පරිශුද්ධ මාංශය හා භොජනය ආමගන්ධ නොවේ.",sin,nadil,sinhala,sinhala
"‘‘එහි තං අනුසික්ඛාමි, යථා තෙ සුගතී සියා; ධම්මෙනන්ධෙ වනෙ පොස, මඤ්ඤෙහං සුගතී තයා.",pli,nadil,pali,pali
"‘‘පදීපො චෙත්ථ ජලති, නිච්චං සොවණ්ණයො මහා; දුස්සඵලෙහි රුක්ඛෙහි, සමන්තා පරිවාරිතො.",pli,nadil,pali,pali
“(ගෘහාභිනිෂ්ක්‍රමණය කළ) බෝසතුන් හා (නික්ම) ඒ අනුව පැවිදිවීමි. මා විසින් වීර්‍ය්‍යය මැනවින් කරණ ලදී. කෙලෙස් දැවීම පිණිස (අනගාර්‍ය්‍ය නම්) සසුනෙහි පැවිදිවීමි.,sin,nadil,sinhala,sinhala
"මාතරං පිතරඤ්චාපි, ජිණ්ණකං ගතයොබ්බනං; බාලා තුම්හෙති වක්ඛන්ති, තදා කණ්හො පමොක්ඛති.",pli,nadil,pali,pali
"මා විසින් මෙසේ අසනලදී. එක් කලෙක භාග්‍යවතුන් වහන්සේ සැවැත්නුවර සමීපයෙහිවූ අනේපිඬු සිටාණන් විසින් කරවනලද ජේතවනාරාමයෙහි වාසය කරණ සේක. එහිදී භාග්‍යවතුන් වහන්සේ ‘මහණෙනි’යි කියා භික්ෂූන් ඇමතූහ. ‘ස්වාමීනි’යි කියා ඒ භික්ෂූහු භාග්‍යවතුන් වහන්සේට උත්තර දුන්හ. (එවිට) භාග්‍යවතුන්වහන්සේ මෙය වදාළසේක. “මහණෙනි, ලාභ සත්කාර කීර්ති ප්‍රශංසා දරුණුය, කටුකය, ඵරුෂය, අති උතුම් රහත්ඵලාවබෝධයට අනතුරු කරන්නේය. “මහණෙනි, ලාභ සත්කාර කීර්ති ප්‍රශංසාවෙන් මඩනා ලද නැසුණු කුසල් සිත් ඇති දෙවදත්තගේ කුසල මූලධර්ම විනාශයට ගියේය. මහණෙනි, මෙසේ ලාභ සත්කාර කීර්ති ප්‍රශංසා දරුණුය, කටුකය, ඵරුෂය, අති උතුම් රහත්ඵලාවබෝධයට අනතුරු කරන්නේය. මහණෙනි, ඒ නිසා මෙහිදී මෙසේ හික්මියයුතු වන්නේය. (කෙසේද?) ‘උපන්නවූ ලාභ සත්කාර කීර්ති ප්‍රශංසා අපගේ කුසල් සිත විනාශ නොකෙරේවායි’ මහණෙනි, තොප විසින් මෙසේ වනාහි හික්මිය යුතුයි. (දෙවෙනි මූල සූත්‍රය නිමි.)",sin,nadil,sinhala,sinhala
“ඉදින් ඔබ බුදුබවට පැමිණෙන්ට කැමැත්තෙහි නම් දෙවැනිව සීල පාරමිතාවට පැමිණෙව.”,sin,nadil,sinhala,sinhala
“එබඳුවූ රට පාලනය කරන්නාවූ නොකිපෙනසුළුවූ රජතෙම අසුරපුරයට අධිපතිවූ ශක්‍රයාමෙන් සාමන්ත රජුන් අතිශයින් කම්පා කෙරේයයි” මෙසේ ධර්මදේශනා කෙළේය.,sin,nadil,sinhala,sinhala
"‘‘අහං මනුස්සෙසු මනුස්සභූතො, රඤ්ඤො පායාසිස්ස අහොසිං මාණවො; ලද්ධා ධනං සංවිභාගං අකාසිං, පියා ච මෙ සීලවන්තො අහෙසුං; අන්නඤ්ච පානඤ්ච පසන්නචිත්තො, සක්කච්ච දානං විපුලං අදාසිං.",pli,nadil,pali,pali
"ත්වඤ්ච ඛො මෙ මහාරාජ, මනසානුවිචින්තිතො; අලං දුක්ඛා පමොචෙතුං, තස්මා තුය්හං පවෙදයිං.",pli,nadil,pali,pali
"“එකල්හි මහත් විෂ්මයට පත්වූ ඒ පිරිස් තොමෝ බඳැදිලි ඇත්තී, “ආර්‍ය්‍යාවෙනි, අනූපමවූ (මෙබඳු) ඎද්‍ධි පරාක්‍රමයක් කෙසේ වීදැ” යි (ඇසුවාහ.)",sin,nadil,sinhala,sinhala
“මා විසින් සියලුම පංචස්කන්ධයෝ විදර්ශනා ඥාන සහිත මාර්ග ප්‍රඥායෙන් පිරිසිඳ දන්නා ලද්දාහු අවිජ්ජා-තණ්හා නම්වූ සිඳ හල මුල් ඇත්තාහු සිටිනාහ. දුක්ඛක්ඛය නම්වූ නිර්වාණය මා විසින් ලබන ලද්දේය. ආසවක්ඛය නම්වූ නිර්වාණය මා විසින් පැමිණෙන ලදී.”,sin,nadil,sinhala,sinhala
"“මහණෙනි, යම් ඒ භික්‍ෂුවක් තෙම සමාන බඹසර ඇත්තවුන්ට ආක්‍රෝෂ පරිභව කරන්නේ ආර්‍ය්‍යයන්ට දොස් කියන්නේ වේද, හෙතෙම එකොළොස් වැදෑරුම් ව්‍යසනයන් අතුරෙන් එක්තරා ව්‍යසනයකට නොපැමිණෙන්නේය යන යමක් වේද, මෙයට කරුණු රහිතයි අවකාශ නැත්තේය. “කවර නම් එකොළසකටද යත්? නොලබන ලද්ද නොලබයි. ලබන ලද්දෙන් පිරිහෙයි. සද්ධර්මය පැහැදිළි නොවෙයි. සද්ධර්මයන්හි හෝ අධික මාන ඇත්තේ වෙයි. නො ඇථනේ හෝ බඹසර හැසිරෙයි. එක්තරා කිථටුවූ ඇවතකට හෝ පැමිණෙයි. ශික්‍ෂාව හැර දමා ගිහිබවට පැමිණෙයි. දැඩිවූ රෝගාබාධයක් හෝ ස්පර්‍ශ කරයි. චිත්ත වික්‍ෂෙප ඇත්තාවූ උමතුබවට හෝ පැමිණෙයි. අතිශයින් මුළාවූයේ කළුරිය කරයි. ශරීරයාගේ බිඳීමෙන් මරණින් මතු සැප නැත්තාවූ, දුකට පිහිටවූ, විවසව පතිත වන්නාවූ නරකයෙහි උපදියි. “මහණෙනි, යම් ඒ භික්‍ෂුවක් තෙම ආය්‍රේ‍යාපවාද ඇත්තේ, සමාන බඹසර ඇත්තවුන්ට ආක්‍රොෂ පරිශව කරන්නේ වේද, හෙතෙම මේ එකොළොස් වැදෑරුම් ව්‍යසනයන් අතුරෙන් එක්තරා ව්‍යසනයකට නොපැමිණෙන්නේය යන යමක් වේද, මෙයට කරුණු රහිත වේ. අවකාශ රහිත වේ යයි වදාළ සේක.”",sin,nadil,sinhala,sinhala
"අක්කොසති යථාකාමං, ආගමඤ්චස්ස ඉච්ඡති; ස වෙ රාජ පියො හොති, කං තෙන ත්වාභිපස්සසි.",pli,nadil,pali,pali
"“එකල්හි රාජකුමාරය, මා විසින් මෙසේ අවවාද කරණ ලද අනුශාසනා කරණ ලද පස්වග මහණහු යම් අර්ථයක් පිණිස කුලපුත්‍රයෝ ගිහිගෙන් නික්ම යහපත්ව ශාසනයෙහි පැවිදි වෙත්ද, මාර්ග බ්‍රහ්මචර්යාව අවසන්කොට ඇති, ඒ උත්තම අර්හත්ඵලය ඉහතාත්මයෙහිම තෙමේ විශේෂ නුවණින් දැන ප්‍රත්‍යක්ෂකොට ඊට පැමිණ වාසය කළාහුයි” වදාළේය. “මෙසේ වදාළ කල්හි බොධිරාජ කුමාරතෙම භාග්‍යවතුන් වහන්සේට මෙසේ කීහ. “ස්වාමීනි කොපමණ කලකින් තථාගතයන් වහන්සේ වැනි හික්මවන්නෙකු ලබන්නාවූ භික්ෂුතෙම යම් අර්ථයක් පිණිස කුලපුත්‍රයෝ ගිහිගෙන් නික්ම යහපත්වම ශාසනයෙහි පැවිදි වෙද්ද, මාර්ගබ්‍රහ්මචර්යාව කෙළවරකොට ඇති ඒ උත්තම සැපත මේ ආත්මයෙහි තෙමේ විශේෂ නුවණින් දැන ඊට පැමිණ වාසය කරද්දැයි’ ඇසී. “එසේ නම්, රාජකුමාරය, මේ කාරණය තොපගෙන්ම අසමි. තොපට යම්සේ වැටහේ නම් එසේ කියව. රාජකුමාරය, ඔබ ඒ කුමකැයි සිතන්නෙහිද? ඔබ ඇතුන්පිට නගින හෙණ්ඩු ගන්න ශිල්පයෙහි දක්ෂවෙහිදැයි” (ඇසී). “ස්වාමීන් වහන්ස, එසේය. ඇතුන්පිට නැගෙණ හෙණ්ඩු ගන්න ශිල්පයෙහි මම දක්ෂයෙක් වෙමි.” “ඔබ කුමක් සිතන්නෙහිද? බොධිරාජ කුමාරතෙම ඇතුන්පිට නගින හෙණ්ඩු ගන්න ශිල්පය දනියි. මම ඔහු වෙත ඇතුන්පිට නැගෙණ හෙණ්ඩු ගන්න ශිල්පය පුහුණු කරන්නෙමැයි මෙහි (කිසියම්) පුරුෂයෙක් පැමිණෙන්නේය. “ඒ පුද්ගලතෙමේ ඇදහීම් නැත්තෙක් හෙවත් කියන දේ නොපිළිගන්නෙක් වෙයිද, ඇදහීමෙන් යමකට පැමිණිය යුතු නම් ඊට නොපැමිණෙන්නේද, හෙතෙම බොහෝ ආබාධ ඇත්තෙක් වෙයිද, නිරෝගී වූවෙකු විසින් යමකට පැමිණිය යුතු නම් ඊට නොපැමිණෙන්නේද, හෙතෙම කෛරාටික රැවටිලිකාරයෙක් වෙයිද, යමෙක් කෛරාටික නොවන රැවටිලිකාරයෙක් නොවන්නෙකු විසින් යමකට පැමිණිය යුතු නම් ඊට නොපැමිණෙන්නේද හෙතෙම කුසීතයෙක් වෙයිද, බලවත් වීර්ය ඇත්තෙකු විසින් යමකට පැමිණිය යුතු නම් ඊට නොපැමිණෙන්නේද, හෙතෙම නුවණැත්තෙක් වෙයිද, නුවණැත්තෙකු විසින් යමකට පැමිණිය යුතු නම් ඊට නොපැමිණෙන්නේද, රාජකුමාරය, ඒ කුමක් සිතන්නෙහිද? ඒ පුරුෂතෙම ඔබගෙන් ඇතුපිට නැගෙන හෙණ්ඩුව ගන්න ශිල්පය කිම ඉගෙනගන්නේද?” “ස්වාමීන් වහන්ස, ඒ එක් කරුණකින්ද යුක්තවූ පුරුෂ තෙම මා වෙතින් ඇතුපිට නැගෙන හෙණ්ඩුව ගන්නා ශිල්පය නොඋගනියි. කරුණු පසින්ම යුක්ත නම් කියනුම කිම?”",sin,nadil,sinhala,sinhala
“ඒ (පවන් සලන) කන්‍යාතොමෝ රන්වන් පැහැ ඇත්තීය. පියුමකට බඳු මුහුණු හා ඇස් ඇත්තීය. (ඉදුන) බිඹුපලවන් තොල් ඇත්තීය. කොඳ (කැකුළු) වැනි දසන් ඇත්තීය. සිතට හා නෙතට රසදුනක් වැන්නීය.,sin,nadil,sinhala,sinhala
කළකිරුණු සුරට්ඨාධිපති රජතෙම රියැදුරුට මෙය කීය. “භයජනක ලොමු දැහැගත්තාවූ නපුරු මගකට පැමිණියෝ වෙමු. ඉදිරියෙහි මග පෙනේ. පසුමග නොපෙනේ.,sin,nadil,sinhala,sinhala
"‘‘අහං මනුස්සෙසු මනුස්සභූතො, දලිද්දො අතාණො කපණො කම්මකරො අහොසිං; ජිණ්ණෙ ච මාතාපිතරො අභාරිං, පියා ච මෙ සීලවන්තො අහෙසුං; අන්නඤ්ච පානඤ්ච පසන්නචිත්තො, සක්කච්ච දානං විපුලං අදාසිං.",pli,nadil,pali,pali
"‘‘චත්තාරිමානි, භික්ඛවෙ, තථානි අවිතථානි අනඤ්ඤථානි. කතමානි චත්තාරි? ‘ඉදං දුක්ඛ’න්ති, භික්ඛවෙ, තථමෙතං අවිතථමෙතං අනඤ්ඤථමෙතං ; ‘අයං දුක්ඛසමුදයො’ති තථමෙතං අවිතථමෙතං අනඤ්ඤථමෙතං; ‘අයං දුක්ඛනිරොධො’ති තථමෙතං අවිතථමෙතං අනඤ්ඤථමෙතං; ‘අයං දුක්ඛනිරොධගාමිනී පටිපදා’ති තථමෙතං අවිතථමෙතං අනඤ්ඤථමෙතං - ඉමානි ඛො, භික්ඛවෙ, චත්තාරි තථානි අවිතථානි අනඤ්ඤථානි. ‘‘තස්මාතිහ, භික්ඛවෙ, ‘ඉදං දුක්ඛ’න්ති යොගො කරණීයො...පෙ.... ‘අයං දුක්ඛනිරොධගාමිනී පටිපදා’ති යොගො කරණීයො’’ති. දසමං.",pli,nadil,pali,pali
"බඹසර නොවැස, යෞවන වයස්හී ධනය නොලැබ මසුන් නැති විලෙක මඩ පිට (හිඳ තැවෙන) මහලු කොස්ලිහිණියන් මෙන් තැවෙන්නාහුය.",sin,nadil,sinhala,sinhala
"නවන්‍ධානරාගාභිඤ්ඤා සූත්‍රය “මහණෙනි, රාගයාගේ අභිඥානය පිණිස මේ නව ධර්‍මයෝ වැඩිය යුත්තාහුය. “කවර නවයක්ද යත්? ප්‍රථමධ්‍යානය, වීතීයධ්‍යානය, තෘතීයධ්‍යානය, චතුර්ත්‍ථධ්‍යානය, ආකානඤ්චායතනය, විඤ්ඤාණඤ්චායතනය, ආකිඤ්චඤ්ඤායතනය, නෙවසඤ්ඤානාසඤ්ඤායතනය, සඤ්ඤාවෙදයිතනිරෝධය යන මේ නවයයි. මහණෙනි, රාගයාගේ අභිඥානය පිණිස මේ නව ධර්‍මයෝ වැඩිය යුත්තාහුය.",sin,nadil,sinhala,sinhala
ස්සද්ධි සුඛත්ථාය සුඛං සමාධත්ථාය සමාධියථාභූත ඤාණත්ථාය යථා,pli,nadil,pali,pali
"“මහණෙනි, තවත් නොපිරිහෙන ධර්ම හතක් දේශනා කරන්නෙමි. ඒ අසව්, හොඳින් සිත්හි දරාගනිව්. කියන්නෙමියි” කීවෝය. “ස්වාමීන්වහන්ස, එය යහපතැයි” ඒ භික්ෂුහු භාග්‍යවතුන් වහන්සේට උත්තර දුන්හ. භාග්‍යවතුන් වහන්සේ මේ ධර්මය දේශනා කළ සේක. “මහණෙනි, භික්ෂුහු යම්තාක් කාලයක් ශ්‍රද්ධා ඇත්තෝ වන්නාහුද, පව්කිරීමෙහි ලජ්ජා ඇත්තෝ වන්නාහුද පාපයට භය ඇත්තෝ වන්නාහුද, බොහෝ ඇසූ පිරූ තැන් ඇත්තෝ වන්නාහුද, පටන්ගත් වීර්‍ය්‍ය ඇත්තෝ වන්නාහුද, එළඹ සිටි සිහි ඇත්තෝ වන්නාහුද, නුවණ ඇත්තෝ වෙද්ද, මහණෙනි ඒ භික්ෂූන්ගේ වැඩි දියුණුවම කැමැති විය යුත්තේය. පිරිහීමක් නොවන්නේයයි” කීවෝය. “මහණෙනි, යම්තාක් කාලයක් මේ පිරිහීම නැති කරන ධර්ම හත භික්ෂූන් කෙරෙහි පවත්නාහුද මේ පිරිහීම නැති කරන ධර්ම හත කෙරෙහි භික්ෂූහු දක්නා ලැබෙද්ද, මහණෙනි, ඒ භික්ෂූන්ගේ වැඩිදියුණුවම කැමැති විය යුතුය. පිරිහීමක් නොවන්නේයයි” දේශනා කළෝය.",sin,nadil,sinhala,sinhala
"‘‘සුණිත්වා තමහං හට්ඨා, දානං දත්වාන සත්ථුනො; පූජිත්වාන ච සම්බුද්ධං, දිබ්බචක්ඛුං අපත්ථයිං.",pli,nadil,pali,pali
"සාවත්ථිනිදානං. ‘‘චත්තාරොමෙ, භික්ඛවෙ, ඣායී. කතමෙ චත්තාරො? ඉධ, භික්ඛවෙ, එකච්චො ඣායී සමාධිස්මිං සමාධිකුසලො හොති, න සමාධිස්මිං සක්කච්චකාරී. ඉධ පන, භික්ඛවෙ, එකච්චො ඣායී සමාධිස්මිං සක්කච්චකාරී හොති, න සමාධිස්මිං සමාධිකුසලො. ඉධ පන, භික්ඛවෙ, එකච්චො ඣායී නෙව සමාධිස්මිං සමාධිකුසලො හොති, න ච සමාධිස්මිං සක්කච්චකාරී. ඉධ පන, භික්ඛවෙ, එකච්චො ඣායී සමාධිස්මිං සමාධිකුසලො ච හොති, සමාධිස්මිං සක්කච්චකාරී ච. තත්‍ර, භික්ඛවෙ, ය්වායං ඣායී සමාධිස්මිං සමාධිකුසලො ච හොති සමාධිස්මිං සක්කච්චකාරී ච අයං ඉමෙසං චතුන්නං ඣායීනං අග්ගො ච සෙට්ඨො ච මොක්ඛො ච උත්තමො ච පවරො ච. සෙය්‍යථාපි, භික්ඛවෙ, ගවා ඛීරං...පෙ.... පවරො චා’’ති. අට්ඨමං.",pli,nadil,pali,pali
"‘‘පටිසම්භිදා චතස්සො, විමොක්ඛාපි ච අට්ඨිමෙ; ඡළභිඤ්ඤා සච්ඡිකතා, කතං බුද්ධස්ස සාසනං’’. ඉත්ථං සුදං ආයස්මා අවටඵලදායකො ථෙරො ඉමා ගාථායො අභාසිත්ථාති.",pli,nadil,pali,pali
"‘‘කතමා චාවුසො, පථවීධාතු? පථවීධාතු සියා අජ්ඣත්තිකා, සියා බාහිරා. කතමා චාවුසො, අජ්ඣත්තිකා පථවීධාතු? යං අජ්ඣත්තං පච්චත්තං කක්ඛළං ඛරිගතං උපාදින්නං, සෙය්‍යථිදං - කෙසා ලොමා නඛා දන්තා තචො මංසං න්හාරු අට්ඨි අට්ඨිමිඤ්ජං වක්කං හදයං යකනං කිලොමකං පිහකං පප්ඵාසං අන්තං අන්තගුණං උදරියං කරීසං, යං වා පනඤ්ඤම්පි කිඤ්චි අජ්ඣත්තං පච්චත්තං කක්ඛළං ඛරිගතං උපාදින්නං. අයං වුච්චතාවුසො, අජ්ඣත්තිකා පථවීධාතු. යා චෙව ඛො පන අජ්ඣත්තිකා පථවීධාතු, යා ච බාහිරා පථවීධාතු, පථවීධාතුරෙවෙසා. ‘තං නෙතං මම, නෙසොහමස්මි, න මෙසො අත්තා’ති - එවමෙතං යථාභූතං සම්මප්පඤ්ඤාය දට්ඨබ්බං. එවමෙතං යථාභූතං සම්මප්පඤ්ඤාය දිස්වා පථවීධාතුයා නිබ්බින්දති, පථවීධාතුයා චිත්තං විරාජෙති. ‘‘හොති ඛො සො, ආවුසො, සමයො යං බාහිරා ආපොධාතු පකුප්පති (පථවීධාතු පකුප්පති (ක.)). අන්තරහිතා තස්මිං සමයෙ බාහිරා පථවීධාතු හොති. තස්සා හි නාම, ආවුසො, බාහිරාය පථවීධාතුයා තාව මහල්ලිකාය අනිච්චතා පඤ්ඤායිස්සති, ඛයධම්මතා පඤ්ඤායිස්සති, වයධම්මතා පඤ්ඤායිස්සති, විපරිණාමධම්මතා පඤ්ඤායිස්සති. කිං පනිමස්ස මත්තට්ඨකස්ස කායස්ස තණ්හුපාදින්නස්ස ‘අහන්ති වා මමන්ති වා අස්මී’ති වා? අථ ඛ්වාස්ස නොතෙවෙත්ථ හොති. ‘‘තඤ්චෙ, ආවුසො, භික්ඛුං පරෙ අක්කොසන්ති පරිභාසන්ති රොසෙන්ති විහෙසෙන්ති, සො එවං පජානාති - ‘උප්පන්නා ඛො මෙ අයං සොතසම්ඵස්සජා දුක්ඛවෙදනා . සා ච ඛො පටිච්ච, නො අපටිච්ච. කිං පටිච්ච? ඵස්සං පටිච්ච’. සො (සොපිඛො (ස්‍යා.), සොපි (ක.)) ඵස්සො අනිච්චොති පස්සති, වෙදනා අනිච්චාති පස්සති, සඤ්ඤා අනිච්චාති පස්සති, සඞ්ඛාරා අනිච්චාති පස්සති, විඤ්ඤාණං අනිච්චන්ති පස්සති. තස්ස ධාතාරම්මණමෙව චිත්තං පක්ඛන්දති පසීදති සන්තිට්ඨති අධිමුච්චති. ‘‘තඤ්චෙ, ආවුසො, භික්ඛුං පරෙ අනිට්ඨෙහි අකන්තෙහි අමනාපෙහි සමුදාචරන්ති - පාණිසම්ඵස්සෙනපි ලෙඩ්ඩුසම්ඵස්සෙනපි දණ්ඩසම්ඵස්සෙනපි සත්ථසම්ඵස්සෙනපි. සො එවං පජානාති - ‘තථාභූතො ඛො අයං කායො යථාභූතස්මිං කායෙ පාණිසම්ඵස්සාපි කමන්ති, ලෙඩ්ඩුසම්ඵස්සාපි කමන්ති, දණ්ඩසම්ඵස්සාපි කමන්ති, සත්ථසම්ඵස්සාපි කමන්ති. වුත්තං ඛො පනෙතං භගවතා කකචූපමොවාදෙ - ‘‘උභතොදණ්ඩකෙන චෙපි, භික්ඛවෙ, කකචෙන චොරා ඔචරකා අඞ්ගමඞ්ගානි ඔකන්තෙය්‍යුං, තත්‍රාපි යො මනො පදූසෙය්‍ය න මෙ සො තෙන සාසනකරො’’ති. ආරද්ධං ඛො පන මෙ වීරියං භවිස්සති අසල්ලීනං, උපට්ඨිතා සති අසම්මුට්ඨා, පස්සද්ධො කායො අසාරද්ධො, සමාහිතං චිත්තං එකග්ගං. කාමං දානි ඉමස්මිං කායෙ පාණිසම්ඵස්සාපි කමන්තු, ලෙඩ්ඩුසම්ඵස්සාපි කමන්තු, දණ්ඩසම්ඵස්සාපි කමන්තු, සත්ථසම්ඵස්සාපි කමන්තු, කරීයති හිදං බුද්ධානං සාසන’න්ති. ‘‘තස්ස චෙ, ආවුසො, භික්ඛුනො එවං බුද්ධං අනුස්සරතො එවං ධම්මං අනුස්සරතො එවං සඞ්ඝං අනුස්සරතො උපෙක්ඛා කුසලනිස්සිතා න සණ්ඨාති. සො තෙන සංවිජ්ජති සංවෙගං ආපජ්ජති - ‘අලාභා වත මෙ, න වත මෙ ලාභා, දුල්ලද්ධං වත මෙ, න වත මෙ සුලද්ධං, යස්ස මෙ එවං බුද්ධං අනුස්සරතො, එවං ධම්මං අනුස්සරතො, එවං සඞ්ඝං අනුස්සරතො, උපෙක්ඛා කුසලනිස්සිතා න සණ්ඨාතී’ති. සෙය්‍යථාපි, ආවුසො, සුණිසා සසුරං දිස්වා සංවිජ්ජති සංවෙගං ආපජ්ජති; එවමෙව ඛො, ආවුසො, තස්ස චෙ භික්ඛුනො එවං බුද්ධං අනුස්සරතො, එවං ධම්මං අනුස්සරතො, එවං සඞ්ඝං අනුස්සරතො, උපෙක්ඛා කුසලනිස්සිතා න සණ්ඨාති, සො තෙන සංවිජ්ජති සංවෙගං ආපජ්ජති - ‘අලාභා වත මෙ න වත මෙ ලාභා, දුල්ලද්ධං වත මෙ, න වත මෙ සුලද්ධං, යස්ස මෙ එවං බුද්ධං අනුස්සරතො එවං ධම්මං අනුස්සරතො, එවං සඞ්ඝං අනුස්සරතො, උපෙක්ඛා කුසලනිස්සිතා න සණ්ඨාතී’ති. තස්ස චෙ, ආවුසො, භික්ඛුනො එවං බුද්ධං අනුස්සරතො, එවං ධම්මං අනුස්සරතො, එවං සඞ්ඝං අනුස්සරතො උපෙක්ඛා කුසලනිස්සිතා සණ්ඨාති, සො තෙන අත්තමනො හොති. එත්තාවතාපි ඛො, ආවුසො, භික්ඛුනො බහුකතං හොති.",pli,nadil,pali,pali
‘බිත්තියෙන් පිටත්හි ගායනාකොට ධ්‍යානාගාරයට ඇතුල්වූයේය. පිළිවෙළින් ඔහු වනයෙහිවූ ඇතෙකුමෙන් බැඳගත්තේය.,sin,nadil,sinhala,sinhala
"තා අම්බජම්බුලබුජා, නීපා තාලා චුදුම්බරා (තාලමුදුම්බරා (ස්‍යා. ක.)); බහූනි ඵලජාතානි, ආවහන්ති අභිණ්හසො.",pli,nadil,pali,pali
“එකෙක් හැල් වී බොල් හිස විසුරුවා ගනී. නැවත තවත් එකෙක් හිස සිඳීමට පැමිණෙයි. මේ ස්ත්‍රියද තම පිට මස් හා ලේ අනුභව කරයි. තීද අපවිත්‍රවූ පිළිකුල්කටයුතුවූ අශුචි අනුභව කෙරෙහිය. කවර අකුශල කර්මයක්හුගේ මේ විපාකය වේද?”,sin,nadil,sinhala,sinhala
සයං පධානො දත්වානං - නිකායං ඨපයී ඉහ,pli,nadil,pali,pali
"“පින්වත් කශීරජතුමනි, ඔබට නමස්කාරවේවා. කශීරට වර්ධනය කරණ තැනැත්තෙනි, ඔබට නමස්කාරවේවා මාගේ මව්පියෝ අන්ධවූහ. මේ මහ වනයෙහි ඔවුන් පෝෂණය කරව",sin,nadil,sinhala,sinhala
සචෙනෙවඔතරති නසමෙති නගහෙතබ්බා අයංහි අත්ත නොමති,pli,nadil,pali,sinhala
"‘‘පත්ථයිං තෙපි පත්ථෙසුං, මධුං දත්වා සයම්භුනො; තතො චුතා අරඤ්ඤෙහං, අජායිං පදුමොදරෙ.",pli,nadil,pali,pali
"‘‘චත්තාරිමානි , භික්ඛවෙ, අග්ගානි. කතමානි චත්තාරි? රූපග්ගං, වෙදනාග්ගං, සඤ්ඤාග්ගං, භවග්ගං - ඉමානි ඛො, භික්ඛවෙ, චත්තාරි අග්ගානී’’ති. පඤ්චමං.",pli,nadil,pali,pali
"“මම එකල්හි කිකිණි මල් තුනක් කඩා, සතුටුවූයේ සතුටු සිතින් පවුල් සිවුරට පිදීමි.",sin,nadil,sinhala,sinhala
"සමාධි සුඛ සූත්‍රය. “මහණෙනි, මේ සැපයෝ දෙදෙනක් වෙත්. කවර දෙදෙනෙක්ද යත්, “සමාධි (සහිත) සැපයද, අසමාධි (සහිත) සැපයද (යන දෙදෙන) වෙත්. “මහණෙනි, මොහු දෙදෙන වනාහි සැපයෝ වෙත්. “මහණෙනි, මේ සැපයන් දෙදෙනා අතුරෙන් යම් මේ සමාධි සැපයක් වේද, මේ සැපය අග්‍රයි.”",sin,nadil,sinhala,sinhala
"දවනු ලබන්නේ නෑයන්ගේ හැඬීම නොදනීද එහෙයින් මෝහට ශෝක නොකරමි. ඔහුගේ යම් ගතියක් ඇද්ද, ඒවූ පරිද්දෙන් හෙතෙමේ ගියේය.",sin,nadil,sinhala,sinhala
"“ඒ කාලයෙහි රෝගයෝ සංසිඳෙත්ද, බඩගින්න වැනසේද, අද ඔවුහු දක්නා ලැබෙත්. ඒකාන්තයෙන් ඔබ බුදුවන්නෙහිය.",sin,nadil,sinhala,sinhala
"‘‘ඉමෙ තෙ ජම්බුකා රුක්ඛා, වෙදිසා සින්දුවාරකා; විවිධානි රුක්ඛජාතානි, තානි කණ්හෙ ජහාමසෙ.",pli,nadil,pali,pali
"‘‘චත්තාරොමෙ, භික්ඛවෙ, වියත්තා විනීතා විසාරදා බහුස්සුතා ධම්මධරා ධම්මානුධම්මප්පටිපන්නා සඞ්ඝං සොභෙන්ති. කතමෙ චත්තාරො? භික්ඛු, භික්ඛවෙ, වියත්තො විනීතො විසාරදො බහුස්සුතො ධම්මධරො ධම්මානුධම්මප්පටිපන්නො සඞ්ඝං සොභෙති. භික්ඛුනී, භික්ඛවෙ, වියත්තා විනීතා විසාරදා බහුස්සුතා ධම්මධරා ධම්මානුධම්මප්පටිපන්නා සඞ්ඝං සොභෙති. උපාසකො, භික්ඛවෙ, වියත්තො විනීතො විසාරදො බහුස්සුතො ධම්මධරො ධම්මානුධම්මප්පටිපන්නො සඞ්ඝං සොභෙති. උපාසිකා, භික්ඛවෙ, වියත්තා විනීතා විසාරදා බහුස්සුතා ධම්මධරා ධම්මානුධම්මප්පටිපන්නා සඞ්ඝං සොභෙති. ඉමෙ ඛො, භික්ඛවෙ, චත්තාරො වියත්තා විනීතා විසාරදා බහුස්සුතා ධම්මධරා ධම්මානුධම්මප්පටිපන්නා සඞ්ඝං සොභෙන්තී’’ති. ‘‘යො හොති වියත්තො (ව්‍යත්තො (සී. පී.), බ්‍යත්තො (ස්‍යා. කං.)) ච විසාරදො ච, බහුස්සුතො ධම්මධරො ච හොති; ධම්මස්ස හොති අනුධම්මචාරී, ස තාදිසො වුච්චති සඞ්ඝසොභනො (සංඝසොභණො (ක.)). ‘‘භික්ඛු ච සීලසම්පන්නො, භික්ඛුනී ච බහුස්සුතා; උපාසකො ච යො සද්ධො, යා ච සද්ධා උපාසිකා; එතෙ ඛො සඞ්ඝං සොභෙන්ති, එතෙ හි සඞ්ඝසොභනා’’ති. සත්තමං;",pli,nadil,pali,pali
"[234] සත්වයන්ගේ අනුසය නම් කවරේද? කාමරාගානුසය පටිඝානුසය, මානානුසය, දිට්ඨානුසය, විචිකිච්ඡානුසය, භවරාගානුසය, අවිජ්ජානුසයයයි අනුසය සතකි. [235] ලෝකයෙහි යම් ප්‍රිය රූපයක් මිහිරි රූපයක් වෙයිද මෙහි සත්වයන්ගේ කාමරාගානුසය (ඉපදීමට සුදුසු කරුණු ලැබ) උපදියි. ලෝකයෙහි යම් අප්‍රිය රූපයක් අමිහිරි රූපයක් වෙයිද මෙහි සත්වයන්ගේ පටිඝානුසය උපදියි. මේ දෙවැදෑරුම් ධර්මයන්හිම අවිද්‍යාව අනුව යන්නේ වෙයි. ඒ හා එක්ව පවත්නාවූ මානයද දිට්ඨියද, විචිකිච්ඡාවද දතයුත්තාහ. මේ සත්වයන්ගේ අනුසය නම් වෙයි. [236] සත්වයන්ගේ චරිතය නම් කුමක්ද? ස්වල්ප විපාක ඇත්තාවූ හෝ මහා විපාක ඇත්තාවූ හෝ පුඤ්ඤාභි සංඛාර අපුඤ්ඤාභිසංඛාර අනෙඤ්ජාභිසංඛාර යන කුශලාකුශල කර්මයෝ වෙත්ද, මෙය සත්වයන්ගේ චරිත නමි.",sin,nadil,sinhala,sinhala
"ඉධෙව සුද්ධිං ඉති වාදයන්ති, නාඤ්ඤෙසු ධම්මෙසු විසුද්ධිමාහු; යං නිස්සිතා තත්ථ සුභං වදානා, පච්චෙකසච්චෙසු පුථූ නිවිට්ඨා. ඉධෙව සුද්ධිං ඉති වාදයන්තීති. ඉධෙව සුද්ධිං විසුද්ධිං පරිසුද්ධිං මුත්තිං විමුත්තිං පරිමුත්තිං වදන්ති කථෙන්ති භණන්ති දීපයන්ති වොහරන්ති. ‘‘සස්සතො ලොකො, ඉදමෙව සච්චං මොඝමඤ්ඤ’’න්ති සුද්ධිං විසුද්ධිං පරිසුද්ධිං මුත්තිං විමුත්තිං පරිමුත්තිං වදන්ති කථෙන්ති භණන්ති දීපයන්ති වොහරන්ති. ‘‘අසස්සතො ලොකො ... අන්තවා ලොකො... අනන්තවා ලොකො... තං ජීවං තං සරීරං... අඤ්ඤං ජීවං අඤ්ඤං සරීරං... හොති තථාගතො පරං මරණා... න හොති තථාගතො පරං මරණා... හොති ච න ච හොති තථාගතො පරං මරණා... නෙව හොති න න හොති තථාගතො පරං මරණා, ඉදමෙව සච්චං මොඝමඤ්ඤ’’න්ති සුද්ධිං විසුද්ධිං පරිසුද්ධිං මුත්තිං විමුත්තිං පරිමුත්තිං වදන්ති කථෙන්ති භණන්ති දීපයන්ති වොහරන්තීති - ඉධෙව සුද්ධිං ඉති වාදයන්ති. නාඤ්ඤෙසු ධම්මෙසු විසුද්ධිමාහූති. අත්තනො සත්ථාරං ධම්මක්ඛානං ගණං දිට්ඨිං පටිපදං මග්ගං ඨපෙත්වා සබ්බෙ පරවාදෙ ඛිපන්ති උක්ඛිපන්ති පරික්ඛිපන්ති. ‘‘සො සත්ථා න සබ්බඤ්ඤූ, ධම්මො න ස්වාක්ඛාතො , ගණො න සුප්පටිපන්නො, දිට්ඨි න භද්දිකා, පටිපදා න සුපඤ්ඤත්තා , මග්ගො න නිය්‍යානිකො, නත්ථෙත්ථ සුද්ධි වා විසුද්ධි වා පරිසුද්ධි වා මුත්ති වා විමුත්ති වා පරිමුත්ති වා, න තත්ථ සුජ්ඣන්ති වා විසුජ්ඣන්ති වා පරිසුජ්ඣන්ති වා මුච්චන්ති වා විමුච්චන්ති වා පරිමුච්චන්ති වා, හීනා නිහීනා ඔමකා ලාමකා ඡතුක්කා පරිත්තා’’ති - එවමාහංසු එවං වදන්ති එවං කථෙන්ති එවං භණන්ති එවං දීපයන්ති එවං වොහරන්තීති - නාඤ්ඤෙසු ධම්මෙසු විසුද්ධිමාහු. යං නිස්සිතා තත්ථ සුභං වදානාති. යං නිස්සිතාති යං සත්ථාරං ධම්මක්ඛානං ගණං දිට්ඨිං පටිපදං මග්ගං නිස්සිතා ආනිස්සිතා (පතිට්ඨිතා (සී.), සන්නිස්සිතා (ස්‍යා.)) අල්ලීනා උපගතා අජ්ඣොසිතා අධිමුත්තා. තත්ථාති සකාය දිට්ඨියා සකාය ඛන්තියා සකාය රුචියා සකාය ලද්ධියා. සුභං වදානාති සුභවාදා සොභනවාදා පණ්ඩිතවාදා ථිරවාදා (ධීරවාදා (ස්‍යා.)) ඤායවාදා හෙතුවාදා ලක්ඛණවාදා කාරණවාදා ඨානවාදා සකාය ලද්ධියාති - යං නිස්සිතා තත්ථ සුභං වදානා. පච්චෙකසච්චෙසු පුථූ නිවිට්ඨාති. පුථූ සමණබ්‍රාහ්මණා පුථූ පච්චෙකසච්චෙසු නිවිට්ඨා පතිට්ඨිතා අල්ලීනා උපගතා අජ්ඣොසිතා අධිමුත්තා. ‘‘සස්සතො ලොකො, ඉදමෙව සච්චං මොඝමඤ්ඤ’’න්ති නිවිට්ඨා පතිට්ඨිතා අල්ලීනා උපගතා අජ්ඣොසිතා අධිමුත්තා. ‘‘අසස්සතො ලොකො...පෙ.... නෙව හොති න න හොති තථාගතො පරං මරණා, ඉදමෙව සච්චං මොඝමඤ්ඤ’’න්ති නිවිට්ඨා පතිට්ඨිතා අල්ලීනා උපගතා අජ්ඣොසිතා අධිමුත්තාති - පච්චෙකසච්චෙසු පුථූ නිවිට්ඨා. තෙනාහ භගවා - ‘‘ඉධෙව සුද්ධිං ඉති වාදයන්ති, නාඤ්ඤෙසු ධම්මෙසු විසුද්ධිමාහු; යං නිස්සිතා තත්ථ සුභං වදානා, පච්චෙකසච්චෙසු පුථූ නිවිට්ඨා’’ති.",pli,nadil,pali,pali
පුච්ඡියමානො විත්ථති විප්පඥති සන්තිට්ඨිතුං නසක්කාති යං යං,pli,nadil,pali,pali
"‘‘පඤ්චහි , භික්ඛවෙ, අඞ්ගෙහි සමන්නාගතො රාජා චක්කවත්තී ධම්මෙනෙව චක්කං වත්තෙති (පවත්තෙති (ස්‍යා. පී. ක.)); තං හොති චක්කං අප්පටිවත්තියං (අප්පතිවත්තියං (සී.)) කෙනචි මනුස්සභූතෙන පච්චත්ථිකෙන පාණිනා. ‘‘කතමෙහි පඤ්චහි? ඉධ, භික්ඛවෙ, රාජා චක්කවත්තී අත්ථඤ්ඤූ ච හොති, ධම්මඤ්ඤූ ච, මත්තඤ්ඤූ ච, කාලඤ්ඤූ ච, පරිසඤ්ඤූ ච. ඉමෙහි ඛො, භික්ඛවෙ, පඤ්චහි අඞ්ගෙහි සමන්නාගතො රාජා චක්කවත්තී ධම්මෙනෙව චක්කං පවත්තෙති; තං හොති චක්කං අප්පටිවත්තියං කෙනචි මනුස්සභූතෙන පච්චත්ථිකෙන පාණිනා. ‘‘එවමෙවං ඛො, භික්ඛවෙ, පඤ්චහි ධම්මෙහි සමන්නාගතො තථාගතො අරහං සම්මාසම්බුද්ධො ධම්මෙනෙව අනුත්තරං ධම්මචක්කං පවත්තෙති; තං හොති චක්කං අප්පටිවත්තියං සමණෙන වා බ්‍රාහ්මණෙන වා දෙවෙන වා මාරෙන වා බ්‍රහ්මුනා වා කෙනචි වා ලොකස්මිං. ‘‘කතමෙහි පඤ්චහි? ඉධ, භික්ඛවෙ, තථාගතො අරහං සම්මාසම්බුද්ධො අත්ථඤ්ඤූ, ධම්මඤ්ඤූ, මත්තඤ්ඤූ, කාලඤ්ඤූ, පරිසඤ්ඤූ. ඉමෙහි ඛො, භික්ඛවෙ, පඤ්චහි ධම්මෙහි සමන්නාගතො තථාගතො අරහං සම්මාසම්බුද්ධො ධම්මෙනෙව අනුත්තරං ධම්මචක්කං පවත්තෙති; තං හොති ධම්මචක්කං අප්පටිවත්තියං සමණෙන වා බ්‍රාහ්මණෙන වා දෙවෙන වා මාරෙන වා බ්‍රහ්මුනා වා කෙනචි වා ලොකස්මි’’න්ති. පඨමං.",pli,nadil,pali,pali
"ඉක්බිති භාග්‍යවතුන් වහන්සේ ආයුෂ්මත් නන්දක ස්ථවිරයන්ට ආමන්ත්‍රණය කළසේක. “නන්දක, එසේවීනම් නුඹ හෙටද ඒ භික්ෂූණීන්ට ඒ අවවාදයෙන්ම අවවාද කරන්නෙහි යයි” වදාළේය. “එසේය, ස්වාමීනියයි” ආයුෂ්මත්වූ නන්දක ස්ථවිරතෙම භාග්‍යවතුන් වහන්සේට උත්තර දුන්නේය. ඉක්බිති ආයුෂ්මත් නන්දක ස්ථවිරතෙමේ ඒ රාත්‍රිහුගේ ඇවෑමෙන් පෙරවරු වේලෙහි හැඳ පොරවා පාත්‍ර සිව්රුගෙණ සැවැත්නුවරට පිඬු පිණිස වැඩිසේක. සැවැත් නුවර පිඬු පිණිස හැසිර පසුබත් කාලයෙහි පිණ්ඩපාතයෙන් වැළකුනේ දෙවැන්නෙකු සමග රාජකාරාමය යම් තැනෙක්හිද එතැනට එළඹියේය. ඒ භික්ෂුණීහු වඩින්නාවූ ආයුෂ්මත් නන්දක ස්ථවිරයන් වහන්සේ දුරදීම දුටුවාහුය. දැක, ආසනයක් පැනවූවාහුය. ජලයද පාදයන් ධොවනයට එලවූවාහුය. ආයුෂ්මත් නන්දක ස්ථවිරයන් වහන්සේ වනාහි පනවනලද අස්නෙහි වැඩහුන්සේක. වැඩහිඳ, පාදයන් සේදූසේක. ඒ භික්ෂුණීහුද ආයුෂ්මත් නන්දක ස්ථවිරයන් වහන්සේට වැඳ, එකත්පස්ව උන්නාහුය. එකත්පස්ව උන්නාවූ ඒ භික්ෂුණීන්ට ආයුෂ්මත් නන්දක ස්ථවිරතෙම මෙය වදාළේය. “නැගණිවරුනි, ප්‍රශ්නකර කිරීමක් වන්නේය. එහි දන්නවුන් විසින් දනිමුයි කියයුතු වන්නේය. නොදන්නවුන් විසින් නොදනිමුයි, කියයුතු වන්නේය. යමක් ගැන වනාහි සැකයක් හෝ විමතියක් හෝ වන්නේද? ස්වාමීනි, මෙය කෙසේද මෙහි අර්ථය කවරේදැ’යි එය මගෙන්ම ඇසිය යුතුය. “ස්වාමීනි, ආර්‍ය්‍යවූ නන්දක ස්ථවිරයන් වහන්සේ අපට යමක් පවරයිද එතෙකින් සතුටු සිත් ඇත්තෝ කැමැතිවූවෝ වෙමු.”",sin,nadil,sinhala,sinhala
"‘‘කතී පරිස්සයා ලොකෙ, ගච්ඡතො අගතං දිසං; යෙ භික්ඛු අභිසම්භවෙ, පන්තම්හි සයනාසනෙ.",pli,nadil,pali,pali
“සුහෘදවූ මිත්‍රයන්ට අනුකම්පා කරන්නේ මිත්‍රයා හා පිළිබඳ සිත් ඇති බව හේතුකොට ගෙන තමාගේ දෙලෝ අභිවෘද්ධිය පිරිහෙලා ගනී. සන්ථවයෙහි ඇති මේ භය දක්නේ කඟවේනෙකු මෙන් හුදකළාවම හැසිරෙන්නේය.,sin,nadil,sinhala,sinhala
"සාවත්ථිනිදානං . අථ ඛො අඤ්ඤතරො භික්ඛු යෙන භගවා තෙනුපසඞ්කමි; උපසඞ්කමිත්වා...පෙ.... එකමන්තං නිසින්නො ඛො සො භික්ඛු භගවන්තං එතදවොච - ‘‘‘අවිජ්ජා අවිජ්ජා’ති, භන්තෙ, වුච්චති. කතමා නු ඛො, භන්තෙ, අවිජ්ජා, කිත්තාවතා ච අවිජ්ජාගතො හොතී’’ති? ‘‘ඉධ , භික්ඛු, අස්සුතවා පුථුජ්ජනො සමුදයධම්මං රූපං ‘සමුදයධම්මං රූප’න්ති යථාභූතං නප්පජානාති ; වයධම්මං රූපං ‘වයධම්මං රූප’න්ති යථාභූතං නප්පජානාති; සමුදයවයධම්මං රූපං ‘සමුදයවයධම්මං රූප’න්ති යථාභූතං නප්පජානාති. සමුදයධම්මං වෙදනං ‘සමුදයධම්මා වෙදනා’ති යථාභූතං නප්පජානාති; වයධම්මං වෙදනං ‘වයධම්මා වෙදනා’ති යථාභූතං නප්පජානාති; සමුදයවයධම්මං වෙදනං ‘සමුදයවයධම්මා වෙදනා’ති යථාභූතං නප්පජානාති. සමුදයධම්මං සඤ්ඤං...පෙ.... සමුදයධම්මෙ සඞ්ඛාරෙ ‘සමුදයධම්මා සඞ්ඛාරා’ති යථාභූතං නප්පජානාති; වයධම්මෙ සඞ්ඛාරෙ ‘වයධම්මා සඞ්ඛාරා’ති යථාභූතං නප්පජානාති; සමුදයවයධම්මෙ සඞ්ඛාරෙ ‘සමුදයවයධම්මා සඞ්ඛාරා’ති යථාභූතං නප්පජානාති. සමුදයධම්මං විඤ්ඤාණං ‘සමුදයධම්මං විඤ්ඤාණ’න්ති යථාභූතං නප්පජානාති; වයධම්මං විඤ්ඤාණං ‘වයධම්මං විඤ්ඤාණ’න්ති යථාභූතං නප්පජානාති; සමුදයවයධම්මං විඤ්ඤාණං ‘සමුදයවයධම්මං විඤ්ඤාණ’න්ති යථාභූතං නප්පජානාති. අයං වුච්චති, භික්ඛු, අවිජ්ජා; එත්තාවතා ච අවිජ්ජාගතො හොතී’’ති. එවං වුත්තෙ, සො භික්ඛු භගවන්තං එතදවොච - ‘‘‘විජ්ජා විජ්ජා’ති, භන්තෙ, වුච්චති. කතමා නු ඛො, භන්තෙ, විජ්ජා, කිත්තාවතා ච විජ්ජාගතො හොතී’’ති? ‘‘ඉධ, භික්ඛු, සුතවා අරියසාවකො සමුදයධම්මං රූපං ‘සමුදයධම්මං රූප’න්ති යථාභූතං පජානාති; වයධම්මං රූපං ‘වයධම්මං රූප’න්ති යථාභූතං පජානාති ; සමුදයවයධම්මං රූපං ‘සමුදයවයධම්මං රූප’න්ති යථාභූතං පජානාති. සමුදයධම්මං වෙදනං ‘සමුදයධම්මා වෙදනා’ති යථාභූතං පජානාති; වයධම්මං වෙදනං ‘වයධම්මා වෙදනා’ති යථාභූතං පජානාති; සමුදයවයධම්මං වෙදනං ‘සමුදයවයධම්මා වෙදනා’ති යථාභූතං පජානාති. සමුදයධම්මං සඤ්ඤං... සමුදයධම්මෙ සඞ්ඛාරෙ ‘සමුදයධම්මා සඞ්ඛාරා’ති යථාභූතං පජානාති; වයධම්මෙ සඞ්ඛාරෙ ‘වයධම්මා සඞ්ඛාරා’ති යථාභූතං පජානාති; සමුදයවයධම්මෙ සඞ්ඛාරෙ ‘සමුදයවයධම්මා සඞ්ඛාරා’ති යථාභූතං පජානාති. සමුදයධම්මං විඤ්ඤාණං ‘සමුදයධම්මං විඤ්ඤාණ’න්ති යථාභූතං පජානාති; වයධම්මං විඤ්ඤාණං ‘වයධම්මං විඤ්ඤාණ’න්ති යථාභූතං පජානාති; සමුදයවයධම්මං විඤ්ඤාණං ‘සමුදයවයධම්මං විඤ්ඤාණ’න්ති යථාභූතං පජානාති. අයං වුච්චති, භික්ඛු, විජ්ජා; එත්තාවතා ච විජ්ජාගතො හොතී’’ති. පඨමං.",pli,nadil,pali,pali
"‘‘බහුස්සුතං උපාසෙය්‍ය, සුතඤ්ච න විනාසයෙ; තං මූලං බ්‍රහ්මචරියස්ස, තස්මා ධම්මධරො සියා.",pli,nadil,pali,pali
"“දූෂිත සිත් ඇත්තාවුද, ආදර නැත්තාවූද භික්ෂූහුද, භික්ෂුණියෝද අනාගතයෙහි මෛත්‍රී සිත් ඇති යහපත් අයට නිග්‍රහ කරත්.",sin,nadil,sinhala,sinhala
“මතු වැඩ සිදුවන්නාවූ කටයුත්ත පළමුකොට කරන්නේය. කටයුතු කාලයෙහි කටයුත්ත මා නොපෙළාවා එබඳුවූ පළමුකොට කටයුත්ත කරන්නාවූ ඒ ප්‍රාඥයා ඒ මතු වන වැඩදායක කටයුත්ත කිරීමට සුදුසු කල්හි නොපෙළයි.”,sin,nadil,sinhala,sinhala
"මා විසින් මෙසේ අසන ලදී. එක් කලෙක භාග්‍යවතුන් වහන්සේ සැවැත් නුවර සමීපයෙහි වූ අනේපිඬු සිටාණන් විසින් කරවන ලද ජේතවනාරාමයෙහි වැඩවසන සේක. එකල වනාහි එක්තරා දෙවියක් රෑ පළමු දසපැය ඉක්ම ගිය කල්හි බබලන ශරීර ශෝභා ඇත්තේ සියළු ජේතවනය බබුළුවා භාග්‍යවතුන් වහන්සේ යම් තැනෙකද එතැනට පැමැණියේය. පැමිණ, භාග්‍යවතුන් වහන්සේ වැඳ, එකත්පසෙක සිටියේය. එක්පසෙක සිටි ඒ දෙවිතෙම භාග්‍යවතුන් වහන්සේ සමීපයෙහි මේ ගාථාව කීය: “ලොව කුමක් බන්‍ධන කොට ඇත්තේද? එහි යන පාදයෝ නම් කවරහුද? කුමක් නම් වෙසෙසින් දුරලීමෙන් සත්ත්‍ව තෙම සියලු බැඳුමි සිඳීද?” (භාග්‍යවතුන් වහන්සේ මෙසේ වදාළසේක.) “ලොව රාගය බැඳුමි කොට ඇත්තේය. (කාමාදී) විතර්‍කයෝ එහි යන පාදයෝයි. තණ්හාව හාත්පසින් දුරලීමෙන් සත්ත්‍ව තෙම සියලු බැමිම සිඳලයි.”",sin,nadil,sinhala,sinhala
"""එඩ්වර්ඩ් පේජට්”සමාඛ්‍යාතො -ආග ලංකාය පාලකො",pli,nadil,pali,sinhala
"එවං මෙ සුතං - එකං සමයං භගවා සාවත්ථියං විහරති ජෙතවනෙ අනාථපිණ්ඩිකස්ස ආරාමෙ. තත්‍ර ඛො භගවා භික්ඛූ ආමන්තෙසි - ‘‘භික්ඛවො’’ති. ‘‘භදන්තෙ’’ති තෙ භික්ඛූ භගවතො පච්චස්සොසුං. භගවා එතදවොච - ‘‘භූතපුබ්බං, භික්ඛවෙ, අඤ්ඤතරා තාවතිංසකායිකා දෙවතා නන්දනෙ වනෙ අච්ඡරාසඞ්ඝපරිවුතා දිබ්බෙහි පඤ්චහි කාමගුණෙහි සමප්පිතා සමඞ්ගීභූතා පරිචාරියමානා (පරිචාරියමානා (ස්‍යා. කං. ක.)) තායං වෙලායං ඉමං ගාථං අභාසි - ‘‘න තෙ සුඛං පජානන්ති, යෙ න පස්සන්ති නන්දනං; ආවාසං නරදෙවානං, තිදසානං යසස්සින’’න්ති. ‘‘එවං වුත්තෙ, භික්ඛවෙ, අඤ්ඤතරා දෙවතා තං දෙවතං ගාථාය පච්චභාසි - ‘‘න ත්වං බාලෙ පජානාසි, යථා අරහතං වචො; අනිච්චා සබ්බසඞ්ඛාරා (සබ්බෙ සඞ්ඛාරා (සී. ස්‍යා. කං.)), උප්පාදවයධම්මිනො; උප්පජ්ජිත්වා නිරුජ්ඣන්ති, තෙසං වූපසමො සුඛො’’ති.",pli,nadil,pali,pali
"“මූඪවූ කෙළෙහිගුණ නොදන්නාවූ බොරු කියන්නාවූ සංයමයක් නැත්තාවූ අඥානවූ තට අපි එබඳු මන්ත්‍ර නොදෙමු. මන්ත්‍රයෝ කොයින්ද, මට තා නුරුස්නේය. යවයි කීයේය.”",sin,nadil,sinhala,sinhala
"‘‘බලඤ්ච වත මෙ ඛීණං, බ්‍යාධිනා පරමෙන තං; බුද්ධසෙට්ඨං සරිත්වාන, පුලිනෙ ථූපමුත්තමං.",pli,nadil,pali,pali
"“ඉක්බිති අනේපිඬු ගෘහපති තෙම භාග්‍යවතුන් වහන්සේ යම් තැනෙක්හිද, එහි පැමිණියේය. පැමිණ භාග්‍යවතුන් වහන්සේ වැඳ එකත්පසෙක හුන්නේය. “එකත්පසෙක හුන් අනාථපිණ්ඩික ගෘහපතියාට භාග්‍යවතුන් වහන්සේ, “ගෘහපතිය, භෝජනය දෙන ආර්‍ය්‍ය ශ්‍රාවක තෙම ප්‍රතිග්‍රාහකයන්ට කරුණු සතරක් දෙයි. කවර සතරක්ද යත්, ආයුෂ දෙයි, වර්‍ණය දෙයි, සැප දෙයි, බලය දෙයි. ආයුෂ දී දිව්‍යවූ හෝ මනුෂ්‍යවූ හෝ ආයුෂයට කොටස් කාරයෙක් වේ. වර්‍ණය දී, දිව්‍යවූ හෝ මනුෂ්‍යවූ හෝ වර්‍ණයට කොටස් කාරයෙක් වේ. සැපය දී, දිව්‍යවූ හෝ මනුෂ්‍යවූ හෝ සැපයට කොටස් කාරයෙක් වේ. බලය දී, දිව්‍යවූ හෝ මනුෂ්‍යවූ හෝ බලයට කොටස් කාරයෙක් වේ. ගෘහපතිය, භෝජනය දෙන ආර්‍ය්‍ය ශ්‍රාවක තෙම ප්‍රතිග්‍රාහකයන්ට මේ කරුණු සතර දේය” යි වදාළ සේක. “යමෙක් කාය, වාක් සංයමවූ අනුන් දුන් දෙයින් යැපෙන්නවුන්ට සුදුසු කාලයෙන් සකස් කොට භොජනය දෙයිද, හෙතෙම කරුණු සතරක් දෙයි. ආයුෂද, වර්‍ණයද, සැපයද, බලයද යන සතරයි. ආයුෂ දෙන, වර්‍ණ දෙන, සැප දෙන, බල දෙන මනුෂ්‍ය තෙම යම් යම් තැනක උපදීද දීඝායුෂ, යශස් ඇත්තේ වේ.”",sin,nadil,sinhala,sinhala
“අන්තිම භවය පැමිණි කල්හි ශාක්‍ය පුත්‍රයන් වහන්සේගේ මැදුරෙහි සිවුමැලි අත් පා ඇත්තාහු බමුණු කුලයෙහි උපන්නියෝ වෙමු.,sin,nadil,sinhala,sinhala
"“මහණෙනි, යම් ඒ මහණ බමුණෝ අහේතුකව උපන්නේය යන මත ඇත්තෝව කරුණු දෙකකින් ආත්මයද ලෝකයද අහේතුකව උපන් බව ප්‍රකාශ කරත්ද, ඔවුන්ගේ ඒ හැඟීම ස්පර්ශයෙන් තොරවූවකැයි යන මේ කාරණය සැබෑ බව නොපෙනේ.",sin,nadil,sinhala,sinhala
"‘‘චාතුද්දසම්හි කප්පම්හි, චතුරො ආසුමුග්ගතා; සත්තරතනසම්පන්නා, චක්කවත්තී මහබ්බලා.",pli,nadil,pali,pali
"‘‘අප්ඵොටා සුරියවල්ලී ච, කාළීයා (කොළීයා (ක.)) මධුගන්ධියා; අසොකා මුදයන්තී ච, වල්ලිභො ඛුද්දපුප්ඵියො.",pli,nadil,pali,pali
"“මහණෙනි, මේ උපාදානස්කන්ධ පසකි. කවර නම් පසක්ද? ඒ මෙසේයි. රූප උපාදානස්කන්ධය, වේදනා උපාදානස්කන්ධය, සඤ්ඤා උපාදානස්කන්ධය, සංඛාර උපාදානස්කන්ධය, විඤ්ඤාණ උපාදානස්කන්ධය කියායි. මහණෙනි, මේ වනාහි උපාදානස්කන්ධ පසයි. මහණෙනි, උපාදාන ස්කන්ධපඤ්චකයාගේ දැනීම පිණිස, පිරිසිඳ දැනීම පිණිස, ක්ෂය කිරීම පිණිස, ප්‍රහාණය පිණිස ආර්ය අෂ්ටාඩ්ගික මාර්ගය වැඩිය යුතුයි. කවර නම් ආර්ය අෂ්ටාඩ්ගික මාර්ගයක්ද යත්? (මේ ඡේදය මේ වර්ගයේ පළමුවෙනි සූත්‍රයේ 3 වෙනි ඡේදය මෙනි) “මහණෙනි, මේ පඤ්ච උපාදානස්කන්ධයන්ගේ දැනීම පිණිස, පිරිසිඳ දැනීම පිණිස, ක්ෂය කිරීම පිණිස, ප්‍රහාණය පිණිස ආර්ය අෂ්ටාඩ්ගික මාර්ගය වැඩිය යුතුයයි” වදාළසේක.",sin,nadil,sinhala,sinhala
"මාර ධම්ම සූත්‍රය මා විසින් මෙසේ අසනලදී. එක් සමයෙක්හි භාග්‍යවතුන් වහන්සේ සැවැත්නුවර සමීපයෙහිවූ අනේපිඬු සිටාණන් විසින් කරවනලද ජේතවනාරාමයෙහි වාසය කරන සේක. එකල්හි ආයුෂ්මත් රාධ භික්ෂුව භාග්‍යවතුන් වහන්සේ යම් තැනකද එතැනට පැමිණියේය. පැමිණ, භාග්‍යවතුන් වහන්සේ වැඳ එකත්පසෙක හුන්නේය. එකත්පසෙක හුන් ආයුෂ්මත් රාධ භික්ෂුවට භාග්‍යවතුන් වහන්සේ මෙසේ කීය. “රාධය, යම් ඒ මාර ධර්මයෙක් වෙයිද, එහි ඔබගේ කැමැත්ත දුරුකළ යුතුය. ඇල්ම දුරු කළ යුතුය. බලවත් ඇල්ම දුරුකළ යුතුය. රාධය, මාර ධර්මය නම් කවරේද? “රාධය, රූපය මාරධර්මයකි. එහි ඔබගේ කැමැත්ත දුරු කළ යුතුය. ඇල්ම දුරු කළ යුතුය. බලවත් ඇල්ම දුරු කළ යුතුය. වේදනාව මාර ධර්මයකි. එහි ඔබගේ කැමැත්ත දුරුකළ යුතුය. ඇල්ම දුරු කළ යුතුය. බලවත් ඇල්ම දුරු කළ යුතුය. සංඥාව මාරධර්මයකි. එහි ඔබගේ කැමැත්ත දුරුකළ යුතුය. ඇල්ම දුරු කළ යුතුය. බලවත් ඇල්ම දුරු කළ යුතුය. සංස්කාර මාරධර්මයකි. එහි ඔබගේ කැමැත්ත දුරුකළ යුතුය. ඇල්ම දුරුකළ යුතුය. බලවත් ඇල්ම දුරුකළ යුතුය. විඤ්ඤාණය මාරධර්මයකි. එහි ඔබගේ කැමැත්ත දුරු කළ යුතුය. ඇල්ම දුරු කළ යුතුය. බලවත් ඇල්ම දුරුකළ යුතුය” යනුයි. (දෙවෙනි මාරධම්ම සූත්‍රය නිමි.)",sin,nadil,sinhala,sinhala
"“මෑණියෙනි, එබැවින් මා වැළඳගණුමැනව. මටද ඔබගේ පාදයන් වඳින්ට දුනමැනව. දැන් මම ඒකරාජ නම් රජුගේ යාගය සඳහා ඒකාන්තයෙන් වෙන්ව විසීමට යමි.",sin,nadil,sinhala,sinhala
"මා විසින් මෙසේ අසනලදී. එක් කලෙක්හි භාග්‍යවතුන්වහන්සේ සැවැත්නුවර සමීපයෙහිවූ, අනේපිඬු සිටාණන් විසින් කරවනලද, ජේතවනාරාමයෙහි වාසය කරනසේක. ඉක්බිති, ආයුෂ්මත් රාහුල මහණතෙම භාග්‍යවතුන් වහන්සේ යම් තැනෙක්හිද, එතැන්හි පැමිණියේය. පැමිණ, භාග්‍යවතුන් වහන්සේට වැඳ, එක් පැත්තක හුන්නේය. එක් පැත්තක හුන්නාවූ, ආයුෂ්මත් රාහුල මහණතෙම භාග්‍යවතුන් වහන්සේට මෙය කීයේය, “ස්වාමීනි, භාග්‍යවතුන් වහන්සේ මට කොටින් දහම් දෙසන සේක් නම් යෙහෙකි. ඒ මම භාග්‍යවතුන් වහන්සේගේ ධර්මය අසා, තනිව, වෙන්ව, අප්‍රමාදව, කෙලෙස් තවන වීර්‍ය්‍යයෙන් යුක්තව, නිවන කරා යවනලද සිත් ඇතිව, වාසය කරන්නෙමියි කියායි. ‘රාහුලය, ඒ කිමැයි හඟින්නෙහිද?’-‘රූප තණ්හාව නිත්‍ය හෝ අනිත්‍ය හෝ වේද?’-‘ස්වාමීනි, අනිත්‍යය.’ ‘යමක් වනාහි අනිත්‍යද, එය දුක් හෝ සැප හෝ වේද?’-‘ස්වාමීනි, දුකය.’ ‘යමක් වනාහි අනිත්‍ය නම්, දුක්නම්, පෙරළෙන සුළුනම්, එය මාගේය. එය මම වෙමි. එය මාගේ ආත්මයයි දැකීමට සුදුසුද?’-‘ස්වාමීනි එය නුසුදුසුය.’ ‘ශබ්ද තණ්හාව නිත්‍ය හෝ අනිත්‍ය හෝ වේද?’-‘ස්වාමීනි, අනිත්‍යය.’ ‘යමක් වනාහි අනිත්‍යද, එය දුක් හෝ සැප හෝ වේද?’-‘ස්වාමීනි, දුකය.’ ‘යමක් වනාහි අනිත්‍ය නම්, දුක්නම්, පෙරළෙන සුළුනම්, එය මාගේය. එය මම වෙමි. එය මාගේ ආත්මයයි දැකීමට සුදුසුද?’-‘ස්වාමීනි එය නුසුදුසුය.’ ‘ගන්ධ තණ්හාව නිත්‍ය හෝ අනිත්‍ය හෝ වේද?’-‘ස්වාමීනි, අනිත්‍යය.’ ‘යමක් වනාහි අනිත්‍යද, එය දුක් හෝ සැප හෝ වේද?’-‘ස්වාමීනි, දුකය.’ ‘යමක් වනාහි අනිත්‍ය නම්, දුක්නම්, පෙරළෙන සුළු නම්, එය මාගේය. එය මම වෙමි. එය මාගේ ආත්මයයි දැකීමට සුදුසුද?’-‘ස්වාමීනි, එය නුසුදුසුය.’ ‘රස තණ්හාව නිත්‍ය හෝ අනිත්‍ය හෝ වේද?-ස්වාමීනි, අනිත්‍යය.’ ‘යමක් වනාහි අනිත්‍යද, එය දුක් හෝ සැප හෝ වේද?’-‘ස්වාමීනි, දුකය.’ ‘යමක් වනාහි අනිත්‍ය නම්, දුක්නම්, පෙරළෙන සුළුනම්, එය මාගේය. එය මම වෙමි. එය මාගේ ආත්මයයි දැකීමට සුදුසුද?’-ස්වාමීනි, එය නුසුදුසුය.’ ‘ස්පර්ශ තණ්හාව නිත්‍ය හෝ අනිත්‍ය හෝ වේද?’-ස්වාමීනි, අනිත්‍යය.’ ‘යමක් වනාහි අනිත්‍යද, එය දුක් හෝ සැප හෝ වේද?’-‘ස්වාමීනි, දුකය.’ ‘යමක් වනාහි අනිත්‍ය නම්, දුක්නම්, පෙරළෙන සුළුනම්, එය මාගේය. එය මම වෙමි. එය මාගේ ආත්මයයි දැකීමට සුදුසුද?’-ස්වාමීනි, එය නුසුදුසුය.’ ‘ධර්ම තණ්හාව නිත්‍ය හෝ අනිත්‍ය හෝ වේද?’-‘ස්වාමීනි, අනිත්‍යය.’ ‘යමක් වනාහි අනිත්‍යද, එය දුක් හෝ සැප හෝ වේද?’-‘ස්වාමීනි, දුකය.’ ‘යමක් වනාහි අනිත්‍ය නම්, දුක්නම්, පෙරළෙන සුළුනම්, එය මාගේය. එය මම වෙමි. එය මාගේ ආත්මයයි දැකීමට සුදුසුද?’-‘ස්වාමීනි, එය නුසුදුසුය.’ ‘රාහුලය, මෙසේ දකින්නාවූ, ශ්‍රැතවත් (බොහෝ ඇසූ පිරූතැන් ඇති) ආර්‍ය්‍යශ්‍රාවකතෙම රූප තණ්හාවෙහිත් කලකිරෙයි. ශබ්ද තණ්හාවෙහිත් කලකිරෙයි. ගන්ධ තණ්හාවෙහිත් කලකිරෙයි. රස තණ්හාවෙහිත් කලකිරෙයි. ස්පර්ශ තණ්හාවෙහිත් කලකිරෙයි. ධර්ම තණ්හාවෙහිත් කලකිරෙයි. කලකිරුණේ නොඇලෙයි. නොඇලීමෙන් ක්ලේශයන්ගෙන් මිදෙන්නේය. (ක්ලේශයන්ගෙන්) මිදුනු කල්හි (ක්ලේශයන්ගෙන්) මිදුනේය යන ඤාණය උපදියි. ඉපදීම කෙළවර විය. බ්‍රහ්මචර්‍ය්‍යාවෙහි හැසිර නිමකරන ලද්දේය. කළයුත්ත කරන ලද්දේය. මින්පසු මේ ආත්මභාවය පිණිස කළයුත්තක් නැතැයි දැනගනියි.’ (අටවෙනි තණ්හා සූත්‍රය නිමි.)",sin,nadil,sinhala,sinhala
"‘‘එවමෙතං යථාභූතං, කම්මං පස්සන්ති පණ්ඩිතා; පටිච්චසමුප්පාදදස්සා, කම්මවිපාකකොවිදා.",pli,nadil,pali,pali
"“ගුණ නම් අචේලකතෙම සුනක්ඛත්ත නම් ලිච්ඡවි පුත්‍රයාවූයේය. යම් රුජා නම් රාජකන්‍යාවක් රජ පැහැදවීද, ඕතොමෝ ආනන්ද ස්ථවිරවූයේය.",sin,nadil,sinhala,sinhala
"එවං මෙ සුතං - එකං සමයං ආයස්මා මහාමොග්ගල්ලානො භග්ගෙසු විහරති සුසුමාරගිරෙ භෙසකළාවනෙ මිගදායෙ. තෙන ඛො පන සමයෙන ආයස්මා මහාමොග්ගල්ලානො අබ්භොකාසෙ චඞ්කමති. තෙන ඛො පන සමයෙන මාරො පාපිමා ආයස්මතො මහාමොග්ගල්ලානස්ස කුච්ඡිගතො හොති කොට්ඨමනුපවිට්ඨො. අථ ඛො ආයස්මතො මහාමොග්ගල්ලානස්ස එතදහොසි - ‘‘කිං නු ඛො මෙ කුච්ඡි ගරුගරො විය (ගරු ගරු විය (සී. පී. ටීකායං පාඨන්තරං))? මාසාචිතං මඤ්ඤෙ’’ති. අථ ඛො ආයස්මා මහාමොග්ගල්ලානො චඞ්කමා ඔරොහිත්වා විහාරං පවිසිත්වා පඤ්ඤත්තෙ ආසනෙ නිසීදි. නිසජ්ජ ඛො ආයස්මා මහාමොග්ගල්ලානො පච්චත්තං යොනිසො මනසාකාසි. අද්දසා ඛො ආයස්මා මහාමොග්ගල්ලානො මාරං පාපිමන්තං කුච්ඡිගතං කොට්ඨමනුපවිට්ඨං. දිස්වාන මාරං පාපිමන්තං එතදවොච - ‘‘නික්ඛම, පාපිම; නික්ඛම, පාපිම! මා තථාගතං විහෙසෙසි, මා තථාගතසාවකං. මා තෙ අහොසි දීඝරත්තං අහිතාය දුක්ඛායා’’ති. අථ ඛො මාරස්ස පාපිමතො එතදහොසි - ‘‘අජානමෙව ඛො මං අයං සමණො අපස්සං එවමාහ - ‘නික්ඛම, පාපිම; නික්ඛම, පාපිම! මා තථාගතං විහෙසෙසි, මා තථාගතසාවකං. මා තෙ අහොසි දීඝරත්තං අහිතාය දුක්ඛායා’ති. යොපිස්ස සො සත්ථා සොපි මං නෙව ඛිප්පං ජානෙය්‍ය, කුතො පන (කුතො ච පන (ස්‍යා.)) මං අයං සාවකො ජානිස්සතී’’ති? අථ ඛො ආයස්මා මහාමොග්ගල්ලානො මාරං පාපිමන්තං එතදවොච - ‘‘එවම්පි ඛො තාහං, පාපිම, ජානාමි, මා ත්වං මඤ්ඤිත්ථො - ‘න මං ජානාතී’ති. මාරො ත්වමසි, පාපිම; තුය්හඤ්හි, පාපිම, එවං හොති - ‘අජානමෙව ඛො මං අයං සමණො අපස්සං එවමාහ - නික්ඛම, පාපිම; නික්ඛම, පාපිම! මා තථාගතං විහෙසෙසි, මා තථාගතසාවකං. මා තෙ අහොසි දීඝරත්තං අහිතාය දුක්ඛායාති. යොපිස්ස සො සත්ථා සොපි මං නෙව ඛිප්පං ජානෙය්‍ය, කුතො පන මං අයං සාවකො ජානිස්සතී’’’ති? අථ ඛො මාරස්ස පාපිමතො එතදහොසි - ‘‘ජානමෙ ඛො මං අයං සමණො පස්සං එවමාහ - ‘නික්ඛම, පාපිම; නික්ඛම, පාපිම! මා තථාගතං විහෙසෙසි, මා තථාගතසාවකං. මා තෙ අහොසි දීඝරත්තං අහිතාය දුක්ඛායා’’’ති. අථ ඛො මාරො පාපිමා ආයස්මතො මහාමොග්ගල්ලානස්ස මුඛතො උග්ගන්ත්වා පච්චග්ගළෙ අට්ඨාසි.",pli,nadil,pali,pali
206,sin,nadil,sinhala,sinhala
"‘‘ද්වෙනවුතෙ ඉතො කප්පෙ, යං ඡත්තමදදිං තදා; දුග්ගතිං නාභිජානාමි, ඡත්තදානස්සිදං ඵලං.",pli,nadil,pali,pali
"‘‘යදාහං මාතුකුච්ඡිතො, සම්පජානොව නික්ඛමිං; සාධුකාරං පවත්තෙන්ති, දසසහස්සී පකම්පථ.",pli,nadil,pali,pali
සො තං ගහෙත්වා වඩ්ඪෙත්වා -පිතා පුත්තං ව ඔරසං,pli,nadil,pali,pali
"“යහළුව, නැවතද දුකට පැමිණෙන්නෙහි තාගේ ශීලය වනාහි එබඳුය. මනුෂ්‍ය ලෝකයෙහි වූ භොගයෝ පක්ෂියෙකු විසින් අනුභව කටයුත්තෝ නොම වෙත්යයි” කීයේය.",sin,nadil,sinhala,sinhala
"(අ. නි. 10.113) ‘‘අධම්මො ච, භික්ඛවෙ, වෙදිතබ්බො අනත්ථො ච; ධම්මො ච වෙදිතබ්බො අත්ථො ච. අධම්මඤ්ච විදිත්වා අනත්ථඤ්ච, ධම්මඤ්ච විදිත්වා අත්ථඤ්ච යථා ධම්මො යථා අත්ථො තථා පටිපජ්ජිතබ්බං. ‘‘කතමො ච, භික්ඛවෙ, අධම්මො ච අනත්ථො ච? පාණාතිපාතො, අදින්නාදානං, කාමෙසුමිච්ඡාචාරො, මුසාවාදො, පිසුණා වාචා, ඵරුසා වාචා, සම්ඵප්පලාපො, අභිජ්ඣා, බ්‍යාපාදො, මිච්ඡාදිට්ඨි - අයං වුච්චති, භික්ඛවෙ, අධම්මො ච අනත්ථො ච. ‘‘කතමො ච, භික්ඛවෙ, ධම්මො ච අත්ථො ච? පාණාතිපාතා වෙරමණී, අදින්නාදානා වෙරමණී, කාමෙසුමිච්ඡාචාරා වෙරමණී, මුසාවාදා වෙරමණී, පිසුණාය වාචාය වෙරමණී, ඵරුසාය වාචාය වෙරමණී, සම්ඵප්පලාපා වෙරමණී, අනභිජ්ඣා, අබ්‍යාපාදො, සම්මාදිට්ඨි - අයං වුච්චති, භික්ඛවෙ, ධම්මො ච අත්ථො ච. ‘‘‘අධම්මො ච, භික්ඛවෙ, වෙදිතබ්බො අනත්ථො ච; ධම්මො ච වෙදිතබ්බො අත්ථො ච. අධම්මඤ්ච විදිත්වා අනත්ථඤ්ච, ධම්මඤ්ච විදිත්වා අත්ථඤ්ච යථා ධම්මො යථා අත්ථො තථා පටිපජ්ජිතබ්බ’න්ති, ඉති යං තං වුත්තං, ඉදමෙතං පටිච්ච වුත්ත’’න්ති. පඤ්චමං.",pli,nadil,pali,pali
"‘‘මුත්තාමණිකනකවිභූසිතානි, ගණ්හස්සු හත්ථාභරණානි; යෙහි ච හත්ථාභරණෙහි, සොභසි රාජපරිසායං’’.",pli,nadil,pali,pali
""" පේද්‍රික්",pli,nadil,pali,pali
"එවං මෙ සුතං...පෙ.... රාජගහෙ වෙළුවනෙ. අථ ඛො ආයස්මා මහාකස්සපො යෙන භගවා තෙනුපසඞ්කමි; උපසඞ්කමිත්වා භගවන්තං අභිවාදෙත්වා එකමන්තං නිසීදි. එකමන්තං නිසින්නං ඛො ආයස්මන්තං මහාකස්සපං භගවා එතදවොච - ‘‘ජිණ්ණොසි දානි ත්වං, කස්සප, ගරුකානි ච තෙ ඉමානි සාණානි පංසුකූලානි නිබ්බසනානි. තස්මාතිහ ත්වං, කස්සප, ගහපතානි (ගහපතිකානි (සී.)) චෙව චීවරානි ධාරෙහි, නිමන්තනානි ච භුඤ්ජාහි, මම ච සන්තිකෙ විහරාහී’’ති. ‘‘අහං ඛො, භන්තෙ, දීඝරත්තං ආරඤ්ඤිකො චෙව ආරඤ්ඤිකත්තස්ස ච වණ්ණවාදී, පිණ්ඩපාතිකො චෙව පිණ්ඩපාතිකත්තස්ස ච වණ්ණවාදී, පංසුකූලිකො චෙව පංසුකූලිකත්තස්ස ච වණ්ණවාදී, තෙචීවරිකො චෙව තෙචීවරිකත්තස්ස ච වණ්ණවාදී, අප්පිච්ඡො චෙව අප්පිච්ඡතාය ච වණ්ණවාදී, සන්තුට්ඨො චෙව සන්තුට්ඨියා ච වණ්ණවාදී, පවිවිත්තො චෙව පවිවෙකස්ස ච වණ්ණවාදී, අසංසට්ඨො චෙව අසංසග්ගස්ස ච වණ්ණවාදී, ආරද්ධවීරියො චෙව වීරියාරම්භස්ස (වීරියාරබ්භස්ස (ක.)) ච වණ්ණවාදී’’ති. ‘‘කිං (කං (ක.)) පන ත්වං, කස්සප, අත්ථවසං සම්පස්සමානො දීඝරත්තං ආරඤ්ඤිකො චෙව ආරඤ්ඤිකත්තස්ස ච වණ්ණවාදී, පිණ්ඩපාතිකො චෙව...පෙ.... පංසුකූලිකො චෙව... තෙචීවරිකො චෙව... අප්පිච්ඡො චෙව... සන්තුට්ඨො චෙව... පවිවිත්තො චෙව... අසංසට්ඨො චෙව... ආරද්ධවීරියො චෙව වීරියාරම්භස්ස ච වණ්ණවාදී’’ති? ‘‘ද්වෙ ඛ්වාහං, භන්තෙ, අත්ථවසෙ සම්පස්සමානො දීඝරත්තං ආරඤ්ඤිකො චෙව ආරඤ්ඤිකත්තස්ස ච වණ්ණවාදී, පිණ්ඩපාතිකො චෙව...පෙ.... පංසුකූලිකො චෙව... තෙචීවරිකො චෙව... අප්පිච්ඡො චෙව... සන්තුට්ඨො චෙව... පවිවිත්තො චෙව... අසංසට්ඨො චෙව... ආරද්ධවීරියො චෙව වීරියාරම්භස්ස ච වණ්ණවාදී. අත්තනො ච දිට්ඨධම්මසුඛවිහාරං සම්පස්සමානො, පච්ඡිමඤ්ච ජනතං අනුකම්පමානො - ‘අප්පෙව නාම පච්ඡිමා ජනතා දිට්ඨානුගතිං ආපජ්ජෙය්‍යුං’ (ආපජ්ජෙය්‍ය (සී. ස්‍යා. කං.)). ‘යෙ කිර තෙ අහෙසුං බුද්ධානුබුද්ධසාවකා තෙ දීඝරත්තං ආරඤ්ඤිකා චෙව අහෙසුං ආරඤ්ඤිකත්තස්ස ච වණ්ණවාදිනො...පෙ.... පිණ්ඩපාතිකා චෙව අහෙසුං ...පෙ.... පංසුකූලිකා චෙව අහෙසුං... තෙචීවරිකා චෙව අහෙසුං... අප්පිච්ඡා චෙව අහෙසුං... සන්තුට්ඨා චෙව අහෙසුං... පවිවිත්තා චෙව අහෙසුං... අසංසට්ඨා චෙව අහෙසුං... ආරද්ධවීරියා චෙව අහෙසුං වීරියාරම්භස්ස ච වණ්ණවාදිනො’ති. තෙ තථත්තාය පටිපජ්ජිස්සන්ති, තෙසං තං භවිස්සති දීඝරත්තං හිතාය සුඛාය. ‘‘ඉමෙ ඛ්වාහං, භන්තෙ, ද්වෙ අත්ථවසෙ සම්පස්සමානො දීඝරත්තං ආරඤ්ඤිකො චෙව ආරඤ්ඤිකත්තස්ස ච වණ්ණවාදී, පිණ්ඩපාතිකො චෙව...පෙ.... පංසුකූලිකො චෙව... තෙචීවරිකො චෙව... අප්පිච්ඡො චෙව... සන්තුට්ඨො චෙව... පවිවිත්තො චෙව... අසංසට්ඨො චෙව... ආරද්ධවීරියො චෙව වීරියාරම්භස්ස ච වණ්ණවාදී’’ති. ‘‘සාධු සාධු, කස්සප. බහුජනහිතාය කිර ත්වං, කස්සප, පටිපන්නො බහුජනසුඛාය ලොකානුකම්පාය අත්ථාය හිතාය සුඛාය දෙවමනුස්සානං. තස්මාතිහ ත්වං, කස්සප, සාණානි චෙව පංසුකූලානි ධාරෙහි නිබ්බසනානි, පිණ්ඩාය ච චරාහි, අරඤ්ඤෙ ච විහරාහී’’ති. පඤ්චමං.",pli,nadil,pali,pali
"‘‘තත්ථ පානාය මායන්ති, නානා මිගගණා බහූ; සීහා බ්‍යග්ඝා වරාහා ච, අච්ඡකොකතරච්ඡයො.",pli,nadil,pali,pali
සීමාසංකරවා දෙන-පභින්නා තෙ තතො පරං,pli,nadil,pali,pali
"‘‘චක්කවාළමුපාදාය, සකානනං සපබ්බතං; ඉච්ඡමානො චහං අජ්ජ, දුස්සෙහි ඡාදයෙය්‍යහං.",pli,nadil,pali,pali
"‘‘යස්සාසවා පරික්ඛීණා, ආහාරෙ ච අනිස්සිතො; සුඤ්ඤතා අනිමිත්තො ච, විමොක්ඛො යස්ස ගොචරො; ආකාසෙව සකුන්තානං, පදං තස්ස දුරන්නය’’න්ති.",pli,nadil,pali,pali
"‘‘තස්මාතිහ, මාලුක්‍යපුත්ත, අබ්‍යාකතඤ්ච මෙ අබ්‍යාකතතො ධාරෙථ; බ්‍යාකතඤ්ච මෙ බ්‍යාකතතො ධාරෙථ. කිඤ්ච, මාලුක්‍යපුත්ත, මයා අබ්‍යාකතං? ‘සස්සතො ලොකො’ති මාලුක්‍යපුත්ත, මයා අබ්‍යාකතං; ‘අසස්සතො ලොකො’ති - මයා අබ්‍යාකතං; ‘අන්තවා ලොකො’ති - මයා අබ්‍යාකතං; ‘අනන්තවා ලොකො’ති - මයා අබ්‍යාකතං; ‘තං ජීවං තං සරීර’න්ති - මයා අබ්‍යාකතං; ‘අඤ්ඤං ජීවං අඤ්ඤං සරීර’න්ති - මයා අබ්‍යාකතං; ‘හොති තථාගතො පරං මරණා’ති - මයා අබ්‍යාකතං; ‘න හොති තථාගතො පරං මරණා’ති - මයා අබ්‍යාකතං; ‘හොති ච න ච හොති තථාගතො පරං මරණා’ති - මයා අබ්‍යාකතං; ‘නෙව හොති න න හොති තථාගතො පරං මරණා’ති - මයා අබ්‍යාකතං. කස්මා චෙතං, මාලුක්‍යපුත්ත, මයා අබ්‍යාකතං? න හෙතං, මාලුක්‍යපුත්ත, අත්ථසංහිතං න ආදිබ්‍රහ්මචරියකං න (නෙතං (සී.)) නිබ්බිදාය න විරාගාය න නිරොධාය න උපසමාය න අභිඤ්ඤාය න සම්බොධාය න නිබ්බානාය සංවත්තති. තස්මා තං මයා අබ්‍යාකතං. කිඤ්ච, මාලුක්‍යපුත්ත, මයා බ්‍යාකතං? ‘ඉදං දුක්ඛ’න්ති, මාලුක්‍යපුත්ත, මයා බ්‍යාකතං; ‘අයං දුක්ඛසමුදයො’ති - මයා බ්‍යාකතං; ‘අයං දුක්ඛනිරොධො’ති - මයා බ්‍යාකතං; ‘අයං දුක්ඛනිරොධගාමිනී පටිපදා’ති - මයා බ්‍යාකතං. කස්මා චෙතං, මාලුක්‍යපුත්ත, මයා බ්‍යාකතං? එතඤ්හි, මාලුක්‍යපුත්ත, අත්ථසංහිතං එතං ආදිබ්‍රහ්මචරියකං නිබ්බිදාය විරාගාය නිරොධාය උපසමාය අභිඤ්ඤාය සම්බොධාය නිබ්බානාය සංවත්තති. තස්මා තං මයා බ්‍යාකතං. තස්මාතිහ, මාලුක්‍යපුත්ත , අබ්‍යාකතඤ්ච මෙ අබ්‍යාකතතො ධාරෙථ; බ්‍යාකතඤ්ච මෙ බ්‍යාකතතො ධාරෙථා’’ති. ඉදමවොච භගවා. අත්තමනො ආයස්මා මාලුක්‍යපුත්තො භගවතො භාසිතං අභිනන්දීති.",pli,nadil,pali,pali
"“මහණෙනි, යම් ධර්ම කෙනෙක් වඩන ලද්දාහු නැවත නැවත පුරුදු කරන ලද්දාහු සත්වයන් සසර බැඳ තබන (සංයෝජනීය) ධර්මයන්ගේ අරමුණු නැතිකිරීම පිණිස පවතිත්ද? මහණෙනි, මේ බොධ්‍යංග ධර්මයෝ සත්දෙන යම්සේද එබඳු අන් එකම ධර්මයකුදු මම නුවණැසින් නොදකිමි. ඒ සත කවරේදයත්? (මේ ඡේදය මේ වර්ගයේ 7 වෙනි සූත්‍රයේ 3 වෙනි ඡේදය මෙනි. 2722 පිට) “මහණෙනි, කෙසේ වඩන ලද්දාවූ, කෙසේ බහුල කරන ලද්දාවූ මේ බොධ්‍යංග ධර්මයෝ සත්දෙන සත්වයන් සසර බැඳ තබන ධර්මයන්ගේ අරමුණු නැතිකිරීම පිණිස පවතිත්ද? “මහණෙනි, මේ ශාසනයෙහි මහණතෙම විවේකය ඇසුරු කළ, විරාගය ඇසුරු කළ, නිරෝධය ඇසුරු කළ, නිවන් පිණිස නැමුණාවූ සති සම්බොජ්ඣංගය වඩයිද, “මහණෙනි, මේ ශාසනයෙහි මහණතෙම විවේකය ඇසුරු කළ, විරාගය ඇසුරු කළ, නිරෝධය ඇසුරු කළ, නිවන් පිණිස නැමුණාවූ ධම්මවිචය සම්බොජ්ඣංගය වඩයිද, මහණෙනි, මේ ශාසනයෙහි මහණතෙම විවේකය ඇසුරු කළ, විරාගය ඇසුරු කළ, නිරෝධය ඇසුරු කළ, නිවන් පිණිස නැමුණාවූ විරිය සම්බොජ්ඣංගය වඩයිද, මහණෙනි, මේ ශාසනයෙහි මහණතෙම විවේකය ඇසුරු කළ, විරාගය ඇසුරු කළ, නිරෝධය ඇසුරු කළ, නිවන් පිණිස නැමුණාවූ පීති සම්බොජ්ඣංගය වඩයිද, මහණෙනි, මේ ශාසනයෙහි මහණතෙම විවේකය ඇසුරු කළ, විරාගය ඇසුරු කළ, නිරෝධය ඇසුරු කළ, නිවන් පිණිස නැමුණාවූ පස්සද්ධි සම්බොජ්ඣංගය වඩයිද, මහණෙනි, මේ ශාසනයෙහි මහණතෙම විවේකය ඇසුරු කළ, විරාගය ඇසුරු කළ, නිරෝධය ඇසුරු කළ, නිවන් පිණිස නැමුණාවූ සමාධි සම්බොජ්ඣංගය වඩයිද, මහණෙනි, මේ ශාසනයෙහි මහණතෙම විවේකය ඇසුරු කළ, විරාගය ඇසුරු කළ, නිරෝධය ඇසුරු කළ, නිවන් පිණිස නැමුණාවූ උපෙක්ඛා සම්බොජ්ඣංගය වඩයිද, “මහණෙනි මෙසේ වඩන ලද්දාවූ, මෙසේ බහුල කරන ලද්දාවූ බොජ්ඣංගයෝ සත්දෙන සත්වයන් සසර බැඳ තබන ධර්මයන්ගේ ප්‍රහාණය පිණිස පවතිත්. මහණෙනි, සසර බැඳ තබන ධර්මයන්ගේ අරමුණු (සංයෝජනීය ධර්මයෝ) කවරහුද? මහණෙනි, ඇස සංයෝජනීය ධර්මයකි. මේ ඇසෙහි ඒ සංයෝජනයයි කියන ලද සත්වයන් සසර බැඳ තබන්නාවූ ඉතා තදින් අල්ලා ගන්නාවූ ධර්මයෝ උපදිත්. “මහණෙනි, කන සංයෝජනයන්ට අරමුණු වන්නාවූ ධර්මයකි. එහි සංයෝජනයන්ගෙන් බැඳ ගැනීම්, බැස ගැනීම් උපදිත්. මහණෙනි, නාසය සංයෝජනයන්ට අරමුණු වන්නාවූ ධර්මයකි. එහි සංයෝජනයන්ගෙන් බැඳ ගැනීම්, බැස ගැනීම් උපදිත්. මහණෙනි, දිව සංයෝජනයන්ට අරමුණු වන්නාවූ ධර්මයකි. එහි සංයෝජනයන්ගෙන් බැඳ ගැනීම්, බැස ගැනීම් උපදිත්. මහණෙනි, කය සංයෝජනයන්ට අරමුණුවන ධර්මයකි. එහි සංයෝජනයන්ගෙන් බැඳ ගැනීම්, බැස ගැනීම් උපදිත්. මහණෙනි, සිත සංයෝජනයන්ට අරමුණුවන ධර්මයකි. එහි සංයෝජනයන්ගෙන් බැඳ ගැනීම්, බැසගැනීම් උපදිත්. මහණෙනි, මොව්හු සංයෝජනයන්ට අරමුණු වන ධර්මයෝ යයි කියනු ලැබෙත්.”",sin,nadil,sinhala,sinhala
"එකල්හි බොහෝ දාදු කෙළින්නෝ භාග්‍යවතුන් වහන්සේට සමීප තැනක දාදු කෙළිති. එවිට ඒ ගෘහපතිතෙම ඒ දාදු කෙළින්නෝ යම් තෙනකද එහි පැමිණ දාදු කෙළින්නන්ට මෙසේ කීය. “පින්වතුනි, මෙහි මම ශ්‍රමණ ගෞතම තෙම යම් තෙනකද එහි ගියෙමි. ගොස් ශ්‍රමණ ගෞතමයන් වැඳ එකත් පසෙක හුනිමි. පින්වතුනි, ඒ පසෙක උන් මට ශ්‍රමණ ගෞතම තෙමේ මෙසේ කීය. “ගෘහපතිය, නුඹගේ ඉන්ද්‍රියයෝ පැහැදිලි නැත. නුඹගේ ඉන්ද්‍රියයන්ගේ වෙනස් බවක් ඇතැයි” කීය. “පින්වතුනි, මෙසේ කීකල්හි මම ශ්‍රමණ ගෞතමයන්ට, මෙසේ “ස්වාමීනි, මාගේ ඉන්ද්‍රියවෙනස් බවෙක් කෙසේ නම් නොවන්නේද? ස්වාමීනි මාගේය මනාප එකම පුත්‍රයා මළේය. ඔහුගේ මරණයෙන් මට කර්මාන්තද රුචි නොවෙති. ආහාරද රුචි නැත. ඒ මම සොහොනට ගොස් ‘එකම පුත්‍රය ඔබ කොහිද? එකම පුත්‍රය ඔබ කොහිද, කියමින් හඬමි’යි කීයෙමි. එසේ කී කල්හි, ‘ගෘහපතිය, ඒ එසේමය. ගෘහපතිය ඒ එසේමය’ ගෘහපතිය, සොකය, හැඬීමය, දුකය, දොම්නසය දැඩි වෙහෙසය යන මොහු ප්‍රිය දෙයින් උපදනාහු වෙති. ප්‍රිය දෙයින් හටගන්නාහු වෙති” කීය. “ස්වාමීනි, සොකය, හැඬීම දුකය, දොම්නසය යන මොහු ප්‍රිය දෙයින් උපදනාහුය. ප්‍රිය දෙයින් හටගන්නාහුය. යන මේ කාරණය වනාහි කෙසේ වන්නේද? “ස්වාමීනි, ප්‍රිය දෙයින් සතුට හා සොම්නස හටගන්නාහුය, උපදනාහුයයි’ කියා මම ශ්‍රමණ ගෞතමයන්ගේ කීමට සතුටු නොවී ප්‍රතික්ෂෙපකොට හුන් ආසනයෙන් නැගිට ගියෙමියි” කීය. “ගෘහපතිය, ඒ කාරණය එසේමය. ගෘහපතිය, ඒ කාරණය එසේමය. ගෘහපතිය, සතුට හා සොම්නස යන මොහු ප්‍රිය දෙයින් උපදනාහුය. ප්‍රිය දෙයින් උපදනාහුයයි” (ඔව්හු කීහ.) ඉක්බිති ඒ ගෘහපති තෙමේ මාගේ අදහස දාදු කෙළින්නන් හා සමවෙයි කියා ගියේය. ඉක්බිති මේ කථාව පිළිවෙලින් රජුගේ මාලිගාවට පැමිණියාය.",sin,nadil,sinhala,sinhala
"[1] මා විසින් මෙසේ අසන ලදී. එක් සමයෙක්හි භාග්‍යවතුන් වහන්සේ ඤාතික නම් ගමෙහිවූ උළුගෙහි වැඩ වසනසේක. එකල්හි ආයුෂ්මත් ආනන්ද ස්ථවිරතෙම භාග්‍යවතුන් වහන්සේ යම්තැනෙක්හිද එතැන්හි පැමිණියේය. පැමිණ භාග්‍යවතුන් වහන්සේට වැඳ එක්පසෙක හුන්නේය. එක්පසෙක හුන්නාවූ ආයුෂ්මත් ආනන්ද ස්ථවිරතෙම භාග්‍යවතුන් වහන්සේට මෙය කීයේය. [2] “ස්වාමීනි, සාළ්හ මහණතෙම කළුරිය කෙළේය. උන්වහන්සේගේ ගතිය කුමක්ද, පරලොව කුමක්ද, ස්වාමීනි, නන්දානම් මෙහෙණ කළුරිය කළාය. ඇගේ ගතිය කුමක්ද, පරලොව කුමක්ද? ස්වාමීනි, සුදත්ත නම් උපාසකතෙම කළුරිය කෙළේය. ඔහුගේ ගතිය කුමක්ද? පරලොව කුමක්ද, ස්වාමීනි, සුජාතා නම් උපාසිකාව කළුරිය කළාය. ඇගේ ගතිය කුමක්ද? පරලොව කුමක්ද?” යනුයි [3] “ආනන්දය, කළුරිය කළ සාළ්හ මහණතෙම ආශ්‍රවයන් ක්ෂය කිරීමෙන් ආශ්‍රව රහිතවූ අර්හත්ඵල සමාධිය හා අර්හත්ඵල ප්‍රඥාවත් මේ ආත්මයෙහිම තෙමේ දැන, ප්‍රත්‍යක්ෂ කොට ඊට පැමිණ විසීය. “ආනන්දය, කළුරිය කළාවූ නන්දා මෙහෙණ ඕරම්භාගිය සංයෝජන පස ක්ෂය කිරීමෙන් ඕපපාතිකවූවා, ඒ බ්‍රහ්ම ලෝකයෙන් නැවත නොඑන ස්වභාව ඇත්තී එහිදී පිරිනිවන් පාන්නීය. “ආනන්දය, කළුරිය කළාවූ සුදත්ත ගෘහපතිතෙම ත්‍රිවිධ සංයෝජනයන් ක්ෂය කිරීමෙන් රාග ද්වේෂ මෝහයන් තුනී කිරීමෙන් සකෘදාගාමීව එක් වරක් පමණක් මේ ලෝකයට අවුත් දුක් කෙළවර කරන්නේය. “ආනන්දය, කාලක්‍රියා කළාවූ සුජාතා උපාසිකාතොමෝ ත්‍රිවිධ සංයෝජනයන් ක්ෂය කිරීමෙන් අපායෙහි නොවැටීම ස්වභාව කොට ඇත්තාවූ රහත්බවට මතු මාර්ගත්‍රය පිහිටකොට ඇත්තාවූ සෝවාන් තැනැත්තියක් වූවාය. [4] “ආනන්දය, මිනිසෙකු මැරෙන්නේය යන මෙය පුදුමයක් නොවේ. ඉදින් ඒ ඒ මිනිසුන් මළ කල්හි මා කරා පැමිණ, මේ කරුණ අසන්නහුනම්, ආනන්දය, මේ ඇසීම තථාගතයන් වහන්සේට වෙහෙසක්ම වන්නේය. ආනන්දය, ඒ නිසා ධර්මාදාස (දහම් කැටපත) නම් ධර්ම ක්‍රමයක් දේශනා කරන්නෙමි. එයින් යුක්තවූ ආර්‍ය්‍යශ්‍රාවකතෙම කැමතිවන්නේ නම් ‘මම ක්ෂය කරනලද නිරය ඇත්තේ වෙමි. ක්ෂය කරන ලද තිරිසන් යෝනි ඇත්තේ වෙමි. ක්ෂය කරන ලද ප්‍රේත විෂය ඇත්තේ වෙමි. ක්ෂය කරන ලද විෂම වැටීම් ඇති දුර්ගති නම්වූ අපාය ඇත්තේ වෙමි. අපායෙහි වැටෙන ස්වභාවය නැත්තාවූ නියතවූ මතු මාර්ගත්‍රය පිහිටකොට ඇත්තාවූ සෝවාන් පුද්ගලයෙක් වෙමැයි’ තෙමේම තමහට කියන්නේය. [5] “ආනන්දය, යම් ධර්මයකින් යුක්තවූ ආර්‍ය්‍යශ්‍රාවක තෙම වනාහි කැමැතිවන්නේ ‘මම ක්ෂය කරන ලද නිරය ඇත්තේවෙමි. ක්ෂය කරන ලද තිරිසන් යෝනි ඇත්තේ වෙමි. ක්ෂය කරන ලද ප්‍රේත විෂය ඇත්තේ වෙමි. ක්ෂය කරන ලද විෂම වැටීම් ඇති දුර්ගති නම්වූ අපාය ඇත්තේවෙමි. අපායෙහි වැටෙන ස්වභාවය නැත්තාවූ, නියතවූ මතු මාර්ගත්‍රය පිහිටකොට ඇත්තාවූ සෝවාන් පුද්ගලයෙක් වෙමියි තෙමේම තමහට ප්‍රකාශ කරන්නේද ඒ ධම්මාදාස නම්වූ ධර්මක්‍රමය කවරේද? [6] “ආනන්දය, මේ ශාසනයෙහි ආර්‍ය්‍ය ශ්‍රාවකතෙම ඒ භාග්‍යවතුන් වහන්සේ මෙසේත් අර්හත්වනසේක. සම්‍යක් සම්බුද්ධවන සේක. විජ්ජාචරණ සම්පන්නවන සේක. සුගතවන සේක ලෝකවිදූවන සේක. අනුත්තර පුරිසදම්මසාරථි වන සේක. දෙවිමිනිසුන්ගේ ශාස්තෲවන සේක. චතුස්සත්‍යය අවබෝධකළ සේක. භාග්‍යවත්සේකැයි බුදුරජාණන්වහන්සේ කෙරෙහි නොසෙල්වෙන ප්‍රසාදයෙන් යුක්තවූයේ වෙයි. ‘භාග්‍යවතුන්වහන්සේ විසින් ධර්මය මනාකොට දේශනා කරන ලද්දේය. මේ ආත්මයෙහි දෙන ඵල ඇත්තේය. කල් නොයවා විපාක දෙන්නේය. එව බලවයි, පෙන්විය හැකි ගුණ ඇත්තේය. තමන් තුළ එළවා වැඩිය යුතු ගුණයෙන් යුක්ත වූයේය. නුවණැත්තන් විසින් වෙන වෙනම දත යුත්තේයයි මෙසේ ධර්මයෙහි නොසෙල්වෙන ප්‍රසාදයෙන් යුක්තවූයේ වෙයි. “භාග්‍යවතුන් වහන්සේගේ ශ්‍රාවක සංඝතෙම ශාසන ප්‍රතිපත්තියෙහි මනාව පිළිපන්නේය. ඍජුව පිළිපන්නේය. නිවනට සුදුසුව පිළිපන්නේය. ගරුබුහුමනට යොග්‍යව පිළිපන්නේය. යම් මේ පුරිසයුග සතරක් වෙත්ද, පුද්ගලයන් අටදෙනෙක් වෙත්ද, මේ ශ්‍රාවක සංඝතෙම ආගන්තුකයන් උදෙසා පිළියෙලකළ දෙය පිළිගැනීමට සුදුසු වූයේය. කම්පල අදහා දෙන ප්‍රත්‍යය පිළිගැනීමට සුදුසු වූසේක. ඇඳිලි කිරීමට (වැඳීමට) සුදුසු වූයේය. ලෝකයාගේ උතුම් පිං කුඹුරය. මෙසේ සංඝයා කෙරෙහි නොසෙල්වෙන ප්‍රසාදයෙන් යුක්ත වූයේ වෙයි. “නොකැඩුනාවූ, සිදුරු නොවූ, කබර නොවූ, කැළල් නොවූ, නිදහස්වූ, නුවණ ඇත්තන් විසින් ප්‍රශංසා කරන ලද්දාවූ තෘෂ්ණා දෘෂ්ටීන් විසින් පරාමර්ෂණය නොකරන ලද්දාවූ සමාධිය පිණිස පවතින්නාවූ ආර්‍ය්‍යයන් කැමැති ශීලයෙන් යුක්ත වූයේවෙයි. [7] “ආනන්දය, යම් ධර්ම ක්‍රමයකින් යුක්තවූ ආර්‍ය්‍යශ්‍රාවක තෙම කැමැතිවන්නේ ‘මම ක්ෂය කරන ලද නිරය ඇත්තේ වෙමි ක්ෂය කරන ලද තිරිසන් යෝනි ඇත්තේ වෙමි ක්ෂය කරන ලද ප්‍රේත විෂය ඇත්තේ වෙමි. ක්ෂයකරන ලද විසමවූ වැටීම් ඇති, දුර්ගති නම්වූ අපාය ඇත්තේ වෙමි. අපායෙහි නොවැටෙන ස්වභාව ඇත්තාවූ නියතවූ මතු මාර්ගත්‍රය පිහිටකොට ඇත්තාවූ සෝවාන් පුද්ගලයෙක් වෙමියි’ තෙමේම තමහට ප්‍රකාශ කරන්නේද, ආනන්දය මේ ධර්මාදාස නම්වූ ඒ ධර්මක්‍රමය වෙයි.”",sin,nadil,sinhala,sinhala
"‘‘තදා මං විනතං පාදෙ, දිස්වාන පුරිසාසභො; සරෙන මහතා වීරො (සුස්සරෙන මහාවීරො (සී. පී.)), ඉදං වචනමබ්‍රවි.",pli,nadil,pali,pali
"එකල්හි වනාහි ආයුෂ්මත් ආනන්‍ද ස්ථවිර තෙම භාග්‍යවතුන් වහන්සේ යම් තැනෙක්හිද, එතැනට පැමිණියේය. පැමිණ, භාග්‍යවතුන් වහන්සේට වැඳ, එකත්පස්ව හුන්නේය. එකත්පස්ව හුන්නාවූම ආයුෂ්මත් ආනන්‍ද ස්ථවිර තෙම භාග්‍යවතුන් වහන්සේට මෙය සැළකෙළේය. “ස්වාමීනි, යම් සේ ඇස මෙනෙහි නොකරන්නේද, රූපය මෙනෙහි නොකරන්නේද, කණ මෙනෙහි නොකරන්නේද, ශබ්දය මෙනෙහි නොකරන්නේද, නාසය මෙනෙහි නොකරන්නේද, ගඳ මෙනෙහි නොකරන්නේද, දිව මෙනෙහි නොකරන්නේද, රස මෙනෙහි නොකරන්නේද, කය මෙනෙහි නොකරන්නේද, ස්පර්‍ශ කළ යුත්ත මෙනෙහි නොකරන්නේද, පෘථිවිය මෙනෙහි නොකරන්නේද, ජලය මෙනෙහි නොකරන්නේද, තෙජස මෙනෙහි නොකරන්නේද, වාතය මෙනෙහි නොකරන්නේද, ආකාශානඤ්චායතනය මෙනෙහි නොකරන්නේද, විඤ්ඤාණඤ්චායතනය මෙනෙහි නොකරන්නේද, ආකිඤ්චඤ්ඤායතනය මෙනෙහි නොකරන්නේද, නෙවසඤ්ඤානාසඤ්ඤායතනය මෙනෙහි නොකරන්නේද, මෙලොව උපදනා ධ්‍යානය මෙනෙහි නොකරන්නේද, පරලොව උපදනා ධ්‍යානය මෙනෙහි නොකරන්නේද, දක්නා ලදය, අසන ලදය, ස්පර්‍ශ කරණ ලදය, දැනගන්නා ලදය, පැමිණෙන ලදය, සොයන ලදය, සිතින් අනුව හැසිරෙන ලදය, යන මේ යමකුත් ඇද්ද, එයද මෙනෙහි නොකරන්නේද, එතකුදු වුවත් මෙනෙහි කරන්නේත් වන්නේද, එබඳුවූ සමාධි ප්‍රතිලාභයක් භික්‍ෂුහට වන්නේදැ” යි ඇසීය. “ආනන්‍දය, යම් සේ ඇස මෙනෙහි නොකරන්නේද, රූපය මෙනෙහි නොකරන්නේද, කණ මෙනෙහි නොකරන්නේද, ශබ්දය මෙනෙහි නොකරන්නේද, නාසය මෙනෙහි නොකරන්නේද, ගඳ මෙනෙහි නොකරන්නේද, දිව මෙනෙහි නොකරන්නේද, රසය මෙනෙහි නොකරන්නේද, කය මෙනෙහි නොකරන්නේද, ස්පර්‍ශ කළ යුත්ත මෙනෙහි නොකරන්නේද, පෘථිවිය මෙනෙහි නොකරන්නේද, ජලය මෙනෙහි නොකරන්නේද, තෙජස මෙනෙහි නොකරන්නේද, වාතය මෙනෙහි නොකරන්නේද, ආකාශානඤ්චායතනය මෙනෙහි නොකරන්නේද, විඤ්ඤාණඤ්චායතනය මෙනෙහි නොකරන්නේද, ආකිඤ්චඤ්ඤායතනය මෙනෙහි නොකරන්නේද, නෙවසඤ්ඤානාසඤ්ඤායතනය මෙනෙහි නොකරන්නේද, මෙලොව උපදනා ධ්‍යානය මෙනෙහි නොකරන්නේද, පරලොව උපදනා ධ්‍යානය මෙනෙහි නොකරන්නේද, දක්නා ලදය, අසන ලදය, ස්පර්‍ශ කරණ ලදය, දැනගන්නා ලදය, පැමිණෙන ලදය, සොයන ලදය, සිතින් අනුව හැසිරෙන ලදය, යන මේ යමකුත් ඇද්ද, එයද මෙනෙහි නොකරන්නේද, එතකුදු වුවත් මෙනෙහි කරන්නේත් වන්නේද, එබඳුවූ සමාධි ප්‍රතිලාභයක් භික්‍ෂුහට වන්නේය” යි වදාළ සේක. “ස්වාමීනි, යම් සේ ඇස මෙනෙහි නොකරන්නේද, රූපය මෙනෙහි නොකරන්නේද, කණ මෙනෙහි නොකරන්නේද, ශබ්දය මෙනෙහි නොකරන්නේද, නාසය මෙනෙහි නොකරන්නේද, ගඳ මෙනෙහි නොකරන්නේද, දිව මෙනෙහි නොකරන්නේද, රස මෙනෙහි නොකරන්නේද, කය මෙනෙහි නොකරන්නේද, ස්පර්‍ශ කළ යුත්ත මෙනෙහි නොකරන්නේද, පෘථිවිය මෙනෙහි නොකරන්නේද, ජලය මෙනෙහි නොකරන්නේද, තෙජස මෙනෙහි නොකරන්නේද, වාතය මෙනෙහි නොකරන්නේද, ආකාශානඤ්චායතනය මෙනෙහි නොකරන්නේද, විඤ්ඤාණඤ්චායතනය මෙනෙහි නොකරන්නේද, ආකිඤ්චඤ්ඤායතනය මෙනෙහි නොකරන්නේද, නෙවසඤ්ඤානාසඤ්ඤායතනය මෙනෙහි නොකරන්නේද, මෙලොව උපදනා ධ්‍යානය මෙනෙහි නොකරන්නේද, පරලොව උපදනා ධ්‍යානය මෙනෙහි නොකරන්නේද, දක්නා ලදය, අසන ලදය, ස්පර්‍ශ කරණ ලදය, දැනගන්නා ලදය, පැමිණෙන ලදය, සොයන ලදය, සිතින් අනුව හැසිරෙන ලදය, යන මේ යමකුත් ඇද්ද, එයද මෙනෙහි නොකරන්නේද, එතකුදු වුවත් මෙනෙහි කරන්නේත් වන්නේද, එබඳුවූ සමාධි ප්‍රතිලාභයක් භික්‍ෂුහට ඒ කෙසේ නම් වන්නේදැ” යි ඇසීය. “ආනන්‍දය, මේ ශාසනයෙහි භික්‍ෂුතෙම යම් මේ සියලු සංස්කාරයන්ගේ සංසිඳීම් ඇත්තාවූ, සියලු කෙළෙසුන්ගේ දුරලීම ඇත්තාවූ, තෘෂ්ණාවගේ ක්‍ෂය කිරීම ඇත්තාවූ, නො ඇල්ම ඇත්තාවූ, නිරුද්ධවීම ඇත්තාවූ නිවණක් වේ. මෙය ශාන්තය, මෙය ප්‍රණීතයයි මෙසේ මෙනෙහි කරයි. ආනන්‍දය, යම් සේ ඇස මෙනෙහි නොකරන්නේද, රූපය මෙනෙහි නොකරන්නේද, කණ මෙනෙහි නොකරන්නේද, ශබ්දය මෙනෙහි නොකරන්නේද, නාසය මෙනෙහි නොකරන්නේද, ගඳ මෙනෙහි නොකරන්නේද, දිව මෙනෙහි නොකරන්නේද, රස මෙනෙහි නොකරන්නේද, කය මෙනෙහි නොකරන්නේද, ස්පර්‍ශ කළ යුත්ත මෙනෙහි නොකරන්නේද, පෘථිවිය මෙනෙහි නොකරන්නේද, ජලය මෙනෙහි නොකරන්නේද, තෙජස මෙනෙහි නොකරන්නේද, වාතය මෙනෙහි නොකරන්නේද, ආකාශානඤ්චායතනය මෙනෙහි නොකරන්නේද, විඤ්ඤාණඤ්චායතනය මෙනෙහි නොකරන්නේද, ආකිඤ්චඤ්ඤායතනය මෙනෙහි නොකරන්නේද, නෙවසඤ්ඤානාසඤ්ඤායතනය මෙනෙහි නොකරන්නේද, මෙලොව උපදනා ධ්‍යානය මෙනෙහි නොකරන්නේද, පරලොව උපදනා ධ්‍යානය මෙනෙහි නොකරන්නේද, දක්නා ලදය, අසන ලදය, ස්පර්‍ශ කරණ ලදය, දැනගන්නා ලදය, පැමිණෙන ලදය, සොයන ලදය, සිතින් අනුව හැසිරෙන ලදය, යන මේ යමකුත් ඇද්ද, එයද මෙනෙහි නොකරන්නේද, එතකුදු වුවත් මෙනෙහි කරන්නේත් වන්නේද, මෙසේ වනාහි භික්‍ෂුහට එබඳුවූ සමාධි ප්‍රතිලාභයක් වන්නේය” යි වදාළ සේක.",sin,nadil,sinhala,sinhala
"නනු ත්වං අවච (අවචා (සී. පී.)) ලුද්ද, ‘‘මිගචම්මානි ආහරිං’’; අථ කෙන නු වණ්ණෙන, මිගචම්මානි නාහරි.",pli,nadil,pali,pali
"සාවත්ථිනිදානං. ‘‘පරිඤ්ඤෙය්‍යෙ ච, භික්ඛවෙ, ධම්මෙ දෙසෙස්සාමි පරිඤ්ඤඤ්ච පරිඤ්ඤාතාවිඤ්ච පුග්ගලං. තං සුණාථ. කතමෙ ච, භික්ඛවෙ, පරිඤ්ඤෙය්‍යා ධම්මා? රූපං, භික්ඛවෙ, පරිඤ්ඤෙය්‍යො ධම්මො. වෙදනා...පෙ.... සඤ්ඤා... සඞ්ඛාරා... විඤ්ඤාණං පරිඤ්ඤෙය්‍යො ධම්මො. ඉමෙ වුච්චන්ති, භික්ඛවෙ, පරිඤ්ඤෙය්‍යා ධම්මා. කතමා ච, භික්ඛවෙ, පරිඤ්ඤා? රාගක්ඛයො, දොසක්ඛයො, මොහක්ඛයො - අයං වුච්චති, භික්ඛවෙ, පරිඤ්ඤා. කතමො ච, භික්ඛවෙ, පරිඤ්ඤාතාවී පුග්ගලො? අරහාතිස්ස වචනීයං. ය්වායං ආයස්මා එවංනාමො එවංගොත්තො - අයං වුච්චති, භික්ඛවෙ, පරිඤ්ඤාතාවී පුග්ගලො’’ති. චතුත්ථං.",pli,nadil,pali,pali
"‘‘තා ච සත්තසතා භරියා, සුසඤ්ඤා තනුමජ්ඣිමා; හිත්වා සම්පද්දවී රාජා, පබ්බජ්ජාය පුරක්ඛතො.",pli,nadil,pali,pali
"‘‘ධාරෙථ නො තුම්හෙ, භික්ඛවෙ, මයා චත්තාරි අරියසච්චානි දෙසිතානී’’ති? එවං වුත්තෙ අඤ්ඤතරො භික්ඛු භගවන්තං එතදවොච - ‘‘අහං ඛො, භන්තෙ, ධාරෙමි භගවතා චත්තාරි අරියසච්චානි දෙසිතානී’’ති. ‘‘යථා කථං පන ත්වං, භික්ඛු, ධාරෙසි මයා චත්තාරි අරියසච්චානි දෙසිතානී’’ති? ‘‘දුක්ඛං ඛ්වාහං, භන්තෙ, භගවතා පඨමං අරියසච්චං දෙසිතං ධාරෙමි. යො හි කොචි, භන්තෙ, සමණො වා බ්‍රාහ්මණො වා එවං වදෙය්‍ය - ‘නෙතං දුක්ඛං පඨමං අරියසච්චං යං සමණෙන ගොතමෙන දෙසිතං. අහමෙතං දුක්ඛං පඨමං අරියසච්චං පච්චක්ඛාය අඤ්ඤං දුක්ඛං පඨමං අරියසච්චං පඤ්ඤපෙස්සාමී’ති - නෙතං ඨානං විජ්ජති. දුක්ඛසමුදයං ඛ්වාහං, භන්තෙ, භගවතා...පෙ.... දුක්ඛනිරොධගාමිනිං පටිපදං ඛ්වාහං, භන්තෙ, භගවතා චතුත්ථං අරියසච්චං දෙසිතං ධාරෙමි. යො හි කොචි, භන්තෙ, සමණො වා බ්‍රාහ්මණො වා එවං වදෙය්‍ය - ‘නෙතං දුක්ඛනිරොධගාමිනී පටිපදා චතුත්ථං අරියසච්චං යං සමණෙන ගොතමෙන දෙසිතං. අහමෙතං දුක්ඛනිරොධගාමිනිං පටිපදං චතුත්ථං අරියසච්චං පච්චක්ඛාය අඤ්ඤං දුක්ඛනිරොධගාමිනිං පටිපදං චතුත්ථං අරියසච්චං පඤ්ඤපෙස්සාමී’ති - නෙතං ඨානං විජ්ජති. එවං ඛ්වාහං, භන්තෙ, ධාරෙමි භගවතා චත්තාරි අරියසච්චානි දෙසිතානී’’ති. ‘‘සාධු සාධු, භික්ඛු! සාධු ඛො ත්වං, භික්ඛු, ධාරෙසි මයා චත්තාරි අරියසච්චානි දෙසිතානීති. දුක්ඛං ඛො, භික්ඛු, මයා පඨමං අරියසච්චං දෙසිතං, තථා නං ධාරෙහි. යො හි කොචි, භික්ඛු, සමණො වා බ්‍රාහ්මණො වා එවං වදෙය්‍ය - ‘නෙතං දුක්ඛං පඨමං අරියසච්චං යං සමණෙන ගොතමෙන දෙසිතං. අහමෙතං දුක්ඛං පඨමං අරියසච්චං පච්චක්ඛාය අඤ්ඤං දුක්ඛං පඨමං අරියසච්චං පඤ්ඤපෙස්සාමී’ති - නෙතං ඨානං විජ්ජති. දුක්ඛසමුදයං ඛො, භික්ඛු...පෙ.... දුක්ඛනිරොධං ඛො, භික්ඛු...පෙ.... දුක්ඛනිරොධගාමිනී පටිපදා ඛො, භික්ඛු, මයා චතුත්ථං අරියසච්චං දෙසිතං, තථා නං ධාරෙහි. යො හි කොචි, භික්ඛු, සමණො වා බ්‍රාහ්මණො වා එවං වදෙය්‍ය - ‘නෙතං දුක්ඛනිරොධගාමිනී පටිපදා චතුත්ථං අරියසච්චං යං සමණෙන ගොතමෙන දෙසිතං . අහමෙතං දුක්ඛනිරොධගාමිනිං පටිපදං චතුත්ථං අරියසච්චං පච්චක්ඛාය අඤ්ඤං දුක්ඛනිරොධගාමිනිං පටිපදං චතුත්ථං අරියසච්චං පඤ්ඤපෙස්සාමී’ති - නෙතං ඨානං විජ්ජති. එවං ඛො ත්වං, භික්ඛු, ධාරෙහි මයා චත්තාරි අරියසච්චානි දෙසිතානීති. ‘‘තස්මාතිහ, භික්ඛු, ‘ඉදං දුක්ඛ’න්ති යොගො කරණීයො...පෙ.... ‘අයං දුක්ඛනිරොධගාමිනී පටිපදා’ති යොගො කරණීයො’’ති. ඡට්ඨං.",pli,nadil,pali,pali
“ඔහුට සැඟවියයුත්ත නොකියයි. ඔහුගේ සැඟවිය යුත්ත නොසඟවයි. ඔහුගේ කර්මාන්තය වර්ණනා නොකරයි. ඔහුගේ ප්‍රඥාවට ප්‍රශංසා නොකරයි.,sin,nadil,sinhala,sinhala
"මිත්තසම්පදමාගම්ම, යොනිසොව (යොනිසො වෙ (සී.), යොනිසො චෙ (ස්‍යා.), යොනිසො ච (?)) පයුඤ්ජතො; විජ්ජා විමුත්ති වසීභාවො, සබ්බමෙතෙන ලබ්භති.",pli,nadil,pali,pali
"“නාරදය, කප්ප නම් තව්සාගේ මිහිරිවූ සිත්කළුවූ යහපත් වචනද මනහරවූ වෘක්ෂද විද්‍යමානවෙත්. මොව්හු මා සිත් අලවත්.",sin,nadil,sinhala,sinhala
"‘‘සුකසාළිකසඞ්ඝුට්ඨං, පිඞ්ගලං (පිඞ්ගියං (සී. ස්‍යා. පී.)) සන්ථතායුතං; කොකිලාභිරුදං රම්මං, ධුවං හරිතසද්දලං.",pli,nadil,pali,pali
"‘‘භික්ඛූනං සතසහස්සං, බුද්ධඤ්ච ලොකනායකං; පසන්නචිත්තො සුමනො, පරමන්නෙන තප්පයිං.",pli,nadil,pali,pali
ලද්ධාවකාසො ඤාපෙත්වා -විදෙසගමනං සකං,pli,nadil,pali,pali
"උන් වහන්සේ ඉපැරණි පූජනීය ස්ථාන දැක ගැනීමටත්, වැඳ පුදා ගැනීමටත් එක්ක ලංකාවේ බොහෝ ප්රදේශවල සංචාරය කළා",sin,nadil,sinhala,sinhala
“බුද්‍ධඤාණයෙහි (සිත) පහදවා කපක් මුළුල්ලෙහි මම ස්වර්‍ගයෙහි සතුටුවීමි. සෙසු කල්පයන්හි මා විසින් කුශල් කරන ලදී.,sin,nadil,sinhala,sinhala
පුප්ඵාරාම විහාරම්හි -වසං සිස්සහිතෙ රතො,pli,nadil,pali,sinhala
"සොකප්පරිදෙවමච්ඡරං (සොකපරිදෙවමච්ඡරං (සී. ස්‍යා. පී.), සොකං පරිදෙවමච්ඡරං (?)), න ජහන්ති ගිද්ධා මමායිතෙ; තස්මා මුනයො පරිග්ගහං, හිත්වා අචරිංසු ඛෙමදස්සිනො.",pli,nadil,pali,pali
මහර්ෂීවූ ඒ කකුසඳ බුදුරදුන්ගේ ආයුෂය අවුරුදු සතළිස් දහසකි. උන්වහන්සේ ඒතාක් කල් වැඩ සිටිමින් බොහෝ ජන සමූහයා (බව සයුරෙන්) එතර කළ සේක.,sin,nadil,sinhala,sinhala
"“ධ්‍රතරාෂ්ට නම් මහරජ, මම දුකින් පෙළුනේයයි ඔබ නොහරින්නෙමි. මාගේ ජීවත්වීම හෝ මරණය හෝ ඔබ සමග වන්නේය",sin,nadil,sinhala,sinhala
"‘‘පසන්නචිත්තො සුමනො, වෙදජාතො කතඤ්ජලී; බුද්ධසෙට්ඨං නමස්සාමි, අහො බුද්ධස්සුළාරතා.",pli,nadil,pali,pali
"“ආනන්දය, ඉක්බිති ඒ චක්‍රරත්නය මුහුද කෙළවර කොට ඇති මුළු පොළොව ජයගෙන කුසාවතී රාජධානියට ආපසු ඇවිත් මහා සුදර්ශන රජුගේ ඇතුළු නුවර වාසල් දොර නඩු ශාලාව ඉදිරියෙහි, මහා සුදර්ශන රජුගේ ඇතුළු නුවර අන්තඃ පුරය) වැඩියක් හොබවමින් රථ අලවංගුවේ ඇතුළත් කරන ලද්දක් මෙන් සිටියේය. ආනන්දය, මහා සුදර්ශන රජහට මෙබඳු (ආනුභාව ඇති) චක්‍රරත්නය පහළ වූයේය.",sin,nadil,sinhala,sinhala
"‘‘දුතියෙ ච භොන්තො සමණබ්‍රාහ්මණා කිමාගම්ම කිමාරබ්භ එකච්චසස්සතිකා එකච්චඅසස්සතිකා එකච්චං සස්සතං එකච්චං අසස්සතං අත්තානඤ්ච ලොකඤ්ච පඤ්ඤපෙන්ති? සන්ති, භික්ඛවෙ, ඛිඩ්ඩාපදොසිකා නාම දෙවා, තෙ අතිවෙලං හස්සඛිඩ්ඩාරතිධම්මසමාපන්නා (හසඛිඩ්ඩාරතිධම්මසමාපන්නා (ක.)) විහරන්ති. තෙසං අතිවෙලං හස්සඛිඩ්ඩාරතිධම්මසමාපන්නානං විහරතං සති සම්මුස්සති (පමුස්සති (සී. ස්‍යා.)). සතියා සම්මොසා තෙ දෙවා තම්හා කායා චවන්ති.",pli,nadil,pali,pali
"ඉච්චෙතමත්ථං භගවා පුනප්පුනං, අක්ඛාසි නං (තං (සී. පී.)) වෙදයි මන්තපාරගූ; චිත්‍රාහි ගාථාහි මුනී පකාසයි, නිරාමගන්ධො අසිතො දුරන්නයො.",pli,nadil,pali,pali
"යො වෙ කතෙ පටිකතෙ, කිබ්බිසෙ පටිකිබ්බිසෙ; එවං තං සම්මතී වෙරං, වස කුන්තිනි මාගමා.",pli,nadil,pali,pali
"“ගෞතමී තොමෝ ප්‍රථමධ්‍යානය දක්වා ප්‍රතිලෝම වශයෙන්ද, ඉක්බිති චතුර්ත්‍ථධ්‍යානය දක්වා (අනුලොම් වශයෙන්ද) ධ්‍යානයට සමවැදුනාය.",sin,nadil,sinhala,sinhala
"අථ ඛො බොධි රාජකුමාරො තස්සා රත්තියා අච්චයෙන සකෙ නිවෙසනෙ පණීතං ඛාදනීයං භොජනීයං පටියාදාපෙත්වා, කොකනදඤ්ච පාසාදං ඔදාතෙහි දුස්සෙහි සන්ථරාපෙත්වා යාව පච්ඡිමසොපානකළෙවරා (කළෙබරා (සී.)), සඤ්ජිකාපුත්තං මාණවං ආමන්තෙසි - ‘‘එහි ත්වං, සම්ම සඤ්ජිකාපුත්ත, යෙන භගවා තෙනුපසඞ්කම; උපසඞ්කමිත්වා භගවතො කාලං ආරොචෙහි - ‘කාලො, භන්තෙ, නිට්ඨිතං භත්ත’’’න්ති. ‘‘එවං, භො’’ති ඛො සඤ්ජිකාපුත්තො මාණවො බොධිස්ස රාජකුමාරස්ස පටිස්සුත්වා යෙන භගවා තෙනුපසඞ්කමි; උපසඞ්කමිත්වා භගවතො කාලං ආරොචෙසි - ‘‘කාලො, භො ගොතම, නිට්ඨිතං භත්ත’’න්ති. අථ ඛො භගවා පුබ්බණ්හසමයං නිවාසෙත්වා පත්තචීවරමාදාය යෙන බොධිස්ස රාජකුමාරස්ස නිවෙසනං තෙනුපසඞ්කමි. තෙන ඛො පන සමයෙන බොධි රාජකුමාරො බහිද්වාරකොට්ඨකෙ ඨිතො හොති භගවන්තං ආගමයමානො. අද්දසා ඛො බොධි රාජකුමාරො භගවන්තං දූරතොව ආගච්ඡන්තං. දිස්වාන පච්චුග්ගන්ත්වා භගවන්තං අභිවාදෙත්වා පුරක්ඛත්වා යෙන කොකනදො පාසාදො තෙනුපසඞ්කමි. අථ ඛො භගවා පච්ඡිමං සොපානකළෙවරං නිස්සාය අට්ඨාසි. අථ ඛො බොධි රාජකුමාරො භගවන්තං එතදවොච - ‘‘අභිරුහතු (අභිරූහතු (ස්‍යා. කං. පී.) අක්කමතු (චූළව. 268)), භන්තෙ, භගවා දුස්සානි, අභිරුහතු සුගතො දුස්සානි; යං මම අස්ස දීඝරත්තං හිතාය සුඛායා’’ති. එවං වුත්තෙ, භගවා තුණ්හී අහොසි. දුතියම්පි ඛො...පෙ.... තතියම්පි ඛො බොධි රාජකුමාරො භගවන්තං එතදවොච - ‘‘අභිරුහතු, භන්තෙ, භගවා. දුස්සානි, අභිරුහතු සුගතො දුස්සානි; යං මම අස්ස දීඝරත්තං හිතාය සුඛායා’’ති.",pli,nadil,pali,pali
"පුබ්බාසවෙ හිත්වා නවෙ අකුබ්බං, න ඡන්දගූ නොපි නිවිස්සවාදී; ස විප්පමුත්තො දිට්ඨිගතෙහි ධීරො, න ලිම්පති ලොකෙ අනත්තගරහී. පුබ්බාසවෙ හිත්වා නවෙ අකුබ්බන්ති. පුබ්බාසවා වුච්චන්ති අතීතා රූපවෙදනාසඤ්ඤාසඞ්ඛාරවිඤ්ඤාණා. අතීතෙ සඞ්ඛාරෙ ආරබ්භ යෙ කිලෙසා උප්පජ්ජෙය්‍යුං තෙ කිලෙසෙ හිත්වා චජිත්වා පරිච්චජිත්වා පජහිත්වා විනොදෙත්වා බ්‍යන්තිං කරිත්වා අනභාවං ගමෙත්වාති - පුබ්බාසවෙ හිත්වා. නවෙ අකුබ්බන්ති නවා වුච්චන්ති පච්චුප්පන්නා රූපවෙදනාසඤ්ඤාසඞ්ඛාරවිඤ්ඤාණා. පච්චුප්පන්නෙ සඞ්ඛාරෙ ආරබ්භ ඡන්දං (ඛන්තිං (ක.)) අකුබ්බමානො පෙමං අකුබ්බමානො රාගං අකුබ්බමානො අජනයමානො අසඤ්ජනයමානො අනිබ්බත්තයමානො අනභිනිබ්බත්තයමානොති - පුබ්බාසවෙ හිත්වා නවෙ අකුබ්බං. න ඡන්දගූ නොපි නිවිස්සවාදීති. න ඡන්දාගතිං ගච්ඡති , න දොසාගතිං ගච්ඡති, න මොහාගතිං ගච්ඡති, න භයාගතිං ගච්ඡති, න රාගවසෙන ගච්ඡති , න දොසවසෙන ගච්ඡති, න මොහවසෙන ගච්ඡති, න මානවසෙන ගච්ඡති, න දිට්ඨිවසෙන ගච්ඡති, න උද්ධච්චවසෙන ගච්ඡති, න විචිකිච්ඡාවසෙන ගච්ඡති, න අනුසයවසෙන ගච්ඡති, න වග්ගෙහි ධම්මෙහි යායති නීයති වුය්හති න සංහරීයතීති - න ඡන්දගූ. නොපි නිවිස්සවාදීති ‘‘සස්සතො ලොකො, ඉදමෙව සච්චං මොඝමඤ්ඤ’’න්ති න නිවිස්සවාදී...පෙ.... ‘‘නෙව හොති න න හොති තථාගතො පරං මරණා, ඉදමෙව සච්චං මොඝමඤ්ඤ’’න්ති න නිවිස්සවාදීති - න ඡන්දගූ නොපි නිවිස්සවාදී. ස විප්පමුත්තො දිට්ඨිගතෙහි ධීරොති තස්ස ද්වාසට්ඨි දිට්ඨිගතානි පහීනානි සමුච්ඡින්නානි වූපසන්තානි පටිපස්සද්ධානි අභබ්බුප්පත්තිකානි ඤාණග්ගිනා දඩ්ඪානි. සො දිට්ඨිගතෙහි විප්පමුත්තො විසඤ්ඤුත්තො විමරියාදිකතෙන චෙතසා විහරති. ධීරොති ධීරො පණ්ඩිතො පඤ්ඤවා බුද්ධිමා ඤාණී විභාවී මෙධාවීති - ස විප්පමුත්තො දිට්ඨිගතෙහි ධීරො. න ලිම්පති ලොකෙ අනත්තගරහීති. ලෙපාති ද්වෙ ලෙපා - තණ්හාලෙපො ච දිට්ඨිලෙපො ච...පෙ.... අයං තණ්හාලෙපො ...පෙ.... අයං දිට්ඨිලෙපො. තස්ස තණ්හාලෙපො පහීනො, දිට්ඨිලෙපො පටිනිස්සට්ඨො; තස්ස තණ්හාලෙපස්ස පහීනත්තා, දිට්ඨිලෙපස්ස පටිනිස්සට්ඨත්තා අපායලොකෙ න ලිම්පති, මනුස්සලොකෙ න ලිම්පති, දෙවලොකෙ න ලිම්පති, ඛන්ධලොකෙ න ලිම්පති, ධාතුලොකෙ න ලිම්පති, ආයතනලොකෙ න ලිම්පති න පලිම්පති න උපලිම්පති, අලිත්තො අපලිත්තො අනුපලිත්තො නික්ඛන්තො නිස්සටො විප්පමුත්තො විසඤ්ඤුත්තො විමරියාදිකතෙන චෙතසා විහරතීති - න ලිම්පති ලොකෙ. අනත්තගරහීති ද්වීහි කාරණෙහි අත්තානං ගරහති - කතත්තා ච අකතත්තා ච. කථං කතත්තා ච අකතත්තා ච අත්තානං ගරහති? ‘‘කතං මෙ කායදුච්චරිතං, අකතං මෙ කායසුචරිත’’න්ති අත්තානං ගරහති. ‘‘කතං මෙ වචීදුච්චරිතං...පෙ.... කතං මෙ මනොදුච්චරිතං ... කතො මෙ පාණාතිපාතො...පෙ.... කතා මෙ මිච්ඡාදිට්ඨි, අකතා මෙ සම්මාදිට්ඨී’’ති අත්තානං ගරහති. එවං කතත්තා ච අකතත්තා ච අත්තානං ගරහති. අථ වා ‘‘සීලෙසුම්හි න පරිපූරකාරී’’ති අත්තානං ගරහති. ‘‘ඉන්ද්‍රියෙසුම්හි අගුත්තද්වාරො’’ති... ‘‘භොජනෙම්හි අමත්තඤ්ඤූ’’ති... ‘‘ජාගරියම්හි අනනුයුත්තො’’ති... ‘‘න සතිසම්පජඤ්ඤෙනාම්හි සමන්නාගතො’’ති... ‘‘අභාවිතා මෙ චත්තාරො සතිපට්ඨානා’’ති... ‘‘අභාවිතා මෙ චත්තාරො සම්මප්පධානා’’ති... ‘‘අභාවිතා මෙ චත්තාරො ඉද්ධිපාදා’’ති... ‘‘අභාවිතානි මෙ පඤ්චින්ද්‍රියානී’’ති... ‘‘අභාවිතානි මෙ පඤ්ච බලානී’’ති... ‘‘අභාවිතා මෙ සත්ත බොජ්ඣඞ්ගා’’ති... ‘‘අභාවිතො මෙ අරියො අට්ඨඞ්ගිකො මග්ගො’’ති... ‘‘දුක්ඛං මෙ අපරිඤ්ඤාත’’න්ති... ‘‘දුක්ඛසමුදයො මෙ අප්පහීනො’’ති... ‘‘මග්ගො මෙ අභාවිතො’’ති... ‘‘නිරොධො මෙ අසච්ඡිකතො’’ති අත්තානං ගරහති. එවං කතත්තා ච අකතත්තා ච අත්තානං ගරහති. එවං අත්තගරහී. තයිදං කම්මං අකුබ්බමානො අජනයමානො අසඤ්ජනයමානො අනිබ්බත්තයමානො අනභිනිබ්බත්තයමානො අනත්තගරහීති - න ලිම්පති ලොකෙ අනත්තගරහී. තෙනාහ භගවා - ‘‘පුබ්බාසවෙ හිත්වා නවෙ අකුබ්බං, න ඡන්දගූ නොපි නිවිස්සවාදී; ස විප්පමුත්තො දිට්ඨිගතෙහි ධීරො, න ලිම්පති ලොකෙ අනත්තගරහී’’ති.",pli,nadil,pali,pali
"විජ්ජාභාගිය සූත්‍රය. “මහණෙනි, මේ ධර්‍මයෝ දෙදෙනෙක් (මාර්‍ගඥානය නම්) විද්‍යාව භජනය කරන්නෝ වෙත්. කවර දෙදෙනෙක්ද යත්, සමථය නම් හිතේ එකඟ භාවයද, විදර්‍ශනාව යයි කියන ලද සංස්කාර ඥානයද යන දෙදෙනයි. මහණෙනි, සමථය වඩන ලද්දේ කවර අර්ත්‍ථයක් සම්පාදනය කරයිද? චිත්තය වැඩෙයි. (මාර්‍ග) චිත්තය වඩන ලද්දේ කවර අර්ත්‍ථයක් සලසාද? යම් රාගයක්හි ඇලේද, ඒ රාගය පහවෙයි. “මහණෙනි, විදර්‍ශනාව වඩන ලද්දේ කවර අර්ත්‍ථයක් සම්පාදනය කෙරේද? ප්‍රඥාව (මාර්ග ප්‍රඥාව) වැඩෙයි. ප්‍රඥාව වඩන ලද්දේ කවර අර්ත්‍ථයක් සිද්‍ධ කෙරේද? යම් අවිද්‍යාවක් වේද, එය ප්‍රහීණ වෙයි. මහණෙනි, රාගයෙන් කිලුටු කරණ ලද්දාවූ සිතද (කෙලෙසුන් කෙරෙන්) නොමිදෙයි. අවිද්‍යාවෙන් කිලුටු කරණ ලද්දාවූ ප්‍රඥාවද නොවැඩෙයි. මහණෙනි, මෙසේ වනාහි රාගයෙහි නොඇලීමෙන් චිත්ත විමුක්තියද, (ඵල සමාධියද) අවිද්‍යා විරාගයෙන් ප්‍රඥා විමුක්තියද ඇතිවේ.”",sin,nadil,sinhala,sinhala
"“පැමිණියාවූ ධර්‍මය ඇති, බල දසයකින් යුත්, බලයන් ඉක්මවා ගිය, හැම බලයන්ගේ පවා පරතෙරට ගිය, මහ පොළොව වැනි, මහාවීරවූ එම බුදුරජතෙම මවිසින් පවරණ ලදී.",sin,nadil,sinhala,sinhala
"[92] සංයෝජන වන්නාවූ දෘෂ්ටියෙන් කිනම් අටලොස් ආකාරයකින් වරදවා ගැනීම වෙයිද? යම් වරදවාගැනීමක් මිථ්‍යාදෘෂ්ටියට බැසගැනීමක් දෘෂ්ටි වනයක් දෘෂ්ටි කාන්තාරයක්, දෘෂ්ටි කටුවක්, දෘෂ්ටි සංකල්පයක්, දෘෂ්ටි සංයෝජනයක්, දෘෂ්ටිහුලක්, දෘෂ්ටි සම්බාධයක්, දෘෂ්ටි පලිබොධයක්, දෘෂ්ටි බන්ධනයක්, දෘෂ්ටි ප්‍රපාතයක්, දෘෂ්ටි සන්තාපයක්, දෘෂ්ටි පරිලාභයක් දෘෂ්ටි ග්‍රන්ථයක් දෘෂ්ටි උපාදානයක් දෘෂ්ටියෙන් දැඩිව ගැනීමක්, සත්‍යයට විරුද්ධව ගැනීමක් වේද, සංයෝජනික දිට්ඨියෙන් මේ අටලොස් ආකාරයෙන් දැඩිකොට ගැනීමවෙයි.",sin,nadil,sinhala,sinhala
"‘‘අසංසට්ඨං ගහට්ඨෙහි, අනාගාරෙහි චූභයං; අනොකසාරිමප්පිච්ඡං, තමහං බ්‍රූමි බ්‍රාහ්මණං.",pli,nadil,pali,pali
"‘‘සෙය්‍යථාපි, බ්‍රාහ්මණ, පුරිසො සාරත්ථිකො සාරගවෙසී සාරපරියෙසනං චරමානො මහතො රුක්ඛස්ස තිට්ඨතො සාරවතො අතික්කම්මෙව සාරං අතික්කම්ම ඵෙග්ගුං අතික්කම්ම තචං අතික්කම්ම පපටිකං, සාඛාපලාසං ඡෙත්වා ආදාය පක්කමෙය්‍ය ‘සාර’න්ති මඤ්ඤමානො. තමෙනං චක්ඛුමා පුරිසො දිස්වා එවං වදෙය්‍ය - ‘න වතායං භවං පුරිසො අඤ්ඤාසි සාරං, න අඤ්ඤාසි ඵෙග්ගුං, න අඤ්ඤාසි තචං, න අඤ්ඤාසි පපටිකං, න අඤ්ඤාසි සාඛාපලාසං. තථා හයං භවං පුරිසො සාරත්ථිකො සාරගවෙසී සාරපරියෙසනං චරමානො මහතො රුක්ඛස්ස තිට්ඨතො සාරවතො අතික්කම්මෙව සාරං අතික්කම්ම ඵෙග්ගුං අතික්කම්ම තචං අතික්කම්ම පපටිකං, සාඛාපලාසං ඡෙත්වා ආදාය පක්කන්තො ‘සාර’න්ති මඤ්ඤමානො. යඤ්චස්ස සාරෙන සාරකරණීයං තඤ්චස්ස අත්ථං නානුභවිස්සතී’ති.",pli,nadil,pali,pali
"“ආර්‍ය්‍යාවෙනි, දියබිඳු ඉසින ලද්දාක් වැනිවූ හෙවත් සිසිල් බැවින් කායික අස්වැසිලි ලැබූ අපි එම අසපුවෙහි විවේකයෙහි යෙදුනේ වෙමු. (එකල්හි) නිශ්චලවූ පෘථිවිතොමෝ චලනය වූවාය. දිව්‍ය භෙරීහු වාදනය කරන ලදහ. හැඬීම්ද ඇසෙත්. ගෝතමීන් වහන්ස, ඒකාන්තයෙන් මෙය කුමක් සඳහා වූවක්ද?",sin,nadil,sinhala,sinhala
"‘‘න භවං එති පුඤ්ඤත්ථං, සිවිරාජස්ස දස්සනං; මඤ්ඤෙ භවං පත්ථයති, රඤ්ඤො භරියං පතිබ්බතං; මඤ්ඤෙ කණ්හාජිනං දාසිං, ජාලිං දාසඤ්ච ඉච්ඡසි.",pli,nadil,pali,pali
"‘‘ද්වෙමෙ, භික්ඛවෙ, සංවිභාගා. කතමෙ ද්වෙ? ආමිසසංවිභාගො ච ධම්මසංවිභාගො ච. ඉමෙ ඛො, භික්ඛවෙ, ද්වෙ සංවිභාගා. එතදග්ගං, භික්ඛවෙ, ඉමෙසං ද්වින්නං සංවිභාගානං යදිදං ධම්මසංවිභාගො’’ති.",pli,nadil,pali,pali
"‘‘යස්ස කස්සචි, ආවුසො, භික්ඛුනො ඉමෙ පාපකා අකුසලා ඉච්ඡාවචරා අප්පහීනා දිස්සන්ති චෙව සූයන්ති ච, කිඤ්චාපි සො හොති ආරඤ්ඤිකො පන්තසෙනාසනො පිණ්ඩපාතිකො සපදානචාරී පංසුකූලිකො ලූඛචීවරධරො, අථ ඛො නං සබ්‍රහ්මචාරී න චෙව සක්කරොන්ති න ගරුං කරොන්ති න මානෙන්ති න පූජෙන්ති. තං කිස්ස හෙතු? තෙ හි තස්ස ආයස්මතො පාපකා අකුසලා ඉච්ඡාවචරා අප්පහීනා දිස්සන්ති චෙව සූයන්ති ච. සෙය්‍යථාපි, ආවුසො, කංසපාති ආභතා ආපණා වා කම්මාරකුලා වා පරිසුද්ධා පරියොදාතා. තමෙනං සාමිකා අහිකුණපං වා කුක්කුරකුණපං වා මනුස්සකුණපං වා රචයිත්වා අඤ්ඤිස්සා කංසපාතියා පටිකුජ්ජිත්වා අන්තරාපණං පටිපජ්ජෙය්‍යුං. තමෙනං ජනො දිස්වා එවං වදෙය්‍ය - ‘අම්භො, කිමෙවිදං හරීයති ජඤ්ඤජඤ්ඤං වියා’ති? තමෙනං උට්ඨහිත්වා අපාපුරිත්වා (අවාපුරිත්වා (සී.)) ඔලොකෙය්‍ය. තස්ස සහදස්සනෙන අමනාපතා ච සණ්ඨහෙය්‍ය, පාටිකුල්‍යතා (පටිකූලතා (ක.), පාටිකූල්‍යතා (ස්‍යා.)) ච සණ්ඨහෙය්‍ය, ජෙගුච්ඡතා ච (ජෙගුච්ඡිතා ච (පී. ක.)) සණ්ඨහෙය්‍ය; ජිඝච්ඡිතානම්පි න භොත්තුකම්‍යතා අස්ස, පගෙව සුහිතානං. එවමෙව ඛො, ආවුසො, යස්ස කස්සචි භික්ඛුනො ඉමෙ පාපකා අකුසලා ඉච්ඡාවචරා අප්පහීනා දිස්සන්ති චෙව සූයන්ති ච, කිඤ්චාපි සො හොති ආරඤ්ඤිකො පන්තසෙනාසනො පිණ්ඩපාතිකො සපදානචාරී පංසුකූලිකො ලූඛචීවරධරො, අථ ඛො නං සබ්‍රහ්මචාරී න චෙව සක්කරොන්ති න ගරුං කරොන්ති න මානෙන්ති න පූජෙන්ති. තං කිස්ස හෙතු? තෙ හි තස්ස ආයස්මතො පාපකා අකුසලා ඉච්ඡාවචරා අප්පහීනා දිස්සන්ති චෙව සූයන්ති ච.",pli,nadil,pali,pali
සුවජ්ජෙසු භයදස්සාවි සමාදොෂ සඛති සික්ඛාසදෙසු චතුන්නං,pli,nadil,pali,sinhala
“පිපාසා ඇතිව නදිය කරා පැමිණියෙම් නම් දිය හිස්ව පවතියි. උෂ්ණකාලයෙහි සෙවනකට පැමිණියෙම් නම් අව්ව පැමිණෙයි.,sin,nadil,sinhala,sinhala
"බඹදත් රජ, ඉදින් මේ විෂ බින්දු දියට ඉසින්නේ නම් දියෙහි හටගත්තාවූ මස් කැසුප් ආදී යම් පමණ ප්‍රාණීහු වෙද්ද. ඒ සියල්ලෝ මැරෙන්නාහුයයි දැන ගණුවයි” සුදස්සනතෙම කීයේය.",sin,nadil,sinhala,sinhala
"“සක්දෙව් රජුනි, එහිද නිල්වන් නෙත් ඇති මුව දෙනක මෙන් නිල් බැම ඇති, නිල් ඇස් ඇති ඵුසති යන නමින් වන්නෙමි.",sin,nadil,sinhala,sinhala
"අනුප්පන්නාකුසල සූත්‍රය [1] “මහණෙනි, එකම ධර්මයක් වඩන ලද කල්හි බහුල වශයෙන් පුරුදු කරණ ලද කල්හි නූපන්නාවූ අකුසල ධර්මයෝද නූපදිත්, උපන්නාවූ කුසල ධර්මයෝද නැසෙත්. [2] ‘කවර නම් එකම ධර්මයෙක්ද? කායගතා සතියයි. මහණෙනි, මේ එකම ධර්මය වනාහි වැඩූ කල්හි බහුලවශයෙන් පුරුදු කළ කල්හි නූපන්නාවූ අකුශල ධර්මයෝද නූපදිත්, උපන්නාවූ අකුශල ධර්මයෝද නැසෙත්.”",sin,nadil,sinhala,sinhala
"“බ්‍රහ්මය යම්සේත් බිඳුනාවූ දිය කළය නැවත නොගැලපිය හැක්කේය. එපරිද්දෙන් යමෙක් පරලොව ගියහුට අනුව ශොක කෙරේද, මේ කාරණය මෙබඳු නිෂ්පත්ති ඇත්තේයයි” කීයේය.",sin,nadil,sinhala,sinhala
"“සුතසෝම නම් රජ, එක වරක්ම සත්පුරුෂයන් සමග සමාගමය වේද ඒ එක්වීම ඔහු ආරක්ෂා කෙරේ. අසත්පුරුෂයන් සමග බොහෝසෙයින් කරණලද සංගමයද එසේ නොකෙරේ.",sin,nadil,sinhala,sinhala
“තණ දර අතු කොළ සතර ඟුල් පමණට කැපූ කැබැලි අග මුල් නැති සසර පියවරුන්ට මඳ වෙතියි සිතව.,sin,nadil,sinhala,sinhala
"‘‘‘බහූ මෙධිගතා භොගා, ඵීතං අන්තෙපුරං මම; රාජාපි (රාජිසි (ක.)) සන්නිමන්තෙසි, ආනන්දො පථවිස්සරො.",pli,nadil,pali,pali
"කථං ඵුට්ඨත්තා පඤ්ඤා පරියොගාහණෙ ඤාණං? රූපං අනිච්චතො ඵුසති, රූපං දුක්ඛතො ඵුසති, රූපං අනත්තතො ඵුසති. යං යං ඵුසති තං තං පරියොගාහතීති - ඵුට්ඨත්තා පඤ්ඤා පරියොගාහණෙ ඤාණං. වෙදනං...පෙ.... සඤ්ඤං... සඞ්ඛාරෙ... විඤ්ඤාණං... චක්ඛුං...පෙ.... ජරාමරණං අනිච්චතො ඵුසති, දුක්ඛතො ඵුසති, අනත්තතො ඵුසති. යං යං ඵුසති තං තං පරියොගාහතීති - ඵුට්ඨත්තා පඤ්ඤා පරියොගාහණෙ ඤාණං. තං ඤාතට්ඨෙන ඤාණං, පජානනට්ඨෙන පඤ්ඤා. තෙන වුච්චති - ‘‘ඵුට්ඨත්තා පඤ්ඤා පරියොගාහණෙ ඤාණං’’.",pli,nadil,pali,pali
"‘‘පුන චපරං, ආනන්ද, භික්ඛුනො මනසා ධම්මං විඤ්ඤාය උප්පජ්ජති මනාපං, උප්පජ්ජති අමනාපං, උප්පජ්ජති මනාපාමනාපං. සො එවං පජානාති - ‘උප්පන්නං ඛො මෙ ඉදං මනාපං, උප්පන්නං අමනාපං, උප්පන්නං මනාපාමනාපං. තඤ්ච ඛො සඞ්ඛතං ඔළාරිකං පටිච්චසමුප්පන්නං. එතං සන්තං එතං පණීතං යදිදං - උපෙක්ඛා’ති. තස්ස තං උප්පන්නං මනාපං උප්පන්නං අමනාපං උප්පන්නං මනාපාමනාපං නිරුජ්ඣති; උපෙක්ඛා සණ්ඨාති. සෙය්‍යථාපි, ආනන්ද, බලවා පුරිසො දිවසංසන්තත්තෙ (දිවසසන්තෙත්තෙ (සී.)) අයොකටාහෙ ද්වෙ වා තීණි වා උදකඵුසිතානි නිපාතෙය්‍ය. දන්ධො, ආනන්ද, උදකඵුසිතානං නිපාතො, අථ ඛො නං ඛිප්පමෙව පරික්ඛයං පරියාදානං ගච්ඡෙය්‍ය; එවමෙව ඛො, ආනන්ද, යස්ස කස්සචි එවංසීඝං එවංතුවටං එවංඅප්පකසිරෙන උප්පන්නං මනාපං උප්පන්නං අමනාපං උප්පන්නං මනාපාමනාපං නිරුජ්ඣති, උපෙක්ඛා සණ්ඨාති - අයං වුච්චතානන්ද, අරියස්ස විනයෙ අනුත්තරා ඉන්ද්‍රියභාවනා මනොවිඤ්ඤෙය්‍යෙසු ධම්මෙසු. එවං ඛො, ආනන්ද, අරියස්ස විනයෙ අනුත්තරා ඉන්ද්‍රියභාවනා හොති.",pli,nadil,pali,pali
සොගතෙ පඤ්චමත්තෙහි-සාමණෙරෙහි සාධුහි,pli,nadil,pali,sinhala
සිථිලීකරණපයොජනා අනුප්පඤ්ඤත්තියා කායික වාවාසික අජ්ඣා,pli,nadil,pali,sinhala
මහාවංසො,pli,nadil,pali,sinhala
"“මම එසේ එළඹියාවූ පුරුෂෝත්තමවූ ශාස්තෲන් වහන්සේට වැඳ, පහන් සිත් ඇත්තේ, සොම්නස්වූයේ, තල මිටක් දුනිමි.",sin,nadil,sinhala,sinhala
"‘‘ආගතානි හි මන්තෙසු, මහාපුරිසලක්ඛණා; ද්වත්තිංසානි ච බ්‍යාක්ඛාතා, සමත්තා අනුපුබ්බසො.",pli,nadil,pali,pali
"“ගැඹුරු නුවණ ඇති බුදුරජුන් විසින් මැනවින් දක්වන ලද ආර්ය සත්‍යයන් යම්කෙනෙක් තමනට ප්‍රකට කෙරෙත්ද, ඔව්හු කිසිසේත් බෙහෙවින් පමාවූවෝද අටවන අත්බවක් නම් නොගනිත්. මේ කරුණින්ද ආර්ය සංඝයා රත්නයකි. මේ සත්‍ය බලයෙන් සෙත්වේවා.!",sin,nadil,sinhala,sinhala
"‘‘දෙවලොකා ඉධාගන්ත්වා, ලභාමි විපුලං සුඛං; ඉධාපි සාලච්ඡදනං, මණ්ඩපස්ස ඉදං ඵලං.",pli,nadil,pali,pali
“මහාවනයෙහි මැසි මදුරු උවදුරු ලබමින් යුද්ධ භූමියකට එළඹි හස්තියෙක් මෙන් සිහියෙන් යුක්තව එහිම විසීමි.,sin,nadil,sinhala,sinhala
"‘‘සාධු, භික්ඛවෙ. ඉති ඛො, භික්ඛවෙ, තුම්හෙපි එවං වදෙථ, අහම්පි එවං වදාමි - ඉමස්මිං අසති ඉදං න හොති, ඉමස්ස නිරොධා ඉදං නිරුජ්ඣති, යදිදං - අවිජ්ජානිරොධා සඞ්ඛාරනිරොධො, සඞ්ඛාරනිරොධා විඤ්ඤාණනිරොධො, විඤ්ඤාණනිරොධා නාමරූපනිරොධො, නාමරූපනිරොධා සළායතනනිරොධො, සළායතනනිරොධා ඵස්සනිරොධො, ඵස්සනිරොධා වෙදනානිරොධො, වෙදනානිරොධා තණ්හානිරොධො, තණ්හානිරොධා උපාදානනිරොධො, උපාදානනිරොධා භවනිරොධො, භවනිරොධා ජාතිනිරොධො, ජාතිනිරොධා ජරාමරණං සොකපරිදෙවදුක්ඛදොමනස්සුපායාසා නිරුජ්ඣන්ති. එවමෙතස්ස කෙවලස්ස දුක්ඛක්ඛන්ධස්ස නිරොධො හොති.",pli,nadil,pali,pali
"“මහණෙනි, මේ උදෙසීමක් (-කොටින් කීමක්) හේතු කොට ගෙන නුවණ ඇති පුරුෂ තෙමේ නොබෝ කලකින් නුවණින් අර්ථය (-කාරණය) දනීද, ඒ සතර පද (චතුස් සත්‍ය) ප්‍රකාශයක් ඇත්තේය. “මහණෙනි, තොපට (එය) කොටින් කියමි. එය දැනගණිව්” “ස්වාමීනි, අපි කවුරුද, ධර්මය දැන ගන්නෝ කවුරුද” (අපි ධර්මය දැනගැනීමට තරම් නොවෙමු යන අදහසයි) “මහණෙනි, යම් ඒ ශාස්තෘවරයෙක් ආමිෂය ගරු කොට ඇත්තේ, ආමිෂය දායාද කොට ඇත්තේ. ආමිෂයෙහි ඇලී වසයිද, ඔහුගේ ධර්මයෙහිද, ‘අපට මෙසේ වන්නේ නම් මෙසේ කරන්නෙමු. අපට එසේ නොවන්නේ නම් එය නොකරන්නෙමුය’යි මෙවැනි මිළ නියම කිරීමක් හා අඩුවෙන් ඉල්ලීමක් නැත. “මහණෙනි, කිමෙක්ද? තථාගතතෙම සර්වප්‍රකාරයෙන් ආමිෂයෙන් වෙන්ව වසන්නේ නොවේද? (ඒ තථාගතයන්ගේ ශාසනයෙහි එවැනි මිළ නියම කිරීමක් හෝ අඩුකර ඉල්ලීමක් කෙසේ නම් යෙදෙන්නේ?) මහණෙනි, ශාස්තෲන් වහන්සේගේ අනුශාසනයන් උසස් කොට ගෙණ ගන්නා සැදැහැවත් ශ්‍රාවකයාගේ මේ ස්වභාවය වෙයි. භාග්‍යවතුන් වහන්සේ ශාස්තෘ වෙයි. මම ශ්‍රාවක වෙමි. භාග්‍යවතුන් වහන්සේ දනී. මම නොදනිමි. “මහණෙනි, ශාස්තෲන් වහන්සේගේ අනුශාසනයන් උසස්කොට ගන්නා ශ්‍රාවකයා නිසා ශාස්තෘ ශාසනය දියුණු වේ. ඕජාවත් වේ. “මහණෙනි, ශාස්තෲන් වහන්සේගේ අනුශාසනයන් උසස් කොට ගන්නා සැදැහැවත් කුලපුත්‍රයාගේ මේ ස්වභාව වේ. ‘ඒකාන්තයෙන් ශරීරයෙහි සම, නහර, ඇට, ඉතිරිවේවා මස් ලේ වියලේවා, යම් ඒ පුරුෂ ශක්තියකින් පුරුෂ වීර්යයකින්, පුරුෂ පරාක්‍රමයකින්, යමකට පැමිණිය යුතුද, ඊට නොපැමිණ වීර්යයාගේ නැවැත්මක් නොවන්නේය. (කියායි) “මහණෙනි, ශාස්තෘ ශාසනයන් උසස් කොට ගන්නා සැදැහැවත් කුලපුත්‍රයා දෙවදෑරුම් ඵලයන් අතුරෙන් එක්තරා ඵලයක් කැමති විය යුතු. මේ අත්බැව්හි රහත් බව හෝ ස්කන්ධය ඉතිරිව ඇතිකල්හි අනාගාමි බව හෝ ය.” භාග්‍යවතුන් වහන්සේ මෙය දෙසූ සේක. සතුටු සිත් ඇති ඒ භික්ෂූහු භාග්‍යවතුන් වහන්සේගේ කීමට සතුටු වූහ.",sin,nadil,sinhala,sinhala
"යෙනෙව බාලොති පරං දහාති, තෙනාතුමානං කුසලොති චාහ; සයමත්තනා සො කුසලාවදානො, අඤ්ඤං විමානෙති තදෙව පාව. යෙනෙව බාලොති පරං දහාතීති. යෙනෙව හෙතුනා යෙන පච්චයෙන යෙන කාරණෙන යෙන පභවෙන පරං බාලතො හීනතො නිහීනතො ඔමකතො ලාමකතො ඡතුක්කතො පරිත්තතො දහති පස්සති දක්ඛති ඔලොකෙති නිජ්ඣායති උපපරික්ඛතීති - යෙනෙව බාලොති පරං දහාති. තෙනාතුමානං කුසලොති චාහාති. ආතුමානො වුච්චති අත්තා. සොපි තෙනෙව හෙතුනා තෙන පච්චයෙන තෙන කාරණෙන තෙන පභවෙන අත්තානං අහමස්මි කුසලො පණ්ඩිතො පඤ්ඤවා බුද්ධිමා ඤාණී විභාවී මෙධාවීති - තෙනාතුමානං කුසලොති චාහ. සයමත්තනා සො කුසලාවදානොති. සයමෙව අත්තානං කුසලවාදො පණ්ඩිතවාදො ථිරවාදො ඤායවාදො හෙතුවාදො ලක්ඛණවාදො කාරණවාදො ඨානවාදො සකාය ලද්ධියාති - සයමත්තනා සො කුසලාවදානො. අඤ්ඤං විමානෙති තදෙව පාවාති. න සම්මානෙතීතිපි අඤ්ඤං විමානෙති. අථ වා දොමනස්සං ජනෙතීතිපි අඤ්ඤං විමානෙති. තදෙව පාවාති තදෙව තං දිට්ඨිගතං පාවදති ‘‘ඉතිපායං පුග්ගලො මිච්ඡාදිට්ඨිකො විපරීතදස්සනො’’ති - අඤ්ඤං විමානෙති තදෙව පාවද. තෙනාහ භගවා - ‘‘යෙනෙව බාලොති පරං දහාති, තෙනාතුමානං කුසලොති චාහ; සයමත්තනා සො කුසලාවදානො, අඤ්ඤං විමානෙති තදෙව පාවා’’ති.",pli,nadil,pali,pali
“මින් සත්සියවෙනි කපෙහි සත් රුවනින් යුත් මහත් බල ඇති සන්නිබ්බාබපක නම් සක්විති රජෙක් විය.,sin,nadil,sinhala,sinhala
“එසමයෙහි ලෝකනායකවූ භාග්‍යවතුන් වහන්සේ භික්‍ෂු සංඝයා විසින් පිරවරන ලදුයේ මහත්වූ ආනුභාවයෙන් (මාර්‍ගයෙහි) වඩිති.,sin,nadil,sinhala,sinhala
"‘‘භූතානි මෙ භූතපතී නමස්සතො, ආගම්ම යක්ඛො ඉදමෙතදබ්‍රවි; රඤ්ඤො මනො උම්මදන්ත්‍යා නිවිට්ඨො, දදාමි තෙ තං පරිචාරයස්සු’’.",pli,nadil,pali,pali
"“විමලාවෙනි, නුඹ චන්ද්‍රයා වනාහි දොළ වශයෙන් කැමති වන්නෙහිය. සූර්‍ය්‍යයා හෝ තවද සුළඟ හෝ කැමැති වන්නෙහිය. විධුර පණ්ඩිතයාගේ දර්ශනය පවා දුර්ලභ කල්හි කවරෙක් නම් විධුර පණ්ඩිතයා මෙහි ගෙණන්නේදැයි” නා රජතෙම ඇසීය.",sin,nadil,sinhala,sinhala
"දවසක් මං සුවිසි මහ ගුණය කියන පොත කියව කියව ඉන්න කොට මේ මිනිහා මා ළඟට ඇවිදින් ඇහුවා ""මහත්තයෝ මොකක් ද ඔය කියවන පොත කියලා",sin,nadil,sinhala,sinhala
ච පාලිච පරිපුච්ඡව වදන්ති තථාඤාතුංවට්ටති :-,pli,nadil,pali,pali
"‘‘කිං ත්වං පුරෙ කම්මමකාසි අත්තනා, මනුස්සභූතා පුරිමාය ජාතියා; දානං සුචිණ්ණං අථ සීලසඤ්ඤමං, කෙනුපපන්නා සුගතිං යසස්සිනී; දෙවතෙ පුච්ඡිතාචික්ඛ, කිස්ස කම්මස්සිදං ඵල’’න්ති.",pli,nadil,pali,pali
"‘‘එකතිංසෙ ඉතො කප්පෙ, යං පුප්ඵමභිරොපයිං; දුග්ගතිං නාභිජානාමි, චිතපූජායිදං ඵලං.",pli,nadil,pali,pali
“අඥානයෝද වනාහි මොහොතක් කල් කළ සංගමය හෝ බොහෝකල් කළ මිත්‍ර සන්ථවයන් හෝ පෙර කළ ගුණය හෝ නසත්. ප්‍රාඥයා කෙරෙහි මනාකෙට කරණලද ස්වල්පවූද ගුණධර්මය නොනැසේ. ඒ එසේමය. ප්‍රාඥයෝ මනා කළගුණ දන්නා ස්වභාව ඇත්තෝ වෙත්.,sin,nadil,sinhala,sinhala
"[1] මා විසින් මෙසේ අසන ලදී. එක් සමයෙක භාග්‍යවතුන් වහන්සේ කොසොල් රට සාලා නම් බ්‍රාහ්මණ ගමෙහි වාසය කරන සේක. එකල්හි වනාහි භාග්‍යවතුන් වහන්සේ භික්ෂූන්ට ආමන්ත්‍රණය කොට මෙසේ වදාළහ. “මහණෙනි, අලුත පැවිදිවූ අලුත මේ ශාසනයට ඇතුළත්වූ යම් ඒ නවක භික්ෂූහු වෙත්ද, මහණෙනි, තෙපි ඔවුන් සතර සතිපට්ඨානයන් වඩනු පිණිස සමාදන් කරවිය යුතුය. එහි ඇතුළත් කරවිය යුතුය. පිහිටුවිය යුතුය. [2] “කවර සතරක්ද යත්? ඇවැත්නි, තෙපි එව්, කෙලෙස් තවන වීර්‍ය්‍යයෙන් යුක්තව නුවණින් යුක්තව සිතේ එකඟකමින් යුක්තව පැහැදුණු සිත් ඇතිව සමාහිතව එකඟ සිත් ඇතිව ඇති සැටියෙන් කය අවබෝධ කරනු පිණිස කයෙහි කය නැවත නැවත බලමින් වාසය කරව්. “කෙලෙස් තවන වීර්‍ය්‍යයෙන් යුක්තව නුවණින් යුක්තව සිතේ එකඟකමින් යුක්තව පැහැදුනු සිත් ඇතිව සමාහිතව එකඟ සිත් ඇතිව වේදනාවන් ඇති සැටියෙන් අවබෝධ කරනු පිණිස වේදනාවන්හි වේදනා නැවත නැවත බලමින් වාසය කරව්. “කෙලෙස් තවන වීර්‍ය්‍යයෙන් යුක්තව නුවණින් යුක්තව සිතේ එකඟකමින් යුක්තව පැහැදුණු සිත් ඇතිව සමාහිතව එකඟ සිත් ඇතිව චිත්තයන් ඇති සැටියෙන් අවබෝධ කරනු පිණිස චිත්තයන්හි චිත්තයන් නැවත නැවත බලමින් වාසය කරව්. “කෙලෙස් තවන වීර්‍ය්‍යයෙන් යුක්තව නුවණින් යුක්තව සිතේ එකඟකමින් යුක්තව පැහැදුනු සිත් ඇතිව සමාහිතව එකඟ සිත් ඇතිව ධර්මයන් ඇති සැටියෙන් අවබෝධ කරනු පිණිස ධර්මයන්හි ධර්මය නැවත නැවත බලමින් වාසය කරව්. [3] “මහණෙනි, රහත් බවට නොපැමිණියාවූ නිරුත්තර නිර්වාණය බලාපොරොත්තු වන්නාවූ යම් ඒ ශෛක්ෂ භික්ෂූහු වෙත්ද ඔව්හුද වීර්‍ය්‍යයෙන් යුක්තව නුවණින් යුක්තව සිතේ එකඟකමින් යුක්තව පැහැදුනු සිත් ඇතිව සමාහිතව එකඟ සිත් ඇතිව කය පිරිසිඳ දැනගැනීම පිණිස කයෙහි කය නැවත නැවත බලමින් වාසය කරත්. “වීර්‍ය්‍යයෙන් යුක්තව නුවණින් යුක්තව සිතේ එකඟකමින් යුක්තව පැහැදුනු සිත් ඇතිව සමාහිතව එකඟ සිත් ඇතිව වේදනාව පිරිසිඳ දැනගැනීම පිණිස වේදනාවන්හි වේදනාවන් නැවත නැවත බලමින් වාසය කරත්. “වීර්‍ය්‍යයෙන් යුක්තව නුවණින් යුක්තව සිතේ එකඟකමින් යුක්තව පැහැදුනු සිත් ඇතිව සමාහිතව එකඟ සිත් ඇතිව චිත්තයන් පිරිසිඳ දැනීම සඳහා චිත්තයන්හි චිත්තයන් නැවත නැවත බලමින් වාසය කරත්. “වීර්‍ය්‍යයෙන් යුක්තව නුවණින් යුක්තව සිතේ එකඟකමින් යුක්තව පැහැදුනු සිත් ඇතිව සමාහිතව එකඟ සිත් ඇතිව ධර්මයන් පිරිසිඳ දැනීම පිණිස ධර්මයන්හි ධර්මයන් නැවත නැවත බලමින් වාසය කරත්. [4] “මහණෙනි, ආශ්‍රවයන් ක්ෂය කළාවූ වැස නිමවන ලද බ්‍රහ්මචර්යා ඇත්තාවූ අවසාන කළ කටයුතු ඇත්තාවූ බහා තැබූ ස්කන්ධ බර ඇත්තාවූ තමාගේ අර්ථයට පැමිණියාවූ ක්ෂය කළ භව බැඳුම් ඇත්තාවූ මනාව දැනගත්තාවූ කෙලෙසුන් කෙරෙන් මිදුණාවූ රහත් භික්ෂූහු වෙත්ද, ඔව්හුද වීර්‍ය්‍යයෙන් යුක්තව නුවණින් යුක්තව සිතේ එකඟකමින් යුක්තව පැහැදුනු සිත් ඇතිව සමාහිතව එකඟ සිත් ඇතිව කය හා බැඳීමෙන් වෙන්ව කයෙහි කය නැවත නැවත බලමින් වාසය කරත්. “වීර්‍ය්‍යයෙන් යුක්තව නුවණින් යුක්තව සිතේ එකඟකමින් යුක්තව පැහැදුනු සිත් ඇතිව සමාහිතව එකඟ සිත් ඇතිව වේදනාවන්හි බැඳීමෙන් වෙන්ව වේදනාවන්හි වේදනාවන් නැවත නැවත බලමින් වාසය කරත්. “වීර්‍ය්‍යයෙන් යුක්තව නුවණින් යුක්තව සිතේ එකඟකමින් යුක්තව පැහැදුනු සිත් ඇතිව සමාහිතව එකඟ සිත් ඇතිව චිත්තයන්හි බැඳීමෙන් වෙන්ව චිත්තයන්හි චිත්තයන් නැවත නැවත බලමින් වාසය කරත්. “වීර්‍ය්‍යයෙන් යුක්තව නුවණින් යුක්තව සිතේ එකඟකමින් යුක්තව පැහැදුනු සිත් ඇතිව සමාහිතව එකඟ සිත් ඇතිව ධර්මයන්හි බැඳීමෙන් වෙන්ව ධර්මයන්හි ධර්මයන් නැවත නැවත බලමින් වාසය කරත්. [5] “මහණෙනි, අලුත පැවිදිවූ අලුත මේ ශාසනයට ඇතුළත්වූ යම් ඒ නවක භික්ෂූහු වෙත්ද, මහණෙනි, තෙපි ඔවුන් මේ සතර සතිපට්ඨානයන් වැඩීම පිණිස සමාදන් කර විය යුතුය. එහි ඇතුළත් කරවිය යුතුය. පිහිටුවිය යුතුය”",sin,nadil,sinhala,sinhala
"‘‘එවං වුත්තෙ (අථ ඛො (ක.)), භික්ඛවෙ, විපස්සී භගවා අරහං සම්මාසම්බුද්ධො තං මහාබ්‍රහ්මානං එතදවොච - ‘මය්හම්පි ඛො, බ්‍රහ්මෙ, එතදහොසි - ‘‘යංනූනාහං ධම්මං දෙසෙය්‍ය’’න්ති. තස්ස මය්හං, බ්‍රහ්මෙ, එතදහොසි - ‘‘අධිගතො ඛො ම්‍යායං ධම්මො ගම්භීරො දුද්දසො දුරනුබොධො සන්තො පණීතො අතක්කාවචරො නිපුණො පණ්ඩිතවෙදනීයො. ආලයරාමා ඛො පනායං පජා ආලයරතා ආලයසම්මුදිතා. ආලයරාමාය ඛො පන පජාය ආලයරතාය ආලයසම්මුදිතාය දුද්දසං ඉදං ඨානං යදිදං ඉදප්පච්චයතාපටිච්චසමුප්පාදො. ඉදම්පි ඛො ඨානං දුද්දසං යදිදං සබ්බසඞ්ඛාරසමථො සබ්බූපධිපටිනිස්සග්ගො තණ්හාක්ඛයො විරාගො නිරොධො නිබ්බානං. අහඤ්චෙව ඛො පන ධම්මං දෙසෙය්‍යං, පරෙ ච මෙ න ආජානෙය්‍යුං; සො මමස්ස කිලමථො, සා මමස්ස විහෙසා’’ති. අපිස්සු මං, බ්‍රහ්මෙ , ඉමා අනච්ඡරියා ගාථායො පටිභංසු පුබ්බෙ අස්සුතපුබ්බා - ‘‘කිච්ඡෙන මෙ අධිගතං, හලං දානි පකාසිතුං; රාගදොසපරෙතෙහි, නායං ධම්මො සුසම්බුධො. ‘‘පටිසොතගාමිං නිපුණං, ගම්භීරං දුද්දසං අණුං; රාගරත්තා න දක්ඛන්ති, තමොඛන්ධෙන ආවුටා’’ති. ‘ඉතිහ මෙ, බ්‍රහ්මෙ, පටිසඤ්චික්ඛතො අප්පොස්සුක්කතාය චිත්තං නමි, නො ධම්මදෙසනායා’ති.",pli,nadil,pali,pali
"‘‘කුසලං පටිනන්දාමි, භූරිදත්ත වචො තව; පබ්බජිස්සාමි ජිණ්ණොස්මි, න කාමෙ අභිපත්ථයෙ’’.",pli,nadil,pali,pali
"“ඒ නරකයෙහි මේඝය තෙම අඩයටිය, ඊතලය, තෝමරය, භෙණ්ඩිවාලය යන නොයෙක් ආයුධ වලින් යුක්තව වසියි. ගිනි සිළු වලින් යුත් අඟුරු මෙන් ආයුධ වැටෙත්. රෞද්‍ර කර්ම ඇත්තහු කෙරෙහි හෙන මෙන් ගල්වැසි වසියි.",sin,nadil,sinhala,sinhala
"“ඛෙමා තොමෝද, උත්පලවර්‍ණා තොමෝද අග්‍රශ්‍රාවිකාවෝ වන්නාහුය. චිත්ත තෙමේද, ආලවක තෙමේද අග්‍රොපාසකයෝ වන්නාහුය.",sin,nadil,sinhala,sinhala
"නිරාමිස සුඛ සූත්‍රය. “මහණෙනි, මේ සැපයෝ දෙදෙනක් වෙත්. කවර දෙදෙනෙක්ද යත්, “කාමාදී ආශ්‍රව සහිත සැපයද, කාම රහිත (නික්ලේශීවූ) නිවන් සැපයද (යන දෙදෙන) වෙත්. “මහණෙනි, මොහු දෙදෙන වනාහි සැපයෝ වෙත්. “මහණෙනි, මේ සැපයන් දෙදෙනා අතුරෙන් යම් මේ නිරාමිස සැපයක් වේද, මේ සැපය අග්‍රයි.”",sin,nadil,sinhala,sinhala
"දස දිසා පභාසෙත්වා, සතරංසීව ඡප්පභා; සබ්බං තමන්තරහිස්සන්ති, නනු රිත්තා සබ්බසඞ්ඛාරාති.",pli,nadil,pali,pali
"“පින්වත්හට ඉදින් මේ සම්‍යක් සම්බුද්ධයන්වහන්සේගේ ශාසනය කැමතිවේද, අපිද ශ්‍රේෂ්ඨ ඤාණවන්තයා සමීපයෙහි පැවිදිවන්නෙමු.",sin,nadil,sinhala,sinhala
"‘‘නත්ථිත්ථීනං පියො නාම, අප්පියොපි න විජ්ජති; සෙවන්ති හෙතා පියමප්පියඤ්ච, නාවා යථා ඔරකූලං පරඤ්ච.",pli,nadil,pali,pali
"එවං මෙ සුතං - එකං සමයං ආයස්මා මහාකච්චානො අවන්තීසු විහරති කුරරඝරෙ (කුලඝරෙ (ක.)) පපාතෙ පබ්බතෙ. අථ ඛො හාලිද්දිකානි (හාලිද්දකානි (සී.), හලිද්දිකානි (ස්‍යා.)) ගහපති යෙනායස්මා මහාකච්චානො තෙනුපසඞ්කමි; උපසඞ්කමිත්වා ආයස්මන්තං මහාකච්චානං අභිවාදෙත්වා එකමන්තං නිසීදි. එකමන්තං නිසින්නො ඛො හාලිද්දිකානි ගහපති ආයස්මන්තං මහාකච්චානං එතදවොච - ‘‘වුත්තමිදං, භන්තෙ, භගවතා අට්ඨකවග්ගියෙ මාගණ්ඩියපඤ්හෙ - ‘‘ඔකං පහාය අනිකෙතසාරී, ගාමෙ අකුබ්බං (අක්‍රුබ්බං (ක.)) මුනි සන්ථවානි (සන්ධවානි (ක.)); කාමෙහි රිත්තො අපුරක්ඛරානො (අපුරෙක්ඛරානො (සී. සුත්තනිපාතෙපි) මොග්ගල්ලානෙ 5-135 සුත්තම්පි ඔලොකෙතබ්බං), කථං න විග්ගය්හ ජනෙන කයිරා’’ති. ‘‘ඉමස්ස නු ඛො, භන්තෙ, භගවතා සංඛිත්තෙන භාසිතස්ස කථං විත්ථාරෙන අත්ථො දට්ඨබ්බො’’ති? ‘‘රූපධාතු ඛො, ගහපති, විඤ්ඤාණස්ස ඔකො. රූපධාතුරාගවිනිබන්ධඤ්ච (... විනිබද්ධඤ්ජ (පී. සී. අට්ඨ.)) පන විඤ්ඤාණං ‘ඔකසාරී’ති වුච්චති. වෙදනාධාතු ඛො, ගහපති, විඤ්ඤාණස්ස ඔකො. වෙදනාධාතුරාගවිනිබන්ධඤ්ච පන විඤ්ඤාණං ‘ඔකසාරී’ති වුච්චති. සඤ්ඤාධාතු ඛො, ගහපති, විඤ්ඤාණස්ස ඔකො. සඤ්ඤාධාතුරාගවිනිබන්ධඤ්ච පන විඤ්ඤාණං ‘ඔකසාරී’ති වුච්චති. සඞ්ඛාරධාතු ඛො, ගහපති, විඤ්ඤාණස්ස ඔකො. සඞ්ඛාරධාතුරාගවිනිබන්ධඤ්ච පන විඤ්ඤාණං ‘ඔකසාරී’ති වුච්චති. එවං ඛො, ගහපති, ඔකසාරී හොති. ‘‘කථඤ්ච, ගහපති, අනොකසාරී හොති? රූපධාතුයා ඛො, ගහපති, යො ඡන්දො යො රාගො යා නන්දී (නන්දි (සී. ස්‍යා. කං. පී.)) යා තණ්හා යෙ උපයුපාදානා (උපායුපාදානා (සී. ස්‍යා. කං. පී.)) චෙතසො අධිට්ඨානාභිනිවෙසානුසයා තෙ තථාගතස්ස පහීනා උච්ඡින්නමූලා තාලාවත්ථුකතා අනභාවංකතා (අනභාවකතා (සී. පී.), අනභාවංගතා (ස්‍යා. කං.)) ආයතිං අනුප්පාදධම්මා. තස්මා තථාගතො ‘අනොකසාරී’ති වුච්චති. වෙදනාධාතුයා ඛො, ගහපති... සඤ්ඤාධාතුයා ඛො, ගහපති... සඞ්ඛාරධාතුයා ඛො, ගහපති... විඤ්ඤාණධාතුයා ඛො, ගහපති, යො ඡන්දො යො රාගො යා නන්දී යා තණ්හා යෙ උපයුපාදානා චෙතසො අධිට්ඨානාභිනිවෙසානුසයා තෙ තථාගතස්ස පහීනා උච්ඡින්නමූලා තාලාවත්ථුකතා අනභාවංකතා ආයතිං අනුප්පාදධම්මා. තස්මා තථාගතො ‘අනොකසාරී’ති වුච්චති. එවං ඛො, ගහපති, අනොකසාරී හොති. ‘‘කථඤ්ච, ගහපති, නිකෙතසාරී හොති? රූපනිමිත්තනිකෙතවිසාරවිනිබන්ධා ඛො, ගහපති, ‘නිකෙතසාරී’ති වුච්චති. සද්දනිමිත්ත...පෙ.... ගන්ධනිමිත්ත... රසනිමිත්ත... ඵොට්ඨබ්බනිමිත්ත... ධම්මනිමිත්තනිකෙතවිසාරවිනිබන්ධා ඛො, ගහපති, ‘නිකෙතසාරී’ති වුච්චති. එවං ඛො, ගහපති, නිකෙතසාරී හොති. ‘‘කථඤ්ච, ගහපති, අනිකෙතසාරී හොති? රූපනිමිත්තනිකෙතවිසාරවිනිබන්ධා ඛො, ගහපති, තථාගතස්ස පහීනා උච්ඡින්නමූලා තාලාවත්ථුකතා අනභාවංකතා ආයතිං අනුප්පාදධම්මා. තස්මා තථාගතො ‘අනිකෙතසාරී’ති වුච්චති. සද්දනිමිත්ත... ගන්ධනිමිත්ත... රසනිමිත්ත... ඵොට්ඨබ්බනිමිත්ත... ධම්මනිමිත්තනිකෙතවිසාරවිනිබන්ධා ඛො, ගහපති, තථාගතස්ස පහීනා උච්ඡින්නමූලා තාලාවත්ථුකතා අනභාවංකතා ආයතිං අනුප්පාදධම්මා. තස්මා තථාගතො ‘අනිකෙතසාරී’ති වුච්චති. එවං ඛො, ගහපති, අනිකෙතසාරී හොති. ‘‘කථඤ්ච, ගහපති, ගාමෙ සන්ථවජාතො (සන්ධවජාතො (ක.)) හොති? ඉධ, ගහපති, එකච්චො ගිහීහි (ගිහි (ක.)) සංසට්ඨො විහරති සහනන්දී සහසොකී, සුඛිතෙසු සුඛිතො, දුක්ඛිතෙසු දුක්ඛිතො, උප්පන්නෙසු කිච්චකරණීයෙසු අත්තනා තෙසු යොගං ආපජ්ජති. එවං ඛො, ගහපති, ගාමෙ සන්ථවජාතො හොති. ‘‘කථඤ්ච, ගහපති, ගාමෙ න සන්ථවජාතො හොති? ඉධ, ගහපති, භික්ඛු ගිහීහි (ගිහි (ක.)) අසංසට්ඨො විහරති න සහනන්දී න සහසොකී න සුඛිතෙසු සුඛිතො න දුක්ඛිතෙසු දුක්ඛිතො, උප්පන්නෙසු කිච්චකරණීයෙසු න අත්තනා තෙසු යොගං ආපජ්ජති. එවං ඛො, ගහපති, ගාමෙ න සන්ථවජාතො හොති. ‘‘කථඤ්ච, ගහපති, කාමෙහි අරිත්තො හොති? ඉධ, ගහපති, එකච්චො කාමෙසු අවිගතරාගො හොති අවිගතඡන්දො අවිගතපෙමො අවිගතපිපාසො අවිගතපරිළාහො අවිගතතණ්හො. එවං ඛො, ගහපති, කාමෙහි අරිත්තො හොති. ‘‘කථඤ්ච, ගහපති, කාමෙහි රිත්තො හොති? ඉධ, ගහපති, එකච්චො කාමෙසු විගතරාගො හොති විගතඡන්දො විගතපෙමො විගතපිපාසො විගතපරිළාහො විගතතණ්හො . එවං ඛො, ගහපති, කාමෙහි රිත්තො හොති. ‘‘කථඤ්ච, ගහපති, පුරක්ඛරානො හොති? ඉධ, ගහපති, එකච්චස්ස එවං හොති - ‘එවංරූපො සියං අනාගතමද්ධානං, එවංවෙදනො සියං අනාගතමද්ධානං, එවංසඤ්ඤො සියං අනාගතමද්ධානං, එවංසඞ්ඛාරො සියං අනාගතමද්ධානං, එවංවිඤ්ඤාණො සියං අනාගතමද්ධාන’න්ති. එවං ඛො, ගහපති, පුරක්ඛරානො හොති. ‘‘කථඤ්ච, ගහපති, අපුරක්ඛරානො හොති? ඉධ, ගහපති, එකච්චස්ස න එවං හොති - ‘එවංරූපො සියං අනාගතමද්ධානං, එවංවෙදනො සියං අනාගතමද්ධානං, එවංසඤ්ඤො සියං අනාගතමද්ධානං, එවංසඞ්ඛාරො සියං අනාගතමද්ධානං, එවංවිඤ්ඤාණො සියං අනාගතමද්ධාන’න්ති. එවං ඛො, ගහපති, අපුරක්ඛරානො හොති. ‘‘කථඤ්ච , ගහපති, කථං විග්ගය්හ ජනෙන කත්තා හොති? ඉධ, ගහපති, එකච්චො එවරූපිං කථං කත්තා හොති - ‘න ත්වං ඉමං ධම්මවිනයං ආජානාසි; අහං ඉමං ධම්මවිනයං ආජානාමි. කිං ත්වං ඉමං ධම්මවිනයං ආජානිස්සසි? මිච්ඡාපටිපන්නො ත්වමසි; අහමස්මි සම්මාපටිපන්නො. පුරෙ වචනීයං පච්ඡා අවච; පච්ඡා වචනීයං පුරෙ අවච. සහිතං මෙ, අසහිතං තෙ. අධිචිණ්ණං තෙ විපරාවත්තං. ආරොපිතො තෙ වාදො; චර වාදප්පමොක්ඛාය. නිග්ගහිතොසි; නිබ්බෙඨෙහි වා සචෙ පහොසී’ති. එවං ඛො, ගහපති, කථං විග්ගය්හ ජනෙන කත්තා හොති. ‘‘කථඤ්ච , ගහපති, කථං න විග්ගය්හ ජනෙන කත්තා හොති? ඉධ, ගහපති, භික්ඛු න එවරූපිං කථං කත්තා හොති - ‘න ත්වං ඉමං ධම්මවිනයං ආජානාසි...පෙ.... නිබ්බෙඨෙහි වා සචෙ පහොසී’ති. එවං ඛො, ගහපති, කථං න විග්ගය්හ ජනෙන කත්තා හොති. ‘‘ඉති ඛො, ගහපති, යං තං වුත්තං භගවතා අට්ඨකවග්ගියෙ මාගණ්ඩියපඤ්හෙ - ‘‘ඔකං පහාය අනිකෙතසාරී, ගාමෙ අකුබ්බං මුනිසන්ථවානි; කාමෙහි රිත්තො අපුරක්ඛරානො, කථං න විග්ගය්හ ජනෙන කයිරා’’ති. ‘‘ඉමස්ස ඛො, ගහපති, භගවතා සංඛිත්තෙන භාසිතස්ස එවං විත්ථාරෙන අත්ථො දට්ඨබ්බො’’ති. තතියං.",pli,nadil,pali,pali
"“නැවත ඔබ කිනම් කරුණක් නිසා කිනම් හේතුවක් උඩ මහවනයට පැමිණියෙහිද, විචාරණ ලද මට එය කියනු මැනව.”",sin,nadil,sinhala,sinhala
"‘‘තස්ස ධම්මෙසු දායාදො, ඔරසො ධම්මනිම්මිතො; උපාලි නාම නාමෙන, හෙස්සති සත්ථු සාවකො.",pli,nadil,pali,pali
"‘‘පඤ්චිමෙ, භික්ඛවෙ, ආදීනවා අපාසාදිකෙ. කතමෙ පඤ්ච? අප්පසන්නා නප්පසීදන්ති, පසන්නානඤ්ච එකච්චානං අඤ්ඤථත්තං හොති, සත්ථුසාසනං අකතං (න කතං (ස්‍යා. කං. ක.)) හොති, පච්ඡිමා ජනතා දිට්ඨානුගතිං ආපජ්ජති, චිත්තමස්ස නප්පසීදති. ඉමෙ ඛො, භික්ඛවෙ, පඤ්ච ආදීනවා අපාසාදිකෙ. ‘‘පඤ්චිමෙ, භික්ඛවෙ, ආනිසංසා පාසාදිකෙ. කතමෙ පඤ්ච? අප්පසන්නා පසීදන්ති, පසන්නානඤ්ච භිය්‍යොභාවො හොති, සත්ථුසාසනං කතං හොති, පච්ඡිමා ජනතා දිට්ඨානුගතිං ආපජ්ජති, චිත්තමස්ස පසීදති. ඉමෙ ඛො, භික්ඛවෙ, පඤ්ච ආනිසංසා පාසාදිකෙ’’ති. අට්ඨමං.",pli,nadil,pali,pali
“නැවත සුදුසු කාලය එළඹ බුදුරජතෙම මා සමීපයට වැඩි සේක. (එසේ) පැමිණි කල්හිදු මේ මහාමුනිවූ බුදුරජතෙමේයයි නොදනිමි.,sin,nadil,sinhala,sinhala
"අථ ඛො අනාථපිණ්ඩිකො ගහපති යෙන භගවා තෙනුපසඞ්කමි ; උපසඞ්කමිත්වා භගවන්තං අභිවාදෙත්වා එකමන්තං නිසීදි. එකමන්තං නිසින්නො ඛො අනාථපිණ්ඩිකො ගහපති භගවන්තං එතදවොච - ‘‘කති නු ඛො, භන්තෙ, ලොකෙ දක්ඛිණෙය්‍යා, කත්ථ ච දානං දාතබ්බ’’න්ති? ‘‘ද්වෙ ඛො, ගහපති, ලොකෙ දක්ඛිණෙය්‍යා - සෙඛො ච අසෙඛො ච. ඉමෙ ඛො, ගහපති, ද්වෙ ලොකෙ දක්ඛිණෙය්‍යා, එත්ථ ච දානං දාතබ්බ’’න්ති. ඉදමවොච භගවා. ඉදං වත්වාන (වත්වා (සී. පී.) එවමීදිසෙසු ඨානෙසු) සුගතො අථාපරං එතදවොච සත්ථා - ‘‘සෙඛො අසෙඛො ච ඉමස්මිං ලොකෙ, ආහුනෙය්‍යා යජමානානං හොන්ති; තෙ උජ්ජුභූතා (උජුභූතා (ස්‍යා. කං. ක.)) කායෙන, වාචාය උද චෙතසා; ඛෙත්තං තං යජමානානං, එත්ථ දින්නං මහප්ඵල’’න්ති.",pli,nadil,pali,pali
"“ජරාවට ගියාවූ පුරුෂයාද ගවයන් හා අසුන්ද පෙරපරිද්දෙන් කටයුතුවල නොයොදව. ශරීර ශක්තියෙන් යුක්තවූ යමෙක් පළමු උපකාර කෙළේද, පසුවද ඔහුට බත් වැටුප් දෙවයි මෙසේ” අවවාද කෙළේය.",sin,nadil,sinhala,sinhala
"“ලෝකයෙහි මාගේ යම් විකුර්‍වණ ඎද්‍ධියක් වීද, එය කවර පුදුමයක්ද, පෙර නොවූ, ලොමු දැහැගන්නා අනික් බොහෝ පුදුමයෝ (ඇත්තාහ.)",sin,nadil,sinhala,sinhala
"‘‘තස්ස මය්හං, භාරද්වාජ, එතදහොසි - ‘යෙ ඛො කෙචි අතීතමද්ධානං සමණා වා බ්‍රාහ්මණා වා ඔපක්කමිකා දුක්ඛා තිබ්බා ඛරා කටුකා වෙදනා වෙදයිංසු , එතාවපරමං, නයිතො භිය්‍යො; යෙපි හි කෙචි අනාගතමද්ධානං සමණා වා බ්‍රාහ්මණා වා ඔපක්කමිකා දුක්ඛා තිබ්බා ඛරා කටුකා වෙදනා වෙදයිස්සන්ති, එතාවපරමං, නයිතො භිය්‍යො; යෙපි හි කෙචි එතරහි සමණා වා බ්‍රාහ්මණා වා ඔපක්කමිකා දුක්ඛා තිබ්බා ඛරා කටුකා වෙදනා වෙදයන්ති, එතාවපරමං, නයිතො භිය්‍යො. න ඛො පනාහං ඉමාය කටුකාය දුක්කරකාරිකාය අධිගච්ඡාමි උත්තරි මනුස්සධම්මා අලමරියඤාණදස්සනවිසෙසං. සියා නු ඛො අඤ්ඤො මග්ගො බොධායා’ති ? තස්ස මය්හං භාරද්වාජ, එතදහොසි - ‘අභිජානාමි ඛො පනාහං පිතු සක්කස්ස කම්මන්තෙ සීතාය ජම්බුච්ඡායාය නිසින්නො විවිච්චෙව කාමෙහි විවිච්ච අකුසලෙහි ධම්මෙහි සවිතක්කං සවිචාරං විවෙකජං පීතිසුඛං පඨමං ඣානං උපසම්පජ්ජ විහරිතා. සියා නු ඛො එසො මග්ගො බොධායා’ති? තස්ස මය්හං, භාරද්වාජ, සතානුසාරි විඤ්ඤාණං අහොසි - ‘එසෙව මග්ගො බොධායා’ති. තස්ස මය්හං, භාරද්වාජ, එතදහොසි - ‘කිං නු ඛො අහං තස්ස සුඛස්ස භායාමි යං තං සුඛං අඤ්ඤත්‍රෙව කාමෙහි අඤ්ඤත්‍ර අකුසලෙහි ධම්මෙහී’ති? තස්ස මය්හං, භාරද්වාජ, එතදහොසි - ‘න ඛො අහං තස්ස සුඛස්ස භායාමි යං තං සුඛං අඤ්ඤත්‍රෙව කාමෙහි අඤ්ඤත්‍ර අකුසලෙහි ධම්මෙහී’ති.",pli,nadil,pali,pali
"‘‘අහං ඛො පන, මාගණ්ඩිය, පුබ්බෙ අගාරියභූතො සමානො පඤ්චහි කාමගුණෙහි සමප්පිතො සමඞ්ගීභූතො පරිචාරෙසිං චක්ඛුවිඤ්ඤෙය්‍යෙහි රූපෙහි ඉට්ඨෙහි කන්තෙහි මනාපෙහි පියරූපෙහි කාමූපසංහිතෙහි රජනීයෙහි, සොතවිඤ්ඤෙය්‍යෙහි සද්දෙහි...පෙ.... ඝානවිඤ්ඤෙය්‍යෙහි ගන්ධෙහි... ජිව්හාවිඤ්ඤෙය්‍යෙහි රසෙහි... කායවිඤ්ඤෙය්‍යෙහි ඵොට්ඨබ්බෙහි ඉට්ඨෙහි කන්තෙහි මනාපෙහි පියරූපෙහි කාමූපසංහිතෙහි රජනීයෙහි. තස්ස මය්හං, මාගණ්ඩිය, තයො පාසාදා අහෙසුං - එකො වස්සිකො, එකො හෙමන්තිකො, එකො ගිම්හිකො. සො ඛො අහං, මාගණ්ඩිය, වස්සිකෙ පාසාදෙ වස්සිකෙ චත්තාරො (වස්සිකෙ පාසාදෙ චත්තාරො (ස්‍යා. කං.)) මාසෙ නිප්පුරිසෙහි තූරියෙහි (තුරියෙහි (සී. ස්‍යා. කං. පී.)) පරිචාරයමානො (පරිචාරියමානො (සබ්බත්ථ)) න හෙට්ඨාපාසාදං ඔරොහාමි. සො අපරෙන සමයෙන කාමානංයෙව සමුදයඤ්ච අත්ථඞ්ගමඤ්ච අස්සාදඤ්ච ආදීනවඤ්ච නිස්සරණඤ්ච යථාභූතං විදිත්වා කාමතණ්හං පහාය කාමපරිළාහං පටිවිනොදෙත්වා විගතපිපාසො අජ්ඣත්තං වූපසන්තචිත්තො විහරාමි. සො අඤ්ඤෙ සත්තෙ පස්සාමි කාමෙසු අවීතරාගෙ කාමතණ්හාහි ඛජ්ජමානෙ කාමපරිළාහෙන පරිඩය්හමානෙ කාමෙ පටිසෙවන්තෙ. සො තෙසං න පිහෙමි, න තත්ථ අභිරමාමි . තං කිස්ස හෙතු? යාහයං, මාගණ්ඩිය, රති, අඤ්ඤත්‍රෙව කාමෙහි අඤ්ඤත්‍ර අකුසලෙහි ධම්මෙහි - අපි දිබ්බං සුඛං සමධිගය්හ තිට්ඨති - තාය රතියා රමමානො හීනස්ස න පිහෙමි, න තත්ථ අභිරමාමි.",pli,nadil,pali,pali
"“යම්සේ ශරත් කල්හි ගෙණ තිබූ සරු බිජුවට කෙතෙහි වපුරණ ලද්දේ හටගණීද, එපරිද්දෙන් තාගේ නාශිකාව හටගණීවා. යාඥා කරණ ලද්දේ පියුමක් දෙව,",sin,nadil,sinhala,sinhala
“කාශ්‍යපයන් වහන්සේ කෙරෙහි දුගී තැනැත්තියගේ මනාව පිහිටුවන ලද දානය ආශ්චර්යයි. අනුන් විසින් ගෙනෙන ලද දානයෙන් ඒකාන්තයෙන් දක්ෂිණාව සමෘද්ධවේ.,sin,nadil,sinhala,sinhala
"‘‘පුරතො සෙනකො යාති, පච්ඡතො ච මහොසධො; මජ්ඣෙ ච රාජා වෙදෙහො, අමච්චපරිවාරිතො’’.",pli,nadil,pali,pali
"‘‘‘යථා මෙ කායො නිබ්බාති, පරිළාහො න විජ්ජති; තථෙව තිවිධග්ගීහි, චිත්තං තව විමුච්චතු’.",pli,nadil,pali,pali
"තිචත්තාරීසසහස්සානි, නාරියො සමලඞ්කතා; සුදස්සනා නාම සා නාරී, සමවත්තක්ඛන්ධො නාම අත්‍රජො.",pli,nadil,pali,pali
"(5-3) 1. “මම මනුෂ්‍ය ලෝකයෙහි දෙවියන්” දකිමි යන්නෙහි දෙවියෝ නම් දෙවියෝ තුන් කොටසකි, එනම් සම්මුති දෙව උප්පත්ති දෙව, විශුද්ධි දෙව යනුයි. සම්මුති දෙවියෝ කවරහුද? රජවරු, රාජකුමාරවරු, දෙවි වරු යනුයි. මොව්හු සම්මුති දෙවියෝයයි කියත්. 2. “උත්පත්ති දෙවියෝ කවරහුද? චාතුර්මහාරාජික දෙවියෝ, තාවතිංස දෙවියෝ යාම දෙවියෝ තුසිත දෙවියෝ නිර්මාණ රතී දෙවියෝ, පරනිර්මිත වසවර්ති දෙවියෝ එයට ඉහළවූ බ්‍රහ්ම කායික දෙවියෝද යනුයි. මොව්හු උත්පත්ති දෙවියෝ නම් වෙත්. 3. “විශුද්ධි දෙවියෝ කවරහුද? තථාගත ශ්‍රාවකයෝ අර්හත්වූ ක්ෂීණා ශ්‍රවයෝ, පසේ බුදුවරු මොහු විශුද්ධි දෙවියෝයයි කියත්, භාග්‍යවතුන් වහන්සේ සම්මුති දේවද නොවන සේක. උප්පත්ති දේවද නොවනසේක. විශුද්ධි දේවද නොවන සේක. දෙවියන්ට දෙවිසේක. සිංහයන්ට සිංහසේක. නාගයන්ට නාගසේක, සමූහ ඇත්තන්ට සමූහ ඇතිසේක. මුනීන්ට මුනිසේක. රජුන්ට රාජ සේක. 4. “මම මනුෂ්‍ය ලෝකයෙහි දෙවියන් දකිමි” යනු දෙවියන්ට උසස්වූවන් දකිමි, දෙවියන්ට දෙවියන් දකිමි. යනුයි. මම දිව්‍ය මනුෂ්‍ය ලෝකයෙහි අකිඤ්චන කෙලෙස් නැත්තාවූ බ්‍රාහ්මණයෙක්ව ඉරියව් පවත්වන්නෙමි යන්නෙහි අකිඤ්චනවූ හෙවත් කෙලෙස් නැති යනු රාගකිඤ්චනය, ද්වේෂ කිඤ්චනය, මෝහ කිඤ්චනය, මාන කිඤ්චනය, දෘෂ්ටි කිඤ්චනය, ක්ලේශ කිඤ්චනය, දුශ්චරිත කිඤ්චනය යන මේ කෙලෙස් භාග්‍යවත් බුදුන්ගේ ප්‍රහීනයහ. මුලින් ඉදිරූහ. අග සිඳි තල්ගසක් මෙන් කරණ ලදහ. අභාවයට පමුණුවන ලදහ. නැවත නූපදනා බවට පමුණුවන ලදහ. එහෙයින් බුද්ධ නම් වේ. 5. “බ්‍රාහ්මණ” යනු භාග්‍යවතුන් වහන්සේ ධර්ම සතක් බැහැර කරණ ලද බැවින් බ්‍රාහ්මණ නමි. සත්කාය දෘෂ්ටිය බැහැර කරණ ලද්දේ වෙයි. විචිකිච්ඡාව බැහැර කරණ ලද්දේ වෙයි. ශීලව්‍රත පරාමාශය බැහැරකරණ ලද්දේ වෙයි. රාගය, ද්වේෂය, මෝහය, මානය, බැහැර කරණ ලද්දාහු වෙත්. කෙලෙස් ඇති කරන්නාවූ නැවත භවයක් ඇති කරන්නාවූ රාග සහිත දුක් විපාක දෙන්නාවූ නැවත ජාති ජරාමරණ දෙන්නාවූ ලාමක අකුශල ධර්මයන් දුරු කොට සිටියාවූ භාග්‍යවතුන් වහන්සේ නිර්මල සේක. තැන්පත් සේක. ප්‍රඥාවෙන් යුක්ත සේක. සංසාරය ඉක්මවා සිටි සේක යනුයි. 6. “ඉරියව් පවත්වන්නාවූ” යනු හැසිරෙන්නාවූ වාසය කරන්නාවූ, පාලනය කරන්නාවූ, යැපෙන්නාවූ, යනුයි. ඉරියව් පවත්නා කෙලෙස් නැත බ්‍රාහ්මණයාට ඒ ඒ කාරණයෙන් නමස්කාර කරමි යනුයි. 7. “සමතැස්යයි” යනු සර්වඥතාඥානයට කියයි. භාග්‍යවතුන් වහන්සේ සර්වඥතාඥානයෙන් උපෙතවූයේ සමු පෙතවූයේ පැමිණියේ උපන්නේ යුක්තවූයේ වෙයි. උන් වහන්සේට නොපෙණෙන දෙයක් මෙහි නැත. නොදන්නා අර්ථයක් නොදතයුත්තක් නැත. දක්ෂිණාර්හවූ තථාගතයන් වහන්සේ එබැවින් සමන්ත චක්ඛු නමි. 8. “ඒ ඒ කාරණයෙන් සමතැස් ඇති බුදුන් වහන්සේ වඳිමි ශාක්‍යයන් වහන්ස, මාගේ සැකය දුරුකරණු මැනවි” යන්නෙහි “ශාක්‍ය” යනු භාග්‍යවතුන් වහන්සේයි. ශාක්‍ය කුලයෙන් පැවිදිවූයේනුයි ශාක්‍ය නමි, යලිදු හෝ ආඪ්‍යවූ මහත්වූ ධනය ඇත්තේනුයි. ‘ශාක්‍ය’ නමි. උන්වහන්සේට මේ ධනයෝ වෙත්. ඒ කවරහුද? ශ්‍රද්ධා ධනය, ශීල ධනය, හිරි ධනය, ඔත්තප්ප ධනය, ශ්‍රැත ධනය, ත්‍යාග ධනය ප්‍රඥා ධනය, සතිපට්ඨාන ධනය, සම්‍යක් ප්‍රධාන ධනය, ඍද්ධිපාද ධනය, ඉන්ද්‍රිය ධනය, බල ධනය, බොජ්ක්ධංග ධනය, මාර්ග ධනය, ඵල ධනය, නිර්වාණ ධනය, මෙසේ නොයෙක් ධන රුවනින් ආඪ්‍යවූයේ මහත් ධන ඇත්තේනුයි ධනවත්වුයේනුයි ශාක්‍ය නමි. නැවතද ශූර බැවින් ධීර බැවින් බිය නොවන බැවින් තැති නොගන්නා බැවින්, ප්‍රහීන භය හෙරව ඇති බැවින් පහවූ ලොමහර්ෂ ඇති බැවින් ශාක්‍ය නමි. “සැකයයයි” විචිකිච්ඡාවට කියයි. දුකෙහි සැකය, දුක් ඇතිවීමට හේතුවේ සැකය, දුක්ඛ නිරෝධයේ සැකය, දුක්ඛනිරෝධ ගාමිනී ප්‍රතිපදාවේ සැකය පූර්වාන්තයෙහි සැකය, අපරාන්තයෙහි සැකය, පූර්වාපරාන්තයෙහි සැකය, ප්‍රතීත්‍ය සමුත්පාද ධර්මයන්හි සැකය යන මෙබඳු සැකයක් සැක කිරීමක් සැක කිරීම් බවක් විචිකිච්ඡාවක් අදහස් දෙකක්, දෙමංසන්ධියක්, සිතෙහි නිශ්චය නොමැති ගතියක්, තැතිගැන්මක් ඇද්ද, එයයි “ශාක්‍යයන් වහන්ස එය දුරු කරණු මැනව,” යනු මා මුදවනු මැනව, මෝඩ බැවින් දුරු කරණු මැනව, සැකය නමැති, හුලෙන් මා දුරු කරණු මැනව යනුයි.",sin,nadil,sinhala,sinhala
“යලි පාත්‍රය ගෙන සුවඳ දියෙන් සෝදා පහන් සිතින් ගිතෙල් සහිත සකුරු පුරවා දුනිමි.,sin,nadil,sinhala,sinhala
"(තිස්ස) ජිනරාජතෙම සතර පෙර නිමිති දැක, අස් යානයෙන් (අස් රියෙන්) මහබිනික්මන් කෙළේය. නොඅඩු අට මසක් මුළුල්ලේ ප්‍රධාන වීර්‍ය්‍යය කෙළේය.",sin,nadil,sinhala,sinhala
"‘‘සචෙ ච යූපෙ මණිසඞ්ඛමුත්තං, ධඤ්ඤං ධනං රජතං ජාතරූපං; සුක්ඛෙසු කට්ඨෙසු නවෙසු චාපි, සචෙ දුහෙ තිදිවෙ සබ්බකාමෙ; තෙවිජ්ජසඞ්ඝාව පුථූ යජෙය්‍යුං, අබ්‍රාහ්මණං (න බ්‍රාහ්මණා (සී. ස්‍යා.)) කඤ්චි න යාජයෙය්‍යුං.",pli,nadil,pali,pali
"මිත්තඤ්ච කයිරාථ සුහදයඤ්ච (සුහද්දයඤ්ච (සී.), සඛාඝරඤ්ච (පී.)), අයිරඤ්ච කයිරාථ සුඛාගමාය; නිවත්ථකොචොව (කොජොව (සී. පී.)) සරෙභිහන්ත්වා, මොදාම පුත්තෙහි සමඞ්ගිභූතා.",pli,nadil,pali,pali
"‘‘රොදන්තෙ දාරකෙ දිස්වා, උබ්බිද්ධා (උබ්බිග්ගා (සී. ස්‍යා. පී.)) විපුලා දුමා; සයමෙවොනමිත්වාන, උපගච්ඡන්ති දාරකෙ.",pli,nadil,pali,pali
"‘‘පඤ්චිමානි , භික්ඛවෙ, සෙඛබලානි. කතමානි පඤ්ච? සද්ධාබලං, හිරීබලං, ඔත්තප්පබලං, වීරියබලං, පඤ්ඤාබලං - ඉමානි ඛො, භික්ඛවෙ, පඤ්ච සෙඛබලානි. ඉමෙසං ඛො, භික්ඛවෙ, පඤ්චන්නං සෙඛබලානං එතං අග්ගං එතං සඞ්ගාහිකං එතං සඞ්ඝාතනියං, යදිදං පඤ්ඤාබලං. ‘‘සෙය්‍යථාපි , භික්ඛවෙ , කූටාගාරස්ස එතං අග්ගං එතං සඞ්ගාහිකං එතං සඞ්ඝාතනියං, යදිදං කූටං. එවමෙවං ඛො, භික්ඛවෙ, ඉමෙසං පඤ්චන්නං සෙඛබලානං එතං අග්ගං එතං සඞ්ගාහිකං එතං සඞ්ඝාතනියං, යදිදං පඤ්ඤාබලං. ‘‘තස්මාතිහ, භික්ඛවෙ, එවං සික්ඛිතබ්බං - ‘සද්ධාබලෙන සමන්නාගතා භවිස්සාම සෙඛබලෙන, හිරීබලෙන... ඔත්තප්පබලෙන... වීරියබලෙන... පඤ්ඤාබලෙන සමන්නාගතා භවිස්සාම සෙඛබලෙනා’ති. එවඤ්හි වො, භික්ඛවෙ, සික්ඛිතබ්බ’’න්ති. දුතියං.",pli,nadil,pali,pali
"‘‘ඉදමස්ස කූටාගාරං, සොවණ්ණං පුප්ඵමල්‍යවිකිණ්ණං; තෙදානි අය්‍යපුත්තා, චත්තාරො වධාය නින්නීතා.",pli,nadil,pali,pali
"‘‘කණවෙරං (කරවීරං (සක්කතානුලොමං), කණවීරං (පාකත)) ගහෙත්වාන, භික්ඛුසඞ්ඝෙ සමොකිරිං; බුද්ධස්ස විසුං කත්වාන, තතො භිය්‍යො සමොකිරිං.",pli,nadil,pali,pali
"තිට්ඨං චරං නිසින්නො ව (වා (සී. ස්‍යා. කං. පී.)), සයානො යාවතාස්ස විතමිද්ධො (විගතමිද්දො (බහූසු)); එතං සතිං අධිට්ඨෙය්‍ය, බ්‍රහ්මමෙතං විහාරමිධමාහු.",pli,nadil,pali,pali
යම් කෙනෙකුන්ගේ (මෙහි 11 (ii) යෙදිය යුතුයි.) (මෛත්‍රී) භාවනාවෙහි ඇලුනේද (මෙහි 11(iii) යෙදිය යුතුයි.),sin,nadil,sinhala,sinhala
"“(අසපුවට) නුදුරෙහි මනාවූ කුඩා තොටුපලවල් ඇති මනොඥවූ මන්දාලක පුෂ්පයන්ගෙන්ද, පියුම් හා උපුල්වලින්ද ගැවසීගත් පොකුණකි.",sin,nadil,sinhala,sinhala
“රන් වස්ත්‍රද රන් කොඩිද දරන්නිය. රනින් අලංකාරය. රන්වන් සඳුන් තැවරුණ අවයව ඇත්තීය. රන්පාට උපුල් මල්දම් දරන්නීය.,sin,nadil,sinhala,sinhala
"“මොළොක්වූද, දරුණුවූද, යම්කිසි කාරණයකින් බැගෑවූ තමා නගාසිටුවන්නේය. එසේ සිට පසුව සුචරිත ධර්මයෙහි හැසිරෙන්නේය.",sin,nadil,sinhala,sinhala
"“මේ සිව් පිළිසිඹියාවෝද, අෂ්ට විමොක්‍ෂයෝද, ෂඩභිඥාවෝද සාක්‍ෂාත් කරණ ලදී. බුදුරජාණන් වහන්සේගේ සසුනද කරණලදී. මෙහි මේ අයුරින් ආයුෂ්මත් තිවණ්ටිපුප්ඵිය තෙරුන් වහන්සේ මෙම ගාථාවන් වදාළ සේක.”",sin,nadil,sinhala,sinhala
"‘‘ගම්භීරපඤ්හං මනසාභිචින්තයං (මනසා විචින්තයං (සී.)), නාච්චාහිතං කම්ම කරොති ලුද්දං; කාලාගතං (කාලාභතං (පී.)) අත්ථපදං න රිඤ්චති, තථාවිධං පඤ්ඤවන්තං වදන්ති.",pli,nadil,pali,pali
"‘‘ඉද්ධිපාදෙසු කුසලා, සමාධිභාවනාරතා; සම්මප්පධානානුයුත්තා, පරිවාරෙන්ති තං සදා.",pli,nadil,pali,pali
"අපි වීරක පස්සෙසි, සකුණං මඤ්ජුභාණකං; මයූරගීවසඞ්කාසං, පතිං මය්හං සවිට්ඨකං.",pli,nadil,pali,pali
153,sin,nadil,sinhala,sinhala
"“මින් එක් අනූවන කපෙහි වූ එකල්හි උතුම් ආහාර දානයක් දුනිම්ද, (ඒ හේතුවෙන්) දුගතියක් නොදනිමි. උතුම් ආහාර දානයාගේ මේ විපාකයයි.",sin,nadil,sinhala,sinhala
"එකං සමයං ආයස්මා ච ආනන්දො ආයස්මා ච කාමභූ කොසම්බියං විහරන්ති ඝොසිතාරාමෙ. අථ ඛො ආයස්මා කාමභූ සායන්හසමයං පටිසල්ලානා වුට්ඨිතො යෙනායස්මා ආනන්දො තෙනුපසඞ්කමි; උපසඞ්කමිත්වා ආයස්මතා ආනන්දෙන සද්ධිං සම්මොදි. සම්මොදනීයං කථං සාරණීයං වීතිසාරෙත්වා එකමන්තං නිසීදි. එකමන්තං නිසින්නො ඛො ආයස්මා කාමභූ ආයස්මන්තං ආනන්දං එතදවොච - ‘‘කිං නු ඛො, ආවුසො ආනන්ද, චක්ඛු රූපානං සංයොජනං, රූපා චක්ඛුස්ස සංයොජනං...පෙ.... ජිව්හා රසානං සංයොජනං, රසා ජිව්හාය සංයොජනං...පෙ.... මනො ධම්මානං සංයොජනං, ධම්මා මනස්ස සංයොජන’’න්ති? ‘‘න ඛො, ආවුසො කාමභූ (කාමභු (සී.) මොග්ගල්ලානෙ 65-ගෙ වාති සුත්තං පස්සිතබ්බං), චක්ඛු රූපානං සංයොජනං, න රූපා චක්ඛුස්ස සංයොජනං. යඤ්ච තත්ථ තදුභයං පටිච්ච උප්පජ්ජති ඡන්දරාගො, තං තත්ථ සංයොජනං...පෙ.... න ජිව්හා රසානං සංයොජනං, න රසා ජිව්හාය සංයොජනං...පෙ.... න මනො ධම්මානං සංයොජනං, න ධම්මා මනස්ස සංයොජනං. යඤ්ච තත්ථ තදුභයං පටිච්ච උප්පජ්ජති ඡන්දරාගො තං තත්ථ සංයොජනං. ‘‘සෙය්‍යථාපි , ආවුසො, කාළො ච බලීබද්දො ඔදාතො ච බලීබද්දො එකෙන දාමෙන වා යොත්තෙන වා සංයුත්තා අස්සු. යො නු ඛො එවං වදෙය්‍ය - ‘කාළො බලීබද්දො ඔදාතස්ස බලීබද්දස්ස සංයොජනං, ඔදාතො බලීබද්දො කාළස්ස බලීබද්දස්ස සංයොජන’න්ති, සම්මා නු ඛො සො වදමානො වදෙය්‍යා’’ති? ‘‘නො හෙතං, ආවුසො’’. ‘‘න ඛො, ආවුසො, කාළො බලීබද්දො ඔදාතස්ස බලීබද්දස්ස සංයොජනං, නපි ඔදාතො බලීබද්දො කාළස්ස බලීබද්දස්ස සංයොජනං. යෙන ච ඛො තෙ එකෙන දාමෙන වා යොත්තෙන වා සංයුත්තා, තං තත්ථ සංයොජනං. එවමෙව ඛො , ආවුසො, න චක්ඛු රූපානං සංයොජනං, න රූපා චක්ඛුස්ස සංයොජනං...පෙ.... න ජිව්හා...පෙ.... න මනො...පෙ.... යඤ්ච තත්ථ තදුභයං පටිච්ච උප්පජ්ජති ඡන්දරාගො, තං තත්ථ සංයොජන’’න්ති. ඡට්ඨං.",pli,nadil,pali,pali
“නිතර සත්කාර කරණලද්දාහු පුදන ලද්දාහු නුඹ වහන්සේගේ රජගෙදර වසන්නෙමු නම් එක් දවසෙක සුරාවෙන් මත්වූයේම මට මස් පිණිස හංසරාජයා පිසත්වයි කියන්නේය.,sin,nadil,sinhala,sinhala
“ඉක්බිති ශාස්තෘතෙමේ සසුනෙහි නිරත ශ්‍රාවකයන් ඇමතීය. (අමතා) මේ සමාන බ්‍රහ්මචර්‍ය්‍යය ඇත්තහුගේ සිරුර ගනිව්. ගෙනගොස් ආදාහනය කරව්.,sin,nadil,sinhala,sinhala
"“දීමෙහිද, ගැනීමෙහිද (යන දෙකරුණෙහිදීම) කසලෙහිවුවද (වෙනස් නොවන) පියුමෙහි (පැහැය) මෙන් සම සිතින් යුත් මුඛ ශෝභාව දැක එකල්හි මම බෙහෙවින් සංවේගයට පත්වීමි.",sin,nadil,sinhala,sinhala
කථායංච විමති විනොදනී විනයටිකාදිසුව දීපිතාකාරංඔලොකෙත්වා,pli,nadil,pali,sinhala
“හෙතෙම අටළොස් වරක් සක්විති රජ වන්නේය. පන්සිය වරක් පෘථිවියෙහි රාජ්‍යය ගෙන පොළවෙහි වාසය කරන්නේය.,sin,nadil,sinhala,sinhala
"“සිව් පිළිසිඹියාවෝද, අෂ්ට විමොක්‍ෂයෝද, ෂඩභිඥාවෝද සාක්‍ෂාත් කරණ ලදී. බුදුරජාණන් වහන්සේගේ සසුනද කරණලදී. මෙහි මේ අයුරින් ආයුෂ්මත් සකොටක කොරණ්ඩ දායක තෙරුන් වහන්සේ මෙම ගාථාවන් වදාළ සේක.”",sin,nadil,sinhala,sinhala
"“යමෙක් ඒකාන්තයෙන් දශකුශල ධර්මයන් ද්වජයක් කොට ගෙණ සත්වයන් විශ්වාසකොට ගෙණ සැඟවුනේ පාපයෙහි හැසිරේද, ඔහුගේ ඒ ව්‍රතය බිළාල ව්‍රත නම් වේ.”",sin,nadil,sinhala,sinhala
"‘‘‘සාකියම්හි කුලෙ ජාතා, පුත්තෙ බුද්ධානුජා තුවං; නන්දෙනපි විනා භූතා, අගාරෙ කිං නු අච්ඡසි.",pli,nadil,pali,pali
"“රියැදුරෝද ශීඝ්‍ර ගමන් ඇත්තාවූ සෛන්ධව අශ්වයන් යොදනලද රථයන් ගෙණ රජ ගෙදරට පැමිණියාහුය. දේවයන් වහන්ස, මේ අශ්වයෝ රථවල යොදන ලද්දාහුයයි” රජහට දැන්වූහ.",sin,nadil,sinhala,sinhala
"‘‘යාවතායුං වසිත්වාන, තිදිවෙ (තිදසෙ (සී. පී.)) උපපජ්ජහං; අසීතික්ඛත්තුං දෙවින්දො, දෙවරජ්ජමකාරයිං.",pli,nadil,pali,pali
“ප්‍රහීණ නොවූ ආත්ම දෘෂ්ටියද උත්සාහවත් කරණ ලද මිථ්‍යා සංකල්පනාවෝද නිසා සුළඟින් වැනෙන කොළ මෙන් කම්පාවෙන් පවතී.,sin,nadil,sinhala,sinhala
"අප්පං පිවිත්වාන නිහීනජච්චො, සො මජ්ජතී තෙන ජනින්ද පුට්ඨො (ඵුට්ඨො (සී. ස්‍යා.), මුට්ඨො (ක.)); ධොරය්හසීලී ච කුලම්හි ජාතො, න මජ්ජතී අග්ගරසං පිවිත්වාති.",pli,nadil,pali,pali
"‘‘උක්කාමුඛපහට්ඨොව , ඛදිරඞ්ගාරසන්නිභො; උදයන්තොව සූරියො, පුණ්ණමායෙව (පුණ්ණමාසෙව (සී.)) චන්දිමා.",pli,nadil,pali,pali
"“යම් කලෙකත් පිබිද ආවාවූ නන්දයා නොදකිම්ද, එකල්හි බොහෝ සෙයින් ශෝකය වැහේ. මහත්වූ දොම්නසටද, පැමිණෙමි.",sin,nadil,sinhala,sinhala
"‘‘සන්ති, භික්ඛවෙ, චක්ඛුවිඤ්ඤෙය්‍යා රූපා, ඉට්ඨා කන්තා මනාපා පියරූපා කාමූපසංහිතා රජනීයා. තඤ්චෙ භික්ඛු අභිනන්දති අභිවදති අජ්ඣොසාය තිට්ඨති - අයං වුච්චති, භික්ඛවෙ, භික්ඛු බද්ධො චක්ඛුවිඤ්ඤෙය්‍යෙසු රූපෙසු, ආවාසගතො මාරස්ස, මාරස්ස වසං ගතො, පටිමුක්කස්ස මාරපාසො. බද්ධො සො මාරබන්ධනෙන යථාකාමකරණීයො පාපිමතො...පෙ..... ‘‘සන්ති, භික්ඛවෙ, ජිව්හාවිඤ්ඤෙය්‍යා රසා...පෙ.... සන්ති, භික්ඛවෙ, මනොවිඤ්ඤෙය්‍යා ධම්මා, ඉට්ඨා කන්තා මනාපා පියරූපා කාමූපසංහිතා රජනීයා. තඤ්චෙ භික්ඛු අභිනන්දති අභිවදති අජ්ඣොසාය තිට්ඨති - අයං වුච්චති, භික්ඛවෙ, භික්ඛු බද්ධො මනොවිඤ්ඤෙය්‍යෙසු ධම්මෙසු, ආවාසගතො මාරස්ස, මාරස්ස වසං ගතො, පටිමුක්කස්ස මාරපාසො. බද්ධො සො මාරබන්ධනෙන යථාකාමකරණීයො පාපිමතො...පෙ..... ‘‘සන්ති ච ඛො, භික්ඛවෙ, චක්ඛුවිඤ්ඤෙය්‍යා රූපා, ඉට්ඨා කන්තා මනාපා පියරූපා කාමූපසංහිතා රජනීයා. තඤ්චෙ භික්ඛු නාභිනන්දති නාභිවදති නාජ්ඣොසාය තිට්ඨති - අයං වුච්චති, භික්ඛවෙ , භික්ඛු මුත්තො චක්ඛුවිඤ්ඤෙය්‍යෙහි රූපෙහි, නාවාසගතො මාරස්ස, න මාරස්ස වසං ගතො, උම්මුක්කස්ස මාරපාසො. මුත්තො සො මාරබන්ධනෙන න යථාකාමකරණීයො පාපිමතො...පෙ..... ‘‘සන්ති, භික්ඛවෙ, ජිව්හාවිඤ්ඤෙය්‍යා රසා...පෙ.... සන්ති, භික්ඛවෙ, මනොවිඤ්ඤෙය්‍යා ධම්මා, ඉට්ඨා කන්තා මනාපා පියරූපා කාමූපසංහිතා රජනීයා. තඤ්චෙ භික්ඛු නාභිනන්දති නාභිවදති නාජ්ඣොසාය තිට්ඨති - අයං වුච්චති, භික්ඛවෙ, භික්ඛු මුත්තො මනොවිඤ්ඤෙය්‍යෙහි ධම්මෙහි, නාවාසගතො මාරස්ස, න මාරස්ස වසං ගතො, උම්මුක්කස්ස මාරපාසො. මුත්තො සො මාරබන්ධනෙන න යථාකාමකරණීයො පාපිමතො’’ති. දුතියං.",pli,nadil,pali,pali
"“මින් එක් අනූවන කපෙහි වූ එකල්හි යම් තිඹිරි ගෙඩි දනක් දුනිම්ද, එකල්හි (ඒ හේතුවෙන්) දුගතියක් නොදනිමි. ඵල දානයාගේ මේ විපාකයයි.",sin,nadil,sinhala,sinhala
"භච්චා මාතා පිතා බන්ධූ, යෙන ජාතො සයෙව සො; උද්දාලකො අහං භොතො (භොති (ක.)), සොත්තියාකුලවංසකො (වංසතො (ක.)).",pli,nadil,pali,pali
"‘‘‘අට්ඨාරසසහස්සානි, කූටාගාරා භවිස්සරෙ; බ්‍යම්හුත්තමම්හි නිබ්බත්තා, සබ්බසොණ්ණමයා ච තෙ.",pli,nadil,pali,pali
"සිවිරට වැස්සන්ට වැඩ සිදුකරන්නාවූ මහරජ, ඔබ විසින් ස්වභාව ධර්මයෙන්ම ගාථාව කියන ලදී. මේ දිව්‍යානුභාවයෙන් යුක්තවූ ඔබගේ ඇස් දක්නා ලැබෙත්.",sin,nadil,sinhala,sinhala
"අපරිඤ්ඤාතාමත සූත්‍රය “මහණෙනි, යම් කෙනෙකුන් විසින් කායගතානුස්මෘති භාවනාව පිරිසිඳ දැන නොගන්නා ලදද, ඔවුන් විසින් නිර්වාණය පිරිසිඳ දැන නොගන්නා ලද්දේ වේ. පරිඤ්ඤාතාමත සූත්‍රය “මහණෙනි, යම් කෙනෙකුන් විසින් කායගතානුස්මෘති භාවනාව පිරිසිඳ දැනගන්නා ලදද, ඔවුන් විසින් නිර්වාණය පිරිසිඳ දැනගන්නා ලද්දේ වේ.”",sin,nadil,sinhala,sinhala
“අසූචි ගොඩක්වූ මේ ශරීරය මා දන්නාක් මෙන් මහජනයාත් දකිත් නම් දුරින්ම දුරුකරන්නේය. අපිරිසිදු අසූචිවලක් දුරුකරන්නාක් මෙනි.,sin,nadil,sinhala,sinhala
තොදෙසිතත්තා ආණා දෙසනාතිච තථා පචුරාපරාධානං සත්තානං,pli,nadil,pali,pali
"“මහා වීරයන් වහන්ස, උග්‍ර තපස් ඇති මෙබඳු ශිෂ්‍යයෝ මාගේ (අසපුවෙහි වෙසෙත්.) ඔවුන් විසින් පිරිවරන ලද මම මාගේ අසපුවෙහි වෙසෙමි.",sin,nadil,sinhala,sinhala
"‘‘ඉමෙ ච සිරීසවනා (ඉමෙ සිරීසූපවනා ච (සී.), ඉමෙපි සිරීසවනා ච (පී. ක.)) තාතා, දිබ්බා (දිබ්බා ච (පී. ක.)) ගන්ධා සුරභී (සුරභිං (සී. ක.)) සම්පවන්ති (සම්පවායන්ති (ක.)); තෙ සම්පවායන්ති ඉමං විමානං, දිවා ච රත්තො ච තමං නිහන්ත්වා.",pli,nadil,pali,pali
"‘‘තත්ථ මෙ සුකතං බ්‍යම්හං, එකදීපීති ඤායති; දීපසතසහස්සානි, බ්‍යම්හෙ පජ්ජලරෙ මම.",pli,nadil,pali,pali
"‘‘‘තස්ස ධම්මෙසු දායාදො, ඔරසො ධම්මනිම්මිතො; උදායි නාම නාමෙන, හෙස්සති සත්ථු සාවකො’.",pli,nadil,pali,pali
"‘‘‘නදතො පරිසායං තෙ, වාදිතබ්බපහාරිනො; යෙ තෙ දක්ඛන්ති වදනං, ධඤ්ඤා තෙ නරපුඞ්ගව.",pli,nadil,pali,pali
"“මාගේ වර්‍ණය උපුල් මලකට බඳුවිය. මනා රූ දැකුම් ඇති, දැකුම්කළුවූ, ශ්‍රේෂ්ඨ ජන්ම ඇත්තාවූ, පැහැ විහිදෙන්නාවූ, සියළු (පිරිපුන්) අඟ පසඟින් යුක්තවූ ස්ත්‍රියක් වීමි.",sin,nadil,sinhala,sinhala
"මා විසින් මෙසේ අසන ලදී. එක් සමයෙක්හි භාග්‍යවතුන් වහන්සේ සැවැත්නුවර සමීපයෙහිවූ අනේපිඬු සිටාණන් විසින් කරවනලද ජේතවනාරාමයෙහි වාසය කරනසේක. එකල්හි ආයුෂ්මත් රාධ භික්ෂුව භාග්‍යවතුන් වහන්සේ යම් තැනෙකද, එතැනට පැමිණියේය. පැමිණ, භාග්‍යවතුන් වහන්සේ වැඳ එකත්පසෙක සිටියේය. එකත්පසෙක හුන් රාධ භික්ෂුව භාග්‍යවතුන් වහන්සේට මෙසේ කීය. “ස්වාමීනි, ‘අනිත්‍ය අනිත්‍යයයි’ කියනු ලැබේ. ස්වාමීනි, අනිත්‍ය නම් කවරේද?” “රාධය, රූපය අනිත්‍ය නම්වේ. වේදනාව අනිත්‍ය නම්වේ. සංඥාව අනිත්‍ය නම්වේ. සංස්කාරයෝ අනිත්‍ය නම්වේ. විඤ්ඤාණය අනිත්‍ය නම්වේ. රාධය, මෙසේ දකින්නාවූ බොහෝ ඇසූ පිරූ තැන් ඇති ආර්ය ශ්‍රාවකතෙමේ රූපයෙහිද කලකිරෙයි. වේදනාවෙහිද කලකිරෙයි. සංඥාවෙහිද කලකිරෙයි. සංස්කාරයෙහිද කලකිරෙයි. විඤ්ඤාණයෙහිද කලකිරෙයි. කලකිරීමෙන් (මාර්ගයට පැමිණීමෙන්) නොඇලෙයි. (ඵලයට පැමිණීමෙන්) මිදෙයි. මිදුනු කල්හි මිදුණේයයි නුවණ (පහල) වෙයි. ජාතිය කෙළවර විය. බ්‍රහ්මචර්යාවෙහි හැසිර නිමවනලදී. කළයුත්ත කරනලදී. මේ භවය පිණිස මත්තෙහි කළයුත්තක් නැතැයි” දනියි. (තුන්වෙනි අනිත්‍ය සූත්‍රය නිමි.)",sin,nadil,sinhala,sinhala
"යෙ ච සීලෙන සම්පන්නා, පඤ්ඤායූපසමෙ රතා; ආරකා විරතා ධීරා, න හොන්ති පරපත්තියාති.",pli,nadil,pali,pali
"අස්සොසි ඛො ආයස්මා ආනන්දො - ‘‘භගවා කිර පරිතො පරිතො ජනපදෙසු පරිචාරකෙ අබ්භතීතෙ කාලඞ්කතෙ උපපත්තීසු බ්‍යාකරොති කාසිකොසලෙසු වජ්ජිමල්ලෙසු චෙතිවංසෙසු කුරුපඤ්චාලෙසු මජ්ඣසූරසෙනෙසු - ‘අසු අමුත්‍ර උපපන්නො, අසු අමුත්‍ර උපපන්නො. පරොපඤ්ඤාස නාතිකියා පරිචාරකා අබ්භතීතා කාලඞ්කතා පඤ්චන්නං ඔරම්භාගියානං සංයොජනානං පරික්ඛයා ඔපපාතිකා තත්ථ පරිනිබ්බායිනො අනාවත්තිධම්මා තස්මා ලොකා. සාධිකා නවුති නාතිකියා පරිචාරකා අබ්භතීතා කාලඞ්කතා තිණ්ණං සංයොජනානං පරික්ඛයා රාගදොසමොහානං තනුත්තා සකදාගාමිනො සකිදෙව ඉමං ලොකං ආගන්ත්වා දුක්ඛස්සන්තං කරිස්සන්ති. සාතිරෙකානි පඤ්චසතානි නාතිකියා පරිචාරකා අබ්භතීතා කාලඞ්කතා තිණ්ණං සංයොජනානං පරික්ඛයා සොතාපන්නා අවිනිපාතධම්මා නියතා සම්බොධිපරායණා’ති. තෙන ච නාතිකියා පරිචාරකා අත්තමනා අහෙසුං පමුදිතා පීතිසොමනස්සජාතා භගවතො පඤ්හවෙය්‍යාකරණං සුත්වා’’ති.",pli,nadil,pali,pali
“(මම) එම අසුනෙන් නැගිට හිසෙහි ඇඳිලි බැඳගෙන සම්බුදුරජුන්හට වැඳ මෙම වචන කීමි.,sin,nadil,sinhala,sinhala
“නැවත පා නැමැති කෙටේරිවලින් සමහර ශ්‍රමණයන් හිස යටිකුරුව හෙළත්. තා විසින් කරණලද මෙබඳුවූ වෙහෙසට පැවිදිවූ ශ්‍රමණයෝ පැමිණෙත්.,sin,nadil,sinhala,sinhala
"“මහණෙනි, යම්සේ අහසෙහි නොයෙක් වාතයෝ හමත්ද, පෙරදිගින්ද වාතයෝ හමත්. අපරදිගින්ද වාතයෝ හමත්. උතුරුදිගින්ද වාතයෝ හමත්. දකුණුදිගින්ද වාතයෝ හමත්. දූවිලි සහිත වාතයෝද හමත්. දූවිලි නැති වාතයෝද හමත්. ශීත වාතයෝද හමත්. උෂ්ණ වාතයෝද හමත්. ස්වල්ප වූ වාතයෝද හමත්. මහත් වූ වාතයෝද හමත්. මහණෙනි, එසේම මේ ශරීරයෙහි නොයෙක් වේදනාවෝ උපදිත්. සැප වේදනාවෝද උපදිත්, දුක් වේදනාවෝද උපදිත්, උපේක්‍ෂා වේදනාවෝද උපදිත්යයි, වදාළසේක.",sin,nadil,sinhala,sinhala
"‘‘ධූපං (ධූමං (ක.)) සිත්ථං පිලොතිඤ්ච, මුඛපුඤ්ඡනසුත්තකං; දාතබ්බං නාම යං අත්ථි, යඤ්ච කප්පති සත්ථුනො.",pli,nadil,pali,pali
"යම් කල්පයක එක සම්බුදුවරයන් වහන්සේ නමක් උපදීද, ඒ කල්පයම මණ්ඩ කල්පය වෙයි. කුසල් ඇති ජන සමූහයා ඒ කාලයෙහි උපදී.",sin,nadil,sinhala,sinhala
"‘‘සො මොචිතො ගන්ත්වා මයා ඉදානි, එතස්ස යක්ඛස්ස වචො හි භන්තෙ; සියා නු ඛො කාරණං කිඤ්චිදෙව, යෙන සො නිරයං නො වජෙය්‍ය.",pli,nadil,pali,pali
"නෙව කිණාමි නපි වික්කිණාමි, න චාපි මෙ සන්නිචයො ච අත්ථි (ඉධත්ථි (ස්‍යා.)); සුකිච්ඡරූපං වතිදං පරිත්තං, පත්ථොදනො නාලමයං දුවින්නං.",pli,nadil,pali,pali
"‘‘සො ඉමිනා ච අරියෙන සීලක්ඛන්ධෙන සමන්නාගතො, ඉමිනා ච අරියෙන ඉන්ද්‍රියසංවරෙන සමන්නාගතො, ඉමිනා ච අරියෙන සතිසම්පජඤ්ඤෙන සමන්නාගතො, ඉමාය ච අරියාය සන්තුට්ඨියා සමන්නාගතො, විවිත්තං සෙනාසනං භජති අරඤ්ඤං රුක්ඛමූලං පබ්බතං කන්දරං ගිරිගුහං සුසානං වනපත්ථං අබ්භොකාසං පලාලපුඤ්ජං. සො පච්ඡාභත්තං පිණ්ඩපාතප්පටික්කන්තො නිසීදති පල්ලඞ්කං ආභුජිත්වා උජුං කායං පණිධාය පරිමුඛං සතිං උපට්ඨපෙත්වා.",pli,nadil,pali,pali
"‘‘කාමා හි චිත්‍රා මධුරා මනොරමා, අවිද්දසූ යත්ථ සිතා පුථුජ්ජනා; තෙ දුක්ඛමිච්ඡන්ති පුනබ්භවෙසිනො, චිත්තෙන නීතා නිරයෙ නිරාකතා.",pli,nadil,pali,pali
"“අන්තරීක්ෂ නම්වූ අහසෙහි පසළොස්වක්හි අහස් මැදට පැමිණි චන්ද්‍රයා මෙන් සිටින්නෙහිය. මහත් ආනුභාව ඇති යක්ෂය, ඔබ විචාරමි. මනුෂ්‍ය ලෝකයෙහි ඔබ කෙසේ හඳුනත්දැයි (තාපසතෙම ඇසීය.)",sin,nadil,sinhala,sinhala
"‘‘යො ච සීතඤ්ච උණ්හඤ්ච, තිණා භිය්‍යො න මඤ්ඤති; කරං පුරිසකිච්චානි, සො සුඛා න විහායති.",pli,nadil,pali,pali
"‘‘සුත්වා සබ්බධම්මං අභිඤ්ඤාය ලොකෙ, (සභියාති භගවා) සාවජ්ජානවජ්ජං යදත්ථි කිඤ්චි; අභිභුං අකථංකථිං විමුත්තං, අනිඝං සබ්බධිමාහු සොත්තියොති.",pli,nadil,pali,pali
"යං පිත්වා (යං වෙ පීත්වා (සී.)) චිත්තස්මිමනෙසමානො, ආහිණ්ඩතී ගොරිව භක්ඛසාරී (භක්ඛසාදී (සී. ස්‍යා. අට්ඨ.)); අනාථමානො උපගායති නච්චති ච, තස්සා පුණ්ණං කුම්භමිමං කිණාථ.",pli,nadil,pali,pali
"‘‘යං පූරං ධතරට්ඨස්ස, ඔගාළ්හං යමුනං නදිං; ජොතතෙ සබ්බසොවණ්ණං, ගිරිමාහච්ච යාමුනං.",pli,nadil,pali,pali
"දෙව්ලොව හටගත් මදාරා මල්ද, පියුම්ද, පරසතු මල්ද දෙව්ලොවින් ගෙනවුත් බුදුරදුන් පිදුවෙමි.",sin,nadil,sinhala,sinhala
"‘‘‘ඡවාලාතූපමො ත්වංසි, න ගිහී නාපි සඤ්ඤතො; උභතො මුත්තකො අජ්ජ, නික්ඛමස්සු වනා තුවං.",pli,nadil,pali,pali
"‘‘කතිහි නු ඛො, භන්තෙ, ධම්මෙහි සමන්නාගතෙන භික්ඛුනා නිස්සයො දාතබ්බො’’ති? ‘‘දසහි ඛො, උපාලි, ධම්මෙහි සමන්නාගතෙන භික්ඛුනා නිස්සයො දාතබ්බො. කතමෙහි දසහි? ඉධුපාලි, භික්ඛු සීලවා හොති...පෙ.... සමාදාය සික්ඛති සික්ඛාපදෙසු; බහුස්සුතො හොති...පෙ.... දිට්ඨියා සුප්පටිවිද්ධා; පාතිමොක්ඛං ඛො පනස්ස විත්ථාරෙන ස්වාගතං හොති සුවිභත්තං සුප්පවත්තං සුවිනිච්ඡිතං සුත්තසො අනුබ්‍යඤ්ජනසො; පටිබලො හොති ගිලානං උපට්ඨාතුං වා උපට්ඨාපෙතුං වා; පටිබලො හොති අනභිරතිං වූපකාසෙතුං වා වූපකාසාපෙතුං වා; පටිබලො හොති උප්පන්නං කුක්කුච්චං ධම්මතො විනොදෙතුං; පටිබලො හොති උප්පන්නං දිට්ඨිගතං ධම්මතො විවෙචෙතුං; පටිබලො හොති අධිසීලෙ...පෙ.... අධිචිත්තෙ... අධිපඤ්ඤාය සමාදපෙතුං. ඉමෙහි ඛො, උපාලි, දසහි ධම්මෙහි සමන්නාගතෙන භික්ඛුනා නිස්සයො දාතබ්බො’’ති. පඤ්චමං.",pli,nadil,pali,pali
“ස්වාමියා හැර සෙස්සෝ මට ධන නැත්තියයයි කියත්. යම් කලෙක්හි (මම) පුතෙකු සහිත වූයෙම් නම් එකල්හි සියල්ලන්ගේ දයාව ඇත්තියක් වීමි.,sin,nadil,sinhala,sinhala
...පෙ.... පඤ්ඤාපටිලාභාය...පෙ.... සංවත්තන්තී’’ති. නවමං.,pli,nadil,pali,pali
"මා විසින් මෙසේ අසන ලදී. එක් කාලයක ආයුෂ්මත් සැරියුත් තෙරණුවෝද, ආයුෂ්මත් මහා කොට්ඨිත තෙරණුවෝද බරණැස මිගදාය නම් ලත් ඉසිපතනාරාමයෙහි වාසය කෙරෙත්. එකල්හි වනාහි ආයුෂ්මත් කොට්ඨිත ස්ථවිරයන් වහන්සේ සවස් කාලයෙහි විවේක සැපයෙන් නැගී සිටියේ ආයුෂ්මත් සැරියුත් තෙරණුවෝ යම්තැනකද එතැන්හි පැමිණියහ. පැමිණ, ආයුෂ්මත් සැරියුත් තෙරණුවන් හා සමග සතුටුවිය. සතුටුවිය යුතුවූත් සිහිකටයුතුවූත් කථාවකොට නිමවා එක් පැත්තක හුන්නේය. එක්පැත්තක හුන්නාවූ ආයුෂ්මත් ශාරිපුත්‍ර ස්ථවිරයන් වහන්සේ ආයුෂ්මත් මහාකොට්ඨිත තෙරුන්ට මේ කාරණය කීහ. ආයුෂ්මත් කොට්ඨිත අවිද්‍යාවය, අවිද්‍යාවයයි කියනු ලැබේ. “ඇවැත්නි, අවිද්‍යාව කවරේද? කොපමණකින් අවිද්‍යාවට පැමිණියේ වේද?”යනුයි. “ඇවැත්නි, මේ සාසනයෙහි අශ්‍රැතවත් පෘථග්ජනතෙමේ රූපයාගේ ආශ්වාදයද, දොස්ද, නික්මීමද, ඇතිසැටි නොදනියි. වේදනාවේ ආශ්වාදයද, දොස්ද, නික්මීමද, ඇති සැටි නොදනියි. සංඥාවේ ආශ්වාදයද, දොස්ද, නික්මීමද ඇති සැටි නො දනියි. සංස්කාරයන්ගේ ආශ්වාදයද, දොස්ද, නික්මීමද ඇති සැටි නොදනියි. විඥානයාගේ ආශ්වාදයද, දොස්ද, නික්මීමද ඇති සැටි නොදනියි. ඇවැත්නි, මේ අවිද්‍යාවයයි කියනු ලැබේ. මෙපමණකින් අවිද්‍යාවට පැමිණියේද වෙයි”යනුයි. මෙසේ කී කල්හි ආයුෂ්මත් ශාරිපුත්‍ර ස්ථවිරයන් වහන්සේ ආයුෂ්මත් මහා කොට්ඨිත තෙරුන්ට මේ කාරණය කීහ. “ඇවැත් කොට්ඨිතය, විද්‍යාවය, විද්‍යාවයයි කියනු ලැබේ. ඇවැත්නි, විද්‍යාව කවරේද? කොපමණකින් විද්‍යාවට පැමිණියේ වේද?” යනුයි. ඇවැත්නි, මේ සස්නෙහි ශ්‍රැතවත් ආර්යශ්‍රාවකතෙමේ රූපයාගේ ආශ්වාදයද, දොස්ද, නික්මීමද ඇති සැටි දනියි. වේදනාවගේ ආශ්වාදයද, දොස්ද, නික්මීමද ඇති සැටි දනියි. සංඥාවගේ ආශ්වාදයද, දොස්ද, නික්මීමද, ඇති සැටි දනියි. සංස්කාරයන්ගේ ආශ්වාදයද, දොස්ද, නික්මීමද ඇති සැටි දනියි. විඥානයාගේ ආශ්වාදයද, දොස්ද, නික්මීමද ඇති සැටි දනියි. ඇවැත්නි, මේ විද්‍යාවයයි කියනු ලැබේ. මෙපමණකින් අවිද්‍යාවට පැමිණියේද වෙයි.” (අටවෙනි කොට්ඨිත සූත්‍රය නිමි.)",sin,nadil,sinhala,sinhala
“සිහිල් ජලය ඇති මේ ගංගානදී තොමෝ හිමවත් පව්වෙන් ගලා බසියි. මේ ගංගා නදියෙන් ගෙන බොව. කුමක් හෙයින් පැන් මගෙන් ඉල්වන්නීද?”,sin,nadil,sinhala,sinhala
"‘‘තඤ්ච දිස්වාන යාචන්තිං, වෙසිකං පඤ්ජලීකතං; අලඞ්කතං සුවසනං, මච්චුපාසංව ඔඩ්ඩිතං.",pli,nadil,pali,pali
"[2] “මහණෙනි, මේ ඉන්ද්‍රිය පසෙක් වෙති. කවර පසෙක්ද? සද්ධින්ද්‍රිය, විරියින්ද්‍රිය, සතින්ද්‍රිය, සමාධින්ද්‍රිය, පඤ්ඤින්ද්‍රිය, යනුයි [3] “මහණෙනි, යම්සේ වනාහි ආර්‍ය්‍යශ්‍රාවකතෙමේ යම් කලෙක මේ පඤ්චෙන්ද්‍රියයන්ගේ ඉපදීමද, බිඳීමද ආශ්වාදයද ආදීනවයද නිස්සරණය තත්වූ පරිද්දෙන් දනීද, [4] “මහණෙනි, එතැන්පටන් මේ ආර්‍ය්‍යශ්‍රාවකතෙමේ සෝවාන්වූයේ අපායෙහි නොවැටෙන ස්වභාව ඇත්තේ රහත් බවට නියතවූයේ රහත්බව පරායනකොට ඇත්තේයයි කියනු ලැබේ.",sin,nadil,sinhala,sinhala
“මම එසේ කරන්නෙමි. දැන් ශ්‍රමණයන් වෙත ගොස් වස්ත්‍ර යුග්මයකින් හන්දවන්නෙමි. ඒ වස්ත්‍රයෝ පිළිගන්නා ලද්දෝ වන්නාහු නම් වස්ත්‍රයෙන් සැරසුනාවූ නුඹද දක්නෙමු.”,sin,nadil,sinhala,sinhala
"“ගෙවල් ලකුණු දන්නෝ (ප්‍රාසාද තුණක්) ගොඩනැගූහ. (එම) තුන් පහයට නැගී එහි මම නෘත්‍යයන්ගෙන්ද, ගීතයන්ගෙන්ද යුතුව එකල්හි පිරිස් සහිතව වෙසෙමි.",sin,nadil,sinhala,sinhala
"මා විසින් මෙසේ අසන ලදී. එක් සමයෙක්හි භාග්‍යවතුන් වහන්සේ සැවැත්නුවර සමීපයෙහිවූ, අනේපිඬු සිටාණන් විසින් කරවන ලද, ජේතවනාරාමයෙහි වාසය කරන සේක. එහිදී එක්තරා භික්‍ෂුවක් තෙම භාග්‍යවතුන් වහන්සේ යම් තැනෙක්හිද, එතැන්හි පැමිණියේය. පැමිණ, භාග්‍යවතුන් වහන්සේට වැඳ, එකත්පසෙක හුන්නේය. එක් පසෙක හුන්නාවූ ඒ භික්‍ෂුතෙම භාග්‍යවතුන් වහන්සේට මෙය සැළ කෙළේය. “ස්වාමීනි, කෙසේ දන්නහුගේ, කෙසේ දක්නහුගේ සංයෝජනයෝ පහවෙත්ද?” “මහණ, ඇස අනිත්‍ය වශයෙන් දන්නහුගේ, දක්නහුගේ සංයෝජනයෝ ප්‍රහීණ වෙත්. රූපයන් අනිත්‍ය වශයෙන් දන්නහුගේ, දක්නහුගේ සංයෝජනයෝ ප්‍රහීණ වෙත්. චක්ඛු විඥානය අනිත්‍ය වශයෙන් දන්නහුගේ, දක්නහුගේ සංයෝජනයෝ ප්‍රහීණ වෙත්. චක්ඛු සම්ඵස්සය අනිත්‍ය වශයෙන් දන්නහුගේ, දක්නහුගේ සංයෝජනයෝ ප්‍රහීණ වෙත්. “චක්ඛු සම්ඵස්සය නිසා සැපවූ හෝ, දුක්වූ හෝ, දුක්ද නොවූ සැපද නොවූ හෝ යම් මේ වේදනාවකුත් උපදීද එයද අනිත්‍ය වශයෙන් දන්නහුගේ, දක්නහුගේ සංයෝජනයෝ ප්‍රහීණ වෙත්. මහණ, මෙසේ වනාහි දන්නහුගේ, දක්නහුගේ සංයෝජනයෝ ප්‍රහීණ වෙත්. “මහණ, කන අනිත්‍ය වශයෙන් දන්නහුගේ, දක්නහුගේ සංයෝජනයෝ ප්‍රහීණ වෙත්. ශබ්දයන් අනිත්‍ය වශයෙන් දන්නහුගේ, දක්නහුගේ සංයෝජනයෝ ප්‍රහීණ වෙත්. සෝත විඥානය අනිත්‍ය වශයෙන් දන්නහුගේ, දක්නහුගේ සංයෝජනයෝ ප්‍රහීණ වෙත්. සෝත සම්ඵස්සය අනිත්‍ය වශයෙන් දන්නහුගේ, දක්නහුගේ සංයෝජනයෝ ප්‍රහීණ වෙත්. “සෝත සම්ඵස්සය නිසා සැපවූ හෝ, දුක්වූ හෝ, දුක්ද නොවූ සැපද නොවූ හෝ යම් මේ වේදනාවකුත් උපදීද එයද අනිත්‍ය වශයෙන් දන්නහුගේ, දක්නහුගේ සංයෝජනයෝ ප්‍රහීණ වෙත්. මහණ, මෙසේ වනාහි දන්නහුගේ, දක්නහුගේ සංයෝජනයෝ ප්‍රහීණ වෙත්. “මහණ, නාසය අනිත්‍ය වශයෙන් දන්නහුගේ, දක්නහුගේ සංයෝජනයෝ ප්‍රහීණ වෙත්. ගන්‍ධයන් අනිත්‍ය වශයෙන් දන්නහුගේ, දක්නහුගේ සංයෝජනයෝ ප්‍රහීණ වෙත්. ඝාණ විඥානය අනිත්‍ය වශයෙන් දන්නහුගේ, දක්නහුගේ සංයෝජනයෝ ප්‍රහීණ වෙත්. ඝාණ සම්ඵස්සය අනිත්‍ය වශයෙන් දන්නහුගේ, දක්නහුගේ සංයෝජනයෝ ප්‍රහීණ වෙත්. “ඝාණ සම්ඵස්සය නිසා සැපවූ හෝ, දුක්වූ හෝ, දුක්ද නොවූ සැපද නොවූ හෝ යම් මේ වේදනාවකුත් උපදීද එයද අනිත්‍ය වශයෙන් දන්නහුගේ, දක්නහුගේ සංයෝජනයෝ ප්‍රහීණ වෙත්. මහණ, මෙසේ වනාහි දන්නහුගේ, දක්නහුගේ සංයෝජනයෝ ප්‍රහීණ වෙත්. “මහණ, දිව අනිත්‍ය වශයෙන් දන්නහුගේ, දක්නහුගේ සංයෝජනයෝ ප්‍රහීණ වෙත්. රසයන් අනිත්‍ය වශයෙන් දන්නහුගේ, දක්නහුගේ සංයෝජනයෝ ප්‍රහීණ වෙත්. ජිව්හා විඥානය අනිත්‍ය වශයෙන් දන්නහුගේ, දක්නහුගේ සංයෝජනයෝ ප්‍රහීණ වෙත්. ජිව්හා සම්ඵස්සය අනිත්‍ය වශයෙන් දන්නහුගේ, දක්නහුගේ සංයෝජනයෝ ප්‍රහීණ වෙත්. “ජිව්හා සම්ඵස්සය නිසා සැපවූ හෝ, දුක්වූ හෝ, දුක්ද නොවූ සැපද නොවූ හෝ යම් මේ වේදනාවකුත් උපදීද එයද අනිත්‍ය වශයෙන් දන්නහුගේ, දක්නහුගේ සංයෝජනයෝ ප්‍රහීණ වෙත්. මහණ, මෙසේ වනාහි දන්නහුගේ, දක්නහුගේ සංයෝජනයෝ ප්‍රහීණ වෙත්. “මහණ, කය අනිත්‍ය වශයෙන් දන්නහුගේ, දක්නහුගේ සංයෝජනයෝ ප්‍රහීණ වෙත්. ස්පර්‍ශයන් අනිත්‍ය වශයෙන් දන්නහුගේ, දක්නහුගේ සංයෝජනයෝ ප්‍රහීණ වෙත්. කාය විඥානය අනිත්‍ය වශයෙන් දන්නහුගේ, දක්නහුගේ සංයෝජනයෝ ප්‍රහීණ වෙත්. කාය සම්ඵස්සය අනිත්‍ය වශයෙන් දන්නහුගේ, දක්නහුගේ සංයෝජනයෝ ප්‍රහීණ වෙත්. “කාය සම්ඵස්සය නිසා සැපවූ හෝ, දුක්වූ හෝ, දුක්ද නොවූ සැපද නොවූ හෝ යම් මේ වේදනාවකුත් උපදීද එයද අනිත්‍ය වශයෙන් දන්නහුගේ, දක්නහුගේ සංයෝජනයෝ ප්‍රහීණ වෙත්. මහණ, මෙසේ වනාහි දන්නහුගේ, දක්නහුගේ සංයෝජනයෝ ප්‍රහීණ වෙත්. “මහණ, සිත අනිත්‍ය වශයෙන් දන්නහුගේ, දක්නහුගේ සංයෝජනයෝ ප්‍රහීණ වෙත්. ධර්‍මයන් අනිත්‍ය වශයෙන් දන්නහුගේ, දක්නහුගේ සංයෝජනයෝ ප්‍රහීණ වෙත්. මනෝ විඥානය අනිත්‍ය වශයෙන් දන්නහුගේ, දක්නහුගේ සංයෝජනයෝ ප්‍රහීණ වෙත්. මනෝ සම්ඵස්සය අනිත්‍ය වශයෙන් දන්නහුගේ, දක්නහුගේ සංයෝජනයෝ ප්‍රහීණ වෙත්. මනෝ සම්ඵස්සය නිසා සැපවූ හෝ, දුක්වූ හෝ, දුක්ද නොවූ සැපද නොවූ හෝ යම් මේ වේදනාවකුත් උපදීද එයද අනිත්‍ය වශයෙන් දන්නහුගේ, දක්නහුගේ සංයෝජනයෝ ප්‍රහීණ වෙත්. මහණ, මෙසේ වනාහි දන්නහුගේ, දක්නහුගේ සංයෝජනයෝ ප්‍රහීණ වෙත්” යයි වදාළ සේක.",sin,nadil,sinhala,sinhala
"ඉක්බිති සක්දෙවි රජද, වෙසවුණු මහරජද මහ මුගලන් තෙරුන්වහන්සේ පෙරටුකොට ගෙන විජයොත් පහය යම් තැනක්හිද එතැනට ගියහ. සක්දෙවිඳුගේ පාදපරිචාරිකා ස්ත්‍රීහු දුරින්ම එන්නාවූ මහා මෞද්ගල්‍යායන ස්ථවිරයන් වහන්සේ දුටුවාහුමය, දැක බිය වෙමින්ද, ලජ්ජා වෙමින්ද තම තමන්ගේ කාමරවලට වැදුණාහුය. යම්සේ නම් ලේලිය මාමා දැක බියවේද, ලජ්ජා වේද, එපරිද්දෙන්ම සක්දෙවිඳුගේ පාදපරිචාරිකා ස්ත්‍රීහු දුරින්ම එන්නාවූ මහා මෞද්ගල්‍යායන ස්ථවිරයන් වහන්සේ දැක බිය වෙමින්ද, ලජ්ජා වෙමින්ද තම තමන්ගේ කාමරවලට වැදුණාහුය. ඉක්බිති සක්දෙව්රජද වෙසවුණු රජද මහ මුගලන් තෙරුන් වහන්සේ විජයොත් පහයෙහි සක්මන් කරවත්, හසුරුවත්, “මෞද්ගල්‍යානයන් වහන්ස, විජයොත් පහයෙහි මේ රමණීය බවද බලනු මැනව. මෞද්ගල්‍යායනයන් වහන්ස, වෛජයන්ත ප්‍රාසාදයෙහි මේ රමණීය බවද බලනු මැනව” යි කියමින් ප්‍රාසාදය පෙන්වති. පෙර කළ පින් ඇත්තෙකුට යම්සේ නම්, එසේම මෙය ආයුෂ්මත් කොසියයන්හට හොබනේය. කිසියම් රමණීය බවක් දක්නාවූ මනුෂ්‍යයෝද, මෙසේ කියති. ‘තව්තිසා දෙව්ලොව වැසි දෙවියන්ට සුදුසුය.’ (යනුවෙනි) පෙර කළ පින් ඇත්තෙකුට යම්සේනම් එසේම මෙය ආයුෂ්මත් කොසියන්හට සුදුසුයයි (මුගලන් තෙරුන් වහන්සේ කීහ) ඉක්බිති මහ මුගලන් තෙරුන්වහන්සේට මේ අදහස විය. “මේ දෙවිතෙම ඉතා දැඩිසේ ප්‍රමාදව වෙසෙයි. මම යම්හෙයකින් මේ දෙවියා සංවේගයට පමුණුවන්නෙම් නම් ඉතා යෙහෙක” (කියායි.) ඉක්බිති මහ මුගලන් තෙරණුවෝ යම්සේ විජයොත්පහය පය මාපටැඟිල්ලෙන් ගැසීමෙන් කම්පාවේද, අතිශයින් කම්පාවේද, වෙවුලායාද, එබඳු ඍද්ධියක් කළහ. ඉක්බිති සක්දෙව්රජුද, වෙසෙවුණු රජුද තව්තිසා වැසි දෙවියෝද, ආශ්චර්‍ය්‍ය අද්භූත සිත් ඇත්තෝ වූහ. “යමෙක් වනාහි මේ දිව්‍ය භවනය, පය මාපටැඟිල්ලෙන් කම්පා කෙළේද, විශේෂයෙන් කම්පා කළේද, සෙලවූයේද, පින්වත්නි, ඒකාන්තයෙන් ඒ ශ්‍රමණයාගේ මහත් ඍද්ධි ඇති බව, මහත් අනුභාව ඇතිබව ආශ්චර්‍ය්‍යයි” (කියාය.) ඉක්බිති මහ මුගලන් ස්ථවිරයන් වහන්සේ, සංවෙගයට පැමිණි, ලොමු ඩැහැගත් බවට පැමිණි සක්දෙව්රජු දැන ඔහුට මෙසේ කීහ. “කොසියයෙනි, භාග්‍යවතුන් වහන්සේ තොපට තෘෂ්ණා විමුක්තිය වදාළේ කෙසේද? අපිද ඒ කථාව ඇසීමට කොටස් කාරයෝ වෙමුනම් මැනවි.” (කියායි)",sin,nadil,sinhala,sinhala
"අචරිත්වා බ්‍රහ්මචරියං, අලද්ධා යොබ්බනෙ ධනං; සෙන්ති චාපාතිඛීණාව, පුරාණානි අනුත්ථුනං.",pli,nadil,pali,pali
"‘‘සන්ති, භික්ඛවෙ, එකෙ සමණබ්‍රාහ්මණා පුබ්බන්තකප්පිකා පුබ්බන්තානුදිට්ඨිනො පුබ්බන්තං ආරබ්භ අනෙකවිහිතානි අධිවුත්තිපදානි අභිවදන්ති. ‘සස්සතො අත්තා ච ලොකො ච, ඉදමෙව සච්චං මොඝමඤ්ඤ’න්ති - ඉත්ථෙකෙ අභිවදන්ති, ‘අසස්සතො අත්තා ච ලොකො ච, ඉදමෙව සච්චං මොඝමඤ්ඤ’න්ති - ඉත්ථෙකෙ අභිවදන්ති, ‘සස්සතො ච අසස්සතො ච අත්තා ච ලොකො ච, ඉදමෙව සච්චං මොඝමඤ්ඤ’න්ති - ඉත්ථෙකෙ අභිවදන්ති, ‘නෙවසස්සතො නාසස්සතො අත්තා ච ලොකො ච, ඉදමෙව සච්චං මොඝමඤ්ඤ’න්ති - ඉත්ථෙකෙ අභිවදන්ති, ‘අන්තවා අත්තා ච ලොකො ච, ඉදමෙව සච්චං මොඝමඤ්ඤ’න්ති - ඉත්ථෙකෙ අභිවදන්ති, ‘අනන්තවා අත්තා ච ලොකො ච, ඉදමෙව සච්චං මොඝමඤ්ඤ’න්ති - ඉත්ථෙකෙ අභිවදන්ති, ‘අන්තවා ච අනන්තවා ච අත්තා ච ලොකො ච, ඉදමෙව සච්චං මොඝමඤ්ඤ’න්ති - ඉත්ථෙකෙ අභිවදන්ති, ‘නෙවන්තවා නානන්තවා අත්තා ච ලොකො ච, ඉදමෙව සච්චං මොඝමඤ්ඤ’න්ති - ඉත්ථෙකෙ අභිවදන්ති, ‘එකත්තසඤ්ඤී අත්තා ච ලොකො ච, ඉදමෙව සච්චං මොඝමඤ්ඤ’න්ති - ඉත්ථෙකෙ අභිවදන්ති, ‘නානත්තසඤ්ඤී අත්තා ච ලොකො ච, ඉදමෙව සච්චං මොඝමඤ්ඤ’න්ති - ඉත්ථෙකෙ අභිවදන්ති, ‘පරිත්තසඤ්ඤී අත්තා ච ලොකො ච, ඉදමෙව සච්චං මොඝමඤ්ඤ’න්ති - ඉත්ථෙකෙ අභිවදන්ති, ‘අප්පමාණසඤ්ඤී අත්තා ච ලොකො ච, ඉදමෙව සච්චං මොඝමඤ්ඤ’න්ති - ඉත්ථෙකෙ අභිවදන්ති, ‘එකන්තසුඛී අත්තා ච ලොකො ච, ඉදමෙව සච්චං මොඝමඤ්ඤ’න්ති - ඉත්ථෙකෙ අභිවදන්ති, ‘එකන්තදුක්ඛී අත්තා ච ලොකො ච, ඉදමෙව සච්චං මොඝමඤ්ඤ’න්ති - ඉත්ථෙකෙ අභිවදන්ති, ‘සුඛදුක්ඛී අත්තා ච ලොකො ච, ඉදමෙව සච්චං මොඝමඤ්ඤ’න්ති - ඉත්ථෙකෙ අභිවදන්ති, ‘අදුක්ඛමසුඛී අත්තා ච ලොකො ච, ඉදමෙව සච්චං මොඝමඤ්ඤ’න්ති - ඉත්ථෙකෙ අභිවදන්ති.",pli,nadil,pali,pali
"අට්ඨානතං සඞ්ගණිකාරතස්ස, යං ඵස්සයෙ (ඵුස්සයෙ (ස්‍යා.)) සාමයිකං විමුත්තිං; ආදිච්චබන්ධුස්ස වචො නිසම්ම, එකො චරෙ ඛග්ගවිසාණකප්පො.",pli,nadil,pali,pali
"‘‘න ඉට්ඨකා හොන්ති සිලා චිරෙන (චිරෙනපි (සී. පී.)), න තත්ථ සඤ්ජායති අයො න ලොහං; යඤ්ඤඤ්ච එතං පරිවණ්ණයන්තා, චිත්‍යා කතා යඤ්ඤකරෙහි මාහු.",pli,nadil,pali,pali
“උතුම්වූ සංඝයා කෙරෙහි පිරිකර දෙන්නෙමි. අනුන් විසින් නොදුන් විරූ (දෑ දීමෙහි) ආදි කර්මිකයෙක් වන්නෙමි.,sin,nadil,sinhala,sinhala
"මහාවීරවූ පදුමුත්තර විනයැදුරු (බුදුරද) තෙම බඹහු විසින් අයදනා ලද්දේ, “මිථිලා” නම් උයනෙහිදී දම්සක් පැවැත්වූ සේක.",sin,nadil,sinhala,sinhala
"“නැවත මෙහි විසිතුරු ඉරි ඇති, යහපත් ශබ්ද ඇති පක්ෂිහු ඇත්ද, ඔවුනොවුන් ශබ්ද පවත්වමින් කිරිල්ලියන් සමග සතුටු වෙත්.",sin,nadil,sinhala,sinhala
“පූර්ව ජන්මයෙහි මම මත්තා නම් වීමි. තී තිස්ස නම් විය. තීට සම හිමියෙක් ඇත්තියක් වීමි. පව්කම් කොට මේ මිනිස් ලොවින් ප්‍රේත ලෝකයට පැමිණියා වෙමි.”,sin,nadil,sinhala,sinhala
"පොට්ඨපාද පරිබ්‍රාජක තෙම එහි පැමිණෙන්නාවූ භාග්‍යවතුන් වහන්සේ දුරදීම දුටුයේය. දැක ස්වල්ප ශබ්ද ඇත්තෝ වව්, පින්වත්හු ශබ්ද නොකරව්, මේ ශ්‍රමණ ගෞතම තෙම එයි. ඒ ආයුෂ්මත් තෙම ශබ්දයට නොකමැත්තේ ශබ්ද නොකිරීමෙහි ගුණ කියන ස්වභාවය ඇතිවූයේ වෙයි. පිරිස ශබ්ද රහිත වූවා දැන පැමිණිය යුතුයයි සිතන්නේ නම් යහපතැයි” තමන්ගේ පිරිස හික්මවාලුයේය. මෙසේ කී කල්හි ඒ පරිබ්‍රාජකයෝ නිශ්ශබ්දවූහ.",sin,nadil,sinhala,sinhala
විකසහස්සත්තිසත-චත්තාළීස සම්මිතෙ,pli,nadil,pali,sinhala
11. රාහුල සූත්‍රය,sin,nadil,sinhala,sinhala
"‘‘සින්ධුයා නදියා තීරෙ, චක්කවාකො අහං තදා; සුද්ධසෙවාලභක්ඛොහං, පාපෙසු ච සුසඤ්ඤතො.",pli,nadil,pali,pali
"දසසු ලොකධාතූසු, සන්නිපතිත්වාන දෙවතා; පයිරුපාසන්ති සම්බුද්ධං, වසන්තං නගමුද්ධනි.",pli,nadil,pali,pali
ති අයං වුච්චති අසංහීරොති ආචරියපරම්පරා ඛොපනස්ස සුග්ගහි,pli,nadil,pali,pali
"‘‘පඤ්ඤං ඉමං පස්ස තථාගතානං, අග්ගි යථා පජ්ජලිතො නිසීථෙ; ආලොකදා චක්ඛුදදා භවන්ති, යෙ ආගතානං විනයන්ති කඞ්ඛ’’න්ති. ඉත්ථං සුදං ආයස්මා කඞ්ඛාරෙවතො ථෙරො ගාථං අභාසිත්ථාති.",pli,nadil,pali,pali
"එවං මෙ සුතං - එකං සමයං භගවා සාවත්ථියං විහරති ජෙතවනෙ අනාථපිණ්ඩිකස්ස ආරාමෙ. තත්‍ර ඛො භගවා භික්ඛූ ආමන්තෙසි - ‘‘භික්ඛවො’’ති. ‘‘භදන්තෙ’’ති තෙ භික්ඛූ භගවතො පච්චස්සොසුං. භගවා එතදවොච - ‘‘අධිචිත්තමනුයුත්තෙන, භික්ඛවෙ, භික්ඛුනා පඤ්ච නිමිත්තානි කාලෙන කාලං මනසි කාතබ්බානි. කතමානි පඤ්ච? ඉධ, භික්ඛවෙ, භික්ඛුනො යං නිමිත්තං ආගම්ම යං නිමිත්තං මනසිකරොතො උප්පජ්ජන්ති පාපකා අකුසලා විතක්කා ඡන්දූපසංහිතාපි දොසූපසංහිතාපි මොහූපසංහිතාපි, තෙන, භික්ඛවෙ, භික්ඛුනා තම්හා නිමිත්තා අඤ්ඤං නිමිත්තං මනසි කාතබ්බං කුසලූපසංහිතං. තස්ස තම්හා නිමිත්තා අඤ්ඤං නිමිත්තං මනසිකරොතො කුසලූපසංහිතං යෙ පාපකා අකුසලා විතක්කා ඡන්දූපසංහිතාපි දොසූපසංහිතාපි මොහූපසංහිතාපි තෙ පහීයන්ති තෙ අබ්භත්ථං ගච්ඡන්ති. තෙසං පහානා අජ්ඣත්තමෙව චිත්තං සන්තිට්ඨති සන්නිසීදති එකොදි හොති (එකොදිභොති (ස්‍යා. ක.)) සමාධියති. සෙය්‍යථාපි, භික්ඛවෙ, දක්ඛො පලගණ්ඩො වා පලගණ්ඩන්තෙවාසී වා සුඛුමාය ආණියා ඔළාරිකං ආණිං අභිනිහනෙය්‍ය අභිනීහරෙය්‍ය අභිනිවත්තෙය්‍ය (අභිනිවජ්ජෙය්‍ය (සී. පී.)); එවමෙව ඛො, භික්ඛවෙ, භික්ඛුනො යං නිමිත්තං ආගම්ම යං නිමිත්තං මනසිකරොතො උප්පජ්ජන්ති පාපකා අකුසලා විතක්කා ඡන්දූපසංහිතාපි දොසූපසංහිතාපි මොහූපසංහිතාපි, තෙන, භික්ඛවෙ, භික්ඛුනා තම්හා නිමිත්තා අඤ්ඤං නිමිත්තං මනසි කාතබ්බං කුසලූපසංහිතං. තස්ස තම්හා නිමිත්තා අඤ්ඤං නිමිත්තං මනසිකරොතො කුසලූපසංහිතං යෙ පාපකා අකුසලා විතක්කා ඡන්දූපසංහිතාපි දොසූපසංහිතාපි මොහූපසංහිතාපි තෙ පහීයන්ති තෙ අබ්භත්ථං ගච්ඡන්ති. තෙසං පහානා අජ්ඣත්තමෙව චිත්තං සන්තිට්ඨති සන්නිසීදති එකොදි හොති සමාධියති.",pli,nadil,pali,pali
"“තෙසැත්තෑවන කපෙහි සත් රුවනින් යුත්, මහත් බල ඇති “කෙසර” නම් සක්විති රජකෙනෙක් වීමි.",sin,nadil,sinhala,sinhala
"“එම්බා විධුර පණ්ඩිතය, තොපට යන්ට නොහැකිය මට මෙසේ සිතක් වෙයි. මේ මානවකයා මෙහි කැඳවා ගසා මරා මෙහිම සිටුව. මෙසේ මට කැමති වේ. මහත් ප්‍රඥා ඇති උත්තමය, ඔබ නොයවයි” රජතෙම කීයේය.",sin,nadil,sinhala,sinhala
"[2] කයෙහි කය අනුව බලමින් වාසය කරන්නේ කෙසේද? මේ සස්නෙහි ඇතැම් කෙනෙක් පෘථිවිකාය නිත්‍ය වශයෙන් නොව අනිත්‍ය වශයෙන් නුවණින් ලබයි. සැප වශයෙන් නොව දුක් වශයෙන් නුවණින් බලයි. ආත්ම වශයෙන් නොව අනාත්ම වශයෙන් නුවණින් බලයි. (ii) කලකිරෙයි. සතුටු නොවෙයි, වෙන් වෙයි, නොඇලෙයි, නිරුද්ධ කරයි, නූපදවයි, දුරුකරයි, නොගණියි. (iii) (iv) අනිත්‍ය වශයෙන් බලන්නේ නිත්‍යය යන හැඟීම දුරුකරයි, දුක් වශයෙන් බලන්නේ සැපය යන හැඟීම දුරු කරයි, අනාත්ම වශයෙන් බලන්නේ ආත්මය යන හැඟීම දුරුකරයි, කලකිරෙන්නේ නන්දිරාගය දුරුකරයි, නොඇලෙන්නේ රාගය දුරුකරයි, නිරුද්ධ කරන්නේ හටගැණීම දුරුකරයි, හැර දමන්නේ දැඩිව ගැණීම දුරුකරයි. (v) [3] මේ සත් ආකාරයෙන් කය, නුවණින් බලයි. කය වැටහෙන්නකි, සිහිය නොවේ. සිහිය වැටහෙන්නක් ද සිහිකිරීමක්ද වේ. ඒ සිහියෙන් ඒ නුවණින් ඒ කය මනාකොට බලයි. එහෙයින් කයේ කය අනුව බලන සතිපට්ඨාන භාවනාවයයි කියනු ලැබේ. [4] “භාවනා යන” මෙහි භාවනා සතරකි. එහි උපන් ධර්මයන්ගේ නොඉක්මවීම අර්ථයෙන් වන භාවනාව, ඉන්ද්‍රියයන්ගේ ඒක කෘත්‍යයයන අර්ථයෙන් වන භාවනාව, එය අනුව යන වීර්යය උසුලන අර්ථයෙන් වන භාවනාව ආසේවනාර්ථයෙන් වන භාවනාව යන මොව්හුයි. මේ සස්නෙහි ඇතැම් කෙනෙක් (මේ ශරීරයෙහි දිය කොටස්ද උෂ්ණ කොටස්ද, වායු කොටස්ද, කෙස් සමූහයද ලොම් සමූහයද, සිව් කොටස්ද සම කොටස්ද, මස්සමූහයද, ලේ සමූහයද, නහර සමූහයද, ඇට සමූහයද, ඇට මිදුලු සමූහයද නිත්‍ය වශයෙන් නොව අනිත්‍ය වශයෙන් බලයි. සුබ වශයෙන් නොව දුක් වශයෙන් බලයි. ආත්ම වශයෙන් නොව අනාත්ම වශයෙන් බලයි කලකිරෙයි. සතුටු නොවෙයි, වෙන්වෙයි, නොඇලෙයි, නිරුද්ධ කරයි, නූපදවයි, හැර දමයි, නොගණියි, අනිත්‍ය වශයෙන් බලන්නේ නිත්‍ය සංඥාව දුරුකරයි, දුක් වශයෙන් බලන්නේ සුඛ සංඥාව දුරුකරයි, අනාත්ම වශයෙන් බලන්නේ ආත්ම සංඥාව දුරුකරයි. කලකිරෙන්නේ නන්දිරාගය දුරුකරයි, නොඇලෙන්නේ රාගය දුරුකරයි. නිරුද්ධ කරන්නේ හටගැණීම දුරුකරයි, හැර දමන්නේ දැඩිව ගැණීම දුරුකරයි. මේ සත් ආකාරයෙන් කය නුවණින් බලයි. කය වැටහීමයි සිහිය නොවේ. සිහිය වැටහීමක්ද සිහිකිරීමක්ද වේ. ඒ සිහියෙන් ඒ නුවණින් ඒ කය මනාකොට නුවණින් බලයි. එහෙයින් කයේ කය අනුව බලන සතිපට්ඨාන භාවනාව යයි කියනු ලැබේ. [5] “භාවනාව” යන මෙහි භාවනා සතරකි. (ii) එහි: උපන් ධර්මයන්ගේ නොඉක්මවීම් අර්ථයෙන් වන භාවනාව, ඉන්ද්‍රියයන්ගේ ඒකකෘත්‍යය යන අර්ථයෙන් වන භාවනාව, එය අනුව යන වීර්යය උසුලන යන අර්ථයෙන් වන භාවනාව, අසේවනාර්ථයෙන් වන භාවනාව යන සතරයි. (iii) මෙසේ කයේ කය අනුව බලයි. [6] “වේදනාවෙහි වේදනාව අනුව බලන්නේ කෙසේද? මේ ශාසනයෙහි ඇතැම් පැවිදි කෙනෙක් සුඛ වේදනාව නිත්‍ය වශයෙන් නොව අනිත්‍ය වශයෙන් නුවණින් බලයි. (මෙහි 2 ඡේදයේ (ii) යොදන්න.) හැරදමයි. නොගණියි. අනිත්‍ය වශයෙන් නුවණින් බලන්නේ නිත්‍යය යන හැඟීම දුරුකරයි. අනාත්ම වශයෙන් නුවණින් බලන්නේ ආත්මය යන හැඟීම දුරුකරයි. කලකිරෙන්නේ නන්දිරාගය දුරුකරයි. නොඇලෙන්නේ රාගය දුරුකරයි. නිරුද්ධ කරන්නේ හටගැණීම දුරු කරයි. හැර දමන්නේ දැඩිකොට ගැණීම දුරු කරයි. මේ සත් අයුරින් වේදනාව නුවණින් බලයි. වේදනාව වැටහීමකි. සිහිය නොවේ. සිහිය වැටහීමද සිහියද වේ. ඒ සිහියෙන් ඒ ඥානයෙන් ඒ වේදනාව නුවණින් බලයි. එහෙයින් වේදනාව අනුව බැලීමේ සතිපට්ඨාන භාවනායයි කියනු ලැබේ. [7] “භාවනා යන මෙහි භාවනා සතරකි. (මෙහි 5 (ii) යොදන්න.) මේ ශාසනයෙහි එක් කෙනෙක් දුක වේදනාව (2 ඡේදයේ (ii) යොදන්න.) උපෙක්ෂා වේදනාව (2 ඡේදයේ (ii) යොදන්න.) අරමුණ පිළිබඳ සුඛ වේදනාව (2 ඡේදයේ (ii) යොදන්න.) නිරාමිස සුඛ වේදනාව (2 ඡේදයේ (ii) යොදන්න.) සාමිස දුක් වේදනාව (2 ඡේදයේ (ii) යොදන්න.) නිරාමිස දුක් වේදනාව (2 ඡේදයේ (ii) යොදන්න.) සාමිස උපෙක්ෂා වේදනාව (2 ඡේදයේ (ii) යොදන්න.) ඇස රූපය හා ගැටීමෙන් හටගන්නා වේදනාව (2 ඡේදයේ (ii) යොදන්න.) කණ ශබ්දය හා ගැටීමෙන් හටගන්නා වේදනාව (2 ඡේදයේ (ii) යොදන්න) නාසය සුවඳ හා ගැටීමෙන් හටගන්නා වේදනාව (2 ඡේදයේ (ii) යොදන්න.) දිව රස හා ගැටීමෙන් ඇතිවන වේදනාව (2 ඡේදයේ (ii) යොදන්න.) කය ඕලාරිකරූප හා ගැටීමෙන් ඇතිවන වේදනාව (2 ඡේදයේ (ii) යොදන්න.) හිත ධර්මයන් හා ගැටීමෙන් ඇතිවන වේදනාව නිත්‍ය වශයෙන් නොව අනිත්‍ය වශයෙන් නුවණින් බලයි. (2 ඡේදයේ (ii) යොදන්න.) හැර දමයි ගැණීම නොකරයි. අනිත්‍ය වශයෙන් නුවණින් බලන්නේ නිත්‍යය යන හැඟීම දුරුකරයි. (2 ඡේදයේ (ii) යොදන්න.) හැරදමන්නේ ගැණීම දුරුකරයි. “මේ සත් අයුරින් වේදනාව නුවණින් බලයි. වේදනාව වැටහීමයි. සිහිය නොවේ, සිහිය වැටහීමද, සිහියදවේ. ඒ සිහියෙන් ඒ නුවණින් ඒ වේදනාව නුවණින් බලයි. එහෙයින් වේදනාවන්හි වේදනාව අනුව බලන සතිපට්ඨාන භාවනායයි කියනු ලැබේ. භාවනා යන මෙහි භාවනා සතරකි. (මෙහි 5 (ii) යොදන්න) මෙසේ වේදනාවන්හි වේදනාව අනුව නුවණින් බලයි. [8] “සිතෙහි සිත අනුව බලමින් වාසය කරන්නේ කෙසේද? මේ ශාසනයෙහි එක් කෙනෙක් රාග සහිත සිත නිත්‍ය වශයෙන් නොව අනිත්‍ය වශයෙන් නුවණින් බලයි. (මෙහි 2 ඡේදයේ (iv) යොදන්න) හැරදමයි, ගැණීම නොකරයි, අනිත්‍ය වශයෙන් බලන්නේ නිත්‍යය යන හැඟීම දුරු කරයි. (මෙහි 2 ඡේදයේ (iv) යොදන්න) හැරදමන්නේ ගැණීම දුරු කරයි. මේ සත් අයුරින් සිත අනුව බලයි. සිත වැටහීමයි, සිහිය නොවේ. සිහිය වැටහීමද සිහියදවේ. ඒ සිහියෙන් ඒ නුවණින් ඒ සිත අනුව බලයි. එහෙයින් සිතෙහි සිත අනුව බලන සතිපට්ඨාන භාවනාවයයි කියනු ලැබේ. භාවනා යන මෙහි භාවනා සතරකි. (මෙහි 5 (ii) යොදන්න.) [9] “මේ සස්නෙහි ඇතැම් කෙනෙක් රාග සහිත සිත, රාග රහිත සිත, ද්වේෂ සහිත සිත ද්වේෂ රහිත සිත, මෝහ සහිත සිත, මෝහ රහිත සිත, විසිරුණු සිත, නොවිසිරුණු සිත, මහත්ගත සිත, මහත්ගත නොවන සිත, ලොකොත්තර සිත, ලොකොත්තර නොවූ සිත, එකඟවූ සිත, එකඟ නොවූ සිත, කෙළෙසුන්ගෙන් මිදුණු සිත, නොමිදුණු සිත, චක්ෂුර් විඥානය, සොත විඥානය ඝාණ විඥාණය, ජිව්හා විඥානය, කාය විඥානය, මනො විඥානය, නිත්‍ය වශයෙන් නොව අනිත්‍ය වශයෙන් බලයි (මෙහි 2 ඡේදයේ (ii) යොදන්න) හැරදමයි, ගැණීම නොකරයි. අනිත්‍ය වශයෙන් බලන්නේ නිත්‍යය යන හැඟීම් දුරු කරයි (මෙහි 2 ඡේදයේ (iv) යොදන්න) හැර දමන්නේ ගැණීම දුරු කරයි. මේ සත් අයුරින් සිත අනුව බලයි. සිත වැටහීමයි. සිහිය නොවෙයි, සිහිය වැටහීමද සිහියද වේ. ඒ සිහියෙන් ඒ නුවණින් ඒ සිත නුවණින් බලයි. එබැවින් සිතේ සිත අනුව බැලීමේ සතිපට්ඨාන භාවනාවයයි කියනු ලැබේ. “භාවනා” යන මෙහි භාවනා සතරකි. මෙහි 5 (ii) යොදන්න) ආසේවනාර්ථයෙන් භාවනා නම්වේ. මෙසේ සිතේ සිත අනුව බලමින් වෙසේ. [10] “ධර්මයන්හි ධර්මය අනුව බලමින් වාසය කරන්නේ කෙසේද? මේ “සස්නෙහි ඇතැම් කෙනෙක් කය හැර වේදනා හැර සිත හැර තදවශේෂ (ඉන් ඉතිරිවූ) ධර්මයන් නිත්‍ය වශයෙන් නොවේ. අනිත්‍ය වශයෙන් බලයි. සුව වශයෙන් නොව ‘දුක් වශයෙන් බලයි. ආත්ම වශයෙන් නොව අනාත්ම වශයෙන් බලයි. කළකිරෙයි. සතුටු නොවෙයි. වෙන් වෙයි. නොඇලෙයි. නිරුද්ධ කරයි නූපදවයි. හැරදමයි. නොගනියි. අනිත්‍ය වශයෙන් බලන්නේ නිත්‍ය යන හැඟීමද දුරු කරයි. දුක් වශයෙන් බලන්නේ සැපයයි හැඟීම දුරුකරයි. අනාත්ම වශයෙන් බලන්නේ ආත්මයයි හැඟීම දුරු කරයි. කලකිරෙන්නේ නන්දිරාගය දුරුකරයි. නොඇලෙන්නේ රාගය දුරුකරයි. නිරුද්ධ කරන්නේ සමුදය (හටගැනීම) දුරු කරයි. හැරදමන්නේ ගැණීම දුරු කරයි. මේ සත් අයුරින් ධර්මය අනුව බලයි. ධර්ම වැටහීමයි. සිහිය නොවේ. සිහිය වැටහීමද සිහියදවේ. ඒ සිහියෙන් ඒ නුවණින් ඒ ධර්මයන් අනුව බලයි. එහෙයින් ධර්මයන්හි ධර්මයන් අනුව බලන සතිපට්ඨාන භාවනාවයයි කියනු ලැබේ. “භාවනා යන” මෙහි භාවනා සතරකි. (මෙහි 5 (ii) යොදන්න) ආසේවනාර්ථයෙන් භාවනා නමි. මෙසේ ධර්මයන්හි ධර්මය අනුව බලමින් වාසය කරයි.",sin,nadil,sinhala,sinhala
"“කණිටු ගයා කාශ්‍යප දෙසියයක්ද, මැදිබෑ නදී කාශ්‍යපට තුන්සියයක්ද, මට නොඅඩුවූ පන්සියයක්දැයි (දහසක්වූ) සියළු ශිෂ්‍යයෝ මා අනුව ගියාහුය.",sin,nadil,sinhala,sinhala
"‘‘යො ඛො, රාධ, අනත්තා තත්‍ර තෙ ඡන්දො පහාතබ්බො. කො ච, රාධ, අනත්තා? චක්ඛු ඛො, රාධ, අනත්තා. තත්‍ර තෙ ඡන්දො පහාතබ්බො. රූපා... චක්ඛුවිඤ්ඤාණං... චක්ඛුසම්ඵස්සො... යම්පිදං චක්ඛුසම්ඵස්සපච්චයා...පෙ.... මනො අනත්තා... ධම්මා... මනොවිඤ්ඤාණං... මනොසම්ඵස්සො... යම්පිදං මනොසම්ඵස්සපච්චයා උප්පජ්ජති වෙදයිතං සුඛං වා දුක්ඛං වා අදුක්ඛමසුඛං වා තම්පි අනත්තා. තත්‍ර තෙ ඡන්දො පහාතබ්බො. යො ඛො, රාධ, අනත්තා තත්‍ර තෙ ඡන්දො පහාතබ්බො’’ති. පඤ්චමං.",pli,nadil,pali,pali
"යො පුබ්බෙ කරණීයානි, පච්ඡා සො කාතුමිච්ඡති; වරුණකට්ඨ (වරණකට්ඨ (සී. පී.)) භඤ්ජොව, ස පච්ඡා මනුතප්පතීති.",pli,nadil,pali,pali
"“මහරජ, ඔබගේ යහපත් ඊමකි. තවද ඔබගේ අයහපත් ඊමක් නොවේ. මෙහි පැමිණියාවූ ඔබ අධිපතිවෙහිය. මෙහි යමක් ඔබ කැමැත්තේද, එය කියව",sin,nadil,sinhala,sinhala
"“මින් දෙයානූවන කපෙහි වූ එකල්හි යම් ඡත්‍ර දානයක් දුනිම්ද, (ඒ හේතුවෙන්) දුගතියක් නොදනිමි. ඡත්‍ර දානයාගේ මේ විපාකයයි.",sin,nadil,sinhala,sinhala
"“සුන්‍දර භෝජන නම්වූ, උතුම් ආහාරයවූ, පිණ්ඩපාතයද දුනිමි. එහි බුදුරජාණන් වහන්සේ නවවෙනිකොට ඇති ශ්‍රමණයන් අටනමක් වැළඳවීමි.",sin,nadil,sinhala,sinhala
"“පියතෙම මාගේ අදහස දැන ඕහට පාවා දුන්නේය. මම ඕහට ඉතා විශ්වාසවූ, දයාවත්වූ, හිතවත්වූ තැනැත්තියක් වීමි.",sin,nadil,sinhala,sinhala
"රාගාභිඤ්ඤානුස්සති සූත්‍රය “මහණෙනි, රාගය විශිෂ්ටඥානයෙන් අවබෝධකිරීම පිණිස ධර්‍ම සයක් වැඩිය යුත්තාහ.. “කිනම් සයක්ද යත්? බුදුන් අරමුණු කොට ඇති සිහිය, ධමීය අරමුණු කොට ඇති සිහිය, සංඝයා අරමුණු කොට ඇති සිහිය, ශීලය අරමුණු කොට ඇති සිහිය, ත්‍යාගය අරමුණු කොට ඇති සිහිය, බුදුන් අරමුණු කොට ඇති සිහිය, යන සයයි මහණෙනි, රාගය විශිෂ්ටඥානයෙන් අවබෝධකිරීම පිණිස ධර්‍ම සයක් වැඩිය යුතුය.",sin,nadil,sinhala,sinhala
"‘‘නගරෙ හංසවතියා, වසාමි (අහොසිං (ස්‍යා.)) බ්‍රාහ්මණො අහං; ඡළඞ්ගො නාම නාමෙන, එවංනාමො මහාමුනි.",pli,nadil,pali,pali
"“කවරෙක් අසූචි වළෙන් නැගී බැගෑපත්වම සිටින්නෙහිද පව් කම් ඇත්තා නිසැකව කවරෙක්දැයි තේරුම් ගන්නේද? කිම,",sin,nadil,sinhala,sinhala
"‘‘සත්තපඤ්ඤාසිතො කප්පෙ, බලසෙනසනාමකො; සත්තරතනසම්පන්නො, චක්කවත්තී මහබ්බලො.",pli,nadil,pali,pali
"‘‘භරියාය මං ත්වං අකරි සමඞ්ගිං, අහඤ්ච තෙ විධුර කරොමි කිච්චං; ඉදඤ්ච තෙ මණිරතනං දදාමි, අජ්ජෙව තං කුරුයො පාපයාමි’’.",pli,nadil,pali,pali
"ත්‍රිවිද්‍යාවෙන් හා ෂට් අභිඥාවන්ගෙන් බලයට පැමිණි, තාදී ගුණයෙන් යුත් යහපත් රහතුන්ගෙන් මේ ශාසනය ගැවසී ගත්තේ වී.",sin,nadil,sinhala,sinhala
"එකං සමයං අඤ්ඤතරො භික්ඛු කොසලෙසු විහරති අඤ්ඤතරස්මිං වනසණ්ඩෙ. තෙන ඛො පන සමයෙන සො භික්ඛු යං සුදං පුබ්බෙ අතිවෙලං සජ්ඣායබහුලො විහරති සො අපරෙන සමයෙන අප්පොස්සුක්කො තුණ්හීභූතො සඞ්කසායති. අථ ඛො යා තස්මිං වනසණ්ඩෙ අධිවත්ථා දෙවතා තස්ස භික්ඛුනො ධම්මං අසුණන්තී යෙන සො භික්ඛු තෙනුපසඞ්කමි; උපසඞ්කමිත්වා තං භික්ඛුං ගාථාය අජ්ඣභාසි - ‘‘කස්මා තුවං ධම්මපදානි භික්ඛු, නාධීයසි භික්ඛූහි සංවසන්තො; සුත්වාන ධම්මං ලභතිප්පසාදං, දිට්ඨෙව ධම්මෙ ලභතිප්පසංස’’න්ති. ‘‘අහු පුරෙ ධම්මපදෙසු ඡන්දො, යාව විරාගෙන සමාගමිම්හ; යතො විරාගෙන සමාගමිම්හ, යං කිඤ්චි දිට්ඨංව සුතං මුතං වා; අඤ්ඤාය නික්ඛෙපනමාහු සන්තො’’ති.",pli,nadil,pali,pali
"“මහණෙනි, කරුණු පසකින් යුක්තවූ භික්‍ෂු තෙම තමහට වැඩ පිණිස නොම පිළිපන්නේ වෙයි. අනුන්හට වැඩ පිණිසද නොවේ. “කවර පසකින්ද යත්? මහණෙනි, මේ ශාසනයෙහි භික්‍ෂු තෙමේ ශීලයෙන් යුක්ත නොවේද, අන්‍යයා ශීල සම්පත්තියෙහි සමාදන් නොකරවාද, තෙමේ සමාධියෙන් යුක්ත නොවේද, අන්‍යයා සමාධි සම්පත්තියෙහි සමාදන් නොකරවාද, තෙමේ ප්‍රඥා සම්පත්තියෙන් යුක්ත නොවේද, අන්‍යයා ප්‍රඥා සම්පත්තියෙහි සමාදන් නොකරවාද, තෙමේ විමුක්තියෙන් යුක්ත නොවේද, අන්‍යයා විමුක්ති සම්පත්තියෙහි සමාදන් නොකරවාද, තෙමේ විමුක්ති ඥාන දර්‍ශනයෙන් යුක්ත නොවේද, අන්‍යයා විමුක්ති ඥාන දර්‍ශන සම්පත්තියෙහි සමාදන් නොකරවාද, “මහණෙනි, කරුණු පසකින් යුක්තවූ භික්‍ෂු තෙම තමහට වැඩ පිණිස නොම පිළිපන්නේ වෙයි. අනුන්හට වැඩ පිණිසද නොවේ.",sin,nadil,sinhala,sinhala
(මේ වර්ගයේ 1 වෙනි සූත්‍රයේ ‘අට්ඨික සඤ්ඤාව’ වෙනුවට) ‘උපෙක්ඛා’ (සියළු සත්වයන් කෙරෙහි මැදහත් බව) යෙදිය යුතුයි.,sin,nadil,sinhala,sinhala
"‘‘ජාතිනිරොධා ජරාමරණනිරොධොති ඉති ඛො පනෙතං වුත්තං; ජාතිනිරොධා නු ඛො, භික්ඛවෙ, ජරාමරණනිරොධො, නො වා, කථං වා එත්ථ හොතී’’ති? ‘‘ජාතිනිරොධා, භන්තෙ, ජරාමරණනිරොධො; එවං නො එත්ථ හොති - ජාතිනිරොධා ජරාමරණනිරොධො’’ති. ‘‘භවනිරොධා ජාතිනිරොධොති ඉති ඛො පනෙතං වුත්තං; භවනිරොධා නු ඛො, භික්ඛවෙ, ජාතිනිරොධො, නො වා, කථං වා එත්ථ හොතී’’ති? ‘‘භවනිරොධා, භන්තෙ, ජාතිනිරොධො; එවං නො එත්ථ හොති - භවනිරොධා ජාතිනිරොධො’’ති. ‘‘උපාදානනිරොධා භවනිරොධොති ඉති ඛො පනෙතං වුත්තං; උපාදානනිරොධා නු ඛො, භික්ඛවෙ, භවනිරොධො, නො වා, කථං වා එත්ථ හොතී’’ති? ‘‘උපාදානනිරොධා, භන්තෙ, භවනිරොධො; එවං නො එත්ථ හොති - උපාදානනිරොධා භවනිරොධො’’ති. ‘‘තණ්හානිරොධා උපාදානනිරොධොති ඉති ඛො පනෙතං වුත්තං; තණ්හානිරොධා නු ඛො, භික්ඛවෙ, උපාදානනිරොධො, නො වා, කථං වා එත්ථ හොතී’’ති? ‘‘තණ්හානිරොධා, භන්තෙ, උපාදානනිරොධො; එවං නො එත්ථ හොති - තණ්හානිරොධා උපාදානනිරොධො’’ති. ‘‘වෙදනානිරොධා තණ්හානිරොධොති ඉති ඛො පනෙතං වුත්තං; වෙදනානිරොධා නු ඛො, භික්ඛවෙ, තණ්හානිරොධො, නො වා, කථං වා එත්ථ හොතී’’ති? ‘‘වෙදනානිරොධා, භන්තෙ, තණ්හානිරොධො; එවං නො එත්ථ හොති - වෙදනානිරොධා තණ්හානිරොධො’’ති. ‘‘ඵස්සනිරොධා වෙදනානිරොධොති ඉති ඛො පනෙතං වුත්තං; ඵස්සනිරොධා නු ඛො, භික්ඛවෙ, වෙදනානිරොධො, නො වා, කථං වා එත්ථ හොතී’’ති? ‘‘ඵස්සනිරොධා, භන්තෙ, වෙදනානිරොධො; එවං නො එත්ථ හොති - ඵස්සනිරොධා වෙදනානිරොධො’’ති. ‘‘සළායතනනිරොධා ඵස්සනිරොධොති ඉති ඛො පනෙතං වුත්තං; සළායතනනිරොධා නු ඛො, භික්ඛවෙ, ඵස්සනිරොධො, නො වා , කථං වා එත්ථ හොතීති? සළායතනනිරොධා, භන්තෙ, ඵස්සනිරොධො; එවං නො එත්ථ හොති - සළායතනනිරොධා ඵස්සනිරොධො’’ති. ‘‘නාමරූපනිරොධා සළායතනනිරොධොති ඉති ඛො පනෙතං වුත්තං; නාමරූපනිරොධා නු ඛො, භික්ඛවෙ, සළායතනනිරොධො, නො වා, කථං වා එත්ථ හොතී’’ති? ‘‘නාමරූපනිරොධා, භන්තෙ, සළායතනනිරොධො; එවං නො එත්ථ හොති - නාමරූපනිරොධා සළායතනනිරොධො’’ති. ‘‘විඤ්ඤාණනිරොධා නාමරූපනිරොධොති ඉති ඛො පනෙතං වුත්තං; විඤ්ඤාණනිරොධා නු ඛො, භික්ඛවෙ, නාමරූපනිරොධො, නො වා, කථං වා එත්ථ හොතී’’ති? ‘‘විඤ්ඤාණනිරොධා, භන්තෙ, නාමරූපනිරොධො; එවං නො එත්ථ හොති - විඤ්ඤාණනිරොධා නාමරූපනිරොධො’’ති. ‘‘සඞ්ඛාරනිරොධා විඤ්ඤාණනිරොධොති ඉති ඛො පනෙතං වුත්තං; සඞ්ඛාරනිරොධා නු ඛො, භික්ඛවෙ, විඤ්ඤාණනිරොධො, නො වා, කථං වා එත්ථ හොතී’’ති? ‘‘සඞ්ඛාරනිරොධා, භන්තෙ , විඤ්ඤාණනිරොධො; එවං නො එත්ථ හොති - සඞ්ඛාරනිරොධා විඤ්ඤාණනිරොධො’’ති. ‘‘අවිජ්ජානිරොධා සඞ්ඛාරනිරොධොති ඉති ඛො පනෙතං වුත්තං; අවිජ්ජානිරොධා නු ඛො, භික්ඛවෙ, සඞ්ඛාරනිරොධො, නො වා, කථං වා එත්ථ හොතී’’ති? ‘‘අවිජ්ජානිරොධා, භන්තෙ, සඞ්ඛාරනිරොධො; එවං නො එත්ථ හොති - අවිජ්ජානිරොධා සඞ්ඛාරනිරොධො’’ති.",pli,nadil,pali,pali
"අහං තං තාත යාචාමි, අහං පුත්ත නිවාරයෙ; චිරං තං දට්ඨුමිච්ඡාමි, මා පබ්බජ යුධඤ්චය.",pli,nadil,pali,pali
"“පුත්‍රය, අඥානයා අධික වශයෙන් සේවනය කරන්නහුට අනර්ථයෝ වැඩෙත්. සියලු කල්හි පස මිතුරුවූම අඥානයා හා සමාගමයට නොයව.",sin,nadil,sinhala,sinhala
පබ්බජ්ජං දාපයී භත්‍යා-තස්සායත්‍ය භිවුද්දියා,pli,nadil,pali,sinhala
“භූමින්ධරනම් නාග භවනයෙහි වසන්නාවූ මහත්වූ පවිත්‍රවූ වර්ණයෙන් හා බලයෙන් යුක්තවූ වරුණ නම් නා රජෙක්වේ. ඔහුගේ අනුජාත ධීතෘව හෙතෙම කැමතිවිය. ඒ නාග කන්‍යාතොමෝ ඉරන්දතී නම් වූවාය.,sin,nadil,sinhala,sinhala
"‘‘සුචිණ්ණං මෙ පඤ්චසීලං, භතකෙන තපස්සිනා (විපස්සිනා (සී.)); තෙන සීලෙනහං අජ්ජ, මොචයිං සබ්බබන්ධනා.",pli,nadil,pali,pali
"‘‘සත්ත විඤ්ඤාණට්ඨිතියො. සන්තාවුසො, සත්තා නානත්තකායා නානත්තසඤ්ඤිනො, සෙය්‍යථාපි මනුස්සා එකච්චෙ ච දෙවා එකච්චෙ ච විනිපාතිකා. අයං පඨමා විඤ්ඤාණට්ඨිති. ‘‘සන්තාවුසො, සත්තා නානත්තකායා එකත්තසඤ්ඤිනො සෙය්‍යථාපි දෙවා බ්‍රහ්මකායිකා පඨමාභිනිබ්බත්තා. අයං දුතියා විඤ්ඤාණට්ඨිති. ‘‘සන්තාවුසො, සත්තා එකත්තකායා නානත්තසඤ්ඤිනො සෙය්‍යථාපි දෙවා ආභස්සරා. අයං තතියා විඤ්ඤාණට්ඨිති. ‘‘සන්තාවුසො, සත්තා එකත්තකායා එකත්තසඤ්ඤිනො සෙය්‍යථාපි දෙවා සුභකිණ්හා. අයං චතුත්ථී විඤ්ඤාණට්ඨිති. ‘‘සන්තාවුසො, සත්තා සබ්බසො රූපසඤ්ඤානං සමතික්කමා පටිඝසඤ්ඤානං අත්ථඞ්ගමා නානත්තසඤ්ඤානං අමනසිකාරා ‘අනන්තො ආකාසො’ති ආකාසානඤ්චායතනූපගා. අයං පඤ්චමී විඤ්ඤාණට්ඨිති. ‘‘සන්තාවුසො, සත්තා සබ්බසො ආකාසානඤ්චායතනං සමතික්කම්ම ‘අනන්තං විඤ්ඤාණ’න්ති විඤ්ඤාණඤ්චායතනූපගා. අයං ඡට්ඨී විඤ්ඤාණට්ඨිති. ‘‘සන්තාවුසො , සත්තා සබ්බසො විඤ්ඤාණඤ්චායතනං සමතික්කම්ම ‘නත්ථි කිඤ්චී’ති ආකිඤ්චඤ්ඤායතනූපගා. අයං සත්තමී විඤ්ඤාණට්ඨිති. ‘‘සත්ත පුග්ගලා දක්ඛිණෙය්‍යා - උභතොභාගවිමුත්තො , පඤ්ඤාවිමුත්තො, කායසක්ඛි, දිට්ඨිප්පත්තො, සද්ධාවිමුත්තො, ධම්මානුසාරී, සද්ධානුසාරී. ‘‘සත්ත අනුසයා - කාමරාගානුසයො, පටිඝානුසයො, දිට්ඨානුසයො, විචිකිච්ඡානුසයො, මානානුසයො, භවරාගානුසයො, අවිජ්ජානුසයො. ‘‘සත්ත සඤ්ඤොජනානි - අනුනයසඤ්ඤොජනං (කාමසඤ්ඤොජනං (ස්‍යා. කං.)), පටිඝසඤ්ඤොජනං, දිට්ඨිසඤ්ඤොජනං, විචිකිච්ඡාසඤ්ඤොජනං, මානසඤ්ඤොජනං, භවරාගසඤ්ඤොජනං, අවිජ්ජාසඤ්ඤොජනං. ‘‘සත්ත අධිකරණසමථා - උප්පන්නුප්පන්නානං අධිකරණානං සමථාය වූපසමාය සම්මුඛාවිනයො දාතබ්බො, සතිවිනයො දාතබ්බො, අමූළ්හවිනයො දාතබ්බො, පටිඤ්ඤාය කාරෙතබ්බං, යෙභුය්‍යසිකා, තස්සපාපියසිකා, තිණවත්ථාරකො. ‘‘ඉමෙ ඛො, ආවුසො, තෙන භගවතා ජානතා පස්සතා අරහතා සම්මාසම්බුද්ධෙන සත්ත ධම්මා සම්මදක්ඛාතා; තත්ථ සබ්බෙහෙව සඞ්ගායිතබ්බං...පෙ.... අත්ථාය හිතාය සුඛාය දෙවමනුස්සානං.",pli,nadil,pali,pali
"‘‘කදා නුහං සබ්භි සමාගමෙසු, දිට්ඨො භවෙ ධම්මගරූහි තාදිභි; යාථාවදස්සීහි ජිතින්ද්‍රියෙහි, පධානියො තං නු කදා භවිස්සති.",pli,nadil,pali,pali
‘‘පටිසම්භිදා චතස්සො...පෙ.... කතං බුද්ධස්ස සාසනං’’. ඉත්ථං සුදං ආයස්මා ගණ්ඨිපුප්ඵියො (ගන්ධපුප්ඵියො (ස්‍යා. ක.)) ථෙරො ඉමා ගාථායො අභාසිත්ථාති.,pli,nadil,pali,pali
"‘‘තුම්හෙහි බ්‍රහ්මෙ පකතො, අතිදානෙන ඛත්තියො; ආදාය පුත්තදාරඤ්ච, වඞ්කෙ වසති පබ්බතෙ.",pli,nadil,pali,pali
"‘‘කණිකාරං පුප්ඵිතං දිස්වා, ඔචිනිත්වානහං තදා; තිස්සස්ස අභිරොපෙසිං, ඔඝතිණ්ණස්ස තාදිනො.",pli,nadil,pali,pali
"එවං අසකාන්තෙනපන අවස්සං චෙතයොපරිවට්ටා, උග්ගහෙ",pli,nadil,pali,pali
"තස්ස තෙ පෙමකෙනාහං, අදාසිං වඩ්ඪමොදනං (බද්ධමොදනං (සී. පී.)); සාලීනං විචිතං භත්තං, සුචිං මංසූපසෙචනං.",pli,nadil,pali,pali
"‘‘ඉධ, භික්ඛවෙ, භික්ඛු අඤ්ඤතරං ගාමං උපනිස්සාය විහරති ...පෙ.... අඤ්ඤතරං නිගමං උපනිස්සාය විහරති...පෙ.... අඤ්ඤතරං නගරං උපනිස්සාය විහරති...පෙ.... අඤ්ඤතරං ජනපදං උපනිස්සාය විහරති...පෙ.... අඤ්ඤතරං පුග්ගලං උපනිස්සාය විහරති. තස්ස තං පුග්ගලං උපනිස්සාය විහරතො අනුපට්ඨිතා චෙව සති න උපට්ඨාති, අසමාහිතඤ්ච චිත්තං න සමාධියති, අපරික්ඛීණා ච ආසවා න පරික්ඛයං ගච්ඡන්ති, අනනුප්පත්තඤ්ච අනුත්තරං යොගක්ඛෙමං නානුපාපුණාති. යෙ ච ඛො ඉමෙ පබ්බජිතෙන ජීවිතපරික්ඛාරා සමුදානෙතබ්බා - චීවරපිණ්ඩපාතසෙනාසනගිලානප්පච්චයභෙසජ්ජපරික්ඛාරා - තෙ කසිරෙන සමුදාගච්ඡන්ති. තෙන, භික්ඛවෙ, භික්ඛුනා ඉති පටිසඤ්චික්ඛිතබ්බං - ‘අහං ඛො ඉමං පුග්ගලං උපනිස්සාය විහරාමි. තස්ස මෙ ඉමං පුග්ගලං උපනිස්සාය විහරතො අනුපට්ඨිතා චෙව සති න උපට්ඨාති, අසමාහිතඤ්ච චිත්තං න සමාධියති, අපරික්ඛීණා ච ආසවා න පරික්ඛයං ගච්ඡන්ති, අනනුප්පත්තඤ්ච අනුත්තරං යොගක්ඛෙමං නානුපාපුණාමි. යෙ ච ඛො ඉමෙ පබ්බජිතෙන ජීවිතපරික්ඛාරා සමුදානෙතබ්බා - චීවරපිණ්ඩපාතසෙනාසනගිලානප්පච්චයභෙසජ්ජපරික්ඛාරා - තෙ කසිරෙන සමුදාගච්ඡන්තී’ති. තෙන, භික්ඛවෙ, භික්ඛුනා රත්තිභාගං වා දිවසභාගං වා සො පුග්ගලො අනාපුච්ඡා පක්කමිතබ්බං, නානුබන්ධිතබ්බො.",pli,nadil,pali,pali
"‘‘භවෙ නිබ්බත්තමානම්හි, හොන්ති මෙ වත්ථසම්පදා; ආකාසෙ ඡදනං හොති, වත්ථදානස්සිදං ඵලං.",pli,nadil,pali,pali
"“සෝන” ද, “උපසෝන” ද යන අග්‍ර උපස්ථායයෝ දෙදෙනෙක් වූහ. “නන්‍දා” ද, “සිරිමා” ද යන අග්‍ර උපස්ථායිකාවෝ දෙදෙනෙක් වූහ.",sin,nadil,sinhala,sinhala
"‘‘සෙය්‍යථාපි, භික්ඛවෙ, ආගන්තුකාගාරං. තත්ථ පුරත්ථිමායපි දිසාය ආගන්ත්වා වාසං කප්පෙන්ති, පච්ඡිමායපි දිසාය ආගන්ත්වා වාසං කප්පෙන්ති, උත්තරායපි දිසාය ආගන්ත්වා වාසං කප්පෙන්ති, දක්ඛිණායපි දිසාය ආගන්ත්වා වාසං කප්පෙන්ති, ඛත්තියාපි ආගන්ත්වා වාසං කප්පෙන්ති, බ්‍රාහ්මණාපි ආගන්ත්වා වාසං කප්පෙන්ති, වෙස්සාපි ආගන්ත්වා වාසං කප්පෙන්ති, සුද්දාපි ආගන්ත්වා වාසං කප්පෙන්ති; එවමෙව ඛො, භික්ඛවෙ, භික්ඛු අරියං අට්ඨඞ්ගිකං මග්ගං භාවෙන්තො අරියං අට්ඨඞ්ගිකං මග්ගං බහුලීකරොන්තො යෙ ධම්මා අභිඤ්ඤා පරිඤ්ඤෙය්‍යා, තෙ ධම්මෙ අභිඤ්ඤා පරිජානාති , යෙ ධම්මා අභිඤ්ඤා පහාතබ්බා, තෙ ධම්මෙ අභිඤ්ඤා පජහති, යෙ ධම්මා අභිඤ්ඤා සච්ඡිකාතබ්බා, තෙ ධම්මෙ අභිඤ්ඤා සච්ඡිකරොති, යෙ ධම්මා අභිඤ්ඤා භාවෙතබ්බා, තෙ ධම්මෙ අභිඤ්ඤා භාවෙති. ‘‘කතමෙ ච, භික්ඛවෙ, ධම්මා අභිඤ්ඤා පරිඤ්ඤෙය්‍යා? පඤ්චුපාදානක්ඛන්ධාතිස්ස වචනීයං. කතමෙ පඤ්ච? සෙය්‍යථිදං - රූපුපාදානක්ඛන්ධො...පෙ.... විඤ්ඤාණුපාදානක්ඛන්ධො. ඉමෙ, භික්ඛවෙ, ධම්මා අභිඤ්ඤා පරිඤ්ඤෙය්‍යා. කතමෙ ච, භික්ඛවෙ, ධම්මා අභිඤ්ඤා පහාතබ්බා? අවිජ්ජා ච භවතණ්හා ච - ඉමෙ, භික්ඛවෙ, ධම්මා අභිඤ්ඤා පහාතබ්බා. කතමෙ ච, භික්ඛවෙ, ධම්මා අභිඤ්ඤා සච්ඡිකාතබ්බා? විජ්ජා ච විමුත්ති ච - ඉමෙ, භික්ඛවෙ, ධම්මා අභිඤ්ඤා සච්ඡිකාතබ්බා. කතමෙ ච, භික්ඛවෙ, ධම්මා අභිඤ්ඤා භාවෙතබ්බා? සමථො ච විපස්සනා ච - ඉමෙ, භික්ඛවෙ, ධම්මා අභිඤ්ඤා භාවෙතබ්බා. කථඤ්ච, භික්ඛවෙ, භික්ඛු අරියං අට්ඨඞ්ගිකං මග්ගං භාවෙන්තො අරියං අට්ඨඞ්ගිකං මග්ගං බහුලීකරොන්තො, යෙ ධම්මා අභිඤ්ඤා පරිඤ්ඤෙය්‍යා තෙ ධම්මෙ අභිඤ්ඤා පරිජානාති...පෙ.... යෙ ධම්මා අභිඤ්ඤා භාවෙතබ්බා, තෙ ධම්මෙ අභිඤ්ඤා භාවෙති? ඉධ, භික්ඛවෙ, භික්ඛු සම්මාදිට්ඨිං භාවෙති...පෙ.... සම්මාසමාධිං භාවෙති විවෙකනිස්සිතං විරාගනිස්සිතං නිරොධනිස්සිතං වොස්සග්ගපරිණාමිං...පෙ.... එවං ඛො, භික්ඛවෙ, භික්ඛු අරියං අට්ඨඞ්ගිකං මග්ගං භාවෙන්තො අරියං අට්ඨඞ්ගිකං මග්ගං බහුලීකරොන්තො යෙ ධම්මා අභිඤ්ඤා පරිඤ්ඤෙය්‍යා, තෙ ධම්මෙ අභිඤ්ඤා පරිජානාති, යෙ ධම්මා අභිඤ්ඤා පහාතබ්බා, තෙ ධම්මෙ අභිඤ්ඤා පජහති, යෙ ධම්මා අභිඤ්ඤා සච්ඡිකාතබ්බා, තෙ ධම්මෙ අභිඤ්ඤා සච්ඡිකරොති, යෙ ධම්මා අභිඤ්ඤා භාවෙතබ්බා, තෙ ධම්මෙ අභිඤ්ඤා භාවෙතී’’ති. එකාදසමං.",pli,nadil,pali,pali
"මා විසින් මෙසේ අසන ලදී. එක් කලෙක භාග්‍යවතුන්වහන්සේ සැවැත්නුවර සමීපයෙහිවූ, අනේපිඬු සිටාණන් විසින් කරවන ලද ජේතවනාරාමයෙහි වාසය කරන සේක. එහිදී භාග්‍යවතුන් වහන්සේ ‘මහණෙනි’යි කියා භික්ෂූන් ඇමතූහ. ‘ස්වාමීනි’යි කියා ඒ භික්ෂූහු භාග්‍යවතුන් වහන්සේට උත්තර දුන්හ. (එවිට) භාග්‍යවතුන්වහන්සේ මෙය වදාළසේක. “මහණෙනි, යම්කිසි ශ්‍රමණයෙක් හෝ බ්‍රහ්මණයෙක් හෝ ලාභ, සත්කාර, කීර්ති, ප්‍රශංසාවන්ගේ ආශ්වාදයද, ආදීනවද, නිස්සරණයද ඇතිපරිදි නොදනිත්ද, ලාභ, සත්කාර, කීර්ති, ප්‍රශංසාවන්ගේ ආශ්වාදයද, ආදීනවද, නිස්සරණයද, ඇතිවීම, ඇති පරිදි නොදනිත්ද, ලාභ, සත්කාර කීර්ති, ප්‍රශංසාවගේ ආශ්වාදයද, ආදීනවද, නිස්සරණයද, නැතිවීම, ඇති පරිදි නොදනිත්ද, ලාභ, සත්කාර, කීර්ති, ප්‍රශංසාවන්ගේ ආශ්වාදයද, ආදීනවද, නිස්සරණයද, නැති කිරීමට ගමන් කළයුතු මාර්ගය ඇති පරිදි නොදනිත්ද (ඔවුහු) තමන් දැන, ප්‍රත්‍යක්ෂකොට, ඊට පැමිණ වාසය නොකරත්. “මහණෙනි, යම්කිසි ශ්‍රමණයෙක් හෝ බ්‍රාහ්මණයෙක් හෝ ලාභ, සත්කාර, කීර්ති, ප්‍රශංසාවන්ගේ ආශ්වාදයද, ආදීනවද, නිස්සරණයද ඇති පරිදි දනිත්ද, ලාභ, සත්කාර, කීර්ති, ප්‍රශංසාවන්ගේ ආශ්වාදයද, ආදීනවද, නිස්සරණයද, ඇතිවීම ඇති පරිදි දනිත්ද, ලාභ, සත්කාර, කීර්ති, ප්‍රශංසාවන්ගේ ආශ්වාදයද, ආදීනවද, නිස්සරණයද, නැතිවීම, ඇතිපරිදි දනිත්ද, ලාභ, සත්කාර, කීර්ති, ප්‍රශංසාවන්ගේ ආශ්වාදයද, ආදිනවද, නිස්සරණයද නැතිකිරීමට ගමන් කළයුතු මාර්ගය ඇතිපරිදි දනිත්ද (ඔවුහු) තමන් දැන, ප්‍රත්‍යක්ෂකොට, ඊට පැමිණ වාසය කරත්.” (පස්වෙනි ශ්‍රමණ බ්‍රාහ්මණ සූත්‍රය නිමි.)",sin,nadil,sinhala,sinhala
"‘‘අනුසිට්ඨා මහාවීර, තයා කාරුණිකෙන තෙ; රමන්ති ධම්මරතියා, වසන්ති තව සාසනෙ.",pli,nadil,pali,pali
[කොටසක් අඩුය] පාපමිත්‍රයා විසින් මැඩපැවැත්ම පළමු කොටම පණ්ඩිතතෙම ස්වකීයවූ ඇස් දෙක මෙන් රක්ෂා කරන්නේය.,sin,nadil,sinhala,sinhala
"“මහණෙනි, මේ වනාහි මමයයි ගන්නා වැරදි දැකීම ඉපදීම කරා යන්නාවූ ප්‍රතිපදාව වෙයි. ‘එනම්, මෙය මගේය මෙය මම වෙමි, මෙය මගේ ආත්මයයි, ඇස දකියිද, මෙය මගේය මෙය මම වෙමි, මෙය මගේ ආත්මයයි, රූපයන් දකියිද, මෙය මගේය මෙය මම වෙමි, මෙය මගේ ආත්මයයි, චක්ඛුවිඤ්ඤාණය දකියිද, මෙය මගේය මෙය මම වෙමි, මෙය මගේ ආත්මයයි, චක්ඛුසම්ඵස්සය දකියිද, මෙය මගේය මෙය මම වෙමි, මෙය මගේ ආත්මයයි වේදනාව දකියිද, මෙය මගේය මෙය මම වෙමි, මෙය මගේ ආත්මයයි තණ්හාව දකියිද, “මෙය මගේය, මෙය මම වෙමි, මෙය මගේ ආත්මයයි, කණ දකියිද, මෙය මගේය, මෙය මම වෙමි, මෙය මගේ ආත්මයයි ශබ්දයන් දකියිද, මෙය මගේය, මෙය මම වෙමි, මෙය මගේ ආත්මයයි සොත විඤ්ඤාණය දකියිද, මෙය මගේය, මෙය මම වෙමි, මෙය මගේ ආත්මයයි සොත සම්ඵස්සය දකියිද, මෙය මගේය, මෙය මම වෙමි, මෙය මගේ ආත්මයයි වේදනාව දකියිද, මෙය මගේය, මෙය මම වෙමි, මෙය මගේ ආත්මයයි තණ්හාව දකියිද, “මෙය මගේය, මෙය මම වෙමි, මෙය මගේ ආත්මයයි නාසය දකියිද, මෙය මගේය, මෙය මම වෙමි, මෙය මගේ ආත්මයයි ගන්ධයන් දකියිද, මෙය මගේය, මෙය මම වෙමි, මෙය මගේ ආත්මයයි ඝාණ විඤ්ඤාණය දකියිද, මෙය මගේය, මෙය මම වෙමි, මෙය මගේ ආත්මයයි ඝාණ සම්ඵස්සය දකියිද, මෙය මගේය, මෙය මම වෙමි, මෙය මගේ ආත්මයයි වේදනාව දකියිද, මෙය මගේය, මෙය මම වෙමි, මෙය මගේ ආත්මයයි තණ්හාව දකියිද, “මෙය මගේය, මෙය මම වෙමි, මෙය මාගේ ආත්මයයි, දිව දකියිද, මෙය මගේය, මෙය මම වෙමි, මෙය මගේ ආත්මයයි, රසයන් දකියිද, මෙය මගේය මෙය මම වෙමි, මෙය මගේ ආත්මයයි. ජිව්හාවිඤ්ඤාණය දකියිද, මෙය මගේය මෙය මම වෙමි, මෙය මගේ ආත්මයයි, ජිව්හාසම්ඵස්සය දකියිද, මෙය මගේය, මෙය මම වෙමි, මෙය මගේ ආත්මයයි, වේදනාව දකියිද, මෙය මගේය, මෙය මම වෙමි, මෙය මගේ ආත්මයයි, තණ්හාව දකියිද, “මෙය මගේය මෙය මම වෙමි, මෙය මගේ ආත්මයයි කය දකියිද, මෙය මගේය, මෙය මම වෙමි, මෙය මගේ ආත්මයයි, ප්‍රෂ්ටව්‍යයන් දකියිද, මෙය මගේය මෙය මම වෙමි, මෙය මගේ ආත්මයයි, කායවිඤ්ඤාණය දකියිද, මෙය මගේය මෙය මම වෙමි, මෙය මගේ ආත්මයයි, කායසම්ඵස්සය දකියිද, මෙය මගේය, මෙය මම වෙමි, මෙය මගේ ආත්මයයි, වේදනාව දකියිද, මෙය මගේය මෙය මම වෙමි, මෙය මගේ ආත්මයයි, තණ්හාව දකියිද, “මෙය මගේය, මෙය මම වෙමි, මෙය මගේ ආත්මයයි, සිත දකියිද, මෙය මගේය, මෙය මම වෙමි, මෙය මගේ ආත්මයයි, ධර්මරම්මණයන් දකියිද, මෙය මගේය මෙය මම වෙමි, මෙය මගේ ආත්මයයි, මනොවිඤ්ඤාණය දකියිද, මෙය මගේය මෙය මම වෙමි, මෙය මගේ ආත්මයයි, මනොසම්ඵස්සය දකියිද, මෙය මගේය මෙය මම වෙමි, මෙය මගේ ආත්මයයි, වේදනාව දකියිද, මෙය මගේය මෙය මම වෙමි, මෙය මගේ ආත්මයයි, තණ්හාව දකියිද, යන මේ, මාර්ගයයි, “මහණෙනි, මේ වනාහි මමයයි ගැනීම නිරුද්ධකිරීමේ මාර්ගයවේ. එනම්: මෙය මගේ නොවේය මෙය මම නොවෙමි, මෙය මගේ ආත්මය නොවේයයි, ඇස දකියිද, මෙය මගේ නෙවේය, මෙය මම නොවෙමි, මෙය මගේ ආත්මය නොවේ යයි, රූපයන් දකියිද, මෙය මගේ නොවේය, මෙය මම නොවෙමි, මෙය මගේ ආත්මය නොවේයයි, චක්ඛුවිඤ්ඤාණය දකියිද, මෙය මගේ නොවේය, මෙය මම නොවෙමි, මෙය මගේ ආත්මය නොවේයයි, චක්ඛුසම්ඵස්සය දකියිද, මෙය මගේ නොවේය, මෙය මම නොවෙමි, මෙය මගේ ආත්මය නොවේයයි, වේදනාව දකියිද, මෙය මගේ නොවේය, මෙය මම නොවෙමි, මෙය මගේ ආත්මය නොවේයයි, තණ්හාව දකියිද, “මෙය මගේ නොවේය, මෙය මම නොවෙමි, මෙය මගේ ආත්මය නොවේයයි, කණ දකියිද, මෙය මගේ නොවේය, මෙය මම නොවෙමි, මෙය මගේ ආත්මය නොවේයයි, ශබ්දයන් දකියිද, මෙය මගේ නොවේය, මෙය මම නොවෙමි, මෙය මගේ ආත්මය නෙවේයයි, සොතවිඤ්ඤාණය දකියිද, මෙය මගේ නොවේය, මෙය මම නොවෙමි, මෙය මගේ ආත්මය නොවේයයි, සොතසම්ඵස්සය දකියිද, මෙය මගේ නොවේය, මෙය මම නොවෙමි, මෙය මගේ ආත්මය නොවේයයි, වේදනාව දකියිද, මෙය මගේ නොවේය, මෙය මම නොවෙමි, මෙය මගේ ආත්මය නොවේයයි තණ්හාව දකියිද, “මෙය මගේ නොවේය, මෙය මම නොවෙමි, මෙය මගේ ආත්මය නොවේයයි නාසය දකියිද, මෙය මගේ නොවේය, මෙය මම නොවෙමි, මෙය මගේ ආත්මය නොවේයයි ගන්ධයන් දකියිද, මෙය මගේ නොවේය, මෙය මම නොවෙමි, මෙය මගේ ආත්මය නොවේයයි ඝාණවිඤ්ඤාණය දකියිද, මෙය මගේ නොවේය, මෙය මම නොවෙමි, මෙය මගේ ආත්මය නොවේයයි ඝාණසම්ඵස්සය දකියිද, මෙය මගේ නොවේය, මෙය මම නොවෙමි, මෙය මගේ ආත්මය නොවේයයි, වේදනාව දකියිද, මෙය මගේ නොවේ, මෙය මම නොවෙමි, මෙය මගේ ආත්මය නොවේයයි තණ්හාව දකියිද, “මෙය මගේ නොවේය, මෙය මම නොවෙමි, මෙය මගේ ආත්මය නොවේයයි දිව දකියිද, මෙය මගේ නොවේය, මෙය මම නොවෙමි, මෙය මගේ ආත්මය නොවේයයි රසයන් දකියිද, මෙය මගේ නොවේය, මෙය මම නොවෙමි, මෙය මගේ ආත්මය නෙවේයයි ජිව්හාවිඤ්ඤාණය දකියිද, මෙය මගේ නොවේය, මෙය මම නොවෙමි, මෙය මගේ ආත්මය නොවේයයි ජිව්හාසම්ඵස්සය දකියිද, මෙය මගේ නොවේය, මෙය මම නොවෙමි, මෙය මගේ ආත්මය නොවේයයි වේදනාව දකියිද, මෙය මගේ නොවේය, මෙය මම නොවෙමි, මෙය මගේ ආත්මය නොවේයයි තණ්හාව දකියිද, “මෙය මගේ නොවේය, මෙය මම නොවෙමි, මෙය මගේ ආත්මය නොවේයයි කය දකියිද, මෙය මගේ නොවේය, මෙය මම නොවෙමි, මෙය මගේ ආත්මය නොවේයයි ප්‍රෂ්ටව්‍යයන් දකියිද, මෙය මගේ නොවේය, මෙය මම නොවෙමි, මෙය මගේ ආත්මය නෙවේයයි කායවිඤ්ඤාණය දකියිද, මෙය මගේ නොවේය, මෙය මම නොවෙමි, මෙය මගේ ආත්මය නොවේයයි කායසම්ඵස්සය දකියිද, මෙය මගේ නොවේය, මෙය මම නොවෙමි, මෙය මගේ ආත්මය නොවේයයි වේදනාව දකියිද, මෙය මගේ නොවේ, මෙය මම නොවෙමි, මෙය මගේ ආත්මය නොවේයයි තණ්හාව දකියිද, “මෙය මගේ නොවේය, මෙය මම නොවෙමි, මෙය මගේ ආත්මය නොවේයයි සිත දකියිද, මෙය මගේ නොවේය, මෙය මම නොවෙමි, මෙය මගේ නොවේයයි ධර්මාරම්මණයන් දකියිද, මෙය මගේ නොවේය, මෙය මම නොවෙමි, මෙය මගේ ආත්මය නොවේයයි, මනොවිඤ්ඤාණය දකියිද, මෙය මගේ නොවේය, මෙය මම නොවෙමි, මෙය මගේ ආත්මය නොවේ යයි මනොසම්ඵස්සය දකියිද, මෙය මගේ නොවේ මෙය මම නොවෙමි, මෙය මගේ ආත්මය නොවේයයි වේදනාව දකියිද, මෙය මගේ නොවෙයි, මෙය මම නොවෙමි, මෙය මගේ ආත්මය නොවේයයි තණ්හාව දකියිද යන මේ මාර්ගයයි.",sin,nadil,sinhala,sinhala
"“ස්වාමීනි, මෙසේ කී කල්හි මම ආයුෂ්මත් රෙවතයන්ට මෙසේ කීවෙමි. ‘ඇවැත් රෙවතයෙනි, ආයුෂ්මත් ආනන්ද විසින් ස්වකීය වැටහීම පරිදි ප්‍රකාශ කරන ලද්දේය. එහිලා දැන් අපි ආයුෂ්මත් රෙවත ස්ථවිරයන් විචාරමු. ඇවැත් රෙවතයෙනි, ගොසිංග සාලවනය සිත්කලුය, රාත්‍රිය සඳ පහනින් බබලන්නීය සල්ගස් මුලසිට අග දක්වා පිපී සිටියහ. දිව්‍ය සුගන්ධය වැනි සුවඳ හමයි. ඇවැත් රෙවතයෙනි, කෙබඳු ස්වභාව ඇති භික්ෂුවක් කරණ කොට ගෙන ගොසිංගසාල වනය හොබනේදැ’යි (ඇසීමි.) ස්වාමීනි, මෙසේ ඇසූ කල්හි ආයුෂ්මත් රෙවත තෙමේ මට මෙසේ කීයේය. ඇවත් ශාරීපුත්‍ර ස්ථවිරයෙනි, මේ ශාසනයෙහි භික්ෂුවක් පලසමවත්හි ඇලුනේ, පලසමවත්හි කැමැත්ත ඇත්තේ, තමාගේ හිත සමාධිගත කිරීමෙහි යෙදුනේ පහනොකළ ධ්‍යාන ඇත්තේ, විදර්ශනායෙහි යුක්ත වූයේ ශූන්‍යාගාරයෙහි භාවනාවන් වඩන්නේ වෙයිද, ඇවැත් ශාරීපුත්‍ර ස්ථවිරයෙනි, මෙබඳු භික්ෂුවක් කරණකොටගෙන ගොසිංග සාලවනය හොබනේය’යි (කීය.) ‘ශාරීපුත්‍රය, ඉතා යහපත, ඉතා යහපත. රෙවත මනාව ප්‍රකාශ කරන්නේ මෙසේ ප්‍රකාශ කරන්නේය, ශාරීපුත්‍රය, රෙවත වනාහි පලසමවත්හි ඇළුනේය, පලසමවත්හි කැමැත්ත ඇත්තේය. තමාගේ හිත සමාධිගත කිරීමෙහි යෙදුනේය, පහනොකළ ධ්‍යාන ඇත්තේය, විදර්ශනාවෙන් යුක්තය. ශූන්‍යාගාරයෙහි වඩන භාවනා ඇත්තේය.",sin,nadil,sinhala,sinhala
"“යමෙකුට ආනාපානසති භාවනාව පරිපූර්ණද මනාකොට වඩන ලදද, බුදුන් විසින් දේශනා කරනලද ඒ භාවනාව පිළිවෙළින් පුරුදුකරන ලද්දේද, ඒ යෝගාවචර තෙම උපක්ලේශ රහිත චන්ද්‍රයා මෙන් ලෝකය බබුලුවයි.",sin,nadil,sinhala,sinhala
"‘‘දද්දල්ලමානා ආභෙන්ති (ආභන්ති (ක.)), සමන්තා චතුරො දිසා; ‘තථා භන්තෙ පරක්කම, යථා පානීයං ලභාමසෙ’’ති.",pli,nadil,pali,pali
"‘‘නනු ත්වං සද්දමස්සොසි, යෙ සරං පාතුමාගතා; සීහස්සපි නදන්තස්ස, බ්‍යග්ඝස්ස ච නිකුජ්ජිතං.",pli,nadil,pali,pali
"“ශාරීපුත්‍රය, මාගේ කටුක පැවතුම් මෙසේය. අවුරුදු ගණනක් මුළුල්ලේ බැඳුන දූවිලි ශරීරයෙහි රැස්වී පතුරු සෑදුනේ වෙයි. ශාරීපුත්‍රය, අවුරුදු ගණනක් මුළුල්ලේ පොතු එක්වූ තිඹිරිකණුවක් යම්සේ හටගත් පතුරු ඇත්තේ වේද ශාරීපුත්‍රය, එපරිද්දෙන්ම මාගේ ශාරීරයෙහි අවුරුදු ගණනක් මුළුල්ලේ බැඳුණු දූවිලි ශරීරයෙහි රැස්වී පතුරුසෑදුනේ වෙයි. ශාරීපුත්‍රය, ඒ මට මෙසේ කල්පනා නොවෙයි. මම මේ දූවිලි අතින් පිසදමන්නෙම් නම් අන්කෙනෙක් හෝ අතින් පිස දමන්නාහු නම් ඉතායෙහෙකැයි කියා නොසිතෙයි. ශාරීපුත්‍රය, මේ වනාහි මාගේ කටුක පැවැත්මයි. “ශාරීපුත්‍රය, මාගේ පාපයට පිළිකුල් බව මෙසේ වෙයි. ශාරීපුත්‍රය, ඒ මම සිහි ඇතිවම ඉදිරියට යමි. සිහි ඇතිව පෙරළා එමි. මම නුසුදුසු තැනකට පැමිණීමෙන් කුඩා ප්‍රාණීන් විනාශයට පත් නොකරන්නෙමි කියා දියබින්දුවක්* කෙරෙහිද මාගේ දයාව පැතිර සිටියා වෙයි. ශාරීපුත්‍රය මෙය මාගේ පාපයෙහි පිළිකුල් බව වෙයි. “ශාරීපුත්‍රය, මෙය මාගේ උසස් විවේක බව වේ. ශාරීපුත්‍රය, ඒ මම එක්තරා වනයකට වැද වෙසෙමි. යම් විටක ගොපල්ලෙකු හෝ අවශෙෂ සිවුපාවුන් රකින්නෙකු හෝ තණ ගෙනයන්නෙකු හෝ දර ගෙන යන්නෙකු හෝ වනයේ කටයුතු කරන්නෙකු හෝ දකිම්ද, (එවිට මම) සිටි වනයෙන් අන් වනයකටද ලැහැබින් ලැහැබටද බෑවුමෙන් බෑවුමටද ගොඩින් ගොඩටද පනිමි. ඊට හේතු කවරේද? ඔවුහු මා නොදකිත්වා, මමද ඔවුන් නොදකිම්වා කියා (සිතාගෙනය.) ශාරීපුත්‍රය, යම්සේ වනවැසි මුවෙක් මිනිසුන් දැක වනයෙන් වනයට ලැහැබින් ලැහැබට බෑවුමෙන් බෑවුමට ගොස් පනින්නේද එමෙන් මමද ගොපල්ලෙකු හෝ අවශෙෂ සිවුපාවුන් රකින්නෙකු හෝ තණ ගෙන යන්නෙකු හෝ දර ගෙනයන්නෙකු හෝ වනයේ කටයුතු කරන්නෙකු හෝ දකිම්ද, (එවිට මම) සිටි වනයෙන් අන් වනයකටද ලැහැබින් ලැහැබටද බෑවුමෙන් බෑවුමටද ගොඩින් ගොඩටද පනිමි. ඊට හේතු කවරේද? ඔහු මා නොදකිත්වා, මමද ඔවුන් නොදකිම්වා කියා (සිතාගෙනය) ශාරීපුත්‍රය, මෙය උසස් විවේක ඇති බව වෙයි. “ශාරීපුත්‍රය, ඒ මම නික්මුණු ගවයන් ඇති ගොපළුන් නැති යම් ඒ ගාල් වෙත්ද එහි චතුගුණ්ඩිකව (දෙදණ දෙවැළ මිටි බිම තබා) දෙනුන් වෙතට කිරිබීමට පැමිණෙන්නාවූ බාලවූ වස්සන්ගේ යම් ඒ ගොම ඇත්ද ඒ ගොම අනුභව කරමි. ශාරීපුත්‍රය, මළමුත්‍රකොට අවසානවීමට පෙර තමාගේම මළ මුත්‍ර ගෙන අනුභව කරමි. ශාරීපුත්‍රය, මෙය මාගේ විශේෂ මහත් භෝජනය වෙයි. * ඒ තාපසයෝ වතුර බිංදු ගල්කැට ආදියත් කුඩා ප්‍රාණීන් මෙන් සලකති.",sin,nadil,sinhala,sinhala
එකූනපඤ්ඤාසමිතෙ - මරම්ම විසයං ගතො,pli,nadil,pali,pali
"උපසඞ්කමන්තො නරාසභං, තස්ස යො අග්ගසාවකො; චතූහි සතසහස්සෙහි, සම්බුද්ධං උපසඞ්කමි.",pli,nadil,pali,pali
“තවද කටයුත්තක් ඇතිවූ කල්හි මුල සහිතවද උදුරන්නේයයි ඔබ කියන්නෙහිය. මටද මාර්ගොපකරණයෙන් ප්‍රයෝජන ඇත්තේ විය.,sin,nadil,sinhala,sinhala
“සඳුන් සුවඳ විලවුන් ගල්වන ලද සිරුරු ඇති දෙවඟනෝ විමන (ඇතුලත පිටත) දෙපසින් හොබවත්. ඒ විමන හිරු මඬලක්සේ පෙනෙයි. දෙව්ලොවට පැමිණි කවරෙක් (මේ) විමනෙහි සතුටු වේද?”,sin,nadil,sinhala,sinhala
“ලාභාදීන්ට උත්පත්තිස්ථානවූ සිල් ඇත්තාවූ දුශ්ශීල පුද්ගලයන් සේවනය කරන්නාවූ කලකිරී කටයුතු කිරීම ඇත්තාවූ පුද්ගලයාගේ කර්මවල අර්ථය මනාකොට විපාක නොදේ.,sin,nadil,sinhala,sinhala
කල්‍යාණි සීමායං සාධු - ලභිත්වානුපසම්පදං,pli,nadil,pali,pali
"එම්බා ලිහිණිය, ඉදින් මස් කැමැත්තෙහි නම් පුෂ්පවතී නුවරට පූර්ව දිශාවෙහිවූ යාගාවාටයට යව. මෙහි ඛණ්ඩහාලගේ වචනයෙන් මුළාවූ ඒකරාජ නම් රජතෙම සිටුවරුන් සතර දෙන මරා යාග කරයි.",sin,nadil,sinhala,sinhala
"“මින් එක් අනූවන කපෙහි වූ එකල්හි යම් පාවහන් දෙකක් දුනිම්ද, (ඒ හේතුවෙන්) දුගතියක් නොදනිමි. පාවහන් දනෙහි මේ විපාකයයි.",sin,nadil,sinhala,sinhala
“නොයෙක් ආකාරයෙන් බොහෝදෙනාට මා විසින් දානය දෙනලදී. ශ්‍රමණයෝද බ්‍රාහ්මණයෝද සන්තර්පනය කරණ ලදහ. පරලොවට යන්නාවූ මාර්ගය පිරිසිදු කරණලදී. එහෙයින් ධර්මයෙහි පිහිටියාවූ මාවැනි කවරෙක් නම් මරණයට බිය වන්නේද?,sin,nadil,sinhala,sinhala
"‘‘නිපතන්ති ඛණාතීතා, අනන්තෙ දුක්ඛසාගරෙ; තස්මා පයොගො කත්තබ්බො, යාව ඨාති මුනෙ මතං (යාව තිට්ඨති සාසනං (ස්‍යා.)).",pli,nadil,pali,pali
"තිට්ඨන්තෙ නො මහාරාජෙ, අදු (ආදු (සී. පී.), ආදූ (ස්‍යා.)) දෙවෙ දිවඞ්ගතෙ; ඤාතී තං සමනුඤ්ඤිංසු, සම්පස්සං අත්ථමත්තනො.",pli,nadil,pali,pali
"‘‘චත්තාරිමානි , භික්ඛවෙ, බලානි. කතමානි චත්තාරි? පටිසඞ්ඛානබලං, භාවනාබලං, අනවජ්ජබලං, සඞ්ගහබලං - ඉමානි ඛො, භික්ඛවෙ, චත්තාරි බලානී’’ති. පඤ්චමං.",pli,nadil,pali,pali
"“උතුම්වූ සුවඳද, මල්ද, (වත්) සුණුද, විලවුන්ද (යන) මේ සියල්ල ලබමි. උපොසථ කර්‍මයාගේ මේ විපාකයයි.",sin,nadil,sinhala,sinhala
දෙවියෙක් ගාන්ධර්වයෙක් ඔව්හු හා සමග මාරයාද එබඳු සත්වයාගේ දිනීම පැරදීමක් නොකරන්නේය.,sin,nadil,sinhala,sinhala
"එක් කාලයෙක්හි භාග්‍යවතුන් වහන්සේ සැවැත්නුවර සමීපයෙහි, අනේපිඬු මහ සිටාණන් විසින් කරවන ලද, ජේතවනාරාමයෙහි වාසය කරණ සේක. එකල්හි, මල්ලිකාදේවී තොමෝ, භාග්‍යවතුන් වහන්සේ යම් තැනෙක්හිද, එහි පැමිණියාය. පැමිණ, භාග්‍යවතුන් වහන්සේ වැඳ එකත්පසෙක සිටියාය. එකත්පසෙක සිටි මල්ලිකාදේවී තොමෝ, භාග්‍යවතුන් වහන්සේට, “ස්වාමීනි, යම් කරුණකින් මේ ලෝකයෙහි ඇතැම් ස්ත්‍රියක්, “දුර්‍වර්‍ණ වේද, නපුරු ස්වරූපද, දක්නට පවිටුද, දිළිඳු වේද, ස්වකීය ධන ධාන්‍ය නැද්ද, උපභොග පරිභොග වස්තු නැද්ද, ස්වල්ප පිරිවරද, “මීට හේතු කවරේද, මීට ප්‍රත්‍යය කවරේද?” “ස්වාමීනි, යම් කාරණයකින් මේ ලෝකයෙහි ඇතැම් ස්ත්‍රියක්, “දුර්‍වර්‍ණ වේද, නපුරු ස්වරූපද, දක්නට පවිටුද, වස්තුවෙන් ආඪ්‍යද, ධන ධාන්‍ය ඇද්ද, උපභොග පරිභොග වස්තු ඇද්ද, මහත් පිරිවරද ඇත්තේ වේද, “මීට හේතු කවරේද, මීට ප්‍රත්‍යය කවරේද?” “ස්වාමීනි, යම් කාරණයකින් මේ ලෝකයෙහි ඇතැම් ස්ත්‍රියක්, “මනා රූප ඇත්තේ වේද, දැකුමට ප්‍රියද, සතුට එලවයිද, ශ්‍රේෂ්ඨ වර්‍ණයෙන්, සෞන්‍දර්‍ය්‍යයෙන් යුක්තද, දිළිඳු වේද, ධන ධාන්‍ය රහිතද, භොග නැත්තේද, මහා බලවන්තියක් නොවේද, “ඊට හේතු කවරේද, ඊට ප්‍රත්‍යය කවරේද? ස්වාමීනි, යම් කරුණකින් මේ ලෝකයෙහි ඇතැම් ස්ත්‍රියක්, “යහපත් රූප ඇත්තේ වේද, දැකුමට ප්‍රියද, සතුට එලවයිද, ශ්‍රේෂ්ඨ වර්‍ණසෞන්‍දර්‍ය්‍යයෙන් යුක්තද, ධන ධාන්‍ය බොහෝ ඇත්තේද, මහත් ධන ඇත්තේද, මහත් භොග ඇත්තේද, බොහෝ පිරිවර ඇත්තේද, “මීට හේතු කවරේද, ප්‍රත්‍යය කවරේද?” “මල්ලිකාව, මේ ලෝකයෙහි ඇතැම් ස්ත්‍රියක් ක්‍රොධ කරන්නී වේද, කිපීම බහුලකොට ඇත්තී වේද, ස්වල්පයක් කියන ලද්දීම ලැගෙයිද, කිපෙයිද, නීයමභාවය අත්හරියිද, තද බවට පැමිණෙයිද, කොපයද, ද්වේෂයද, නොසතුටද පහළ කරයිද, “ඕතොමෝ ශ්‍රමණයන්ට හෝ බ්‍රාහ්මණයන්ට හෝ ආහාරපාන, වස්ත්‍ර, යානා, මල්ගඳ, විලවුන්, සයන, ආවාස, ප්‍රදීප නොදෙන්නී වේද, ඊර්‍ෂ්‍යයාවෙන් යුත් සිත් ඇත්තී වේද, අනුන්ගේ ලාභ, සත්කාර, ගරුකාර, සැළකිලි, වැඳීම්, පූජාවන්හි ඊර්‍ෂ්‍යාකරයිද, තරහවේද, ඊර්‍ෂ්‍යාව බඳීද, “ඕතොමෝ ඉදින් ඉන් චුතවූයේ, මේ ආත්ම භාවයට පැමිණේද, ඕ තොමෝ යම් යම් තැනෙක්හි උපදීද, දුර්‍වර්‍ණ වේද, නපුරු ස්වරූපද, දක්නට පවිටුද, දිළිඳු වේද, ස්වකීය ධන ධාන්‍ය නැද්ද, උපභොග පරිභොග වස්තු නැද්ද, ස්වල්ප පිරිවරද, “මල්ලිකාව, මේ ලෝකයෙහි ඇතැම් ස්ත්‍රියක් ක්‍රොධ කරන්නී වේද, කිපීම බහුලකොට ඇත්තී වේද, ස්වල්පයක් කියන ලද්දීම ලැගෙයිද, කිපෙයිද, නීයමභාවය අත්හරියිද, තද බවට පැමිණෙයිද, කොපයද, ද්වේෂයද, නොසතුටද පහළ කරයිද, ‘ඕතොමෝ ශ්‍රමණයන්ට හෝ බ්‍රාහ්මණයන්ට හෝ ආහාරපාන, වස්ත්‍ර, යානා, මල්, ගඳවිලවුන්, සයන, ආවාස, ප්‍රදීප දෙන්නී වේද, ඊර්‍ෂ්‍යයාවෙන් යුත් සිත් නැත්තේ වේද, අනුන්ගේ ලාභ, සත්කාර, ගරුකාර, සැළකිලි, වැඳීම්, පූජාවන්හි ඊර්‍ෂ්‍යා නොකරයිද, ද්වේෂ නොවේද, ඊර්‍ෂ්‍යාව නොබඳීද, “ඕතොමෝ ඉදින් ඉන් චුතවූයේ, මේ ආත්ම භාවයට පැමිණේද, ඕ තොමෝ යම් යම් තැනෙක්හි උපදීද, දුර්‍වර්‍ණ වේද, නපුරු ස්වරූපද, දක්නට පවිටුද, වස්තුවෙන් ආඪ්‍යද, ධන ධාන්‍ය ඇද්ද, උපභොග පරිභොග වස්තු ඇද්ද, මහත් පිරිවරද ඇත්තේ වේද, “මල්ලිකාව, මේ ලෝකයෙහි ඇතැම් ස්ත්‍රියක් ක්‍රොධ නොකරන්නී වේද, ක්‍රොධ බහුලකොට නැත්තේ, බොහෝ කීවත් නොලැගෙයිද, නොකිපෙයිද, ප්‍රකෘතිභාවය අත් නොහරියිද, තද බවට නොපැමිණෙයිද, කොපයද, ද්වේෂයද, නොසතුටද ප්‍රකාශ කරයිද, ‘ඕතොමෝ ශ්‍රමණයෙකුට හෝ බ්‍රාහ්මණයෙකුට හෝ ආහාරපාන, වස්ත්‍ර, යානා, මල්, ගඳවිලවුන්, සයන, ආවාස, ප්‍රදීප නොදෙන්නී වේද, ඊර්‍ෂ්‍යයාවෙන් යුත් සිත් ඇත්තේ වේද, අනුන්ගේ ලාභ, සත්කාර, ගරුකාර, සැළකිලි, වැඳීම්, පූජාවන්හි ඊර්‍ෂ්‍යා කරයිද, ප්‍රදූශ්‍ය වෙයිද, ඊර්‍ෂ්‍යාව බඳියිද, “ඕතොමෝ ඉදින් ඉන් චුතවූවා, මේ ආත්ම භාවයට පැමිණේද, ඕ තොමෝ යම් යම් තැනෙක්හි උපදීද, මනා රූ ඇත්තේ වෙයි. දැකුමට ප්‍රියය. ප්‍රසාද එළවයි, ශ්‍රේෂ්ඨ වර්‍ණ සෞන්‍දර්‍ය්‍යයෙන් යුක්ත වෙයි. දිළිඳු වෙයි. තමාගේයයි කියා යමක් නැත්තේ, භොග නැත්තේ, පිරිවර නැත්තේ වෙයි. “මල්ලිකාව, මේ ලෝකයෙහි ඇතැම් ස්ත්‍රියක් ක්‍රොධ නොකරන්නී වේද, ක්‍රොධ බහුලකොට නැත්තේ, බොහෝ කීවත් නොලැගෙයිද, නොකිපෙයිද, ප්‍රකෘතිභාවය අත් නොහරියිද, තද බවට නොපැමිණෙයිද, කොපයද, ද්වේෂයද, නොසතුටද ප්‍රකාශ කරයිද, “ඕතොමෝ ශ්‍රමණයෙකුට හෝ බ්‍රාහ්මණයෙකුට හෝ ආහාරපාන, වස්ත්‍ර, යානා, මල්, ගඳවිලවුන්, සයන, ආවාස, ප්‍රදීප දෙන්නී වේද, ඊර්‍ෂ්‍යයාවෙන් යුත් සිත් නැත්තේ වේද, අනුන්ගේ ලාභ, සත්කාර, ගරුකාර, සැළකිලි, වැඳීම්, පූජාවන්හි ඊර්‍ෂ්‍යා නොකරයිද, කෝප නොවෙයිද, ඊර්‍ෂ්‍යාව නොබඳියිද, “ඕතොමෝ ඉදින් ඉන් චුතවූවා, මේ ආත්ම භාවයට පැමිණේද, ඕ තොමෝ යම් යම් තැනෙක්හි උපදීද, මනා රූ ඇත්තේ වෙයි. දැකුමට ප්‍රියය. ප්‍රසාද එළවයි, ශ්‍රේෂ්ඨ වර්‍ණ සෞන්‍දර්‍ය්‍යයෙන් යුක්ත වෙයි. ධන ධාණ්‍යයෙන් ආඪ්‍යවේ. මහත් ධන ඇත්තේද, මහත් භෝග ඇත්තේද, බොහෝ පිරිවර ඇත්තේද වේ. “මල්ලිකාව, යම් කරුණකින් මේ ලෝකයෙහි ඇතැම් ස්ත්‍රියක්, දුර්‍වර්‍ණ වේද, නපුරු ස්වරූපද, දක්නට පවිටුද, දිළිඳු වේද, ස්වකීය ධන ධාන්‍ය නැද්ද, උපභොග පරිභොග වස්තු නැද්ද, ස්වල්ප පිරිවරද, මේ ඊට හේතුය, මේ ඊට ප්‍රත්‍යය. “මල්ලිකාව, යම් කාරණයකින් මේ ලෝකයෙහි ඇතැම් ස්ත්‍රියක්, දුර්‍වර්‍ණ වේද, නපුරු ස්වරූපද, දක්නට පවිටුද, වස්තුවෙන් ආඪ්‍යද, ධන ධාන්‍ය ඇද්ද, උපභොග පරිභොග වස්තු ඇද්ද, මහත් පිරිවරද ඇත්තේ වේද, මේ ඊට හේතුය, මේ ඊට ප්‍රත්‍යය. “මල්ලිකාව, යම් කාරණයකින් මේ ලෝකයෙහි ඇතැම් ස්ත්‍රියක්, ‘මනා රූප ඇත්තේ වේද, දැකුමට ප්‍රියද, සතුට එලවයිද, ශ්‍රේෂ්ඨ වර්‍ණයෙන්, සෞන්‍දර්‍ය්‍යයෙන් යුක්තද, දිළිඳු වේද, ධන ධාන්‍ය රහිතද, භොග නැත්තේද, මහා බලවන්තියක් නොවේද, මේ ඊට හේතුය, මේ ඊට ප්‍රත්‍යය. “මල්ලිකාව, මේ ලෝකයෙහි ඇතැම් ස්ත්‍රියක් යහපත් රූප ඇත්තේ වේද, දැකුමට ප්‍රියද, සතුට එලවයිද, ශ්‍රේෂ්ඨ වර්‍ණසෞන්‍දර්‍ය්‍යයෙන් යුක්තද, ධන ධාන්‍ය බොහෝ ඇත්තේද, මහත් ධන ඇත්තේද, මහත් භොග ඇත්තේද, බොහෝ පිරිවර ඇත්තේද, මේ ඊට හේතුය. මේ ඊට ප්‍රත්‍යය. මෙසේ වදාළ කල්හි මල්ලිකා දේවී තොමෝ භාග්‍යවතුන් වහන්සේට, “ස්වාමීනි, ඒකාන්තයෙන් මම අන් ජාතියක ක්‍රොධ ඇත්තියක් වූයෙම්ද, දැඩි ආයාස බහුතකොට ඇත්තී, ස්වල්පයක් කියන ලද්දීම හැපුනෙම්ද, කිපුනෙම්ද, ප්‍රකෘතිභාවය අත්හළෙම්ද, තද බවට පැමිණියෙම්ද, කොපයද, ද්වේෂයද, නොසතුටද, ප්‍රකාශ කෙළෙම්ද වෙමි. ස්වාමීනි, ඒ මම දැන් නපුරු වර්‍ණ ඇත්තී, නපුරු රූප ඇත්තී, දැකීමට නපුරු වූයෙම්ද වෙමි. ස්වාමීනි, ඒ මම ඒකාන්තයෙන් අන් ජාතියෙක්හි, ශ්‍රමණයෙකුට හෝ බ්‍රාහ්මණයෙකුට හෝ ආහාරපාන, වස්ත්‍ර, යානා, මල්, ගඳවිලවුන්, සයන, ආවාස, ප්‍රදීප දුන්නෙමි. ස්වාමීනි, ඒ මම දැන් ධන ධාන්‍යයෙන් ආඪ්‍යවූයේ, මහත් ධන ඇත්තේ, මහත් භෝග ඇත්තේ වෙමි. “ස්වාමීනි, ඒකාන්තයෙන් මම අනික් ජාතියෙක්හි ඊර්‍ෂ්‍යාවෙන් යුත් සිත් නැත්තේ වීමි. අනුන්ගේ ලාභ, සත්කාර, ගරුකාර, සැළකිලි, වැඳීම්, පූජාවන්හි ඊර්‍ෂ්‍යා නොකෙළෙමි. ප්‍රදුෂ්‍ය නොවීමි. ඊර්‍ෂ්‍යාව නොබැන්දෙමි. ස්වාමීනි, ඒ මම දැන් මහත් පිරිවර ඇත්තෙමි. ස්වාමීනි, මේ රජගෙදර ක්‍ෂත්‍රිය කන්‍යාවෝද, බ්‍රාහ්මණ කන්‍යාවෝද, ගෘහපති කන්‍යාවෝද ඇත්තාහ. මම ඔවුන්ට අධිපතිකම් කරමි. “ස්වාමීනි, ඒ මම අද සිට ක්‍රෝධ නොකරන්නේ වන්නෙමි. දැඩි කෝප බහුලකොට නැත්තේ, බොහෝ කියන ලද්දේද නොලැඟෙන්නෙමි. නොකිපෙන්නමේ. ප්‍රකෘතිභාවය නොහරින්නෙමි. තද බවට නොපැමිණෙන්නෙමි. කෝපයද, ද්වේෂයද, නොසතුටද පහළ නොකරන්නෙමි ශ්‍රමණයන්ට, බ්‍රාහ්මණයන්ට ආහාරපාන, වස්ත්‍ර, යානා, මල්, ගඳ විලවුන්, සයන, ආවාස, ප්‍රදීප දෙන්නෙමි. ඊර්‍ෂ්‍යාවෙන් යුත් සිත් නැත්තේ වන්නෙමි. අනුන්ගේ ලාභ සත්කාර, ගරුකාර, සැලකිලි, වැඳීම්, පූජාවන්හි ඊර්‍ෂ්‍යා නොකරන්නෙමි. ප්‍රදුෂ්‍ය නොවෙමි. ඊර්‍ෂ්‍යාව නොබඳිමි. “භවත් ගෞතමයන් වහන්ස, ඉතා යහපති. භවත් ගෞතමයන් වහන්ස, යම් සේ යටිකුරු කරණ ලද්දක් උඩුකුරු කරන්නේද, වැසුණු දෙයක් විවෘත කරන්නේද, මංමුලා වූවෙකුට මාර්ගය කියන්නේද, ඇස් ඇත්තෝ රූප දකිත්වායි අඳුරෙහි තෙල් පහනක් දරන්නේද, එසේම භවත් ගෞතමයන් වහන්සේ විසින් අනේක ප්‍රකාරයෙන් ධර්මය ප්‍රකාශ කරණ ලදී. ඒ මම භවත් ගෞතමයන් වහන්සේ සරණ යමි. ධර්මයද, භික්‍ෂු සංඝයාද සරණ යමි. අද සිට දිවි හිම් කොට සරණ ගිය උපාසිකාවක් කොට භවත් ගෞතමයන් වහන්සේ මා දරාවා.”",sin,nadil,sinhala,sinhala
"‘‘තදාහං හංසවතියං, ජාතොමච්චකුලෙ අහුං; පාසාදිකො දස්සනියො, පහූතධනධඤ්ඤවා.",pli,nadil,pali,pali
"“එම්බා අරක්කැමිය, තෝ කුමක් හෙයින් මෙබඳුවූ ඉතා දරුණු කම් කරන්නෙහිද? මුළාව ස්ත්‍රීන්ද පුරුෂයන්ද නසන්නෙහිය. මෙය මස හේතුකොටගෙණද නොහොත් ධනය හේතුකොට කොටගෙණදැයි” සේනාපතිතෙම ඇසීය.",sin,nadil,sinhala,sinhala
"අභිඤ්ඤාවෙන් බලයට පැමිණි භවයක් පාසා නොපැමිණි, සැට ලක්‍ෂයක් රහත් භික්‍ෂූහු පළමුවර රැස්වූහ.",sin,nadil,sinhala,sinhala
"“මහණෙනි, කරුණු සයක් හැර නොදමා, මිනිස්බව ඉක්මවූ, ආර්යභාවය ගෙනදීමට සමර්ත්‍ථ නුවණ කොටස අත්කරන්නට නොහැකිය. “කවර සයක්ද යත්? සිහි මුළාව, විමසීමේ නුවණ නැති බව, ඉඳුරන්හි දොර නොවැසීම, කෑමෙහි පමණ නොදන්නා බව, වඤ්චාව, චාටු කථාවය. මහණෙනි, කරුණු සයක් හැර නොදමා, මිනිස්බව ඉක්මවූ, ආර්යභාවය ගෙනදීමට සමර්ත්‍ථ නුවණ කොටස අත්කරන්නට නොහැකිය. “මහණෙනි, කරුණු සයක් හැර දමා, මිනිස්බව ඉක්මවූ, ආර්යභාවය ගෙනදීමට සමර්ත්‍ථ නුවණ කොටස අත්කරන්නට හැකි වෙයි. “කවර සයක්ද යත්? සිහි මුළාව, විමසීමේ නුවණ නැති බව, ඉඳුරන්හි දොර නොවැසීම, කෑමෙහි පමණ නොදන්නා බව, වඤ්චාව, චාටු කථාවය. මහණෙනි, කරුණු සයක් හැර දමා, මිනිස්බව ඉක්මවූ, ආර්යභාවය ගෙනදීමට සමර්ත්‍ථ නුවණ කොටස අත්කරන්නට හැකි වෙයි.",sin,nadil,sinhala,sinhala
"“වනයෙහි වාසය කරන්නාවූ නුඹවහන්සේට කිනම් ඇල්මක්ද, ශ්‍රේෂ්ඨ ඍෂිවරය, විචාරණලද්ද කියනු මැනව. නුඹවහන්සේගේ වචන මාර්ගය අසා තේරුම් ඇති ධර්ම පදයක හැසිරෙමි.”",sin,nadil,sinhala,sinhala
සත්වයන්ගේ ආසය අනුසය දන්නා ඤාණය,sin,nadil,sinhala,sinhala
“මව් මැරූ ඔහුට ස්වකීය ශරීරයෙන් වැගිරෙන්නාවූ තමාගෙන්ම හටගත්තාවූ රුධිරය රත්වූ දියව ගියාවූ තඹ ලෝදිය මෙන් පොවත්.,sin,nadil,sinhala,sinhala
“මෙහි කල්‍යාණ මිත්‍ර ආශ්‍රයෙන් ශික්ෂා සමාදානය ලැබ ගුරුන්ට කීකරුව වෙසේ නම් මෙය ශ්‍රමණයාට සුදුසු වෙයි.,sin,nadil,sinhala,sinhala
"යස්සාසවා පරික්ඛීණා, ආහාරෙ ච අනිස්සිතො; සුඤ්ඤතො අනිමිත්තො ච, විමොක්ඛො යස්ස ගොචරො; ආකාසෙ ව සකුන්තානං, පදං තස්ස දුරන්නයං.",pli,nadil,pali,pali
"“සත්වාවාස (සත්වයන් වාසය කරණ ස්ථාන) නවයක් වෙත්. නොයෙක් ශරීර ඇති නොයෙක් ප්‍රතිසන්ධි විඤ්ඤාණ ඇති සත්වයෝ වෙත්. මනුෂ්‍යයෝද, ඇතැම් දෙවියෝද, ඇතැම් විනිපාතික ප්‍රේතයෝද යම්සේද එමෙනි. මේ පළමුවන සත්වා වාසයයි. “ඇවැත්නි, වෙනස් ශරීර ඇති සමානප්‍රතිසන්ධි ඇති සත්වයෝ වෙත්. පළමුවන ධ්‍යානයෙන් උපන්නාවූ බ්‍රහ්මකායික බඹලොව වැසි දෙවියෝ යම්සේද එමෙනි. මේ දෙවැනි සත්වාවාසයයි. “ඇවැත්නි, එකසමාන ශරීර ඇති වෙනස් ප්‍රතිසන්ධි විඤ්ඤාණ ඇති සත්වයෝ වෙත්. ආභාස්වර දෙවියෝ යම්සේද එමෙනි. මේ තුන්වන සත්වාවාසයයි. “ඇවැත්නි, එකසමාන ශරීර ඇති එකසමාන ප්‍රතිසන්ධි විඤ්ඤාණ ඇති සත්වයෝ වෙත්. සුභකිණ්හ දෙවියන් මෙනි. මේ සතරවන සත්වාවාසයයි. “ඇවැත්නි, හැඟීමක් නැත්තාවූ විඳීමක් නැත්තාවූ සත්වයෝ වෙත්. අසඤ්ඤසත්ත දෙවියන් මෙනි. මේ පස්වන සත්වාවාසයයි. “ඇවැත්නි, සියලු ආකාරයෙන් රූප සංඥාවන් ඉක්මවීමෙන් ගැටීම් සංඥාවන් නැසීමෙන් නොයෙක් සංඥාවන් මෙනෙහි නොකිරීමෙන් ආකාසය අනන්තයයි ආකාසනඤ්චායතනයට පැමිණියාවූ සත්වයෝ වෙත්. මේ සයවන සත්වාවාසයයි. “ඇවැත්නි, සියලු ආකාරයෙන් ආකාසානඤ්චායතනය ඉක්මවා, විඤ්ඤාණය අනන්තයයි විඤ්ඤාණඤ්චායතනයට පැමිණියාවූ සත්වයෝ වෙත්. මේ සත්වන සත්වාවාසයයි. “ඇවැත්නි, සියලු ආකාරයෙන් විඤ්ඤාණඤ්චායතනය ඉක්මවා කිසිවක් නැතැයි ආකිඤ්චඤ්ඤායතනයට පැමිණියාවූ සත්වයෝ වෙත්. මේ අටවන සත්වාවාසයයි. “ඇවැත්නි, සියලු ආකාරයෙන් ආකිඤ්චඤ්ඤායතනය ඉක්මවා නෙවසඤ්ඤානාසඤ්ඤායතනයට පැමිණියාවූ සත්වයෝ වෙත්. මේ නවවන සත්වාවාසයයි. (යන නවයයි)",sin,nadil,sinhala,sinhala
"‘‘දිස්වා මහාකාරුණිකො, මමමාහ (මමාහ සො (සී.), මමාහ ච (පී.)) මහාමුනි; ‘කිමත්ථං පුත්තසොකට්ටො, බ්‍රූහි තෙ චිත්තජං රුජං’.",pli,nadil,pali,pali
නෝර්ත් '' පතිරාජම්හි - සරට්ඨමුපගෙ සති,pli,nadil,pali,pali
"“මම අට්ඨක නම් වෙමි. මෙතෙම වනාහි භීමරථ නම් වේ. ප්‍රකටවූ මෙතෙම වනාහි කාලිංග රාජ නම්වේ. ස්වාමීනි, අපි මනාව සංයමවූ ඍෂීන් දැකීම පිණිස මෙහි පැමිණියෙමු. සරභංග ශාස්තෘවරයාගෙන් ප්‍රශ්න අසන්ට ආයෙමුයි (ඒ රජවරු කීහ.)",sin,nadil,sinhala,sinhala
"‘‘තත්ථ බින්දුස්සරා වග්ගූ, නානාවණ්ණා බහූ දිජා; කූජන්තමුපකූජන්ති, උතුසම්පුප්ඵිතෙ දුමෙ.",pli,nadil,pali,pali
"අකප්පිය සඤ්ඤි සූත්‍රය. “මහණෙනි, දෙදෙනෙකුන්හට ආශ්‍රවයෝ නොවැඩෙත්. කවර දෙදෙනෙකුන්ටද යත්: යමෙක් අකැපවූ දෙයෙහි අකැපය යන සංඥා ඇත්තේ වේද, යමෙක් කැපවූ දෙයෙහි කැපය යන සංඥා ඇත්තේ වේද (යන මේ දෙදෙනාටයි.) “මහණෙනි, මේ දෙදෙනාට වනාහි ක්ලේශයෝ නොවැඩෙත්.”",sin,nadil,sinhala,sinhala
"සාවත්ථිනිදානං . ‘‘සමාධිං, භික්ඛවෙ, භාවෙථ. සමාහිතො, භික්ඛවෙ, භික්ඛු යථාභූතං පජානාති. කිඤ්ච යථාභූතං පජානාති? ‘ඉදං දුක්ඛ’න්ති යථාභූතං පජානාති, ‘අයං දුක්ඛසමුදයො’ති යථාභූතං පජානාති, ‘අයං දුක්ඛනිරොධො’ති යථාභූතං පජානාති, ‘අයං දුක්ඛනිරොධගාමිනී පටිපදා’ති යථාභූතං පජානාති. සමාධිං, භික්ඛවෙ, භාවෙථ. සමාහිතො, භික්ඛවෙ, භික්ඛු යථාභූතං පජානාති’’. ‘‘තස්මාතිහ, භික්ඛවෙ, ‘ඉදං දුක්ඛ’න්ති යොගො කරණීයො, ‘අයං දුක්ඛසමුදයො’ති යොගො කරණීයො, ‘අයං දුක්ඛනිරොධො’ති යොගො කරණීයො, ‘අයං දුක්ඛනිරොධගාමිනී පටිපදා’ති යොගො කරණීයො’’ති. පඨමං.",pli,nadil,pali,pali
"ඒ වෙළෙන්දෝ සුවපත්ව, සිය ගෙවලට ගොස් පුතුන් හා බිරින්දන් හා යුක්තව සතුටු සිතැතිව සතුටුව සොම්නස්ව පිනා ගියාහු මහත්වූ සෙරිස්සක නම් උත්සවය කළහ.",sin,nadil,sinhala,sinhala
"“මහණෙනි, ඉදින් මහණතෙම අනුන්ගේ සිතේ ආකාරය දැනීමේ දක්‍ෂ නොවේද, නැවත, ‘තමන්ගේ සිතේ ආකාරය දැනීමේ දක්‍ෂ වෙමියි, මහණෙනි, තොප විසින් මෙසේ හික්මිය යුතුයි. “මහණෙනි, කෙසේ වනාහි මහණතෙම තමාගේ සිතෙහි ආකාරය දැනීමේ දක්‍ෂ වේද? “මහණෙනි, ඉදින් මහණතෙම අනුන්ගේ සිතේ ක්‍රමය දැනීමෙහි දක්‍ෂ නොවේද, ඉක්බිති, ‘තමාගේ සිතෙහි ආකාරය දැනීමේ දක්‍ෂ වන්නෙමි’ යි, මෙසේ තොප විසින් හික්මිය යුතුය. මහණෙනි, මහණතෙම කෙසේ තමාගේ සිතෙහි ආකාරය දැනීමේ දක්‍ෂ වේද, මහණෙනි, යම් සේ බාලවූ, තරුණවූ අලඞ්කාරයට කැමැති ස්ත්‍රියක් හෝ පුරුෂයෙක් හෝ කන්නාඩියක හෝ පිරිසිදු බබලන, පැහැදුන දිය බඳුනක හෝ, තමාගේ මුව මඬල බලන්නේ, ඉදින් එහි දූවිල්ලක් හෝ, කිලුටක් හෝ, දකීද, ඒ දූවිල්ල හෝ කිලුට නැතිකිරීම පිණිස වෑයම් කරයි. එහි දූවීල්ලක් හෝ, කිලුටක් හෝ, ඉදින් නොදකීද, එයින්ම සම්පූර්‍ණවූ කල්පනා ඇත්තේ, ‘ඒකාන්තයෙන් මට ලාභයක. ඒකාන්තයෙන් මා පිරිසිදුය’ යි සතුටුවූයේ වේ. “මහණෙනි, එසේම මහණහට තමා තුළ සිතේ එකඟකම ලබන්නෙක් වන්නෙම්ද, අධ්‍යාත්මයෙහි චිත්ත සමථය ලබන්නෙක් නොවන්නෙම්ද, අධි ප්‍රඥාවෙන් ධර්‍මයන් විදර්‍ශනා කිරීම ලබන්නෙක් වෙම්ද, අධි ප්‍රඥාවෙන් ධර්‍මයන් විදර්‍ශනා කරන්ට ලබන්නෙක් නොවන්නෙම්දැයි, කුශල ධර්‍මයන්හි නුවණින් කල්පනා කිරීම බොහෝ උපකාරවේ. “මහණෙනි, ඉදින් මහණතෙම සිහි කරන්නේ, ‘තමා තුළ සිතේ එකඟකම ලබා ඇත්තෙමි’ ශ්‍රේෂ්ඨ නුවණින් ධර්‍මයන් බැලීම නැත්තේයයි මෙසේ දනී. මහණෙනි, ඒ මහණ විසින් තමා තුළ ඇති සිතේ එකඟකමෙහි පිහිටා ශ්‍රේෂ්ඨ නුවණින් ධර්‍මයන් බැලීමට වීර්‍ය්‍ය කටයුතුය. හෙතෙම මෑත භාගයෙහි තමා තුළ සිතේ එකඟකමටද, ශ්‍රේෂ්ඨ නුවණින් ධර්‍මයන් බැලීමටද වෑයම් කටයුතුයි. “මහණෙනි, ඉදින් මහණතෙම සිහි කරන්නේ, ශ්‍රේෂ්ඨ ප්‍රඥාවෙන් ධර්මයන් බලන්නට ලබන්නෙක් වෙමි. තමා තුළ සිත් එකඟකම ලබන්නට නොහැකියයි මෙසේ දනී. මහණෙනි, ඒ මහණ විසින් ශ්‍රේෂ්ඨ ප්‍රඥාවෙන් ධර්මයන් බැලීමෙහි පිහිටා තමා තුළ සිත එකඟකිරීමෙහි වෑයම් කළ යුතුය. හෙතෙම මෑත භාගයෙහි ශ්‍රේෂ්ඨ නුවණින් ධර්මයන් බැලීම ලබන්නේ, තමා තුළ සිත එකඟකිරීමටද ලබන්නේ වේ. “මහණෙනි, ඉදින් මහණතෙම නුවණින් සිහි කරන්නේ, අධ්‍යාත්මයෙහි සිතේ එකඟකම නොලබන්නේ වේද, ශ්‍රේෂ්ඨ ප්‍රඥාවෙන් ධර්මයන් බැලීමටද නොලබන්නේයයි මෙසේ දනීද, මහණෙනි, ඒ භික්‍ෂුව විසින් ඒ කුශල ධර්මයන්ගේ ලැබීම පිණිස මහත් කැමැත්තක්ද, වෑයමක්ද, උත්සාහයක්ද, අධික උත්සාහයක්ද, නොනැවැත්මක්ද, සිහියක්ද, සම්‍යක් ප්‍රඥාවක්ද කටයුතුය. “මහණෙනි, ගිනිගත් වස්ත්‍ර ඇති, ගිනිගත් හිස ඇති, කෙනෙක් යම්සේද, ඔහුගේ වස්ත්‍රය හෝ හිස නිවීම පිණිස මහත් කැමැත්තක්ද, වෑයමක්ද, උත්සාහයක්ද, අධික උත්සාහයක්ද, නොනැවැත්මක්ද, සිහියක්ද, සම්‍යක් ප්‍රඥාවක්ද කරන්නේය. “මහණෙනි, එසේ ඒ භික්‍ෂුව විසින් ඒ කුශල ධර්‍මයන්ගේ ලැබීම පිණිස අධික මාත්‍ර කැමැත්තක්ද, වෑයමක්ද, උත්සාහයක්ද, අධික උත්සාහයක්ද, නොනැවැත්මක්ද, සිහියක්ද, සම්‍යක් ප්‍රඥාවක්ද කටයුතුය. හෙතෙම මෑත භාගයෙහි අධ්‍යාත්මයෙහි සිතේ එකඟකමද, ශ්‍රේෂ්ඨ ප්‍රඥාවෙන් ධර්‍මයන් බැලීමද ලබන්නේද වේ. “මහණෙනි, ඉදින් මහණතෙම නුවණින් සිහිකරණු ලබන්නේ, තමන් තුළ සිතේ එකඟකම ලබන්නේ වෙමි. ශ්‍රේෂ්ඨ ප්‍රඥාවෙන් ධර්මයන් බැලීමද ලබමියි මෙසේ දනී. මහණෙනි, ඒ මහණ විසින් ඒ කුශල ධර්මයන්හිම පිහිටා මත්තෙහි ආශ්‍රවයන් ක්‍ෂය කිරීම පිණිස භාවනා කටයුතුය. “මහණෙනි, සිවුරද දෙයාකාරයකින් කියමි. පරිභෝග කළ යුතු සිවුරය, පරිභෝග නොකළ යුතු සිවුරය (කියායි.) මහණෙනි, පිණ්ඩපාතයද දෙයාකාරයකින් කියමි. පරිභෝග කළ යුතු පිණ්ඩපාතය, පරිභෝග නොකළ යුතු පිණ්පාතය කියායි. මහණෙනි, සෙනසුනද දෙයාකාරයකින් කියමි. සේවනය කළ යුතු සෙනසුනය, සේවනය නොකළ යුතු සෙනසුනය කියායි. මහණෙනි, ගම හා නියම්ගමද දෙයාකාරයකින් කියමි. සේවනය කළ යුතුය, සේවනය නොකළ යුතුය (කියායි.) මහණෙනි, ජනපදයද දෙයාකාරයකින් කියමි. සේවනය කළ යුතු ජනපද පෙදෙසය, සේවනය නොකළ යුතු ජනපද පෙදෙසය කියායි. “මහණෙනි, මම සිවුර සේවනය කළයුතුවූද, සේවනය නොකළයුතුවූදැයි දෙපරිද්දෙකින් කියමි. “මහණෙනි, සිවුරු දෙයාකාරයකින් දතයුතුය. සේවනය කළ යුතු සිවුරය, සේවනය නොකළයුතු සිවුරය (කියායි.) මෙසේ වනාහි මෙය කියන ලද්දේය. මෙය කුමක් සඳහා කියන ලදද? එහි යම් සිවුරක් ගැණ මේ සිවුරු පරිභෝග කරණ ලද මාගේ අකුසල් දහම් වැඩෙත්. කුසල් දහම් පිරිහෙත්යයි දන්නේද, එබඳු සිවුරක් පරිභෝග නොකළ යුතුය. එහි යම් සිවුරක් ගැණ මේ සිවුර පරිභෝග කරණ මාගේ අකුසල් දහම් පිරිහෙත්. කුසල් දහම් වැඩෙත්යයි දන්නේද, එබඳු සිවුරක් පරිභෝග කළ යුතු. මහණෙනි, පරිභෝග කළ යුතු සිවුරය, පරිභෝග නොකළ යුතු සිවුරයයි මෙසේ යමක් කියන ලදද, එය මේ නිසා කියන ලදී. “මහණෙනි, පිණ්ඩපාත දෙයාකාරයකින් දතයුතුය. සේවනය කළ යුතු පිණ්ඩපාතය, සේවනය නොකළයුතු පිණ්ඩපාතය (කියායි.) මෙසේ වනාහි මෙය කියන ලද්දේය. මෙය කුමක් සඳහා කියන ලදද? එහි යම් පිණ්ඩපාතයක් ගැණ මේ පිණ්ඩපාත පරිභෝග කරණ ලද මාගේ අකුසල් දහම් වැඩෙත්. කුසල් දහම් පිරිහෙත්යයි දන්නේද, එබඳු පිණ්ඩපාතයක් පරිභෝග නොකළ යුතුය. එහි යම් පිණ්ඩපාතයක් ගැණ මේ පිණ්ඩපාතය පරිභෝග කරණ මාගේ අකුසල් දහම් පිරිහෙත්. කුසල් දහම් වැඩෙත්යයි දන්නේද, එබඳු පිණ්ඩපාතයක් පරිභෝග කළ යුතු. මහණෙනි, පරිභෝග කළ යුතු පිණ්ඩපාතය, පරිභෝග නොකළ යුතු පිණ්ඩපාතයයි මෙසේ යමක් කියන ලදද, එය මේ නිසා කියන ලදී. “මහණෙනි, සෙනසුන් දෙයාකාරයකින් දතයුතුය. සේවනය කළ යුතු සෙනසුන්ය, සේවනය නොකළයුතු සෙනසුන්ය (කියායි.) මෙසේ වනාහි මෙය කියන ලද්දේය. මෙය කුමක් සඳහා කියන ලදද? එහි යම් සෙනසුනක් ගැණ මේ සෙනසුන් පරිභෝග කරණ ලද මාගේ අකුසල් දහම් වැඩෙත්. කුසල් දහම් පිරිහෙත්යයි දන්නේද, එබඳු සෙනසුන් පරිභෝග නොකළ යුතුය. එහි යම් සෙනසුන් ගැණ මේ සෙනසුන් පරිභෝග කරණ මාගේ අකුසල් දහම් පිරිහෙත්. කුසල් දහම් වැඩෙත්යයි දන්නේද, එබඳු සෙනසුන් පරිභෝග කළ යුතු. මහණෙනි, පරිභෝග කළ යුතු සෙනසුන්ය, පරිභෝග නොකළ යුතු සෙනසුන්යයි මෙසේ යමක් කියන ලදද, එය මේ නිසා කියන ලදී. “මහණෙනි, ගම් නියම්ගම් දෙයාකාරයකින් දතයුතුය. සේවනය කළ යුතු ගම් නියම්ගම්ය, සේවනය නොකළයුතු ගම් නියම්ගම්ය (කියායි.) මෙසේ වනාහි මෙය කියන ලද්දේය. මෙය කුමක් සඳහා කියන ලදද? එහි යම් ගම් නියම්ගම් ගැණ මේ ගම් නියම්ගම් පරිභෝග කරණ ලද මාගේ අකුසල් දහම් වැඩෙත්. කුසල් දහම් පිරිහෙත්යයි දන්නේද, එබඳු ගම් නියම්ගම් පරිභෝග නොකළ යුතුය. එහි යම් ගම් නියම්ගම් ගැණ මේ ගම් නියම්ගම් පරිභෝග කරණ මාගේ අකුසල් දහම් පිරිහෙත්. කුසල් දහම් වැඩෙත්යයි දන්නේද, එබඳු ගම් නියම්ගම් පරිභෝග කළ යුතු. මහණෙනි, පරිභෝග කළ යුතු ගම් නියම්ගම්ය, පරිභෝග නොකළ යුතු ගම් නියම්ගම්යයි මෙසේ යමක් කියන ලදද, එය මේ නිසා කියන ලදී. “මහණෙනි, ජනපද ප්‍රදේශ දෙයාකාරයකින් දතයුතුය. සේවනය කළ යුතු ජනපද ප්‍රදේශය, සේවනය නොකළයුතු ජනපද ප්‍රදේශය (කියායි.) මෙසේ වනාහි මෙය කියන ලද්දේය. මෙය කුමක් සඳහා කියන ලදද? එහි යම් ජනපද ප්‍රදේශක් ගැණ මේ ජනපද ප්‍රදේශ පරිභෝග කරණ ලද මාගේ අකුසල් දහම් වැඩෙත්. කුසල් දහම් පිරිහෙත්යයි දන්නේද, එබඳු ජනපද ප්‍රදේශක් පරිභෝග නොකළ යුතුය. එහි යම් ජනපද ප්‍රදේශක් ගැණ මේ ජනපද ප්‍රදේශය පරිභෝග කරණ මාගේ අකුසල් දහම් පිරිහෙත්. කුසල් දහම් වැඩෙත්යයි දන්නේද, එබඳු ජනපද ප්‍රදේශයක් පරිභෝග කළ යුතු. මහණෙනි, පරිභෝග කළ යුතු ජනපද ප්‍රදේශය, පරිභෝග නොකළ යුතු ජනපද ප්‍රදේශයයි මෙසේ යමක් කියන ලදද, එය මේ නිසා කියන ලදී. “මහණෙනි, පුද්ගලයා දෙයාකාරයකින් දතයුතුය. සේවනය කළ යුතු පුද්ගලයාය, සේවනය නොකළයුතු පුද්ගලයාය (කියායි.) මෙසේ වනාහි මෙය කියන ලද්දේය. මෙය කුමක් සඳහා කියන ලදද? එහි යම් පුද්ගලයෙක් ගැණ මේ පුද්ගලයා පරිභෝග කරණ ලද මාගේ අකුසල් දහම් වැඩෙත්. කුසල් දහම් පිරිහෙත්යයි දන්නේද, එබඳු පුද්ගලයා පරිභෝග නොකළ යුතුය. එහි යම් පුද්ගලයෙක් ගැණ මේ පුද්ගලයා පරිභෝග කරණ මාගේ අකුසල් දහම් පිරිහෙත්. කුසල් දහම් වැඩෙත්යයි දන්නේද, එබඳු පුද්ගලයෙක් පරිභෝග කළ යුතු. මහණෙනි, පරිභෝග කළ යුතු පුද්ගලයාය, පරිභෝග නොකළ යුතු පුද්ගලයායයි මෙසේ යමක් කියන ලදද, එය මේ නිසා කියන ලදී. “මහණෙනි, පුද්ගලයාද දෙයාකාරයකින් දතයුතුය. සේවනය කළ යුතු පුද්ගලයාය, සේවනය නොකළයුතු පුද්ගලයාය (කියායි.) මහණෙනි, සිවුරද දෙයාකාරයකින් දතයුතුය. පරිභෝග කළ යුතු සිවුරය, පරිභෝග නොකළ යුතු සිවුරය (කියායි.) මහණෙනි, පිණ්ඩපාතයද දෙයාකාරයකින් දත යුතුය. පරිභෝග කළ යුතු පිණ්ඩපාතය, පරිභෝග නොකළ යුතු පිණ්පාතය කියායි. මහණෙනි, සෙනසුනද දෙයාකාරයකින් දත යුතුය. සේවනය කළ යුතු සෙනසුනය, සේවනය නොකළ යුතු සෙනසුනය කියායි. මහණෙනි, ගම හා නියම්ගමද දෙයාකාරයකින් දත යුතුය. සේවනය කළ යුතුය, සේවනය නොකළ යුතුය (කියායි.) මහණෙනි, ජනපදයද දෙයාකාරයකින් දතයුතුය. සේවනය කළ යුතු ජනපද පෙදෙසය, සේවනය නොකළ යුතු ජනපද පෙදෙසය කියායි.",sin,nadil,sinhala,sinhala
"ගරුකංආපතිං ජානාති බහුස්සුතො හොති, සුත ධරො සුතස",pli,nadil,pali,pali
"‘‘යං ගම්භීරං සදාවට්ටං, රහදං භිස්මං පෙක්ඛසි; එස දිබ්‍යො මමාවාසො, අනෙකසතපොරිසො.",pli,nadil,pali,pali
"“පින්වත් බ්‍රාහ්මණය, ඒකාන්තයෙන් නුඹ මට යහපත්කොට අනුශාසනා කෙරෙහිය. නිදුකාණෙනි, ඔබ කවරෙක් වෙහිදැයි බ්‍රාහ්මණවූ ඔබම විචාරමියි” මහසත්තෙම කීයේය.",sin,nadil,sinhala,sinhala
බෞද්ධයකු වශයෙන් දත යුතු මූලික කරුණු ඇතුළත් පොත් ලිවා වගේම අභිධර්මය හදාරන අයට සහ මනෝ විද්යාත්මකව බුදු දහම අගය කරන අයටත් වැදගත් පොත් ගණතාවක් මා විසින් ලියා තිබෙනවා,sin,nadil,sinhala,sinhala
"‘‘යස්ස පුබ්බෙ ධජග්ගානි, කණිකාරවනානිව; යායන්තමනුයායන්ති , ස්වජ්ජෙකොව ගමිස්සති.",pli,nadil,pali,pali
"‘‘අහං මනුස්සෙසු මනුස්සභූතා, පුරිමාය ජාතියා මනුස්සලොකෙ; දිස්වාන භික්ඛුං තසිතං කිලන්තං, උට්ඨාය පාතුං උදකං අදාසිං.",pli,nadil,pali,pali
"‘‘නච්ඡන්නං නප්පතිරූපං, ජානන්තස්ස ගුණාගුණං; බුද්ධථූපං අසොධෙත්වා, අඤ්ඤං කම්මං පයොජයෙ.",pli,nadil,pali,pali
“ඒ බමුණෝ බ්‍රාහ්මණ භාවයෙන් තොරවූවාහුය. ඔව්හු බ්‍රාහ්මණයෝයයි නොකියනු ලැබෙත්යයි කෝරව්‍ය රජතෙම මෙසේ කීයේය.,sin,nadil,sinhala,sinhala
"“තවද ඇත් තෙම යනමග පියුම් පිපෙයි. පියුම් පතින් අලංකාරය, සිටීම රම්‍යය, නොහැපීම් ඇත්තේය. ප්‍රමාණ ගමන් ඇත්තේය.",sin,nadil,sinhala,sinhala
"“යම් සත්‍යයකින් මෝඩවූ ඛණ්ඩහාලතෙමේ පව්කම් කෙරේද, මේ සත්‍ය වචනය කරණකොටගෙණ ස්වාමියා සමග මම එක්වීම ඇත්තියක් වෙම්වා.",sin,nadil,sinhala,sinhala
යම් පුද්ගලයෙක් තෙම ඉදින් අවැඩ කොටසින් යුක්තවූ ගාථා සියයක් කීයේ වී නමුදු (ඒ ගාථාවෝ උතුම් නොවෙති). යමෙක් යමක් අසා සන්සිඳේද එබඳු වූ එකම ධර්ම පදය උතුම්ය.,sin,nadil,sinhala,sinhala
"‘‘අඞ්කොලකා බිම්බිජාලා, මායාකාරී ච පුප්ඵිතා; ගන්ධෙන උපවායන්තා, සොභෙන්ති මම අස්සමං.",pli,nadil,pali,pali
"‘‘බාරාණසියං නන්දියො නාමාසි, උපාසකො අමච්ඡරී දානපති වදඤ්ඤූ; තස්සෙතමාකිණ්ණජනං විමානං, සූරියස්ස රංසීරිව ජොතමානං.",pli,nadil,pali,pali
"‘‘අථ ඛො, භො, මහාගොවින්දො බ්‍රාහ්මණො යෙන තෙ සත්ත ච බ්‍රාහ්මණමහාසාලා සත්ත ච න්හාතකසතානි තෙනුපසඞ්කමි; උපසඞ්කමිත්වා තෙ සත්ත ච බ්‍රාහ්මණමහාසාලෙ සත්ත ච න්හාතකසතානි එතදවොච - ‘‘අඤ්ඤං දානි භවන්තො ආචරියං පරියෙසන්තු, යො භවන්තානං මන්තෙ වාචෙස්සති. ඉච්ඡාමහං, භො, අගාරස්මා අනගාරියං පබ්බජිතුං. යථා ඛො පන මෙ සුතං බ්‍රහ්මුනො ආමගන්ධෙ භාසමානස්ස. තෙ න සුනිම්මදයා අගාරං අජ්ඣාවසතා, පබ්බජිස්සාමහං, භො, අගාරස්මා අනගාරිය’’න්ති. ‘‘මා භවං ගොවින්දො අගාරස්මා අනගාරියං පබ්බජි. පබ්බජ්ජා, භො, අප්පෙසක්ඛා ච අප්පලාභා ච; බ්‍රහ්මඤ්ඤං මහෙසක්ඛඤ්ච මහාලාභඤ්චා’’ති. ‘‘මා භවන්තො එවං අවචුත්ථ - ‘‘පබ්බජ්ජා අප්පෙසක්ඛා ච අප්පලාභා ච, බ්‍රහ්මඤ්ඤං මහෙසක්ඛඤ්ච මහාලාභඤ්චා’’ති. කො නු ඛො, භො, අඤ්ඤත්‍ර මයා මහෙසක්ඛතරො වා මහාලාභතරො වා! අහඤ්හි, භො, එතරහි රාජාව රඤ්ඤං බ්‍රහ්මාව බ්‍රාහ්මණානං (බ්‍රහ්මානං (සී. පී. ක.)) දෙවතාව ගහපතිකානං. තමහං සබ්බං පහාය අගාරස්මා අනගාරියං පබ්බජිස්සාමි. යථා ඛො පන මෙ සුතං බ්‍රහ්මුනො ආමගන්ධෙ භාසමානස්ස, තෙ න සුනිම්මදයා අගාරං අජ්ඣාවසතා. පබ්බජිස්සාමහං, භො, අගාරස්මා අනගාරිය’’න්ති. ‘‘සචෙ භවං ගොවින්දො අගාරස්මා අනගාරියං පබ්බජිස්සති, මයම්පි අගාරස්මා අනගාරියං පබ්බජිස්සාම, අථ යා තෙ ගති, සා නො ගති භවිස්සතී’’ති.",pli,nadil,pali,pali
"‘‘චත්තාරොමෙ, භික්ඛවෙ, පුග්ගලා සන්තො සංවිජ්ජමානා ලොකස්මිං. කතමෙ චත්තාරො? නෙවත්තහිතාය පටිපන්නො නො පරහිතාය, පරහිතාය පටිපන්නො නො අත්තහිතාය, අත්තහිතාය පටිපන්නො නො පරහිතාය, අත්තහිතාය චෙව (අත්තහිතාය ච (සී. ස්‍යා. කං. පී.)) පටිපන්නො පරහිතාය ච. ‘‘සෙය්‍යථාපි , භික්ඛවෙ, ඡවාලාතං උභතො පදිත්තං (ආදිත්තං (ක.)), මජ්ඣෙ ගූථගතං, නෙව ගාමෙ කට්ඨත්ථං ඵරති න අරඤ්ඤෙ ( ) ((කට්ඨත්ථං ඵරති) කත්ථචි); තථූපමාහං , භික්ඛවෙ, ඉමං පුග්ගලං වදාමි ය්වායං පුග්ගලො නෙවත්තහිතාය පටිපන්නො නො පරහිතාය. ‘‘තත්‍ර, භික්ඛවෙ, ය්වායං පුග්ගලො පරහිතාය පටිපන්නො නො අත්තහිතාය, අයං ඉමෙසං ද්වින්නං පුග්ගලානං අභික්කන්තතරො ච පණීතතරො ච. තත්‍ර, භික්ඛවෙ, ය්වායං පුග්ගලො අත්තහිතාය පටිපන්නො නො පරහිතාය, අයං ඉමෙසං තිණ්ණං පුග්ගලානං අභික්කන්තතරො ච පණීතතරො ච. තත්‍ර, භික්ඛවෙ, ය්වායං පුග්ගලො අත්තහිතාය චෙව පටිපන්නො පරහිතාය ච, අයං ඉමෙසං චතුන්නං පුග්ගලානං අග්ගො ච සෙට්ඨො ච පාමොක්ඛො (මොක්ඛො (පී.) සං. නි. 3.662-663; අ. නි. 5.181) ච උත්තමො ච පවරො ච. ‘‘සෙය්‍යථාපි, භික්ඛවෙ, ගවා ඛීරං, ඛීරම්හා දධි, දධිම්හා නවනීතං, නවනීතම්හා සප්පි, සප්පිම්හා සප්පිමණ්ඩො, සප්පිමණ්ඩො (සප්පිම්හා සප්පිමණ්ඩො (ක.)) තත්ථ (තත්‍ර (සං. නි. 3.662-662)) අග්ගමක්ඛායති; එවමෙවං ඛො, භික්ඛවෙ, ය්වායං පුග්ගලො අත්තහිතාය චෙව පටිපන්නො පරහිතාය ච, අයං ඉමෙසං චතුන්නං පුග්ගලානං අග්ගො ච සෙට්ඨො ච පාමොක්ඛො ච උත්තමො ච පවරො ච. ඉමෙ ඛො, භික්ඛවෙ, චත්තාරො පුග්ගලා සන්තො සංවිජ්ජමානා ලොකස්මි’’න්ති. පඤ්චමං.",pli,nadil,pali,pali
"‘‘සාධු සුවිහිතාන දස්සනං, කඞ්ඛා ඡිජ්ජති බුද්ධි වඩ්ඪති; බාලම්පි කරොන්ති පණ්ඩිතං, තස්මා සාධු සතං සමාගමො’’ති.",pli,nadil,pali,pali
"“චුන්දය, මේ සුඛල්ලිකානුයෝගයෝ සතරක් ඒකාන්ත අවබෝධය පිණිසද රාගය නැතිකිරීම පිණිසද කෙලෙස් නැතිකිරීම පිණිසද කෙලෙස් සංසිඳීම පිණිසද විශේෂයෙන් දැනීම පිණිසද සම්බොධිය පිණිසද නිර්වාණය පිණිසද පවත්නාහුය. කිනම් සතරෙක්ද? චුන්දය, මේ ශාසනයෙහි මහණතෙමේ කාමයන්ගෙන් වෙන්වූයේ අකුශල ධර්මයන්ගෙන් වෙන්ව විතර්ක සහිතවූ විචාර සහිතවූ විවේකයෙන් හටගත් ප්‍රීතිය හා සැප ඇති ප්‍රථමද්ධ්‍යානයට පැමිණ වාසය කෙරේද මේ පළමුවෙනි සුඛල්ලිකානුයොගය වන්නේය. චුන්දය, නැවතද මහණතෙමේ විතර්ක විචාරයන්ගේ සංසිඳවීමෙන් ඇතුළත පැහැදීම ඇති කරන්නාවූ හිතේ එකඟ බවයයි කියනලද විතර්ක විචාර යන ධ්‍යානාංග නැත්තාවූ සමාධියෙන් හටගත් ප්‍රීතිය හා සැප ඇති ද්විතීයධ්‍යානයට පැමිණ වාසය කෙරේද මේ දෙවැනි සුඛල්ලිකානුයොගය වන්නේය. “චුන්දය, නැවතද මහණතෙමේ ප්‍රීතියගේද නැතිකිරීමෙන් තෘතීයධ්‍යානයට එළඹ වාසය කෙරේද මේ තුන්වෙනි සුඛල්ලිකානුයොගය වන්නේය. චුන්දය, නැවතද මහණතෙමේ සැපයද නැතිකිරීමෙන් දුකද නැති කිරීමෙන් චතුර්ථ ධ්‍යානයට පැමිණ වාසය කෙරේද මේ සතරවෙනි සුඛල්ලිකානුයොගය වන්නේය. චුන්දය, මේ සතර සුඛල්ලිකානුයෝගයෝ ඒකාන්තයෙන් කලකිරීම පිණිසද නොඇලීම පිණිසද ක්ලේශයන්ගේ නිරුද්ධකිරීම පිණිසද සංසිඳීම පිණිසද විශේෂයෙන් දැනීම පිණිසද අවබෝධය පිණිසද නිර්වාණය පිණිසද පවත්නාහුය. චුන්දය, මේ කාරණය ඇත්තේය. යම් හේතුවකින් අන්‍ය තීර්ථක පරිබ්‍රාජකයෝ (සාසනයෙන් පිට මහණවූ අය) ‘මේ සතර සුඛල්ලිකානුයෝගයෙහි යෙදී ශ්‍රමණ ශාක්‍ය පුත්‍රයෝ වාසය කරන්නාහුය’යි කියන්නාහ. මෙසේ කියන්නාවූ ඔවුන්ට තෙපි ‘එසේය’යි කියයුත්තාහුය. තෙපි යහපත්කොට කියන්නාහුය. තොපි අසත්‍යයෙන් චොදනා නොකරන්නාහු යයි කිය යුත්තාහුය. චුන්දය, මේ කාරණයක් ඇත්තේ වේ.",sin,nadil,sinhala,sinhala
"(මෙහි 1 වර්ගයේ 5 සූත්‍රයේ 1 ඡේදය යෙදිය යුතුයි.) එසමයෙහි වනාහි භාග්‍යවතුන් වහන්සේ සිවුරු, පිණ්ඩපාත, සෙනසුන් ගිලන්පස බෙහෙත් පිරිකර ලබන්නේ, සත්කාර ඇත්තේ, ගරු කිරීම් ඇත්තේ, බුහුමන් ඇත්තේ, පූජා ඇත්තේ, සංග්‍රහ ඇත්තේය. අන්‍යතීර්ථක පැවිද්දෝ සිවුරු, පිණ්ඩපාත, සෙනසුන්, ගිලන්පස, බෙහෙත් පිරිකර නොලබන්නෝ, සත්කාර නැත්තෝ, ගරු කිරීම් නැත්තෝ, බුහුමන් නැත්තෝ, පූජා නැත්තෝ, සංග්‍රහ නැත්තෝ වෙත්. ඉක්බිත්තෙන් වනාහි ඒ අන්‍යතීර්ථක පැවිද්දෝ භාග්‍යවතුන්වහන්සේට හා භික්‍ෂුසංඝයාට වන සත්කාර නොඉවසන්නේ සුන්දරී නම් පැවිද්දිය යම් තැනෙක්හිද එහි පැමිණියෝය. පැමිණ, සුන්දරී නම් පැවිද්දියට මෙය කීහ. “නංගියේ, නෑයන්ට වැඩක් කරන්නට මහන්සිවෙහිද?” “මහාත්මයෙනි, මම කුමක් කරම්ද? මට කරන්නට පුළුවන් කුමක්ද? මගේ ජීවිතයත් නෑයනට වැඩ පිණිස පරිත්‍යාග කරණ ලදී.” - “එහෙමනම් නංගියේ නිතර නිතර ජේතවනයට යන්න.” “මහාත්මයෙනි, එසේයයි” සුන්දරී පැවිද්ද අන්‍යතීර්ථක පැවිද්දන්ට පිළිතුරුදී නිතර නිතර ජේතවනාරාමයට ගියාය. ඒ අන්‍යතීර්ථක පැවිද්දෝ ඒ සුන්දරී පැවිද්ද බොහෝ දෙනා හා නිතර ජේතවනයට ඒ යයි යම්විටක දත්තාහුද ඉක්බිති ඇය මරා ජේතවනයේ එම දිය අගළේ වළදමා පසේනදි කොසොල් රජු යම්තැනෙක්හිද, එහි ගියහ. ගොස් පසේනදි කොසොල් රජුට මෙය කීහ. [3] “මහරජ, යම් ඒ සුන්දරි පැවිද්ද අපට නොපෙනේ”(කියාය) “තෙපි කොතැන සැක කරව්ද?” “මහරජ, ජේතවනයෙහිය.” “එසේ නම් ජේතවනය පරීක්‍ෂා කරව්.” ඉක්බිති වනාහි ඒ අන්‍යතීර්ථක පැවිද්දෝ ජේතවනය පරීක්‍ෂාකොට වැළලුසේම අගළේ වළින් ගොඩ ගෙන ඇඳකට නගා සැවැත්නුවරට ඇතුළුකොට වීදියෙන් වීදියට සතර මංසන්ධියෙන් සතරමංසන්ධියට ගොස් කෑ ගසා කියත්. [4] “මහාත්මවරුනි, ශාක්‍යපුත්‍රයන්ගේ වැඩක් බලන්න. (ii) මේ ශාක්‍යපුත්‍රතෙම මහණහු ලජ්ජානැත්තෝය, දුශ්ශීලය, පාපධර්ම ඇත්තෝය, බොරු කියත්, බ්‍රහ්මචර්‍ය්‍යා නැත්තෝය. මොවුන් විසින් නම්, ධර්මයේ හැසිරෙන්නෝය, මහණදම් පුරන්නෝය, බඹසර හැසිරෙන්නෝය, ඇත්ත කියන්නෝය, සිල්වත්තුය, පිරිසිදු ගතිගුණ ඇත්තෝය”යි ප්‍රතිඥා කරත්, මුන්ට මහණකමක් නැත. මුන්ට බ්‍රහ්ම දැකීමක් නැත. මුන්ගේ මහණකම නැහුණේය. මුන්ගේ නිවන් දැක්ම නැහුණේය. මුන්ට මහණකමක් කොයින්ද? මුන්ට නිවන් දැකීමක් කොයින්ද මොහු මහණ කමින් පහවූවෝය. මොහු නිවන් දැකීමෙන් පහවූවෝය. කොහොම නම් පුරුෂයෙක් පුරුෂ ක්‍රියාව කොට ස්ත්‍රියක මරවන්නේද?” [5] ඉක්බිති වනාහි බොහෝ භික්‍ෂූහු පෙරවරුවෙහි හැඳ පොරවා, පාත්‍ර සිවුරුගෙන සැවැත් නුවර පිඬු පිණිස හැසුරුණාහ. සැවැත්නුවර පිඬු පිණිස හැසිර බතින් පසු පිණ්ඩපාතයෙන් වැළකුණාහු භාග්‍යවතුන්වහන්සේ යම් තැනකද එහි ගියහ. ගොස් භාග්‍යවතුන් වහන්සේ වැඳ එකත්පසෙක හුන්හ. එකත්පසෙක හුන් ඒ භික්‍ෂූහු භාග්‍යවතුන් වහන්සේට මෙය කීහ. “ස්වාමිනි, දැන් සැවැත්නුවර මිනිස්සු භික්‍ෂූන් දැක අසභ්‍ය පරුෂවචනවලින් බණිත්, නින්දා කරත්, කෝපකරත්, වෙහෙසත්. (මෙහි 4 (ii) යෙදිය යුතුයි.) [6] “මහණෙනි, මේ ශබ්දය බොහෝ කල් නොපවතී. සත්දිනක්ම වෙයි. සත්දිනක් ගියවිට අතුරුදහන් වෙයි. මහණෙනි, එසේ වීනම්, යම් මනුෂ්‍යයෙක් භික්‍ෂූන් දැක අසභ්‍ය ඵරුෂවචනවලින් බණිත්ද, නින්දාකරත්ද, කොප කරත්ද, වෙහෙසත්ද, තෙපි ඔවුන්ට මේ ගාථාවෙන් ප්‍රති චොදනා කරව්. (ii) “නොවූ දෙය කියන්නා නිරයට යයි. යමෙක් කොට නො කෙරෙමියි කියාද පහත්කටයුතු ඇති ඒ මිනිස්සු දෙදෙනාම පරලොවදී සමවෙත්. [7] ඉක්බිති ඒ භික්‍ෂූහු භාග්‍යවතුන් වහන්සේගේ ළඟින් මේගාථාව ඉගෙන යම් මනුෂ්‍යයෙක් භික්‍ෂූන් දැක අසභ්‍ය ඵරුෂ වචනවලින් බණිත්ද, නින්දාකරත්ද, කෝපකරද්ද, වෙහෙසද්ද ඔවුහු මේ ගාථාවෙන් චොදනා කරත්. (මෙහි 6 (ii) යෙදිය යුතුයි.) මිනිසුන්ට මේ (අදහස) විය. මේ ශ්‍රමණ ශාක්‍ය පුත්‍රයෝ නොකරන්නෝය. මොවුන් විසින් කරනලද නම් මේ ශ්‍රමණ ශාක්‍යපුත්‍රයෝ නොදිවුරත්. [8] ඒ ශබ්ද බොහෝකල් නොවීය. ශබ්දය දිනසතක්ම විය. සත්දින ඉකුත්වීමෙන් අතුරුදන් විය. ඉක්බිත්තෙන් වනාහි බොහෝ භික්‍ෂූහු භාග්‍යවතුන් වහන්සේ කරා ගියහ. ගොස් භාග්‍යවතුන් වහන්සේ වැඳ එකත්පසෙක හුන්හ. එකත්පසෙක හුන් ඒ භික්‍ෂූහු භාග්‍යවතුන් වහන්සේට මෙය කීහ. “ස්වාමීනි, ආශ්චර්යයි, ස්වාමීනි, පුදුමයි. ස්වාමීනි භාග්‍යවතුන් වහන්සේ විසින් යම්තාක් මේ කරුණ ස්ථිර නොවන්නේය. සත්දිනක්ම වන්නේය. සත්දින යාමෙන් අතුරුදහන් වන්නේයයි’ මනාව වදාරනලදද, ස්වාමීනි, ඒ ශබ්දය අතුරුදන්විය. [9] ඉක්බිත්තෙන් වනාහි භාග්‍යවතුන් වහන්සේ මේ කාරණය දැන ඒ වේලාවෙහි මේ ප්‍රීතිවාක්‍යය පහළ කෙළේය. “සංයමයක් (හික්මීමක්) නැති ජනයෝ යුද බිමට ගිය ඇතකු සතුරන් විසින් මෙන් වචනයෙන් පෙළත්. කියනලද ඵරුෂ වාක්‍යය අසා දුෂ්ට (කොප) සිත් නැති භික්‍ෂුතෙමේ ඉවසන්නේය.”",sin,nadil,sinhala,sinhala
"‘‘ජායන්තස්ස විපස්සිස්ස, ආලොකො විපුලො අහු; පථවී ච පකම්පිත්ථ, සසාගරා සපබ්බතා.",pli,nadil,pali,pali
"සො තං ගහෙත්වාන පසය්හ බාහායං, පච්චානයිත්වාන ථෙරිං සුදුබ්බලං; ‘‘වජ්ජෙසි අඤ්ඤම්පි ජනං ඉධාගතං, ‘කරොථ පුඤ්ඤානි සුඛූපලබ්භති’’.",pli,nadil,pali,pali
"ඛීණාසවෙහි විමලෙහි, විචිත්තා ආසි මෙදනී; යථා ගගනමුළූහි, එවං සො උපසොභථ.",pli,nadil,pali,pali
"මා විසින් මෙසේ අසනලදී. එක් කලෙක භාග්‍යවතුන් වහන්සේ සැවැත් නුවර සමීපයෙහිවූ අනේපිඬු සිටාණන් විසින් කරවන ලද ජේතවනාරාමයෙහි වැඩවසන සේක. එහිදී, භාග්‍යවතුන්වහන්සේ “මහණෙනියි” කියා භික්ෂූන් ඇමතූහ. “ස්වාමීනි” කියා භික්ෂූහු භාග්‍යවතුන් වහන්සේට උත්තර දුන්හ. (එවිට) භාග්‍යවතුන් වහන්සේ මෙය වදාළ සේක. “මහණෙනි, මේ කය නුඹලාගේ නොවේ. අනුන්ගේද නොවේ. මහණෙනි, මේ කය පුරාණවූ කර්මයෙන් උපන්නේය. ප්‍රත්‍යයන්ගෙන් කරන ලද්දේය. චේතනාව මුල් කොට ඇත්තේයයිද, වේදනාව වස්තුයයිද දතයුතුය. මහණෙනි, එහිදී, ශ්‍රැතවත් (බොහෝ ඇසූපිරූ තැන් ඇති) ආර්යශ්‍රාවකතෙම වනාහි “පටිච්චසමුප්පාදයම” මනාකොට නුවණින් මෙනෙහි කරයි. ‘මෙසේ මේ හේතුව ඇති කල්හි මේ ඵලය ඇති වෙයි. මේ හේතුව ඇතිවීමෙන් මේ ඵලය ඇතිවේ. මේ හේතුව නැති කල්හි මේ ඵලය නැතිවේ. මේ හේතුව නැතිවීමෙන් මේ ඵලය නැතිවේ, යනුවෙනි. හේ මෙසේයි:- “අවිජ්ජාව නිසා සංස්කාර ඇතිවේ. සංස්කාර නිසා විඤ්ඥාණය ඇතිවේ. විඤ්ඤාණය නිසා නාමරූප ඇතිවේ. නාමරූප නිසා සළායතන ඇතිවේ. සළායතන නිසා ස්පර්ශය ඇතිවේ. ස්පර්ශය නිසා වේදනාව ඇතිවේ. වේදනාව නිසා තණ්හාව ඇතිවේ. තණ්හාව නිසා උපාදානය ඇතිවේ. උපාදානය නිසා භවය ඇතිවේ. භවය නිසා ජාතිය (ඉපදීම) ඇතිවේ. (ඉපදීම) ජාතිය නිසා ජරාමරණද, ශෝකවීම්, හැඬීම්, දුක්වීම්, දොම්නස්වීම් සහ වැළපීම්, ඇතිවෙත්. මෙසේ මේ සියලු (එකම) දුක් සමූහය ඇතිවේ. අවිජ්ජාව සහමුලින් නැතිකිරීමෙන්ම සංස්කාර නැතිවේ. සංස්කාර නැතිවීමෙන් විඤ්ඤාණය නැතිවේ විඤ්ඤාණය නැතිවීමෙන් නාමරූප නැතිවෙයි. නාමරූප නැතිවීමෙන් සළායතන නැතිවෙයි. සළායතන නැතිවීමෙන් ස්පර්ශය නැති වෙයි. ස්පර්ශය නැතිවීමෙන් වේදනාව නැතිවෙයි. වේදනාව නැතිවීමෙන් තණ්හාව නැතිවෙයි. තණ්හාව නැතිවීමෙන් උපාදානය නැතිවෙයි. උපාදානය නැතිවීමෙන් භවය නැති වෙයි, භවය නැතිවීමෙන් ජාතිය (උත්පත්තිය) නැතිවෙයි ජාතිය (උත්පත්තිය) නැතිවීමෙන් ජරා මරණ, ශෝක පරිදේව, දුක්, දොම්නස් සහ උපායාසයෝ නැතිවෙත්. මෙසේ මේ සියලු (එකම) දුක් සමූහය නැතිවෙයි. (හත්වන නතුම්හාක සූත්‍රය නිමි.)",sin,nadil,sinhala,sinhala
"‘‘‘තස්ස ධම්මෙසු දායාදො, ඔරසො ධම්මනිම්මිතො ((උපසීවො නාම නාමෙන, හෙස්සති සත්ථු සාවකො) (ස්‍යා.)); සබ්බාසවෙ පරිඤ්ඤාය, විහරිස්සතිනාසවො’.",pli,nadil,pali,pali
"“මේ දානයද නුඹට පරලොවදී මලද මුත්‍රද රුධිරයද සැරවද වේවා, වස්ත්‍රද තට ලෝභ වස්ත්‍ර වෙත්වා. නුඹ සියලු කාලයෙහි අශුචි අනුභව කරන්න. මෙබඳුවූ වාක් දුශ්චරිතාදිය කොට මේ ප්‍රේත ආත්ම භාවයට පැමිණියේ බොහෝ කාලයක් ගූථාදිය අනුභව කරයි”",sin,nadil,sinhala,sinhala
"“මොහුට නිදීමක්ද හිඳීමක්ද නැත. ඉදිරි ගමනක් හෝ පසු ගමනක් හෝ නැත. ආහාරයක්ද පීමක්ද කඩා කෑමක්ද, වස්ත්‍ර පරිභොගයක්ද ඉඳුරන් හැසිරවීමේ ආශාවක්ද නැත.",sin,nadil,sinhala,sinhala
"“ලෝකජ්‍යෙෂ්ඨවූ, නරශ්‍රේෂ්ඨවූ, සියල්ල මැනවින් දත් වෙස්සභූ සර්‍වඥ තෙමේ දිවා විහරණය පිණිස මහා වනයට පිවිසි සේක.",sin,nadil,sinhala,sinhala
"‘‘කිං නු තම්හා විප්පවසසි, මුහුත්තමපි පිඞ්ගිය; ගොතමා භූරිපඤ්ඤාණා, ගොතමා භූරිමෙධසා.",pli,nadil,pali,pali
"...පෙ.... ‘‘එවමෙව ඛො, භික්ඛවෙ, අප්පකා තෙ සත්තා යෙ බීජගාමභූතගාමසමාරම්භා (බීජගාමභූතගාමසමාරබ්භා (ක.)) පටිවිරතා; අථ ඛො එතෙව බහුතරා සත්තා යෙ බීජගාමභූතගාමසමාරම්භා අප්පටිවිරතා...පෙ..... අට්ඨමං.",pli,nadil,pali,pali
"‘‘සූචියො සුගතෙ දත්වා, සඞ්ඝෙ ගණවරුත්තමෙ; පඤ්චානිසංසෙ අනුභොමි, කම්මානුච්ඡවිකෙ මම.",pli,nadil,pali,pali
"“දන්දෙන ඔව්හු ඉදින් නිදුකානන් වහන්ස, ජාති ජරා දෙක නොඉක්මෙව්වාහුද නැවත කවරෙක් දෙව් මිනිස් ලෙව්හි ඉපදීමද ජරාවද මරණයද එතර කෙළේදැයි අසමි. එය භාග්‍යවතුන් වහන්සේ මට වදාළ මැනවයි” ආයුෂ්මත් පුණ්ණකතෙමේ කීයේය.",sin,nadil,sinhala,sinhala
"‘‘තතො මෙ සත්ථා පාහෙසි, දූතං කාලප්පවෙදකං; පවෙදිතම්හි කාලම්හි, වෙහාසාදුපසඞ්කමිං (වෙහාසානුපසඞ්කමිං (ස්‍යා. ක.)).",pli,nadil,pali,pali
(මාර්ගඵලයයි කියන ලද) දර්ශනයාගේ විශුද්ධිය පිණිස මේ මගය. අනික් මගෙක් නැති තෙපි මේ මාර්ගයෙහි පිළිපදුව මේ (ආර්ය අෂ්ටාංගික මාර්ගය) මාරයා මුළා කරන්නේය.,sin,nadil,sinhala,sinhala
ඒ නිසාම මේ රටේ ශ්වේජින් නිකාය මුල් බැස ගතතා කියලත් මට හිතෙනවා,sin,nadil,sinhala,sinhala
“සුභාෂිතයෝ දන්නා ලද සාරය ඇත්තෝය ශ්‍රැතයද දන්නා ලද සමාධිය සාරයකොට ඇත්තේය. යම් මිනිසෙක් සාහසික වේද ප්‍රමාද වේද ඔහුට නුවණද ශ්‍රැතය (ඉගැනීම) ද නොවැඬේ.,sin,nadil,sinhala,sinhala
"‘‘අස්සිත්ථියො (අස්සිත්ථියො ච (සී.)) රතනං මණිකඤ්ච, යඤ්චාපි මෙ චන්දසූරියා අභිපාලයන්ති; න තස්ස හෙතු විසමං චරෙය්‍යං, මජ්ඣෙ සිවීනං උසභොම්හි ජාතො.",pli,nadil,pali,pali
"“පුත ජමබුකය, තොපගේ කෝශිය ගෝත්‍ර ඇති වෙස්සන්තර නම් සහෝදරයාද එසේම කුණ්ඩලිණී නම් සහෝදරියද රාජ ධර්මය විචාළෙමු. දැන් නුඹ බලයන්ගෙන් උතුම්වූ බලය කවරේද කියවයි. (රජතෙම ජම්බුක නම් ගිරවා ගෙන් ඇසීය.)",sin,nadil,sinhala,sinhala
"‘‘ඉමඤ්ච පස්ස ආයන්තං, සාරිපුත්තං සුදස්සනං; විමුත්තං උභතොභාගෙ, අජ්ඣත්තං සුසමාහිතං.",pli,nadil,pali,pali
ඔහුගේ ඒ වචනය අසා පණ්ඩිතයාගේ අනුචරයෝ උමංදොර හැරියාහු යතුරු දමන ලද අගුළු ඇති දොරකව්ලුද හැරියාහුය.,sin,nadil,sinhala,sinhala
"“අහිපාරකය, මේ ලෝකයෙහි අන්‍යවූ කිසි මිනිසෙක් මට මෝතොමෝ ප්‍රිය නොවන්නීයයි තොපගේ කීම් අදහන්නේද, ප්‍රියවූ උම්මාදන්තිය දී පසුව නොදැක්මෙන් තොපගේ සිතටද මහත් දුකක් වන්නේය.",sin,nadil,sinhala,sinhala
"(මෙහි 1 වර්ගයේ 5 සූත්‍රයේ 1 ඡේදය යෙදිය යුතුයි.) “එකල්හි වනාහි භාග්‍යවතුන් වහන්සේ තමන්වහන්සේගේ ප්‍රපඤ්ච නම්වූ බොහෝ කල් පවත්වන්නාවූ රාග ද්වේෂ මෝහ මාන ක්ලෙශයන්ගේ ප්‍රහානය ප්‍රත්‍යවෙක්ෂා කරමින් වැඩහුන්සේක. “ඉක්බිති භාග්‍යවතුන් වහන්සේ තමන්වහන්සේගේ රාග ද්වේෂ මෝහ තෘෂ්ණා දෘෂ්ටි මාන නම් බොහෝකල් සිටුවන්නාවූ ක්ලෙශයන්ගේ ප්‍රහානය ප්‍රපඤ්ච නම්වූ කෙලෙසුන් සමග පවත්නා සංඥා කොට්ඨාසයන්ගේ ප්‍රහානය දැන ඒ වේලාවෙහි මේ ප්‍රීති වාක්‍යය පහළ කළසේක. “යම් පුද්ගලයකුගේ ප්‍රපඤ්චයෝද සිටීමද, අනුසයත් නැත්තේද, බන්ධනයයි ලද නම් ඇති තෘෂ්ණා දෘෂ්ටීන්ද පලිඝ (ඉදිරුව) යයි කියනලද අවිද්‍යාවද විශේෂයෙන් ඉක්මවූයේද, තෘෂ්ණාව නැත්තාවූ මුනිවූ හැසිරෙන්නාවූ ඒ පුද්ගලයාට දෙවියන් සහිතවූ සියලු සත්ව ලෝකයා අවමන් නොකෙරේ” යයි.",sin,nadil,sinhala,sinhala
"එවං මෙ සුතං - එකං සමයං භගවා කුරූසු විහරති කම්මාසධම්මං නාම කුරූනං නිගමො. තත්‍ර ඛො භගවා භික්ඛූ ආමන්තෙසි - ‘‘භික්ඛවො’’ති. ‘‘භදන්තෙ’’ති තෙ භික්ඛූ භගවතො පච්චස්සොසුං. භගවා එතදවොච - ‘‘අනිච්චා, භික්ඛවෙ, කාමා තුච්ඡා මුසා මොසධම්මා. මායාකතමෙ තං, භික්ඛවෙ, බාලලාපනං. යෙ ච දිට්ඨධම්මිකා කාමා, යෙ ච සම්පරායිකා කාමා; යා ච දිට්ඨධම්මිකා කාමසඤ්ඤා, යා ච සම්පරායිකා කාමසඤ්ඤා - උභයමෙතං මාරධෙය්‍යං, මාරස්සෙස (මාරස්සෙව (ක.)) විසයො, මාරස්සෙස නිවාපො, මාරස්සෙස ගොචරො. එත්ථෙතෙ පාපකා අකුසලා මානසා අභිජ්ඣාපි බ්‍යාපාදාපි සාරම්භාපි සංවත්තන්ති. තෙව අරියසාවකස්ස ඉධමනුසික්ඛතො අන්තරායාය සම්භවන්ති. තත්‍ර, භික්ඛවෙ, අරියසාවකො ඉති පටිසඤ්චික්ඛති - ‘යෙ ච දිට්ඨධම්මිකා කාමා, යෙ ච සම්පරායිකා කාමා; යා ච දිට්ඨධම්මිකා කාමසඤ්ඤා, යා ච සම්පරායිකා කාමසඤ්ඤා - උභයමෙතං මාරධෙය්‍යං, මාරස්සෙස විසයො, මාරස්සෙස නිවාපො, මාරස්සෙස ගොචරො. එත්ථෙතෙ පාපකා අකුසලා මානසා අභිජ්ඣාපි බ්‍යාපාදාපි සාරම්භාපි සංවත්තන්ති, තෙව අරියසාවකස්ස ඉධමනුසික්ඛතො අන්තරායාය සම්භවන්ති. යංනූනාහං විපුලෙන මහග්ගතෙන චෙතසා විහරෙය්‍යං අභිභුය්‍ය ලොකං අධිට්ඨාය මනසා. විපුලෙන හි මෙ මහග්ගතෙන චෙතසා විහරතො අභිභුය්‍ය ලොකං අධිට්ඨාය මනසා යෙ පාපකා අකුසලා මානසා අභිජ්ඣාපි බ්‍යාපාදාපි සාරම්භාපි තෙ න භවිස්සන්ති. තෙසං පහානා අපරිත්තඤ්ච මෙ චිත්තං භවිස්සති අප්පමාණං සුභාවිත’න්ති. තස්ස එවංපටිපන්නස්ස තබ්බහුලවිහාරිනො ආයතනෙ චිත්තං පසීදති. සම්පසාදෙ සති එතරහි වා ආනෙඤ්ජං සමාපජ්ජති පඤ්ඤාය වා අධිමුච්චති කායස්ස භෙදා පරං මරණා. ඨානමෙතං විජ්ජති යං තංසංවත්තනිකං විඤ්ඤාණං අස්ස ආනෙඤ්ජූපගං. අයං, භික්ඛවෙ, පඨමා ආනෙඤ්ජසප්පායා පටිපදා අක්ඛායති’’.",pli,nadil,pali,pali
"චතූහපායෙහි ච විප්පමුත්තො, ඡච්චාභිඨානානි (ඡ චාභිඨානානි (සී. ස්‍යා.)) භබ්බ කාතුං (අභබ්බො කාතුං (සී.)); ඉදම්පි සඞ්ඝෙ රතනං පණීතං, එතෙන සච්චෙන සුවත්ථි හොතු.",pli,nadil,pali,pali
"“භාරද්වාජය, බුද්ධත්වයට පළමුමෙන්ම බුදුනොවූ බෝසත්වූම මට මෙබඳු අදහසක් විය. ගිහිගෙයි විසීම අවහිර සහිතය, කෙලෙස් රජස් උපදින මාර්ගයයි. මහණකම අවකාශය මෙන් නිදහස්ය. ගිහිගෙයි වසන්නහු විසින් සියලු ආකාරයෙන් පිරිසිදුවු සියලු ආකාරයෙන් සම්පූර්ණවූ ලියවන ලද සකක් බදුවූ මේ බ්‍රහ්මචර්යාවෙහි හැසිරීම පහසු නොවෙයි. මම හිසකේ දැළි රැවුලු කපා හැර, කසාවත් හැඳ, ගිහිගෙන් නික්ම ශාසනයෙහි පැවිදි වන්නෙම් නම් ඉතා යෙහෙකැයි (කියාය). භාරද්වාජය, ඒ මම එයින් ටික කලකට පසු තරුණ වයස් ඇත්තේම, කළුවූ හිසකෙස් ඇත්තේම, පළමුවෙනි වයසෙහි යහපත් තරුණභාවයෙන් යුක්තවූයේම නොකැමතිවූ මවුපියන් අඬත්දී, හිසකෙස් දැළිරැවුල් කපාහැර කසා වත් හැඳ ගෙන ගිහිගෙන් නික්ම අනගාරිකව පැවිදිවීමි. “මෙසේ පැවිදිවූ මම කුසල් කුමක්දැයි සොයන්නේ නිරුත්තර උතුම් නිර්වාණය සොයන්නේ, ආළාරකාලාම නම් තවුස්තෙම යම් තැනක්හිද එතැනට ගියෙමි. ගොස්, ආළාරකාලාම තාපසයාට මෙසේ කීවෙමි. “ඇවැත්නි, කාලාමයෙනි, තොපගේ මේ ශාසනයෙහි බ්‍රහ්මචරියාවෙහි හැසිරෙන්ට මම කැමැත්තෙමි”යි (කීවෙමි) භාරද්වාජය, මම මෙසේ කී කල්හි ආළාරකාලාම තෙම මට මෙය කීවේය. ‘යම් තැනක නුවණ ඇත්තාවූ පුරුෂයෙක් නොබෝ කලකින් තමන්ගේ ආචාර්යයන්ගේ ධර්මය තමාම නුවණින් දැන අවබෝධ කොට ඊට පැමිණ වාසය කරන්නේද, මේ ධර්මයද එබඳුය. එහෙයින් ආයුෂ්මත්තෙම වාසය කෙරේවා’ (කියායි.) “භාරද්වාජය, ඒ මම ටික කලකින් වහාම ඔවුන්ගේ ඒ ධර්මය අසාම ඉගෙන ගත්තෙමි. භාරද්වාජය, ඒ මම (කියන්ට) තොල පෙරලු පමණින් (ඔහු) කියනදේ නැවත කී පමණින් මෙබඳු ස්වල්ප කාලයකින් ඤාණවාදයද, (දනිම්යයි කීමද) කියමි. ථෙරවාදයද (එහි ස්ථිරයයි කීමද) දනිමියිද, දකිමියිද පිළිගනිමි. මා පමණක් නොව අන්‍යයෝද (මා ගැන) එසේ කියති. භාරද්වාජය, ඒ මට මේ සිත විය. ‘ආළාරකාලාම තෙම මේ ධර්මය ඇදහීම් පමණකින් තමාම උසස් නුවණින් අවබෝධ කොට ඊට පැමිණ වාසය කරමියි’ නොකියයි. “ආළාරකාලාම තෙම මේ ධර්මය දැන දැක වාසය කරයි’ (කියායි). භාරද්වාජය, ඉන්පසු මම ආළාරකාලාම යම් තැනකද එහි ගියෙමි. ගොස් ආළාරකාලාමහට මෙසේ කීවෙමි. ‘ඇවැත්නි, කාලාමයෙනි, කොපමණකින් මේ ධර්මය තමාම දැන අවබෝධ කොට ඊට පැමිණ ප්‍රකාශ කෙරේදැ’යි (කියායි.) “භාරද්වාජය, මෙසේ කී කල්හි ආළාරකාලාම තෙම ආකිඤ්චඤ්ඤායතනය කෙළවරකොට ඇති සමාපත්තිය දැක්වූයේය. භාරද්වාජය, ඒමට මේ සිත විය. ‘ආළාරකාළාමහට පමණක් ශ්‍රද්ධාව ඇත්තේ නොවෙයි. මටද ශ්‍රද්ධාව ඇත. ආළාරකාලාමහට පමණක් වීර්යය ඇත්තේ නොවෙයි, මටද වීර්යය ඇත. ආළාරකාලාමහට පමණක් සිහිය ඇත්තේ නොවෙයි. මටද සිහිය ඇත, ආළාරකාලාමහට පමණක් සමාධිය ඇත්තේ නොවෙයි, මටද සමාධිය ඇත, ආළාරකාලාමහට පමණක් ප්‍රඥාව ඇත්තේ නොවෙයි, මටද ප්‍රඥාව ඇත. යම් හේතුවකින් ආළාරකාලාම තෙම යම් ධර්මයක් තමාම නුවණින් දැන ඊට පැමිණ වාසය කරමියි, කියයි නම් ඒ ධර්මය අත්කර ගැණීම පිණිස මම උත්සාහ කරන්නෙම් නම් හොඳය’ (කියායි.) “භාරද්වාජය, ඒ මම ටික කලකින් වහාම ඒ ධර්මය තමාම නුවණින් දැන අවබෝධ කොට ඊට පැමිණ වාසය කෙළෙමි භාරද්වාජය, ඉන්පසු මම ආළාරකාලාම තෙම යම් තැනකද, එතැනට ගියෙමි. ගොස්, ඇවැත්නි, කාලාමයෙනි, ඒ ධර්මය දැන අවබෝධකොට ඊට පැමිණ ප්‍රකාශ කරන්නේ මෙපමණකින්දැ’යි (ඇසීමි) ‘ඇවැත්නි, මේ ධර්මය දැන අවබෝධකොට ඊට පැමිණ ප්‍රකාශ කරන්නෙම් මෙපමණකින්ය’යි (ආළාරකාලාම තෙම) කීය. ‘ඇවැත්නි, මමද මෙපමණකින් මේ ධර්මය දැන අවබෝධකොට ඊට පැමිණ වාසය කරමියී (කීවෙමි) ‘ඇවැත්නි, යම් බඳුවූ අපි ආයුෂ්මත්වූ ඔබ වැනිවූ සමාන බ්‍රහ්මචර්යා ඇත්තෙකු දකින්නෙමුද, ඒ අපට ලාභයකි. උතුම් ලාභයකි. මෙසේ මම යම් ධර්මයක් දැන අවබෝධකොට ඊට පැමිණ ප්‍රකාශ කරම්ද, ඔබ ඒ ධර්මය දැන අවබෝධකොට ඊට පැමිණ වාසය කරන්නෙහිය. ඔබ යම් යම් ධර්මයක් දැන අවබෝධකොට ඊට පැමිණ වාසය කරන්නෙහිද, මමද ඒ ධර්මය දැන අවබෝධකොට ඊට පැමිණ ප්‍රකාශ කරන්නෙමි. මෙසේ මම යම් ධර්මයක් දන්නෙම්ද ඔබද ඒ ධර්මය දන්නෙහිය, යම් හේතුවකින් ඔබ යම් ධර්මයක් දන්නේද, මමද ඒ ධර්මය දන්නෙමි, මෙසේ මම යම් බඳුද ඔබත් එබඳුය. ඔබ යම් බඳුද මාත් එබඳුය. ඇවැත්නි, එනු මැනව, දෙදෙනම එක්ව මේ පිරිස පාලනය කරමු’යි (කීවේය) භාරද්වාජය, මෙසේ මාගේ ආචාර්යවූම ආළාරකාලාම තෙම අතවැසි (ශිෂ්‍ය) වූ ඔහු හා සම සම ස්ථානයෙහි තැබීය. උත්තමවූ පූජාවෙන් මා පිදුවේය. “භාරද්වාජය, ඒ මට මෙසේ සිතුනේය. මේ (තාපස) ධර්මය සසර කලකිරීම පිණිස නොපවතියි. සසර නො ඇල්ම පිණිස නො පවතියි. කෙලෙස් නැති කිරීම පිණිස නොපවතියි (දත යුතු ධර්මයන්) දැනීම පිණිස නොපවතියි. (චතුරාර්ය සත්‍යය) අවබෝධය පිණිස නොපවතියි. නිර්වාණය පිණිස නොපවතියි. ආකිඤ්චාඤ්ඤයතන බ්‍රහ්මලෝකයෙහි ඉපදීම පිණිස පමණක් පවතියි. භාරද්වාජය, ඒ මම ඒ ධර්මය ප්‍රමාණ නොවේයයි සිතා ඒ ධර්මයෙහි කලකිරී ඉවත්ව ගියෙමි.",sin,nadil,sinhala,sinhala
"මහණෙනි, මේ කැඳෙහි අනුසස් පසක් වෙත්. කවර පසක්ද යත්? බඩගින්න නසයි. පිපාසය දුරු කෙරයි. වාතය අනුලොම් කරයි. වස්තිය පිරිසිදු කෙරෙයි. අමුව ඉතිරි දෙය පැසවයි. යන පසයි. මහණෙනි, මේ පස වනාහි කැඳෙහි අනුසස් වෙත්ය” යි වදාළ සේක.",sin,nadil,sinhala,sinhala
"‘‘‘දුක්ඛෙන දුක්ඛිතා හොමි, ඵුසයන්ති ච වෙදනා; මහාදුක්ඛෙ නිමුග්ගම්හි, සරණං හොහි මෙ සඛී’.",pli,nadil,pali,pali
"සාවත්ථිනිදානං. අථ ඛො ආයස්මා සාරිපුත්තො යෙන භගවා තෙනුපසඞ්කමි; උපසඞ්කමිත්වා භගවන්තං අභිවාදෙත්වා එකමන්තං නිසීදි. එකමන්තං නිසින්නො ඛො ආයස්මා සාරිපුත්තො භගවන්තං එතදවොච - ‘‘සකලමිදං, භන්තෙ, බ්‍රහ්මචරියං, යදිදං - කල්‍යාණමිත්තතා කල්‍යාණසහායතා කල්‍යාණසම්පවඞ්කතා’’ති. ‘‘සාධු සාධු, සාරිපුත්ත! සකලමිදං, සාරිපුත්ත, බ්‍රහ්මචරියං, යදිදං - කල්‍යාණමිත්තතා කල්‍යාණසහායතා කල්‍යාණසම්පවඞ්කතා. කල්‍යාණමිත්තස්සෙතං, සාරිපුත්ත, භික්ඛුනො පාටිකඞ්ඛං කල්‍යාණසහායස්ස කල්‍යාණසම්පවඞ්කස්ස - අරියං අට්ඨඞ්ගිකං මග්ගං භාවෙස්සති, අරියං අට්ඨඞ්ගිකං මග්ගං බහුලීකරිස්සති. කථඤ්ච, සාරිපුත්ත, භික්ඛු කල්‍යාණමිත්තො කල්‍යාණසහායො කල්‍යාණසම්පවඞ්කො අරියං අට්ඨඞ්ගිකං මග්ගං භාවෙති, අරියං අට්ඨඞ්ගිකං මග්ගං බහුලීකරොති? ‘‘ඉධ, සාරිපුත්ත, භික්ඛු සම්මාදිට්ඨිං භාවෙති විවෙකනිස්සිතං විරාගනිස්සිතං නිරොධනිස්සිතං වොස්සග්ගපරිණාමිං...පෙ.... සම්මාසමාධිං භාවෙති විවෙකනිස්සිතං විරාගනිස්සිතං නිරොධනිස්සිතං වොස්සග්ගපරිණාමිං. එවං ඛො, සාරිපුත්ත, භික්ඛු කල්‍යාණමිත්තො කල්‍යාණසහායො කල්‍යාණසම්පවඞ්කො අරියං අට්ඨඞ්ගිකං මග්ගං භාවෙති, අරියං අට්ඨඞ්ගිකං මග්ගං බහුලීකරොති. ‘‘තදමිනාපෙතං, සාරිපුත්ත, පරියායෙන වෙදිතබ්බං යථා සකලමිදං බ්‍රහ්මචරියං, යදිදං - කල්‍යාණමිත්තතා කල්‍යාණසහායතා කල්‍යාණසම්පවඞ්කතා. මමඤ්හි, සාරිපුත්ත, කල්‍යාණමිත්තං ආගම්ම ජාතිධම්මා සත්තා ජාතියා පරිමුච්චන්ති; ජරාධම්මා සත්තා ජරාය පරිමුච්චන්ති; මරණධම්මා සත්තා මරණෙන පරිමුච්චන්ති; සොකපරිදෙවදුක්ඛදොමනස්සුපායාසධම්මා සත්තා සොකපරිදෙවදුක්ඛදොමනස්සුපායාසෙහි පරිමුච්චන්ති. ඉමිනා ඛො එතං, සාරිපුත්ත, පරියායෙන වෙදිතබ්බං යථා සකලමිදං බ්‍රහ්මචරියං, යදිදං - කල්‍යාණමිත්තතා කල්‍යාණසහායතා කල්‍යාණසම්පවඞ්කතා’’ති. තතියං.",pli,nadil,pali,pali
“ඒ ප්‍රපාතයේ හටගත් බල ඇති ශක්තිමත්වූ පර්වත සමප්‍රදෙශයෙහි උපන්නාවූ නාගතෙම මා භොගයෙන් පිළිගත්තේය. එහෙයින් මම එහි නොමළෙමි.,sin,nadil,sinhala,sinhala
"යං වෙ පිවිත්වාන (යඤ්චෙ පීත්වාන (පී.)) හනෙය්‍ය පොසො, ධම්මෙ ඨිතං සමණං බ්‍රාහ්මණං වා; ගච්ඡෙ අපායම්පි තතොනිදානං, තස්සා පුණ්ණං කුම්භමිමං කිණාථ.",pli,nadil,pali,pali
"‘‘ද්වෙනවුතෙ ඉතො කප්පෙ, පංසුකූලමවන්දහං; දුග්ගතිං නාභිජානාමි, වන්දනාය ඉදං ඵලං.",pli,nadil,pali,pali
"“වැටකේ, කඳල, ගොවුක, බොලිද්ද යන වෘක්‍ෂයෝ මාගේ අසපුව හොබවමින් දිව සුවඳ හමත්.",sin,nadil,sinhala,sinhala
"“යම්සේ මායාකාරයෙක් රඟමඬලෙහි බොහෝ විකාර දක්වාද, එසේම භවයෙහි කැරකෙන්නාවූ මම විදෙහ රටෙහි අධිපතියා වීමි.",sin,nadil,sinhala,sinhala
"“පිබිදුණු පුරුෂතෙම සිහිනෙන් දුටුවිරූදෙය නොදකීද එසේම මැරීගියාවූ, කළුරියකළාවූ ප්‍රියකළ ජනයා නොදකී.",sin,nadil,sinhala,sinhala
"“එකල්හි වනාහි ආයුෂ්මත් සාරීපුත්‍ර ස්ථවිර තෙම, “ඇවැත්නි මහණෙනි,” යි භික්‍ෂූන්ට ඇමතූ සේක. “ඇවැත්නි” කියා ඒ භික්‍ෂූහු ආයුෂ්මත් සාරීපුත්‍ර ස්ථවිරයන්ට ප්‍රතිවචන දුන්හ. ආයුෂ්මත් සාරීපුත්‍ර ස්ථවිර තෙම මෙය වදාළේය. “ඇවැත්නි, යම්කිසිවෙක් වනාහි අනිකෙකුගෙන් ප්‍රශ්න අසයිද. ඒ සියල්ල කරුණු පසකින් හෝ මොවුන්ගෙන් එක්තරා කරුණකින් හෝ වෙයි. “කවර පසකින්ද යත්? නුවණ මඳ බැවින්, ඉතා මුළාවන බැවින් අනිකෙකුගෙන් ප්‍රශ්න අසයි. ලාමක ආසා ඇත්තේ, ආසාවෙන් මඩනා ලද්දේ අනිකාගෙන් ප්‍රශ්න අසයි. පරිභව කරන්නේ අනිකාගෙන් ප්‍රශ්න අසයි. දැනගණු කැමැත්තේ අනිකාගෙන් ප්‍රශ්න අසයි. නොහොත් ඉතා කිපෙමින් අනිකාගෙන් ප්‍රශ්න අසයි. ඉදින් මා විසින් ප්‍රශ්නය අසන ලද්දේ මනාකොටම ප්‍රකාශ කරන්නේ නම් මෙසේ මෙය යහපති. ඉදින් මා විසින් ප්‍රශ්නය අසන ලද්දේ මනාකොටම ප්‍රකාශ නොකරන්නේ නම් මම මොහුට මනාකොටම ප්‍රකාශ කරන්නෙමියි” “ඇවැත්නි, යම්කිසිවෙක් වනාහි අනිකෙකුගෙන් ප්‍රශ්න අසයිද. ඒ සියල්ල කරුණු පසකින් හෝ මොවුන්ගෙන් එක්තරා කරුණකින් හෝ වෙයි. “ඇවැත්නි, ‘මම වනාහි මෙබඳු සිත් ඇත්තේ අනිකාගෙන් ප්‍රශ්නය අසමි. ඉදින් මා විසින් ප්‍රශ්නය අසන ලද්දේ මනාකොටම ප්‍රකාශ කරන්නේ නම් මෙසේ මේ යහපති. ඉදින් මා විසින් ප්‍රශ්නය අසන ලද්දේ මනාකොටම ප්‍රකාශ නොකරන්නේ නම්, මම මොහුට මනාකොටම ප්‍රකාශ කරන්නෙමි’ යි වදාළේය.",sin,nadil,sinhala,sinhala
"අස්සොසි ඛො දීඝතපස්සී නිගණ්ඨො - ‘‘උපාලි කිර ගහපති සමණස්ස ගොතමස්ස සාවකත්තං උපගතො’’ති. අථ ඛො දීඝතපස්සී නිගණ්ඨො යෙන නිගණ්ඨො නාටපුත්තො තෙනුපසඞ්කමි; උපසඞ්කමිත්වා නිගණ්ඨං නාටපුත්තං එතදවොච - ‘‘සුතං මෙතං, භන්තෙ, උපාලි කිර ගහපති සමණස්ස ගොතමස්ස සාවකත්තං උපගතො’’ති. ‘‘අට්ඨානං ඛො එතං, තපස්සි , අනවකාසො යං උපාලි ගහපති සමණස්ස ගොතමස්ස සාවකත්තං උපගච්ඡෙය්‍ය. ඨානඤ්ච ඛො එතං විජ්ජති යං සමණො ගොතමො උපාලිස්ස ගහපතිස්ස සාවකත්තං උපගච්ඡෙය්‍යා’’ති . දුතියම්පි ඛො දීඝතපස්සී නිගණ්ඨො...පෙ.... තතියම්පි ඛො දීඝතපස්සී නිගණ්ඨො නිගණ්ඨං නාටපුත්තං එතදවොච - ‘‘සුතං මෙතං, භන්තෙ ...පෙ.... උපාලිස්ස ගහපතිස්ස සාවකත්තං උපගච්ඡෙය්‍යා’’ති. ‘‘හන්දාහං, භන්තෙ, ගච්ඡාමි යාව ජානාමි යදි වා උපාලි ගහපති සමණස්ස ගොතමස්ස සාවකත්තං උපගතො යදි වා නො’’ති. ‘‘ගච්ඡ ත්වං, තපස්සි, ජානාහි යදි වා උපාලි ගහපති සමණස්ස ගොතමස්ස සාවකත්තං උපගතො යදි වා නො’’ති.",pli,nadil,pali,pali
“මහත් ධන ඇත්තාවූ මහත් වස්තු ඇත්තාවූ රටවල් ඇති රජවරු පවා බොහෝ ධනධාන්‍ය ඇත්තෝවුවද ඔවුහුද අජරාමර නොවූහ.,sin,nadil,sinhala,sinhala
“මා විසින් උතුම් දනක් මැනවින් දෙන ලදී. වෙළඳාමක් මනා ලෙස යොදන ලදී. එම කැඳ දන කරනකොටගෙනම අචල පදයවූ නිවනට පැමිණියේ වෙමි.,sin,nadil,sinhala,sinhala
"“ඉක්බිති එක්තරා භික්‍ෂුවක් භාග්‍යවතුන් වහන්සේ යම් තැනෙක්හිද, එතැනට පැමිණියේය. පැමිණ, භාග්‍යවතුන් වහන්සේ වැඳ, එකත්පසෙක සිටියේය. එකත්පසෙක සිටියාවූ ඒ භික්‍ෂුතෙම භාග්‍යවතුන් වහන්සේට මෙය සැළ කළේය. “ස්වාමීනි, ශ්‍රුතවත්වූ (ඇසූ පිරූ තැන් ඇති) ආර්‍ය්‍ය ශ්‍රාවකයාට අව්‍යාකෘත වස්තූන්හි (ප්‍රකාශ නොකළ) යම් හෙයකින් විචිකිච්ඡාව (සැකය) නූපදිද. එයට හේතු කවරේද, එයට ප්‍රත්‍යය කවරේද? “මහණෙනි, ශ්‍රුතවත්වූ ආර්‍ය්‍ය ශ්‍රාවකයාට දෘෂ්ටි නිරෝධයෙන් අව්‍යාකෘත (ප්‍රකාශ නොකළ) වස්තූන්හි විචිකිච්ඡාව නුපදියි. “සත්ත්‍වයා මරණින් මතු වේයයි මහණතෙම මෙය දෘෂ්ටි ගත්තේය. (2) සත්ත්‍වයා මරණින් මතු නොවේයයි මහණතෙම මෙය දෘෂ්ටි ගත්තේය. සත්ත්‍වයා මරණින් මතු වේද නොවේදැයි මහණතෙම මෙය දෘෂ්ටි ගත්තේය. සත්ත්‍වයා මරණින් මතු නොමවෙයි. නොම නොවේයයි මහණතෙම මෙය දෘෂ්ටි ගත්තේය. “ඇසූ පිරූ තැන් නැති පෘථග්ජන භික්‍ෂුතෙම දෘෂ්ටිය නොම දනියි. දෘෂ්ටිය ඇතිවීමේ හේතුව නොම දනියි. දෘෂ්ටි නිරෝධය (නැතිකිරිම) නොම දනියි. දෘෂ්ටි නිරෝධ ගාමිනී ප්‍රතිපදාව නොම දනියි. ඔහුගේ ඒ දෘෂ්ටිය වැඩෙයි. හෙතෙම ඉපදීමෙන් නොමිදෙයි. ජරාව, මරණය, ශෝකය, වැළපිම, දුක්, දොම්නස හා සිත් තැවුල්වලින් නොමිදෙයි. “ඇසූ පිරූ තැන් ඇති ආර්‍ය්‍ය ශ්‍රාවකවූ භික්‍ෂුතෙම දෘෂ්ටිය දනියි. දෘෂ්ටිය ඇතිවීමේ හේතුව දනියි. දෘෂ්ටි නිරෝධය දනියි. දෘෂ්ටි නිරෝධ ගාමිනී ප්‍රතිපදාව දනියි. ඒ භික්‍ෂුවට ඒ දෘෂ්ටිය නිරුද්ධ වෙයි. හෙතෙම ඉපදීමෙන් මිදෙයි. ජරාව, මරණය, ශෝකය, වැළපිම, දුක, දොම්නස හා සිත් තැවුල්වලින් මිදෙයි. “මෙසේ දත්, මෙසේ දන්නා, ඇසූ පිරූ තැන් ඇති, ආර්‍ය්‍ය ශ්‍රාවක භික්‍ෂු තෙම මෙසේ බලයි. සත්ත්‍වයා මරණින් මතු වේයයි නොපවසයි. සත්ත්‍වයා මරණින් මතු නොවේයයි නොපවසයි. සත්ත්‍වයා මරණින් මතු වේද නොවේදැයි නොපවසයි. සත්ත්‍වයා මරණින් මතු නොම වෙයි, නොම නොවේයයි නොපවසයි. මෙසේ මෙය දන්නා ඇසූ පිරූ තැන් ඇති ආර්‍ය්‍ය ශ්‍රාවක භික්‍ෂුතෙම ප්‍රකාශ නොකළ කරුණුවල ප්‍රකාශ නොකරණ ස්වභාව ඇත්තේ වෙයි. “මෙසේ දන්නා ශ්‍රුතවත්වූ ආර්‍ය්‍ය ශ්‍රාවක භික්‍ෂුතෙම ප්‍රකාශ නොකළ කරුණවල තැති නොගනියි. කම්පා නොවෙයි. නොසෙල්වෙයි. බියට නොපැමිණෙයි. සත්ත්‍වයා මරණින් මතු වේ යන මෙය තෘෂ්ණාව අනුව ගිය අදහසකි. වැටහීම අනුව ගිය අදහසකි. මෙය වැටහීම ඇත්තකුගේ අදහසකි. මෙය ප්‍රමාදයට හේතුය. මෙය ප්‍රමාදය අනුව ගිය අදහසකි. මෙය විපිළිසර (පසුතැවිල්ලකි.)සත්ත්‍වයා මරණින් මතු නොවේයයි මහණතෙම මෙය දෘෂ්ටි ගත්තේය. සත්ත්‍වයා මරණින් මතු වේද නොවේදැයි මහණතෙම මෙය දෘෂ්ටි ගත්තේය. සත්ත්‍වයා මරණින් මතු නොමවෙයි. නොම නොවේයයි මහණතෙම මෙය දෘෂ්ටි ගත්තේය. “අශ්‍රුතවත් පෘතග්ජන භික්‍ෂුව විපිළිසර නොදනියි. විපිළිසර ඇතිවීමේ හේතුව නොදනියි. විපිළිසර නිරෝධය (නැතිකිරීම) නොදනියි. විපිළිසරය නිරුද්‍ධ කිරීමේ (නැතිකිරීමේ) ප්‍රතිපදාව නොදනියි. ඔහුගේ ඒ විපිළිසරය (පසුතැවිල්ල) වැඩෙයි. හෙතෙම ඉපදීමෙන් නොමිදෙයි. ජරාව, ව්‍යාධිය, මරණය, ශෝකය, වැළපිම හා දුක්, දොම්නස් සිත් තැවුල්වලින් නොමිදෙයි. “ශ්‍රුතවත්වූ ආර්‍ය්‍ය ශ්‍රාවක භික්‍ෂුතෙම වනාහි විපිළිසරය දනියි. විපිළිසර ඇතිවීමේ හේතුව දනියි. විපිළිසර නිරෝධය දනියි. විපිළිසර නිරුද්ධකිරීමේ ප්‍රතිපදාව දනියි. හෙතෙම ඉපදීමෙන් මිදෙයි. ජරා, මරණ, ශොක, පරිදෙව, දුක්ඛ, දොමනස්ස, උපායාස, දුක්වලින් නොමිදෙයි. “මෙසේ දන්නාවූ, මෙසේ දක්නාවූ ශ්‍රුතවත් ආර්‍ය්‍ය ශ්‍රාවක භික්‍ෂුතෙම සත්ත්‍වයා මරණින් මතු වේයයි ප්‍රකාශ නොකරයි. සත්ත්‍වයා මරණින් මතු නොවේයයි ප්‍රකාශ නොකරයි. සත්ත්‍වයා මරණින් මතු වේය නොවේයයි ප්‍රකාශ නොකරයි. සත්ත්‍වයා මරණින් මතු නොමවේ නොම නොවේයයි ප්‍රකාශ නොකරයි. මෙසේ දන්නාවූ, මෙසේ දක්නාවූ, ශ්‍රුතවත් ආර්‍ය්‍ය ශ්‍රාවක තෙම ප්‍රකාශ නොකල වස්තූන්හි ප්‍රකාශ නොකළ ධර්‍ම ඇත්තේ වෙයි. මෙසේ දන්නාවු, මෙසේ දක්නාවු, ශ්‍රුතවත් ආර්‍ය්‍ය ශ්‍රාවක තෙම මෙසේ බලන්නේ, ප්‍රකාශ නොකළ වස්තූන්හි තැති නොගනියි. කම්පා නොවෙයි. හදිසි බියට නොපැමිණෙයි. මහණෙනි, යම් හෙයකින් ශ්‍රුතවත්වූ ආර්‍ය්‍ය ශ්‍රාවකයාට ප්‍රකාශ නොකළ වස්තූන්හි විචිකිච්ඡාව නූපදිද, මේ එයට හේතුවයි.”",sin,nadil,sinhala,sinhala
"“ඒකාන්තයෙන් සත්පියවරක් එක්ව ගමන් කිරීමෙන් මිත්‍රවේ. දොළොස් දිනක් එක්ව විසීමෙන් වනාහි සහායයාවේ. “මසකින්ද, අඩ මසකින්ද, නෑයෙකු හා සමවේ. ඉන් වැඩිකලක් එක්ව විසීමෙන් ආත්ම සමානයෙක්ද වේ. ඒ මම ආත්ම සුඛය හේතුකොටගෙණ බොහෝ කලක් වැස පුරුදුවූ කාලකණ්ණි නම්වූ යහළුවා කෙසේ හැර පියම් දැයි” කීයේය.",sin,nadil,sinhala,sinhala
"“මහරජ, මේ යාගය කළනොහැකිය. ලැබිය නොහැකියයි, පළමුකොට කියන ලද්දේවෙහිය. දැන් අප විසින් පිළියෙල කළාවූ යාගයාගේ වැළැක්ම කෙරෙහිය.",sin,nadil,sinhala,sinhala
"“පුත තේමිය කුමාරය, පණ්ඩිත බව ප්‍රකාශ නොකරව, සියලු සතුන්ට බාලයයි සම්මතවූවෙක් වෙව, සියලු ජනතෙමේ තා කාලකණ්ණියයි බැහැර කෙරේවා. මෙසේ ඇති කල්හි තොපට වැඩෙක්වන්නේ යයි” ඡත්‍රයෙහි අධිගෘහිත දෙවතාතොමෝ කීය.",sin,nadil,sinhala,sinhala
"‘‘සචෙ හි සො ඉස්සරො සබ්බලොකෙ, බ්‍රහ්මා බහූභූතපතී (බ්‍රහ්මපහූ භූතපතී (ස්‍යා.)) පජානං; කිං සබ්බලොකං විදහී අලක්ඛිං, කිං සබ්බලොකං න සුඛිං අකාසි.",pli,nadil,pali,pali
"(14 - 19) 1 “මේ ධර්මයද දැන” යන්නෙහි “මෙය” යනු කියන ලද දේශනා කරණ ලද ප්‍රකාශ කරණ ලද විවෘත කරණ ලද, බෙදන ලද ප්‍රකට කරණ ලද ධර්මය “දැන” යනු දැනගෙන සමකොට බලා තීරණයකොට ප්‍රකටකොට මෙසේද මේ ධර්මය දැන නොහොත් සමදේද විෂමදේද මාර්ගයද අමාර්ගයද වරදද නිවරදද හීනයද ප්‍රණීතයද කලුදේද සුදුදේද නුවණැත්තන් ගරහන දේද නුවණැත්තන් පසස්නා දේද යන ධර්මය දැන සමකොට බලා තීරණයකොට ප්‍රකටකොට මෙසේද මේ ධර්මය දැන නොහොත් සම්‍යක් ප්‍රතිපදාව අනුලොම ප්‍රතිපදාව අවිරුද්ධ ප්‍රතිපදාව අන්වර්ථ ප්‍රතිපදාව ධර්මානු ධර්ම ප්‍රතිපදාව, ශීලයන් පුරණ බව ඉන්ද්‍රියයන්හි වසන ලද දොර ඇති බව, භෝජනයෙහි පමණ දැනීම ඇති බව. නිදි වර්ජිත කිරීම, සිහි නුවණ ඇති බව, සතර සතිපට්ඨානයන් සතර සම්‍යක් ප්‍රධානයන් සතර ඉර්ධි පාදයන් පඤ්චෙන්ද්‍රිය පඤ්චබල සප්ත බොධ්‍යංග, ආර්‍ය්‍ය අෂ්ටාංගික මාර්ගය, නිර්වාණයද නිර්වාණ ගාමිනී ප්‍රතිපදාවද යන ධර්මය දැන සමකොට බලා තීරණයකොට ප්‍රකටකොට යනුයි. 2 “භික්ෂුතෙම හැමකල්හි සිතා බලන්නේ සිහිඇත්තේ හික්මෙන්නේය” යන්නෙහි සිතා බලන්නේ යනු සිතන්නේ සමකොට බලන්නේ තීරණය කරන්නේ ප්‍රකට කරන්නේ සියලු සංස්කාරයෝ අනිත්‍යයයි (මෙහි (12-17) 4 සියලු යන තැන සිට යොදාගත යුතුයි) යම්කිසි හේතුවකින් උපන් ධර්මයක් ඇද්ද ඒ සියල්ල විනාශය පිණිස පවත්නේ යයි සිතන්නේ සමකොට බලන්නේ තීරණය කරන්නේ ප්‍රකට කරන්නේනුයි සිතා බලන භික්ෂු නමි. හැම කල්හි යනු හැමදා සියලු කාලයෙහි ((14-2) 5 (i) ඡදයේ තවත් කාරණා සතරක් යන තැන දක්වා යොදාගත යුතුයි.) “හික්මෙන්නේය” යනු හික්මීම් තුනකි. අධිශීල ශික්ෂා අධිචිත්ත ශික්ෂා අධි පඤ්ඤා ශික්ෂා යනුයි. මේ ශික්ෂා තුන සිහි කරන්නේ හික්මෙන්නේය. (2-4) 1 (ii) සිට 2 ඡේදය අවසානය දක්වා යොදාගත යුතුයි) හික්මෙන්නේය හැසිරෙන්නේය සමාදන්ව සිටින්නේය යනුයි. 3 “නිවිම ශාන්තිය යයි” දැන යනු රාගයාගේ නිවීම ශාන්තියයයි දැන ද්වේෂයාගේ මෝහයාගේ (3-9) 1 ඡේදය යොදාගත යුතුයි.) සියලු අකුශල රැස්කිරීම්වල නිවීම ශාන්තිය යයි දැන සමකොට බලා තීරණයකොට ප්‍රකට කොට යනුයි 4 “ගෞතමයන් වහන්සේගේ ශාසනයෙහි ප්‍රමාද නොවන්නේය’ යනු ගෞතමයන් වහන්සේගේ ශාසනයෙහි බුද්ධශාසනයෙහි ජින ශාසනයෙහි තථාගතයන් වහන්සේ ගේ ශාසනයෙහි දිව්‍ය ශාසනයෙහි අර්හත් ශාසනයෙහි යනුයි. 5 “ප්‍රමාද නොවන්නේය” යනු කුශල ධර්මයන්හි සකස්ව කටයුතු කිරීම් ඇත්තෙක් වන්නේය. (ii) නිතර කටයුතු කරන්නෙක් වන්නේය නොසිට කටයුතු කරන්නෙක් වන්නේය. නොමැලිව කටයුතු කරන්නෙක් වන්නේය බහා නොතැබූ ආශාව ඇත්තෙක් වන්නේය බහා නොතැබූ වීර්‍ය්‍ය ඇත්තෙක් වන්නේය. කවදා මම නොපුරණ ලද ශීල රාශිය පුරන්නෙම්ද කවදා මම නොපුරණ ලද සමාධි රාශිය පුරන්නෙම්ද, ප්‍රඥාස්කන්ධය විමුක්තිස්කන්ධය විමුක්ති ඥාන දර්ශන ස්කන්ධය පුරන්නෙම්ද කවදා මම නොදන්නා ලද දුක් දැන ගන්නෙම්ද ප්‍රහීණ නොවූ කෙලෙස් දුරු කරන්නෙම්ද, නොවඩන ලද මාර්ගය වඩන්නෙම්ද, ප්‍රත්‍යක්ෂ නොකරණ ලද නිරෝධය ප්‍රත්‍යක්ෂ කරන්නෙම් දැයි යමෙක් එහි කැමැත්තද ව්‍යායාමයද උත්සාහයද මහත් උත්සාහයද නොපසු බස්නා බවද සිහියද නුවණද වීර්‍ය්‍යයද යෙදීමද කුශල ධර්මයන්හි අප්‍රමාදයද යනුයි.",sin,nadil,sinhala,sinhala
"‘‘සත්ථවාහොසි සප්පඤ්ඤො, මහෙසි බහුකෙ ජනෙ; විපථා උද්ධරිත්වාන, පථං ආචික්ඛසෙ තුවං.",pli,nadil,pali,pali
"“මානවකය, සැබවක්ම කීයෙහිය. හඬන්නාවූ අප දෙදෙනාගෙන් මමම ඉතා අඥානවෙමි. චන්ද්‍රයා ඉල්වා අඬන්නාවූ ළදරුවෙකු මෙන් කළුරිය කළ පරලොව ගියහු ප්‍රාර්ථනා කරමි. එහෙයින් සැබවක්ම කීයෙහිය.",sin,nadil,sinhala,sinhala
324,sin,nadil,sinhala,sinhala
"‘‘පටිසම්භිදා චතස්සො, විමොක්ඛාපි ච අට්ඨිමෙ; ඡළභිඤ්ඤා සච්ඡිකතා, කතං බුද්ධස්ස සාසනං’’. ඉත්ථං සුදං ආයස්මා සුපාරිචරියො ථෙරො ඉමා ගාථායො අභාසිත්ථාති.",pli,nadil,pali,pali
“යම් තැනෙක්හි සත්පුරුෂයන්ට සම්භාවනා නොකිරීම හෝ අවමන් කිරීම හෝ හීනයන්ට සම්මාන කිරීම හෝ වන්නීද එහි විසීමද නොවසන්නේය.,sin,nadil,sinhala,sinhala
කුච්චකානං සමුස්සන්නකුසලමුලානං සාසනාවචර කුල පුත්තානං සු,pli,nadil,pali,sanskrit
"“එම්බා සේනකය, මහෞෂධතෙම මැදිරියක බැඳුනු පක්ෂින් මෙන්ද, දැලට අසුවූ මසුන් මෙන්ද, සතුරන් අතට අසුවූ අප මුදාගත්තේය. එබැවින් පණ්ඩිතයන් සමග එක්ව විසීම ඒකාන්තයෙන් යහපත් සැපයකැයි” රජතෙම කීයේය.",sin,nadil,sinhala,sinhala
"වුත්තඤ්හෙතං භගවතා, වුත්තමරහතාති මෙ සුතං - ‘‘පටිසල්ලානාරාමා (පටිසල්ලානාරාමා (ක.)), භික්ඛවෙ, විහරථ පටිසල්ලානරතා, අජ්ඣත්තං චෙතොසමථමනුයුත්තා, අනිරාකතජ්ඣානා, විපස්සනාය සමන්නාගතා, බ්‍රූහෙතා සුඤ්ඤාගාරානං . පටිසල්ලානාරාමානං, භික්ඛවෙ, විහරතං පටිසල්ලානරතානං අජ්ඣත්තං චෙතොසමථමනුයුත්තානං අනිරාකතමජ්ඣානානං විපස්සනාය සමන්නාගතානං බ්‍රූහෙතානං සුඤ්ඤාගාරානං ද්වින්නං ඵලානං අඤ්ඤතරං ඵලං පාටිකඞ්ඛං - දිට්ඨෙව ධම්මෙ අඤ්ඤා, සති වා උපාදිසෙසෙ අනාගාමිතා’’ති. එතමත්ථං භගවා අවොච. තත්ථෙතං ඉති වුච්චති - ‘‘යෙ සන්තචිත්තා නිපකා, සතිමන්තො ච (සතිමන්තොව (සී. ක.)) ඣායිනො; සම්මා ධම්මං විපස්සන්ති, කාමෙසු අනපෙක්ඛිනො. ‘‘අප්පමාදරතා සන්තා, පමාදෙ භයදස්සිනො; අභබ්බා පරිහානාය, නිබ්බානස්සෙව සන්තිකෙ’’ති. අයම්පි අත්ථො වුත්තො භගවතා, ඉති මෙ සුතන්ති. අට්ඨමං.",pli,nadil,pali,pali
"“යම්කෙකෙක් මා නසන්ට මෙහි පැමිණියාහුද, ඒ රජුන් සත් දෙනාට මම මේ ප්‍රභාවතිය සත් කඩක් කොට කපා දෙන්නෙමියි” පිය රජතෙම කීයේය.",sin,nadil,sinhala,sinhala
"‘‘නින්දාය නප්පවෙධෙය්‍ය, න උණ්ණමෙය්‍ය පසංසිතො භික්ඛු; ලොභං සහ මච්ඡරියෙන, කොධං පෙසුණියඤ්ච පනුදෙය්‍ය.",pli,nadil,pali,pali
"“පෙර දිවකුරු බුදුන් හමුවෙහි සපිරූ පිරිසිදු පාරමී සමූහ ඇති, සියයක් පින් ලකුණු ඇති, සුන්දර දැකුම් ඇති, උපමා විෂයාතික්‍රාන්ත ශරීර ඇති ඔබ බොහෝ කලකට පසු මම අද ඒකාන්තයෙන් දකිමි.",sin,nadil,sinhala,sinhala
"‘‘සබ්බෙසු විප්පමුත්තෙසු, බහූ ආනන්දිතා අහුං (බහු ආනන්දනො අහු වංසො (සී.), බහු ආනන්දිතො අහු වංසො (පී.)); නන්දිං පවෙසි නගරං (වාදිංසු නන්දිපවෙසනගරං (ස්‍යා.), නන්දිං පවෙසි නගරෙ (ක.)), බන්ධනා මොක්ඛො අඝොසිත්ථා’’ති.",pli,nadil,pali,pali
"“බියෙන් තැතිගත්තවුනට පිහිටවූ, සරණගතයනට ආරක්‍ෂා ස්ථානයවූ, (සත්ත්‍ව ලෝකයට) ඇස් වැසිල්ලක්වූ, මහාවීරවූ එම බුදුරජතෙම මවිසින් පවරණ ලදී.",sin,nadil,sinhala,sinhala
"බෝවළ "" ගාමසඤ්ජාතො - ධම්මානන්ද සමඤ්ඤතො",pli,nadil,pali,pali
"“මහණෙනි, ඔවුන් අතුරෙන් සම්‍යක් දෘෂ්ටිය පෙරටු කොට යන්නේවේ. මහණෙනි, සම්‍යක් දෘෂ්ටිය කෙසේ පෙරටු කොට යන්නේ වේද? මිථ්‍යා ආජීවය, මිථ්‍යා ආජීවයයි දැන ගනීද, සම්‍යක් ආජීවය සම්‍යක් ආජීවයයි දැනගනීද, එය ඔහුගේ සම්‍යක් දෘෂ්ටියවේ. මහණෙනි, මිථ්‍යා ආජීවය කුමක්ද? ලාභ සත්කාරාදිය සඳහා ලෝකයා මවිත කරවීම (ලාභාදිය කැමැත්තෙන්) ගරු නම්බු දී කථා කිරීමට (ලාභ සත්කාර කැමැත්තෙන්) ඒවා දෙන ලෙස ඍජුව නොකියා අඟවා කීමය. (ලාභාදිය කැමැත්තෙන්) අනුන් ගුණ මැකීමය. (වඩා ලාභ ලබනු රිසියෙන් මෙතැනින් ලද දෙය එතනටද එතනින්ලද දෙය මෙතැනටද දීම් වශයෙන්) ලාභයෙන් ලාභය හැරගැනීමය යන මෙය මහණෙනි, මිථ්‍යා ආජීවයයි. “මහණෙනි සම්‍යක් ආජීවය කුමක්ද? මහණෙනි, මම සම්‍යක් ආජීවයද දෙපරිදි කොට කියමි. මහණෙනි, ආශ්‍රව සහිතවූ කුශල පක්ෂයෙහි ඇතුළත්වූ විපාක දෙන ස්වභාවය ඇත්තාවූ සම්‍යක් ආජීවයක්ද ඇත. මහණෙනි, නිදොස්වූ ආශ්‍රව රහිතවූ ලොකොත්තර මාර්ගාංගයක්වූ සම්‍යක් ආජීවයක්ද ඇත. මහණෙනි, ආශ්‍රව සහිතවූ කුශල පක්ෂයෙහි ඇතුළත්වූ විපාක දෙන ස්වභාවය ඇත්තාවූ සම්‍යක් ආජීවය කවරේද? මහණෙනි, මේ ශාසනයෙහි ආර්‍ය්‍ය ශ්‍රාවක තෙමේ මිථ්‍යා ආජීවය (ජීවත්වීම සඳහා කරණ අධාර්මික කටයුතු) හැර සම්‍යක් ආජීවයෙන් දිවිපවත්වාද, මහණෙනි, මෙය ආශ්‍රව සහිතවූ කුශල පක්ෂයෙහි ඇතුළත්වූ විපාක දෙන ස්වභාවය ඇත්තාවූ සම්‍යක් ආජීවයයි. “මහණෙනි, නිදොස්වූ ආශ්‍රව රහිතවූ ලොකොත්තර මාර්ගාංගයක්වූ සම්‍යක් ආජීවය කවරේද? “මහණෙනි, නිදොස් සිත් ඇත්තහුගේ, ආශ්‍රව රහිත සිත් ඇත්තහුගේ, ආර්‍ය්‍ය මාර්ගයෙන් යුක්තවූවහුගේ, ආර්‍ය්‍ය මාර්ගය වඩන්නහුගේ මිථ්‍යා ආජීවයෙන් වෙන්වීමක් වේද, වැඩියක්ම වෙන්වීමක් වේද, ප්‍රතිපක්ෂලෙස වෙන්වීමක් වේද, සම්පූර්ණයෙන් ඈත්වේද, මහණෙනි, මෙය නිදොස්වූ ආශ්‍රව රහිතවූ ලොකොත්තර මාර්ගාංගයක්වූ සම්‍යක් ආජීවයයි. “හෙතෙම මිථ්‍යා ආජීවය පහකිරීමටද සම්‍යක් ආජීවයට පැමිණ විසීමටද, උත්සාහ කෙරෙයි. එය ඔහුගේ සම්‍යක් ව්‍යායාමය වේ. හෙතෙම සිහියෙන් යුක්තවූයේ මිථ්‍යා ආජීවය දුරුකරයි. සිහියෙන් යුක්තවූයේ සම්‍යක් ආජීවයට පැමිණ වෙසේ. එය ඔහුගේ සම්‍යක් සතිය වෙයි. මෙසේ ඔහුගේ මේ ධර්මයෝ තිදෙන සම්‍යක් ආජීවය පිරිවරා ගනිත්. අනුව පවතිත්. එනම්: සම්‍යක් දෘෂ්ටිය, සම්‍යක් ව්‍යායාමය, සම්‍යක් සතිය යන තුණයි.",sin,nadil,sinhala,sinhala
"එකං සමයං භගවා කොසම්බියං විහරති ඝොසිතාරාමෙ. අථ ඛො ආයස්මා ආනන්දො යෙන භගවා තෙනුපසඞ්කමි; උපසඞ්කමිත්වා භගවන්තං අභිවාදෙත්වා එකමන්තං නිසීදි. එකමන්තං නිසින්නො ඛො ආයස්මා ආනන්දො භගවන්තං එතදවොච - ‘‘කො නු ඛො, භන්තෙ, හෙතු කො පච්චයො, යෙන මාතුගාමො නෙව සභායං නිසීදති, න කම්මන්තං පයොජෙති, න කම්බොජං ගච්ඡතී’’ති? ‘‘කොධනො, ආනන්ද, මාතුගාමො; ඉස්සුකී, ආනන්ද, මාතුගාමො; මච්ඡරී , ආනන්ද, මාතුගාමො; දුප්පඤ්ඤො, ආනන්ද, මාතුගාමො - අයං ඛො , ආනන්ද, හෙතු අයං පච්චයො, යෙන මාතුගාමො නෙව සභායං නිසීදති, න කම්මන්තං පයොජෙති, න කම්බොජං ගච්ඡතී’’ති. දසමං.",pli,nadil,pali,pali
"“දෙවියන් අතුරෙහිද, මිනිසුන් අතුරෙහිද (මෙසේ) සැපදුක් අනුභවකොට අන්තිම භවය පැමිණි කල්හි ශාක්‍ය කුලයෙහි උපනිමු.",sin,nadil,sinhala,sinhala
"“මේ අපගේ ඇත්තුය, අශ්වයෝය. මේ අපගේ හරක්ය. මොවුන් මෑණියෝ බලත්. ඔවුන් මෙන් ශෝකය හැරගන්නේය.",sin,nadil,sinhala,sinhala
"‘‘ඡයිමානි , භික්ඛවෙ, අනුස්සතිට්ඨානානි. කතමානි ඡ? ඉධ, භික්ඛවෙ, අරියසාවකො තථාගතං අනුස්සරති - ‘ඉතිපි සො භගවා...පෙ.... සත්ථා දෙවමනුස්සානං බුද්ධො භගවා’ති. යස්මිං, භික්ඛවෙ, සමයෙ අරියසාවකො තථාගතං අනුස්සරති, නෙවස්ස තස්මිං සමයෙ රාගපරියුට්ඨිතං චිත්තං හොති, න දොසපරියුට්ඨිතං චිත්තං හොති, න මොහපරියුට්ඨිතං චිත්තං හොති; උජුගතමෙවස්ස තස්මිං සමයෙ චිත්තං හොති, නික්ඛන්තං මුත්තං වුට්ඨිතං ගෙධම්හා. ‘ගෙධො’ති ඛො, භික්ඛවෙ, පඤ්චන්නෙතං කාමගුණානං අධිවචනං. ඉදම්පි ඛො, භික්ඛවෙ, ආරම්මණං කරිත්වා එවමිධෙකච්චෙ සත්තා විසුජ්ඣන්ති. ‘‘පුන චපරං, භික්ඛවෙ, අරියසාවකො ධම්මං අනුස්සරති - ‘ස්වාක්ඛාතො භගවතා ධම්මො...පෙ.... පච්චත්තං වෙදිතබ්බො විඤ්ඤූහී’ති. යස්මිං, භික්ඛවෙ, සමයෙ අරියසාවකො ධම්මං අනුස්සරති, නෙවස්ස තස්මිං සමයෙ රාගපරියුට්ඨිතං චිත්තං හොති, න දොසපරියුට්ඨිතං චිත්තං හොති, න මොහපරියුට්ඨිතං චිත්තං හොති ; උජුගතමෙවස්ස තස්මිං සමයෙ චිත්තං හොති, නික්ඛන්තං මුත්තං වුට්ඨිතං ගෙධම්හා. ‘ගෙධො’ති ඛො, භික්ඛවෙ, පඤ්චන්නෙතං කාමගුණානං අධිවචනං. ඉදම්පි ඛො, භික්ඛවෙ, ආරම්මණං කරිත්වා එවමිධෙකච්චෙ සත්තා විසුජ්ඣන්ති. ‘‘පුන චපරං, භික්ඛවෙ, අරියසාවකො සඞ්ඝං අනුස්සරති - ‘සුප්පටිපන්නො භගවතො සාවකසඞ්ඝො...පෙ.... අනුත්තරං පුඤ්ඤක්ඛෙත්තං ලොකස්සා’ති. යස්මිං, භික්ඛවෙ, සමයෙ අරියසාවකො සඞ්ඝං අනුස්සරති, නෙවස්ස තස්මිං සමයෙ රාගපරියුට්ඨිතං චිත්තං හොති, න දොසපරියුට්ඨිතං චිත්තං හොති, න මොහපරියුට්ඨිතං චිත්තං හොති; උජුගතමෙවස්ස තස්මිං සමයෙ චිත්තං හොති, නික්ඛන්තං මුත්තං වුට්ඨිතං ගෙධම්හා. ‘ගෙධො’ති ඛො, භික්ඛවෙ, පඤ්චන්නෙතං කාමගුණානං අධිවචනං. ඉදම්පි ඛො, භික්ඛවෙ, ආරම්මණං කරිත්වා එවමිධෙකච්චෙ සත්තා විසුජ්ඣන්ති. ‘‘පුන චපරං, භික්ඛවෙ, අරියසාවකො අත්තනො සීලානි අනුස්සරති අඛණ්ඩානි...පෙ.... සමාධිසංවත්තනිකානි. යස්මිං, භික්ඛවෙ, සමයෙ අරියසාවකො සීලං අනුස්සරති, නෙවස්ස තස්මිං සමයෙ රාගපරියුට්ඨිතං චිත්තං හොති, න දොසපරියුට්ඨිතං චිත්තං හොති, න මොහපරියුට්ඨිතං චිත්තං හොති; උජුගතමෙවස්ස තස්මිං සමයෙ චිත්තං හොති, නික්ඛන්තං මුත්තං වුට්ඨිතං ගෙධම්හා. ‘ගෙධො’ති ඛො, භික්ඛවෙ, පඤ්චන්නෙතං කාමගුණානං අධිවචනං. ඉදම්පි ඛො, භික්ඛවෙ, ආරම්මණං කරිත්වා එවමිධෙකච්චෙ සත්තා විසුජ්ඣන්ති. ‘‘පුන චපරං, භික්ඛවෙ, අරියසාවකො අත්තනො චාගං අනුස්සරති - ‘ලාභා වත මෙ! සුලද්ධං වත මෙ...පෙ.... යාචයොගො දානසංවිභාගරතො’ති. යස්මිං...පෙ.... එවමිධෙකච්චෙ සත්තා විසුජ්ඣන්ති. ‘‘පුන චපරං, භික්ඛවෙ, අරියසාවකො දෙවතා අනුස්සරති - ‘සන්ති දෙවා චාතුමහාරාජිකා , සන්ති දෙවා තාවතිංසා, සන්ති දෙවා යාමා, සන්ති දෙවා තුසිතා, සන්ති දෙවා නිම්මානරතිනො, සන්ති දෙවා පරනිම්මිතවසවත්තිනො, සන්ති දෙවා බ්‍රහ්මකායිකා , සන්ති දෙවා තතුත්තරි. යථාරූපාය සද්ධාය සමන්නාගතා තා දෙවතා ඉතො චුතා තත්ථ උපපන්නා; මය්හම්පි තථාරූපා සද්ධා සංවිජ්ජති. යථාරූපෙන සීලෙන... සුතෙන... චාගෙන... පඤ්ඤාය සමන්නාගතා තා දෙවතා ඉතො චුතා තත්ථ උපපන්නා; මය්හම්පි තථාරූපා පඤ්ඤා සංවිජ්ජතී’’’ ති. ‘‘යස්මිං , භික්ඛවෙ, සමයෙ අරියසාවකො අත්තනො ච තාසඤ්ච දෙවතානං සද්ධඤ්ච සීලඤ්ච සුතඤ්ච චාගඤ්ච පඤ්ඤඤ්ච අනුස්සරති නෙවස්ස තස්මිං සමයෙ රාගපරියුට්ඨිතං චිත්තං හොති, න දොසපරියුට්ඨිතං චිත්තං හොති, න මොහපරියුට්ඨිතං චිත්තං හොති; උජුගතමෙවස්ස තස්මිං සමයෙ චිත්තං හොති, නික්ඛන්තං මුත්තං වුට්ඨිතං ගෙධම්හා. ‘ගෙධො’ති ඛො, භික්ඛවෙ, පඤ්චන්නෙතං කාමගුණානං අධිවචනං. ඉදම්පි ඛො, භික්ඛවෙ, ආරම්මණං කරිත්වා එවමිධෙකච්චෙ සත්තා විසුජ්ඣන්ති. ඉමානි ඛො, භික්ඛවෙ, ඡ අනුස්සතිට්ඨානානී’’ති. පඤ්චමං.",pli,nadil,pali,pali
"‘‘සො ච තං නිරයං පත්තො, නිමුග්ගො සතපොරිසං; පූතිකං කුණපං වාති, සමන්තා සතයොජනං.",pli,nadil,pali,pali
"යො අප්පදුට්ඨස්ස නරස්ස දුස්සති, සුද්ධස්ස පොසස්ස අනඞ්ගණස්ස; තමෙව බාලං පච්චෙති පාපං, සුඛුමො රජො පටිවාතංව ඛිත්තොති.",pli,nadil,pali,pali
"“යමෙකින් බුද්ධාදී මහර්ෂීහු එතර වූවාහුද ශොක රහිතවූ රාගාදී රජස් නැති, නිර්භයවූ, අවංකවූ ආර්ය අෂ්ටාංගික මාර්ගයවූ ඒ මාර්ගයෙහි යමි.",sin,nadil,sinhala,sinhala
"“පදුමුත්තර බුදුරජුන්ගේ අනුත්තරවූ භික්‍ෂු සංඝයා කෙරෙහි පහන් සිත් ඇත්තේ, සොම්නස්වූයේ, පැන් කළයක් පිදීමි.",sin,nadil,sinhala,sinhala
"‘‘ගමනාගමනම්පි දිස්සති, වණ්ණධාතු උභයත්ථ වීථියා; පෙතො (පෙතො පන (සී. ස්‍යා.)) කාලකතො න දිස්සති, කො නිධ කන්දතං බාල්‍යතරො’’ති.",pli,nadil,pali,pali
“ඔබහට මැනවින් කළ නැවෙහි සටහන් ඇති විමානයක් (දෙව්ලොව) පහළ වන්නේය. හැම කල්හි අහසෙහි මල් වියනක්ද දරන්නේය.,sin,nadil,sinhala,sinhala
"මා විසින් මෙසේ අසනලදී. එක්කලෙක ආයුෂ්මත් නාගදත්ත ස්ථවිරතෙම කොසොල්දනව්වෙහි එක්තරා වනලැහැබෙක වෙසෙයි. එකල වනාහි ආයුෂ්මත් නාගදත්ත ස්ථවිරතෙම ඉතා කල් ඇතිව ගමට පිඬු පිණිස පිවිසෙයි. ඉතා දවල් ඉන් නික්මයෙයි. ඉක්බිති ඒ වනලැහැබෙහි අරක්ගත් දේවතාවෙක් ආයුෂ්මත් නාගදත්ත තෙරුන්ට අනුකම්පා ඇත්තේ, වැඩ කැමැත්තේ, ආයුෂ්මත් නාගදත්තයන් සංවේග කරනු කැමැත්තේ නාගදත්ත තෙරුන් යම් තැනෙකද එතැනට පැමිණියේය. පැමිණ, ආයුෂ්මත් නාගදත්තයන්ට ගාථායෙන් (මෙසේ) කීය: “නාගදත්තය, අලුයම්කලම පිඬු පිණිස ගොස්, ඉතා දවල් ආපසු පැමිණ, ගිහියන් හා ගැටුනේ, සමාන සුව දුක් ඇත්තෙක්ව, කාලවේලාදිය ඉක්මවා හැසිරෙන්නෙහිය, “ඉතා බුහුටිවූ, කුලයන්හි බැඳුනාවූ, ඒ නාගදත්ත ගැන බය ඇත්තෙමි. බලවත්වූ, මරණයට රජවූ, මාරයාගේ වශයට (හෙතෙම) නොපැමිණේවා.” ඉක්බිති ආයුෂ්මත් නාගදත්ත ස්ථවිරතෙම ඒ දේවතාවා විසින් සංවේග කරන ලද්දේ මහත් සංවේග බවට පැමිණියේය.",sin,nadil,sinhala,sinhala
"[2] “මහණෙනි, යම් ධර්මයක් හේතුකොට ගෙන නූපන්නාවූ ආර්ය අෂ්ටාඩ්ගික මාර්ගය උපදීද, උපන්නාවූ ආර්ය අෂ්ටාඩ්ගික මාර්ගය වැඩීමට සම්පූර්ණ බවට පැමිණේද? මහණෙනි, යම් ඒ කල්‍යාණ මිත්‍රයින් ඇති බවක් වේද, එබඳුවූ අන් එකම ධර්මයකුදු නුවණැසින් මම නොමදකිමි. මහණෙනි, කල්‍යාණ මිත්‍රයින් ඇති මහණතෙම ආර්ය අෂ්ටාඩ්ගික මාර්ගය වඩන්නේය. ආර්ය අෂ්ටාඩ්ගික මාර්ගය නැවත නැවත වඩන්නේය යනු කැමතිවිය යුතුයි. මහණෙනි, කල්‍යාණ මිත්‍රයින් ඇති මහණතෙම කෙසේ ආර්ය අෂ්ටාඩ්ගික මාර්ගය වඩාද? ආර්ය අෂ්ටාඩ්ගික මාර්ගය නැවත නැවත වඩාද? [3] “මහණෙනි, මේ ශාසනයෙහි මහණතෙම රාගය දුරු කිරීම කෙළවරකොට ඇති, ද්වේෂය දුරුකිරීම කෙළවරකොට ඇති, මෝහය දුරුකිරීම කෙළවරකොට ඇති සම්‍යක් දෘෂ්ටිය වඩයි. රාගය දුරුකිරීම කෙළවරකොට ඇති, ද්වේෂය දුරුකිරීම කෙළවරකොට ඇති, මෝහය දුරුකිරීම කෙළවරකොට ඇති සම්‍යක් සංකල්පය වඩයි. රාගය දුරුකිරීම කෙළවරකොට ඇති, ද්වේෂය දුරුකිරීම කෙළවරකොට ඇති, මෝහය දුරු කිරීම කෙළවරකොට ඇති සම්‍යක් වචනය වඩයි. රාගය දුරුකිරීම කෙළවරකොට ඇති, ද්වේෂය දුරුකිරීම කෙළවර කොට ඇති, මෝහය දුරුකිරීම කෙළවරකොට ඇති සම්‍යක් කර්මාන්තය වඩයි. රාගය දුරුකිරීම කෙළවර කොට ඇති, ද්වේෂය දුරුකිරීම කෙළවරකොට ඇති, මෝහය දුරුකිරීම කෙළවරකොට ඇති සම්‍යක් ආජීවය වඩයි. රාගය දුරුකිරීම කෙළවරකොට ඇති, ද්වේෂය දුරු කිරීම කෙළවරකොට ඇති, මෝහය දුරුකිරීම කෙළවර කොට ඇති සම්‍යක් ව්‍යායාමය වඩයි. රාගය දුරුකිරීම කෙළවරකොට ඇති, ද්වේෂය දුරුකිරීම කෙළවරකොට ඇති, මෝහය දුරුකිරීම කෙළවරකොට ඇති සම්‍යක් සතිය වඩයි. රාගය දුරුකිරීම කෙළවරකොට ඇති, ද්වේෂය දුරුකිරීම කෙළවරකොට ඇති, මෝහය දුරුකිරීම කෙළවරකොට ඇති සම්‍යක් සමාධිය වඩයි. [4] “මහණෙනි, මෙසේ වනාහි කල්‍යාණ මිත්‍රයින් ඇති මහණතෙම ආර්ය අෂ්ටාඩ්ගික මාර්ගය වඩයි. ආර්ය අෂ්ටාඩ්ගික මාර්ගය නැවත නැවත වඩායයි වදාළසේක.",sin,nadil,sinhala,sinhala
"මේ ශාසනයෙහි යම් මහණෙක් කුශලයද අකුශලයද යන මේ දෙකම (මාර්ග බ්‍රහ්මචර්යයෙන්) දුරුකොට (මාර්ග) බ්‍රහ්මචර්යයෙන් යුක්ත වේද, (ස්කන්ධාදී ලෝකයෙහි සියලු ධර්මයන්) නුවණින් සලකා හැසිරේද, හෙතෙම ඒකාන්තයෙන් භික්‍ෂුයයි කියනු ලැබේ.",sin,nadil,sinhala,sinhala
"අථ ඛො රාජා මාගධො අජාතසත්තු වෙදෙහිපුත්තො වස්සකාරං බ්‍රාහ්මණං මගධමහාමත්තං ආමන්තෙසි - ‘‘එහි ත්වං, බ්‍රාහ්මණ, යෙන භගවා තෙනුපසඞ්කම; උපසඞ්කමිත්වා මම වචනෙන භගවතො පාදෙ සිරසා වන්දාහි, අප්පාබාධං අප්පාතඞ්කං ලහුට්ඨානං බලං ඵාසුවිහාරං පුච්ඡ - ‘රාජා, භන්තෙ, මාගධො අජාතසත්තු වෙදෙහිපුත්තො භගවතො පාදෙ සිරසා වන්දති, අප්පාබාධං අප්පාතඞ්කං ලහුට්ඨානං බලං ඵාසුවිහාරං පුච්ඡතී’ති. එවඤ්ච වදෙහි - ‘රාජා, භන්තෙ, මාගධො අජාතසත්තු වෙදෙහිපුත්තො වජ්ජී අභියාතුකාමො. සො එවමාහ - ‘‘අහං හිමෙ වජ්ජී එවංමහිද්ධිකෙ එවංමහානුභාවෙ උච්ඡෙච්ඡාමි වජ්ජී, විනාසෙස්සාමි වජ්ජී, අනයබ්‍යසනං ආපාදෙස්සාමී’’’ති. යථා තෙ භගවා බ්‍යාකරොති, තං සාධුකං උග්ගහෙත්වා මම ආරොචෙය්‍යාසි. න හි තථාගතා විතථං භණන්තී’’ති.",pli,nadil,pali,pali
“එකල්හි අවුරුදු ලක්‍ෂයක් ආයුෂ විද්‍යමානවේ. එපමණ කලක් සම්පූර්‍ණකොට පන්සිල් රැකීමි.,sin,nadil,sinhala,sinhala
"විදිතං ථුසං උන්දුරානං (උන්දූරානං (ක.)), විදිතං පන තණ්ඩුලං; ථුසං ථුසං (ථුසං ථූලං (සී.)) විවජ්ජෙත්වා, තණ්ඩුලං පන ඛාදරෙ.",pli,nadil,pali,pali
වෙන කාටවත් ඒක තේරෙන්නේ නැහැ,sin,nadil,sinhala,sinhala
"‘‘නිරුත්තියා ච කුසලො, නිඝණ්ඩුම්හි විසාරදො; පදකො කෙටුභවිදූ, ඡන්දොවිචිතිකොවිදො.",pli,nadil,pali,pali
“යමෙක් පංචකාම රතියෙහි ඇලුනේවේද අර්ථයත් ධර්මයත් නොහැර ස්වකීය කටයුතු කෙරේ නම් හෙතෙම මේ ලෝකයෙහි අර්ථයෙන් යුක්තවූද ධර්මයෙන් යුක්තවූද දක්ෂයෙක් හා විචක්ෂණ පුද්ගලයෙක් වෙයි.,sin,nadil,sinhala,sinhala
"එකාසනං එකසෙය්‍යං, එකො චරමතන්දිතො; එකො දමයමත්තානං, වනන්තෙ රමිතො සියා.",pli,nadil,pali,pali
"‘‘‘ගම්භීරං නිපුණං අත්ථං, ඤාණෙන විචිනිස්සති; මොඝරාජාති නාමෙන, හෙස්සති සත්ථු සාවකො.",pli,nadil,pali,pali
“හෙතෙමේද ගිනිසිළු සමූහයා විසින් වටකරණ ලද්දේ දිව්‍යවූ අවුරුදු සියක් දහසක් එහි පැසේ. හෙතෙම දුක්වූ වේදනාව විඳියි.,sin,nadil,sinhala,sinhala
"එවං යො සං නිරංකත්වා, ආගන්තුං කුරුතෙ පියං; සො එකො බහු සොචති, ධූමකාරීව බ්‍රාහ්මණොති.",pli,nadil,pali,pali
"“සඳ රැස් සහිත මසෙහි යම්සේ වෘක්‍ෂයෝ පිපෙත්ද, එසේම සුදුසු කල්හි මහර්ෂීවූ බුදුරජුන් විසින් පුබුදුවන ලදුයේ වෙමි.",sin,nadil,sinhala,sinhala
"මා විසින් මෙසේ අසනලදී. එක් කලෙක්හි භාග්‍යවතුන්වහන්සේ සැවැත්නුවර සමීපයෙහිවූ අනේපිඬු සිටාණන් විසින් කරවන ලද ජේතවනාරාමයෙහි වාසය කරන සේක. ඉක්බිති එක්තරා භික්ෂුවක් භාග්‍යවතුන් වහන්සේ යම් තැනෙක්හිද, එතැනට පැමිණියේය. පැමිණ, භාග්‍යවතුන් වහන්සේට වැඳ, එක් පැත්තක හුන්නේය. එක් පැත්තක හුන්නාවූ, ඒ භික්ෂුව භාග්‍යවතුන් වහන්සේට මෙය කීයේය. “ස්වාමීනි, කල්පය වනාහි කොතරම් දීර්ඝවේද?” “මහණෙනි, කල්පය වනාහි දීර්ඝය. එය මෙතෙක් අවුරුදුය කියා හෝ මෙතෙක් අවුරුදු සියයක්ය කියා හෝ මෙතෙක් අවුරුදු දහසක්ය කියා හෝ මෙතෙක් අවුරුදු ලක්ෂයක්ය හෝ කියා ගණන් කිරීමට පහසු නොවේ. “ස්වාමීනි, උපමාවක් දේශනා කිරීමට හැක්කේද?” “මහණ, හැකියයි” භාග්‍යවතුන්වහන්සේ වදාළසේක. “මහණ, යම්සේ වනාහි දිගින් යොදුනක් ඇති, පුළුලින් යොදුනක් ඇති, උසින් යොදුනක් ඇති, පලුදු රහිතවූ, සිදුරු රහිතවූ, ඒකඝනවූ, මහා ගල් පර්වතයක් වේද, ඒ ගල් පර්වතය පුරුෂයෙක් අවුරුදු සියයකට සියයකට වරක් කසී සලුවකින් පිරිමදින්නේ වේද, මහණ, මේ ආකාරයෙන් ඒ මහා ගල් පර්වතය ගෙවීමට කෙළවරවීමට යන්නේය. කල්පය කෙළවර නොවන්නේය. “මහණ, කල්පය වනාහි මෙසේ දීර්ඝය. මහණ මෙසේ දීර්ඝවූ කල්පයන්ගෙන් නොයෙක් කල්ප සැරිසරන ලද්දේය. නොයෙක් කල්ප සියගණන් සැරිසරන ලද්දේය. නොයෙක් කල්ප දහස්ගණන් සැරිසරන ලද්දේය. නොයෙක් කල්ප ලක්ෂගණන් සැරිසරන ලද්දේය. ඊට හේතුව කවරේද? “මහණෙනි, අවිජ්ජාවෙන් වැසුණු, තණ්හාවෙන් බැඳුනු, ඇවිදින්නාවූ, සැරිසරන්නාවූ, සත්වයන්ගේ මේ සංසාරය නොදක්නා ලද අග ඇත්තේ වේද, මුල් කොනත් නො දකියිද, එහෙයිනි. මහණෙනි, මෙසේ තොප විසින් දුක් අනුභව කරන ලදී. දැඩි දුක් අනුභව කරන ලදී. ව්‍යසන අනුභව කරන ලදී. සොහොන් බිම තරකරන ලදී. මහණෙනි, මේ සියලු සංස්කාරයන් කෙරෙහි කලකිරීමට සුදුසුමය. නො ඇලීමට සුදුසුමය. ඔවුන්ගෙන් මිදීමට සුදුසුමය.” (පස්වෙනි පබ්බත සූත්‍රය නිමි)",sin,nadil,sinhala,sinhala
"(11 - 14) 1 “යම් ඒ යමක් විචාරීමු නම් අපට ප්‍රකාශකරණ ලදී” යනු යම් ඒ යමක් විචාරීමුද ඉල්ලමුද ආරාධනා කළෙමුද, පැහැදීමුද “එය ප්‍රකාශ කරණ ලදී” යනු කියන ලදී, දේශනා කරණ ලදී, පණවන ලදී, තබන ලදී, විවෘත කරණ ලදී, බෙදන ලදී, ප්‍රකාශ කරණ ලදී යනුයි. 2 “අන් යමක් විචාරන්නෙමු එසේ නම් එයද ප්‍රකාශ කරුණු මැනවි” යනු අනික් දෙයක් විචාරමු. අනික් දෙයක් ප්‍රශ්න කරමු. අනික් දෙයක් ආරාධනා කරමු. අනික් දෙයක් පහදවමු. මත්තෙහිද විචාරමු. එසේනම් එය ප්‍රකාශ කරණු මැනවි. යනු එසේනම් කියනු මැනවි. දේශනා කරණු මැනවි. පණවනු මැනවි, තබනු මැනවි, විවෘත කරණු මැනවි, බෙදනු මැනවි, ප්‍රකට කරණු මැනවි, යනුයි. 3 “ඇතැම් කෙනෙක් මේ අරූප සමාපත්තීහු ශ්‍රේෂ්ඨ යයි කියත්. සත්වයාගේ ශුද්ධිය මෙහි පණ්ඩිත වාදයෝයි” යනු ඇතැම් ශ්‍රමණ බ්‍රාහ්මණයෝ මේ අරූප සමාපත්තීහු අග්‍රය, ශ්‍රේෂ්ඨය, ඉතා උසස්ය, ප්‍රමුඛය උතුම්ය. ඉතා උතුම් යයි කියත්. ව්‍යවහාර කරත්. ‘යක්ෂයාට’ යනු සත්වයාට මිනිසාට මානවකයාට පුරුෂයාට පුද්ගලයාට ජීවයාට යනුයි. ‘ශුද්ධීය’ යනු ශුද්ධිය, විශුද්ධිය, පරිශුද්ධිය, මුක්තිය, විමුක්තිය යනුයි. “මෙහි පණ්ඩිත වාදයෝයි” යනු මෙහි පණ්ඩිත වාදයෝ ස්ථිර වාදයෝ න්‍යාය වාදයෝ හේතු වාදයෝ ලක්ෂණ වාදයෝ කාරණ වාදයෝ වෙති. ස්වකීය ලබ්ධියෙන් යනුයි. 4 “නැතහොත් මෙතැනින් අනික් තැනකින් ශුද්ධිය වේයයි කියත්” යනු නැතහොත් ඇතැම් ශ්‍රමණ බ්‍රාහ්මණයෝ මේ අරූප සමාපත්තීහු ඉක්මවා මේ අරූප සමාපත්තියෙන් අනිකක් මිනිසාගේ ශුද්ධිය විශුද්ධිය පාරිශුද්ධිය මුක්තිය විමුක්තිය පරිමුක්තියයි කියත්, ව්‍යවහාර කරත් යනුයි.",sin,nadil,sinhala,sinhala
සුත්ත සුත්තානුලොම ආචරියවාදෙ මුඤ්චිත්වා අනුමාන අත්ත,pli,nadil,pali,sinhala
"“භවත් ගෞතමයන් වහන්ස, ඒ (චරණ) සීලධර්මය කවරේද? ඒ (විද්‍යාව) නුවණ කවරේද?” “අම්බට්ඨය, අර්හත්වූ, සම්‍යක් සම්බුද්ධවූ, විදර්ශනා ඥාන ආදී විද්‍යා අට සීලසංවරය ආදී හසුරුවන ධර්ම පහළොව යන අෂ්ට විද්‍යා පසළොස් චරණධර්මයන්ගෙන් යුක්තවූ, යහපත් ගති ඇත්තාවූ, සියලු ලෝකයන් දන්නාවූ, ශ්‍රේෂ්ඨවූ, හික්මවිය යුතු පුරුෂයන් දමනය කිරීමෙහි රියැදුරෙකු වැනිවූ, දෙවි මිනිසුන්ට ගුරුවරයෙක්වූ, (චතුරාර්ය සත්‍ය) සත්‍යවූ උතුම් ධර්ම සතර අවබෝධකළාවූ, තථාගත කෙනෙක් මෙලොව උපදනාහ. ඒ තථාගත තෙමේ දෙවියන් සහිතවූ, මාරයන් සහිතවූ, බ්‍රහ්මයන් සහිතවූ, මහණ බමුණන් සහිතවූ, රජුන් සහ මිනිසුන් සහිතවූ, සත්ව වර්ගයා ස්වකීය උසස් ඥානයෙන් දැක පැහැදිලි කොට ප්‍රකාශ කෙරේ. ඒ තථාගතයන් වහන්සේ මුල යහපත්වූ, මැද යහපත්වූ, කෙළවර යහපත්වූ, අර්ථ සහිතවූ, දස ආකාරයෙන් නියම විදියට වචන ශබ්ද කරන්නාවූ බ්‍යඤ්ජන සහිත, සියලු ලෙසින් සම්පූර්ණවූ පිරිසිදුවූ, සියලු ශාසනමාර්ග බ්‍රහ්මචර්යාව ගෙන හැර දක්වති. “ඒ ධර්මය ගෘහපතියෙක් හෝ ගෘහපති පුත්‍රයෙක් හෝ අන් කුල අතුරෙන් එක් කුලයක උපන්නෙක් හෝ අසයි. ඔහු ඒ දහම අසා තථාගතයන් වහන්සේ කෙරෙහි ශ්‍රද්ධාව ඇති කෙරෙයි. ඔහු ඒ ශ්‍රද්ධාවෙන් යුක්ත වූයේ මෙසේ සලකන්නේය. ‘ගෘහවාසය පීඩා සහිතයි. රාගාදී කෙලෙස් සහිත මාර්ගයෙකි. මහණකම වනාහි කිසිවක් නොමැති අවකාශය මෙන් නිදහස්ය. ගිහි ගෙයි වසන්නහු විසින් සියලු ආකාරයෙන් සම්පූර්ණවූ, සියලු ආකාරයෙන් පිරිසිදුවූ, ලියවූ හක්ගෙඩියක් වැනි මෙම බ්‍රහ්මචරියාවෙහි හැසිරෙන්නට නොහැක්කේය. මම කෙස් දැලිරැවුලු කපාදමා සිවුරු හැඳ ගිහිගෙන් නික්ම සස්නෙහි මහණ වන්නෙම් නම් ඉතා යහපතැයි’ කියායි. “ඔහු පසු කාලයක ස්වල්පවූ හෝ බොහෝවූ හෝ සම්පත් රාසිය හැර, ස්වල්පවූ හෝ බොහෝවූ නෑ පිරිස් හැර, කෙස් දැළි රැවුලු කපා දමා සිවුරු හැඳ ගිහිගෙන් නික්ම සස්නෙහි මහණ වේ. මෙසේ මහණවූ ඔහු ප්‍රධාන සංවර සීලයෙන් යුක්ත වූයේ, යහපත් හැසිරීමෙන් හා වරද නැති පැවැත්මෙන් යුක්ත වූයේ, ස්වල්පවූත් අකුසලයන්හි විශේෂයෙන් භය දක්නා ගති ඇත්තෙක් වූයේ, යහපත් වූ ශරීරයෙන් වචනයෙන් ක්‍රියාවෙන් යුක්තවූයේ, ශික්ෂාපද සමාදන්ව එහි මොනවට හික්මෙයි. පිරිසිදුවූ ජීවිත පැවතුම් ඇත්තේ වෙයි. ශීලයෙන් යුක්ත වූයේ වෙයි. ඉන්ද්‍රිය විෂයෙහි වැසූ දොරටු ඇත්තේ වෙයි. ආහාරයෙහි පමණ දන්නේ වෙයි. මනා සිහියෙන් හා හරි ප්‍රඥාවෙන් යුක්තවූයේ වෙයි. සන්තෝෂයෙන් යුක්තවෙයි. “අම්බට්ඨය, භික්ෂුනමක් කෙසේ නම් සීලසම්පන්න වේද? අම්බට්ඨය, මේ සස්නෙහිවූ භික්ෂු නමක් ප්‍රාණවධය හැර ඉන් සම්පූර්ණයෙන් වැළැක්කේ. බහා තබන ලද දඬු ඇත්තේ, බහා තබන ලද ආයුද ඇත්තේ. පව් කිරීමෙහි ලජ්ජා ඇත්තේ කරුණාවන්තවූයේ, සියලු ප්‍රාණීන් කෙරෙහි හිත අනුකම්පාව ඇතුව වාසය කෙරේ. මෙයද ඔහුගේ සීලයක්වේ. නොදුන් දෙය ගැනීමෙන් වෙන්ව, එයින් සම්පූර්ණයෙන් වැළැක්කේ දුන් දෙයම ගන්නේ. දුන් දෙයම කැමතිවන්නේ, සොරනොවූ පිරිසිදුවූ සිතින් යුක්තව වාසය කෙරේ. මෙයද ඔහුගේ සීලයෙකි. අබ්‍රහ්මචර්යාව හැර උතුම් පැවතුම් ඇත්තේ ස්ත්‍රී පුරුෂ සංසර්ගය නම්වූ ග්‍රාම ධර්මයෙන් වෙන්වූයේ බ්‍රහ්මචාරිවේ, මෙයද ඔහුගේ සීලයකි. බොරු කීමෙන් දුරුව, ඉන් සම්පූර්ණයෙන් වැළැක්කේ, සැබෑ තෙපුල් කියන්නේ, සැබැවින් සැබව ගළපන ගති ඇතුව ස්ථිර කථා ඇත්තේ, ඇදහිය යුතු වචන ඇත්තේ ලෝකයා අතර විරුද්ධ කථා ඇති නොකෙරේ. මෙයද ඔහුගේ සීලයෙකි. පිසුණු බස් හැර, ඉන් සම්පූර්ණයෙන් වැළැක්කේ, මෙතැනින් අසා මොවුන් බිඳවීම පිණිස එතැන නොකියන ගති ඇත්තේද, එතැනින් අසා මොවුන් බිඳවීම පිණිස මෙතැන නොකියන ගති ඇත්තේද, මෙසේ භෙදවූවන් ගළපන්නේ සමගිවූවන්ගේ සමගිය තහවුරු කිරීමට අනුබල දෙන්නේ, සමගියෙහි ඇලුම් බහුල කොට ඇත්තේ, සමගිකම්හි ඇලුනේ, සමගිකම්හි සතුටුවන ගති ඇත්තේ සමගිය ඇති කරණ තෙපුල් කියන්නේය. මේද ඔහුගේ සීලයෙකි. ඵරුෂ වචනය හැර ඉන් සම්පූර්ණයෙන් වැළැක්කේ, යම් වචනයක් නිදොස් වේද, කනට සැපද, ප්‍රෙමණීයද, සතුටු කරයිද, යහපත්ද, බොහෝ දෙනාට ප්‍රියද, බොහෝ දෙනාගේ හිත් ප්‍රිය කරන්නේද, එබඳු වචනම කියන්නේ වේ. මෙයද ඔහුගේ එක් සීලයෙකි. හිස්වූ ප්‍රලාප කථාහැර ඉන් සම්පූර්ණයෙන් වැළැක්කේ, කාලයට සුදුසු කථා කරන්නේ, සිදුවූ තෙපුල්ම කියන්නේ, අර්ථයෙන් යුක්තවූ, ධර්මයෙන් යුක්ත විනය සම්බන්ධවූ තෙපුල් කියන්නේ, සුදුසු කල්හි, උපමා හා කරුණු සහිතවූ, සීමා ඇති, අර්ථයෙන් යුත්, නිධානයක් මෙන් සිතෙහි තැබිය යුතු වචන කියන්නේ වේ. මෙසේ ඒ හිස් කථාවෙන් වැළැක්මද දියුණුවට හේතුවන වචන කීමද, මෙයද ඔහුගේ සීලයෙකි. “තණ, ගස්, වැල්, සිඳීම් බිඳීම් ආදියෙන් සම්පූර්ණයෙන් වැළැක්කේ, එක් වේලේ වළඳන කෑම ඇත්තේ, රාත්‍රි කෑමෙන් හා අවේලෙහි කෑමෙන් සම්පූර්ණයෙන් වැළැක්කේය. නැටීම්, ගී කීම්, බෙර ආදිය වැයීම්, විසුලු දැකීම් යන මෙයින් සම්පූර්ණයෙන් වැළැක්කේය. මල්, ගඳ, විලවුන් පැළදීම, ඉන් සැරසීම, අඩු තැන් පිරවීමෙන් අලංකාර කිරීම යන මෙයින් සම්පූර්ණයෙන් වැළැක්කේය. උස් අසුන් මහ අසුන් යන මෙයින් වැළැක්කේය. රන් රිදී මසුරන් පිළිගැන්මෙන් සම්පූර්ණයෙන් වැළැක්කේය. අමුවූ ධාන්‍ය වර්ග පිළිගැන්මෙන් සම්පූර්ණයෙන් තොරවූයේ අමු මස් පිළිගැන්මෙන් සම්පූර්ණයෙන් තොරවූයේද ස්ත්‍රීන් හා ගෑනු ලමයින් පිළිගැන්මෙන් සම්පූර්ණයෙන් තොරවූයේද වේ. වැඩකරුවන් වැඩකාරියන් පිළිගැන්මෙන් සම්පූර්ණයෙන් තොර වූයේ, එළුවන් හා තිරෙළුවන් පිළිගැනීමෙන් තොරවූයේ කුකුළන්, හූරන්, ඇතුන්, ගවයන්, අසුන්, වෙළඹුන්, කෙත්, වත්, යන මේ පිළිගැන්මෙන්ද, සම්පූර්ණයෙන් තොර වූයේය. ගිහීන්ගේ දූත මෙහෙවරය, ගෙන්ගෙට යන මහත් මෙහෙවරය යන මෙයින් සම්පූර්ණයෙන් වැළැක්කේය. ගනුදෙනු කිරීමය. තරාදි ආදියෙන් වඤ්චා කිරීමය, රන් හා නොරන් මිශ්‍ර වඤ්චා කිරීමය, වී ආදිය මැණීමෙන් වඤ්චා කිරීමය, හිමියන් අහිමි කිරීමාදිය සඳහා අල්ලස් ගැන්මය, උපායෙන් අනුන් රැවටීමය, යකඩ ආදී ලොහ රන් රිදීයයි අඟවා වඤ්චා කිරීමය, නොයෙක් ආකාරවූ කුටිල ප්‍රයෝගය යන මෙයින් සම්පූර්ණයෙන් වැළැක්කේය. කැපීම්ය, මැරීමය, බැඳීමය, සැඟවී සිට වස්තු පැහැර ගැන්මය, ගම් නියම්ගම් ආදිය පැහැරීමය, බලාත්කාරකමින් වස්තු පැහැර ගැන්මය, යන මෙයින්ද සම්පූර්ණයෙන් වැළැක්කේය, මෙයද ඔහුගේ සීලය වේ. “සමහර පින්වත් මහණ බමුණෝ ශ්‍රද්ධාවෙන් දෙන කෑම කා මූලබීජය, ඛන්ධබීජය, එළුබීජය, දලුබීජය, පස්වැනිවූ බීජ බීජය යන මේ ගස් ආදිය වැවීමෙහි යෙදී වාසය කරත්. මෙබඳුවූ බීජගාම භූතගාමයන් සිඳීම බිඳීම් ආදියෙන් සම්පූර්ණයෙන් වැළැක්කේ වේ නම් මෙයද ඔහුගේ එක් සීලයක් වේ. “එසේම සමහර මහණ බමුණෝ ශ්‍රද්ධාවෙන් දෙන ලද කෑම කා ආහාර වර්ග දෙවෙනි දිනට තබා ප්‍රයෝජන ගැන්මය, බීම වර්ග දෙවෙනි දිනට තබා ප්‍රයෝජන ගැන්මය, නොඉටන ලද (අයිතියට නොගත්) සිවුරු ආදිය, යාන සංඛයාත වහන් දෙකකින් වැඩි සයන, සුගන්ධයන්, තල සහල් ආදිය තැන්පත් කොට තබා ප්‍රයෝජන ගැන්මයයි කියන ලද පසුවට තබා ප්‍රයෝජන ගැන්මෙහි යෙදී වාසය කරත්ද මෙබඳුවූ සන්නිධිකාර පරිභොගයෙන් වැළකී වෙසේ නම්, මෙද ඔහුගේ සීලයක් වේ. “එසේම සමහර මහණ බමුණෝ ශ්‍රද්ධාවෙන් දෙන කෑම කා නැටීමය, ගී කීමය, බෙර ආදිය වැයීමය, රඟමඬුලු සැරසීමය, වැඩක් නැති කථා ඇසීමය, කයිතාලම් හා අත්ලෙන් අත්ල ගැසීමය, මන්ත්‍ර පිරවීමෙන් මළමිනී නැංවීමය, සතරැස් හෝ කළ බෙර ගැසීමය, ශොභන චිත්‍ර විචිත්‍රය, සණදොවුන් කෙළිය, හුණගස් ඔසවා නැටීමය, මිනී ඇට සෝදා තැබීමය, ඇතුන් හා පොරය, අශ්වයින් යොදා පොරය, මීවුන් හා පොරය, ගවයින් හා පොරය, එළුපොරය, මෙණ්ඩක එළු පොරය, කුකුළුපොරය, වටුපොරය, දඬු (පොලු) පොරය, තොරතුරු ඇනීමය, මල්ලව යුද්ධය, යුද්ධය, ඇත් අස් ආදිය දැකීමය යන විකාර දර්ශනයෙහි යෙදී වාසය කරත්. මෙසේ මෙබඳු විසුලු දැක්මෙන් සම්පූර්ණයෙන් වැළකේ නම් මෙයද ඔහුගේ සීලයක් වේ. “එසේම සමහර මහණ බමුණෝ ශ්‍රද්ධාවෙන් දෙනලද කෑම කා (දූ පෝරු ආදියෙහි කෙළිම්වූ) ක්‍රීඩාවය, දශපද ක්‍රීඩාවය, දූ පෝරු ආදියෙහි මෙන් ආකාශයෙහි ක්‍රීඩාකිරීමය, බිම් මණ්ඩල වශයෙන් සාදා පැන පැන ක්‍රීඩා කිරිමය, දූ කැට නොසොල්වා නියෙන් ගසා ක්‍රීඩා කිරීමය, දාදු කෙළීමය, සිං කෙළීමය, භිත්ති ආදියෙහි ඉරටමිටි ගසා ඇත් අස් ආදී රූප දක්වා කෙලීමය, පන්දු කෙලීමය, නලා පිඹීමය, ක්‍රීඩා නගුල් ගෙන සෙල්ලම් සීසෑමය, කරනම් ගැසීමය, තල්පත් ආදියෙන් කන්නන් ගුරුවා තනා ක්‍රීඩාකිරීමය, කොළ නැළියෙන් වැලි ආදිය මැණ කෙළීමය, කුඩා රථයෙන් කෙළීමය, කුඩා දුන්නෙන් කෙළීමය, අහසෙහි හෝ පිටෙහි හෝ අකුරු ඇඳ කෙළීමය, සිතූ දේ කියවීම් කීම් ආදියෙන් කෙළීමය. ඒ ඒ දෝෂ රූප දක්වා කෙළීමය, යන මෙබඳුවූ කාරණාවූ දූ කෙළීමෙහි යෙදී වාසය කෙරෙත්. මෙසේ මෙබඳුවූ දූ කෙළියෙන් සම්පූර්ණයෙන් වැළැක්කේ නම් මෙයද ඔහුගේ එක් සීලයෙකි. “එසේම සමහර මහණ බමුණෝ ශ්‍රද්ධාවෙන් දෙන කෑම කා දිග්හඟලා පුටුය, පලස්ය, සතරඟුලෙන් දිග ලොම් ඇතිරිය, විසිතුරු එළුලොම් ඇතිරිය, එළුලොම් සුදු ඇතිරිය, එළුලොමින් කළ ඉදිරියට නෙරූ මල් ඇති ඇතිරිය, සිංහාදී රූපයෙන් විසිතුරු එළුලොම් ඇතිරිය, එක් පිට ලොම් ඇති ඇතිරිය, දෙපිට ලොම් ඇති එළුලොම් ඇතිරිය, රත්රන් නූලෙන් කළ පට ඇතිරිලිය, එකවිට නැට්ටුක්කාරියන් දහසය දෙනෙක් නටනා එළුලොමින් කළාවූ මහඇතිරිය, ඇතුන් පිට අතුරණ ඇතිරිය, අසුන් පිට අතුරන ඇතිරිය, රථ පිට අතුරණ ඇතිරිය, අඳුන්දිවි සමින් කළ ඇතිරිය, කෙසෙල් මුව සමින් කළ උතුම් ඇතිරිය, දෙපස තබන ලද රතුපාට කොට්ට ඇති ආසනය, යන මෙබඳු උස් අසුන් මහ අසුන් පාවිච්චි කෙරෙත්. මෙසේ මෙබඳුවූ උස් අසුන් මහ අසුන්හි හිඳීම් ආදියෙන් වැළැක්කේ නම් මෙයද ඔහුගේ එක් සීලයෙකි. “එසේම සමහර පින්වත් මහණ බමුණෝ ශ්‍රද්ධාවෙන් දෙන කෑම කා ඇඟ ඉලීමය, පිරිමැදීමය, නෑවීමය, මැඩීමය, මූනබලන කන්නාඩි, අඳුන් තෙල් පාවිච්චිය හා සුවඳ, මූණේ ගානා සුවඳ කුඩු, මූනේ ගානා සුවඳ ද්‍රව්‍ය, අත්වල බඳින ආභරණ යන මේ දේ දැරීම හා පැළඳීමය, රත්රන් නූල් ආදියෙන් කුඩුම්බි බැඳීමය, විසිතුරු දඬුගෙන හැසිරීමය, බෙහෙත් නල එල්වාගෙන ඇවිදීමය, කඩු විසිතුරු කුඩ ගෙනයෑම විසිතුරු සෙරෙප්පු හෝ සපත්තු පයලා ඇවිදීමය, නලල්පට බැඳීමය, කොණ්ඩා මාණික්‍ය පැළඳීමය, අවන් දැරීමය, දික්වූ දහවලු ඇති සුදුරෙදි ඇදීමයයි මෙසේවූ සැරසීම් හා අඩුතැන් පිරවීමෙහි නිතර නිතර යෙදෙත්ද මෙබඳුවූ සැරසීම් අලංකාර කිරීම් ආදියෙහි යෙදීමෙන් සම්පූර්ණයෙන් වැළැක්කේ නම් මෙයද ඔහුගේ එක් සීලයෙකි. “එසේම ඇතැම් පින්වත් මහණ බමුණෝ ශ්‍රද්ධාවෙන් දෙන කෑම කා රජුන් පිළිබඳ කථාය, සොරුන් පිළිබඳ කථාය, මහ ඇමතියන් පිළිබඳ කථාය, සේනා පිළිබඳ කථාය, භය පිළිබඳ කථාය, යුද පිළිබඳ කථාය, ආහාර පිළිබඳ කථාය, පානවර්ග පිළිබඳ කථාය, ඇඳුම් පිළිබඳ කථාය, ඇඳන් පිළිබඳ කථාය, මාලා පිළිබඳ කථාය, ගන්ධ ද්‍රව්‍යයන් පිළිබඳ කථාය, නෑයන් පිළිබඳ කථාය, රථ පිළිබඳ කථාය, ගම් පිළිබඳ කථාය, නියම්ගම් පිළිබඳ කථාය, නුවර පිළිබඳ කථාය, දනව් පිළිබඳ කථාය, ස්ත්‍රීන් පිළිබඳ කථාය, පුරුෂයන් පිළිබඳ කථාය, ගෑනු දරුවන් පිරිමි දරුවන් පිළිබඳ කථාය, යොධයන් පිළිබඳ කථාය, වීථි පිළිබඳ කථාය, වතුර ගෙන යන දාසීන් හෝ වතුර ගෙන යන තැන් හෝ පිළිබඳ කථාය, මළ නෑයන් යන ආදීන් පිළිබඳ කථාය, නොයෙක් ආකාරවූ තේරුම් නැති කථාය, ලෝකය පිළිබඳ කථාය, මුහුද පිළිබඳ කථාය, භවාභව කථාය යන මෙබඳු පහත් කථාවෙහි යෙදී වෙසෙත්. මෙබඳුවූ පහත් කථාවෙන් සම්පූර්ණයෙන් වැළැක්කේ නම් මෙයද ඔහුගේ එක් සීලයෙකි. “එසේම සමහර පින්වත් මහණ බමුණෝ ශ්‍රද්ධාවෙන් දෙන කෑම කා ‘ඔබ මේ ධර්ම විනය නොදන්නෙහිය. මම මේ ධර්ම විනය දනිමි.’ ‘ඔබ මේ ධර්මවිනය කුමකැයි දන්නෙහිද? ඔබ වරදවා පිළිපදින්නෙහිය, මම මනාකොට පිළිපදින්නේ වෙමි.’ මාගේ වචන යහපත්ය හෝ අර්ථ සහිතය, ඔබගේ වචන අර්ථ රහිතය’ ‘පළමු කිය යුත්ත පසුව කීයෙහිය පසුව කිය යුත්ත පළමුව කීයෙහිය. යමක් ඔබ බොහෝ කල් පුරුදු කරණ ලද නම් ඒ සියල්ල නිෂ්ඵල විය. ඔබට වාදාරොපනය කරණ ලදී. නින්දා කරණ ලද්දෙහිය. වාදයෙන් මිදෙනු පිණිස ක්‍රියා කරව. ඉදින් හැක්කෙහි නම් වාදයෙන් ගැළවෙව’ යන ආදී දෝෂාරොපණ කථාවෙහි යෙදී වෙසෙත්ද මෙසේ මෙබඳු දෝෂාරොපණ කථාවෙන් සම්පූර්ණයෙන් වැළැක්කේ නම් මෙයද ඔහුගේ එක් සීලයෙකි. “එසේම සමහර පින්වත් මහණ බමුණෝ ශ්‍රද්ධාවෙන් දෙන කෑම කා, කුහකයෝද, සිවුපසය උදෙසා කථාකරන්නෝද, නිමිති කරන්නෝද නොහොත් ලාභ සත්කාර සඳහන් කරන්නෝද, පරලාහාදිය උදෙසා කියන්නෝද ලාභයකින් ලාභයක් සොයන්නෝද වෙත්. මෙබඳුවූ කුහක වංචා ප්‍රයෝග ආදියෙන් වැළැක්මක් වේ නම් මෙයද ඔහුගේ එක් සීලයෙකි.” “එසේම සමහර පින්වත් මහණ බමුණෝ ශ්‍රද්ධාවෙන් දෙන කෑම කා සාමුද්‍රිකා ශාස්ත්‍රය, නිමිති ශාස්ත්‍රය, හෙනගැසීම ආදී මහ නිමිතිබලා කියන ශාස්ත්‍රය, ස්වප්න ශාස්ත්‍රය, ලක්ෂණ ශාස්ත්‍රය, මීයන් කැපූ වස්ත්‍රාදිය බලා කියන ශාස්ත්‍රය, ගිනිදෙවියා පිදීමය, දබ්බිහොමය, ථුස හොමය, තණ්ඩුල හොමය, කණ හොමය, සප්පි හොමය, තෙල හොමය, මුඛ හොමය, ලේ හොමය, ශරීර විද්‍යා. වාස්තු විද්‍යා, නීති ශාස්ත්‍රය, සොහොනෙහි සාන්ති කරන්නාවූ විද්‍යා, භූත විද්‍යා, නාග විද්‍යා, විෂ විද්‍යා, ගෝනුසු විද්‍යා, මී විද්‍යා, කුරුලු විද්‍යා, කපුටු විද්‍යා, ජීවිත කාලය කීම, ආයුධ වැළැක්ම, තිරිසන් සතුන්ගේ ශබ්ද දැනීම වශයෙන් පැවති මන්ත්‍රය යන පහත් විද්‍යා හේතුකොට ගෙන වැරදි ජීවිතයෙන් ජීවිකා කෙරෙත්. මෙසේ මෙබඳු පහත් විද්‍යා හේතුවෙන් කරණ ලාමක ජීවිකාවෙන් සම්පූර්ණයෙන් වැළැක්කේ වේද මෙයද ඔහුගේ එක් සීලයෙකි. “එසේම සමහර පින්වත් මහණ බමුණෝ ශ්‍රද්ධාවෙන් දෙන ලද කෑම කා මිණි ලක්ෂණය, වස්ත්‍ර ලක්ෂණය දණ්ඩ, ලක්ෂණය, කඩු ලක්ෂණය, දුනු ලක්ෂණය, ආයුධ ලක්ෂණය ස්ත්‍රී ලක්ෂණය, පුරිස ලක්ෂණය, පිරිමි දරු ලක්ෂණය, ගෑණුදරු ලක්ෂණය, දාස ලක්ෂණය, දාසිලක්ෂණය, ඇත් ලක්ෂණය, අශ්ව ලක්ෂණය, කැස්බෑ ලක්ෂණය, එළු ලක්ෂණය, මීහරක් ලක්ෂණය ගව ලක්ෂණය, ලොකු එළු ලක්ෂණය, කුකුළු ලක්ෂණය, වටු ලක්ෂණය, තලගොයි ලක්ෂණය, කර්ණිකා ලක්ෂණය මුව ලක්ෂණයයි, මෙබඳු පහත් විද්‍යාවන් කරණ කොට ගෙන වැරදි ජීවිකාව කෙරෙත්. මෙසේවූ පහත් විද්‍යාවන් නිසා කරණ වැරදි ජීවිකාවෙන් සම්පූර්ණයෙන් වැළැක්කේ නම් මෙයද ඔහුගේ එක් සීලයෙකි. “එසේම, සමහර පින්වත් මහණ බමුණෝ ශ්‍රද්ධාවෙන් දෙන කෑම කා අසවල් දිනට රජුන්ගේ බැහැර යෑම වන්නේය. අසවල් දින ඇතුළු නුවරට එන්නේය. අසවල් දින ඇතුළු නුවර රජුන් වෙත පැමිණීම වන්නේය. බැහැර රජුන්ගේ බැහැරට යෑම වන්නේය. බැහැර රජුන්ගේ ඇතුළු නුවරට ඊම වන්නේය. ඇතුළු නුවර රජුන්ගේ ආපසු යෑම වන්නේය. ඇතුළු නුවර රජුන්ට ජය වන්නේය. බැහැර රජුන්ගේ පරාජය වන්නේය. බැහැර රජුන්ගේ ජය වන්නේය. ඇතුළු නුවර රජුන්ගේ පරාජය වන්නේය. මෙසේ මොහුට ජය වන්නේය, මෙසේ පරාජය වන්නේයයි කියා මෙසේ පහත් විද්‍යා හේතුකොට ලාමක ජීවිකා කෙරෙත් මෙබඳුවූ පහත් විද්‍යා හේතුවෙන් කරණ වැරදි ජීවිතයෙන් සම්පූර්ණයෙන් වැළැක්කේ නම් මෙයද ඔහුගේ එක් සීලයක් වේ. “එසේම, සමහර පින්වත් මහණ බමුණෝ ශ්‍රද්ධාවෙන් දෙන ලද කෑම කා ‘චන්ද්‍රග්‍රහණය වන්නේය, සූර්යග්‍රහණය වන්නේය. තාරකා සමාගමය වන්නේය, සඳ හිරු දෙදෙනාගේ නියම මාර්ග ගමන වන්නේය, සඳ හිරු දෙදෙනාගේ නොමග යෑම වන්නේය, තාරකාවන්ගේ මාර්ග ගමන වන්නේය, තාරකාවන්ගේ නොමග යෑම වන්නේය, උල්කාපාතය වන්නේය, දිසා දැවීම වන්නේය, පොළව කම්පාව වන්නේය, අහස ගිගුරුම් වන්නේය, සඳ, හිරු, තාරකාවන්ගේ නැගීම හා බැහීමද කෙළෙසීමද පිරිසිදු වීමද වන්නේය, චන්ද්‍ර ග්‍රහණය මෙබඳු විපාක ඇතිවන්නේය. සූර්යග්‍රහණය මෙබඳු විපාක ඇති වන්නේය, තාරකා සමාගමය මෙබඳු විපාක ඇතිවන්නේය, චන්‍ද්‍ර සූර්යයන්ගේ මාර්ගයෙහි ගමන මෙබඳු විපාක ඇති වන්නේය, ඔවුන්ගේ නොමග ගමන මෙබඳු විපාක ඇති වන්නේය, තාරකාවන්ගේ මාර්ගයෙහි ගමන මෙබඳු විපාක ඇතිවන්නේය. තාරකාවන්ගේ නොමග ගමන මෙබඳු විපාක ඇතිවන්නේය, උල්කාපාතය මෙබඳු විපාක ඇතිවන්නේය, දිගුන් දැවීම මෙබඳු විපාක ඇතිවන්නේය, භුමි කම්පාව මෙබඳු විපාක ඇතිවන්නේය, අහස් ගිගුම මෙබඳු විපාක ඇතිවන්නේය, සඳ, හිරු, තාරකාවන්ගේ නැගීම, බැසීම, කිලිටු වීම හා පිරිසිදුවීම මෙබඳු විපාක ඇතිවන්නේයයි’ කියා මෙසේ පහත් විද්‍යා හේතුවෙන් කරණ වැරදි ජීවිකාවෙන් ජීවිකා කෙරෙත්ද මෙසේවූ පහත් විද්‍යා හේතුකොට ගෙණ කරණ ලාමක ජීවිකාවෙන් සම්පූර්ණයෙන් වැළැක්කේ නම් මෙයද ඔහුගේ එක් සීලයකි. “එසේම සමහර මහණ බමුණෝ ශ්‍රද්ධාවෙන් දුන් කෑම කා ‘මනා වැසි ඇතිවන්නේය, මනා වැසි නැතිවන්නේය, යහපත් ආහාරපාන ඇතිවන්නේය, ආහාර පාන නැති වන්නේය, නිර්භය ඇතිවන්නේය, භය ඇතිවන්නේය, රොග ඇතිවන්නේය, නිරෝගි බව ඇතිවන්නේයයි’ කීමද, ඇඟිල්ල ඇල්ලීමය, ගණන්කිරීමය කොටස්කර ගණන් කිරීමය, කාව්‍ය කිරීමය, ලෝකයට සිදුවන දේ ගැන ශාස්ත්‍ර ඉගෙණීමයයි මෙසේ පහත් විද්‍යාවන් කරණකොට වැරදි ජීවිකා කෙරෙත්ද මෙසේවූ පහත් විද්‍යා හේතුවෙන් වන වැරදි ජීවිකාවෙන් සම්පූර්ණයෙන් වැළැක්කේ නම් මෙයද ඔහුගේ එක් සීලයකි. “එසේම, සමහර පින්වත් මහණ බමුණෝ ශ්‍රද්ධාවෙන් දුන් කෑම කා ආවාහ කරවීමය, විවාහ කරවීමය, සමගිය පිළිබඳ කථාකිරීමය, වියොගය පිළිබඳ කථාකිරීමය, ධන රැස්කිරීමය, වියදම් කිරීමය, යහපත් ශ්‍රියාව ඇති කිරීමය දුර්ගර්භ කරණය, ගර්භවිරොධි කරණය, දිව් තද කිරීමය, නූල් බැඳීමය, අත් පෙරළීම පිණිස මන්ත්‍ර ජප කිරීමය, ශබ්ද නොඇසීම පිණිස මන්ත්‍ර ජප කිරීමය, කැඩපත්හි දෙවතාරොපණයකොට ප්‍රශ්න ඇසීමය, ගෑනුදරුවන්ගේ ශරීරයෙහි දෙවතාරෝපණය කොට ප්‍රශ්න ඇසීමය, දෙවදාසියගේ ශරීරයෙහි යකුන් ආරොපණය කොට ප්‍රශ්න ඇසීමය, හිරු වැඳීමය, මහබඹුට උපස්ථාන හෝ වැඳුම් කිරීමය, කටින් ගිනිදැල් පිට කිරීමය, ශ්‍රී දෙවිය කැඳවීමයයි කියන මෙබඳු පහත් විද්‍යාවෙන් වැරදි ජීවිකා කෙරෙත්ද මෙබඳුවූ පහත් විජ්ජාවෙන් කරණ වැරදි ජීවිකාවෙන් සම්පූර්ණයෙන් වැළැක්කේ නම් මෙයද ඔහුගේ එක් සීලයකි. “එසේම සමහර පින්වත් මහණ බමුණෝ ශ්‍රද්ධාවෙන් දෙන කෑම කා ශාන්ති කිරීම, කාර්යය සමෘද්ධි කටයුතු කර්මය, මන්ත්‍ර කිරීමය, භූරිකර්මය, පණ්ඩකයා පුරුෂයකු කිරීමය, පුරුෂයා පණ්ඩක කිරීමය, ගෙවල් නොකළ බිම් ගෙවල් කිරීමය, ගෙට සුදුසු තැන බලිකම් විධානය, දියෙන් මූන සුද්ධ කිරීමය, නැහැවීමය, ගිනි පිදීමය, වමන කරවීමය, විරේක කරවීමය, උඩුකය විරේකය, යටිකය විරේකය, හිස විරේකය, කන්තෙලය, ඇස් බෙහෙත් ගැල්වීමය, නස්‍ය කිරීමය, අඳුන් ගෑමය, සිසිල් බෙහෙත් අඳුන් සෑදීමය, ආයුධ කටු ගසා කරන වෙදකමය, ශල්‍යකර්මය, ළදරුවන් පිළිබඳ වෙදකම්ය, මූලික බෙහෙත් දීමය, සැර බෙහෙත්දී පසුව එහි බල හැරීමය කියා හෝ මෙබඳු පහත් විද්‍යා කරණකොට වැරදි ජීවත්වීමෙන් ජීවිකා කෙරෙත්ද මෙබඳුවූ වැරදි ජීවිකාවෙන් සම්පූර්ණයෙන් වැළැක්මක්නම් මෙයද ඔහුගේ එක් සීලයකි. “අම්බට්ඨය, මෙසේ ශීල සම්පන්නවූ භික්ෂුහට භය කාරණයන් අතුරෙන් එකක් පමණකුදු ඔහුගේ සීලසංවරය හේතු කොට ගෙණ කිසි තැනකදී නොඋපදනේය. කුමක් මෙන්ද යත්:- අම්බට්ඨය, ක්ෂත්‍රියාභිෂෙකයෙන් මුදුනෙහි අභිෂෙක ලද්දාවූ, සතුරන් නැති කළාවූ ක්ෂත්‍රිය රජෙක් කිසියම් සතුරෙකුගෙන් කිසි භයක් නොදක්නේද, එපරිද්දෙන්ම, අම්බට්ඨය, සීලසම්පන්නවූ භික්ෂුතෙමේ භය කාරණයන් අතුරෙන් එකක් පමණකුදු සීලසංවරය හේතුකොට කිසි තැනකදී නොදක්නේය. ආර්යවූ (උතුම්වූ) මේ සීල රාශියෙන් යුක්තවූ ඒ භික්ෂු තෙම, තමන් තුළ පිරිසිදුවූ (කායික චෛතසික) සැපය විඳියි අම්බට්ඨය, මෙසේ දැක්වූ සීලයෙන් යුක්තවූ භික්ෂුව සීලසම්පන්න නම් වේ. “අම්බට්ඨය, භික්ෂුව කෙසේ නම් ඉන්ද්‍රියයන්හි වැසූ දොරටු ඇත්තේද? අම්බට්ඨය, මේ සස්නෙහි භික්ෂු තෙමේ, ඇසින් රූපයක් දැක එහි නො ඇලේ එහි නොපෙළඹෙන්නේය. ඇස් ඉන්ද්‍රියයෙහි අසංවරව වසන්නහුට දැඩි ආශාව හා කලකිරීමාදී අකුශල ධර්මයෝ හිතට ඇතුල්වන්නාහුද, එබඳු දෙයින් වැළකීම පිණිස ඔහු පිළිපදී. ඔහු තමාගේ ඇස් ඉන්ද්‍රියය රකී, ඇස් ඉන්ද්‍රියයෙහි සංවරයට පැමිණේ. කනින් ශබ්දයක් අසා එහි නොඇලේ. එහි නොපෙළඹෙන්නේය. කන් ඉන්ද්‍රියයෙහි අසංවරව වසන්නහුට දැඩි ආශාව හා කලකිරීමාදී අකුශල ධර්මයෝ හිතට ඇතුල්වන්නාහුද, එබඳු දෙයින් වැළකීම පිණිස ඔහු පිළිපදී. තමාගේ කන් ඉන්ද්‍රියය රකී. කන් ඉන්ද්‍රියයෙහි සංවරයට පැමිණේ. නාසයට ගඳ සුවඳ දැනී එහි නො ඇලේ. එහි නොපෙළඹෙන්නේය. නාස් ඉන්ද්‍රියයෙහි අසංවරව වසන්නහුට දැඩි ආසාව හා කලකිරීමාදී අකුශල ධර්මයෝ හිතට ඇතුල්වන්නාහුද, එබඳු දෙයින් වැළකීම පිණිස ඔහු පිළිපදී. තමාගේ නාස් ඉන්ද්‍රියය රකී. නාස් ඉන්ද්‍රියයෙහි සංවරයට පැමිණේ. දිවෙන් රසයක් විඳ එහි නො ඇලේ. එහි නොපෙළඹෙන්නේය. දිව් ඉන්ද්‍රියයෙහි අසංවරව වසන්නහුට දැඩි ආශාව හා කලකිරීමාදී අකුශල ධර්මයෝ හිතට ඇතුල් වන්නාහුද, එබඳු දෙයින් වැළකීම පිණිස ඔහු පිළිපදී. තමාගේ දිව් ඉන්ද්‍රියයෙහි සංවරයට පැමිණේ. කයින් ස්පර්ශයක් ස්පර්ශකොට එහි නොඇලේ. එහි නොපෙළඹෙන්නේය. ස්පර්ශ ඉන්ද්‍රියයෙහි අසංවරව වසන්නහුට දැඩි ආශාව හා කලකිරීමාදී අකුශල ධර්මයෝ හිතට ඇතුල්වන්නාහුද එබඳු දෙයින් වැළකීම පිණිස ඔහු පිළිපදී. තමාගේ ස්පර්ශ ඉන්ද්‍රියය රකී. ස්පර්ශ ඉන්ද්‍රියයෙහි සංවරයට පැමිණේ. සිතින් (ධර්මයක්) අරමුණක් දැන එහි නොඇලේ. එහි නොපෙළඹෙන්නේය. සිත් ඉන්ද්‍රියයෙහි අසංවරව වසන්නහුට යමක් නිසා දැඩි ආසාව හා කලකිරීම ආදී අකුශල ධර්මයෝ හිතට ඇතුල්වන්නාහුද, එබඳු දෙයින් වැළකීම පිණිස ඔහු පිළිපදී. හෙතෙම සිත් ඉන්ද්‍රිය රකී. සිත් ඉන්ද්‍රියයෙහි සංවරයට පැමිණේ. එබඳුවූ භික්ෂුව උතුම්වූ සීල රාශියෙන් යුක්තවූයේ අභ්‍යන්තරයෙහි පිරිසිදුවූ අධිචිත්ත සැපය විඳියි. අම්බට්ඨය, මෙසේවූ භික්ෂු තෙමේ ඉන්ද්‍රියයන්හි වසනලද දොරටු ඇත්තේ වේ. “අම්බට්ඨය, භික්ෂුව කෙසේ නම් සිහියෙන් හා මනා ප්‍රඥාවෙන් යුක්තවූයේ වේද? “අම්බට්ඨය, මේ සස්නෙහි භික්ෂුතෙම ඉදිරියට යෑමෙහිද, ආපසු යාමෙහිද, නුවණින් දැන කරන්නේය. ඉදිරි බැලීමෙහිද, වටපිට බැලීමෙහිද නුවණින් දැන බලන්නේය. අත් පා හැකිලීමෙහිද, දිගු කිරීමෙහිද, මනා නුවණින් දැන එසේ කරන්නේය. දෙපට සිවුරය, පාත්‍රය, සිවුරුය යන මේ දේ දැරීමෙහිදී මනා නුවණින් දැන එසේ කරන්නේය. අනුභව කිරීමය, පානය කිරීමය, වැළඳීමය, රස විඳීමය යන මෙහිද මනා නුවණින් යෙදී එසේ කරන්නේය. මල මුත්‍ර පහකිරීමද නුවණින් (ආදිනව) සලකා කරන්නේය. යෑම්, සිටීම්, හිඳීම්, සැතපීම්, නිදි තොරකිරීම්, කථාකිරීම්, නිශ්ශබ්දව සිටීම යන මේ දේ මනා නුවණින් දැන කරන්නේය. අම්බට්ඨය, මෙසේ කරන්නාවූ භික්ෂු තෙමේ සිහියෙන් යුක්තවූයේ යහපත් නුවණින් යුක්ත වූයේ වෙයි. “අම්බට්ඨය, භික්ෂු තෙමේ කෙසේ සතුටු වූයේ වේද? “අම්බට්ඨය, භික්ෂු තෙමේ යන්තම් කය වැසීමට තරම්වූ සිවුරෙන්ද, ආරක්ෂාව ප්‍රමාණවූ පිණ්ඩපාත ආහාරයෙන්ද සතුටු සිත් ඇත්තේවේ. ඔහු යම් යම් තැනකට යේ නම් අටපිරිකර (කය පිළිබඳවූ දේ) පමණක් ගෙන යයි. අම්බට්ඨය, යම් සේ පක්ෂියෙක් යම් තැනෙක පියාඹා යේ නම් ඒ සියලු තැන පියාපත් බර පමණකින් යුක්තව පියාඹා යේද, අම්බට්ඨය, එපරිද්දෙන්ම භික්ෂු තෙමේද ශරීරය ආරක්ෂාවට ප්‍රමාණවූ සිවුරෙන්ද බඩ ආරක්ෂාවට ප්‍රමාණවූ පිණ්ඩපාත ආහාරයෙන්ද සතුටු වන්නේ වේ. ඔහු යම් තැනක යා නම් අටපිරිකර පමණක් රැගෙණ බැහැර යයි. අම්බට්ඨය, මෙසේවූ භික්ෂු තෙමේ සන්තෝෂයෙන් යුක්ත වේ. “උතුම්වූ මේ සීලසමූහයෙන් යුක්තවූද උතුම්වූ මේ ඉන්ද්‍රිය සංවරයෙන් යුක්තවූද, මේ උතුම්වූ සතිසම්පජඤ්ඤයෙන් යුක්තවූද, මේ උතුම්වූ සන්තෝෂයෙන් යුක්තවූද, ඒ භික්ෂු තෙමේ කැලයද, ගහක් මුලද, කඳු පලාත්ද, කඳුරැලි ගල්ගුහාවන් හෝ මහා මගද, සොහොන්ද, ඉතා දුරවූ කැලෑ වාසස්ථානද, බොහෝ ඉඩකඩ ඇති තැන් සහ වන ගුහාද යන මේ ස්ථාන ආශ්‍රය කෙරෙයි. ඔහු පසුබත් කාලයෙහි පිණ්ඩපාත ආහාරයෙන් වැළැක්කේ. පර්යංකය බැඳ කකුල් අකුලුවා හිඳ ශරීරයේ උඩු කොටස කෙලින් තබා නිවණෙහිම සිත එලවා, ඒ නිවණම අරමුණු වසයෙන් සිත ඉදිරියෙහි පිහිටුවාගෙණ හිඳී. “ඔහු ලෝකයෙහි ලෝභය පහකොට ලෝභ රහිත සිතින් යුක්තව වාසය කෙරේ. ලෝභ සිත වෙන් කොට පිරිසිදු කෙරේ. සිත කෙලසන්නාවූ ක්‍රෝධය පහකොට ක්‍රෝධයෙන් දුරුවූ සිත් ඇතිව පණඇති සියලු සතුන් කෙරෙහි හිතානුකම්පා ඇත්තේව වාසයකරයි. ක්‍රොධ දෝෂයෙන් වෙන්ව සිත පිරිසිදු කෙරේ. කාය චිත්ත දෙදෙනාගේ අලස බව දුරුකොට කය-සිත පිළිබඳ පහවූ අලස බව ඇත්තේ පිරිසිදු හැඟීම් ඇත්තේ, සිහි ඇත්තේ, යහපත් ප්‍රඥා ඇත්තෙක්ව වෙසේ. අලස බව දුරුකොට සිත පිරිසිදු කෙරේ. උඩඟු බව හා කුකුස දුරුකොට, සංසිඳුනු සිත් ඇතිව වාසය කෙරේ. ඇතුළත සංසිඳුනු සිත් ඇත්තේ, සිත උඩඟු බව හා කුකුසෙන් පිරිසිදු කෙරේ. විචිකිච්ඡාව (සැකය) දුරුකොට, පහකළ විචිකිච්ඡා ඇත්තේ කුශලධර්ම විෂයෙහි සැක නැතිව වෙසේ, විචිකිච්ඡාවෙන් සිත පිරිසිදු කෙරේ. “අම්බට්ඨය, යම්සේ පුරුෂයෙක් ණය ගෙණ කර්මාන්තයන්හි යොදන්නේද, ඔහුගේ ඒ කර්මාන්තයෝ දියුණුවන්නාහු නම් ඔහුගේ ඒ පරණ ණය මුදල් සියල්ලම ගෙවන්නේය. ඔහුගේ අඹුදරුවන් ආරක්ෂා කරණ පිණිස වැඩි යමක් ඉතුරු වූයේ නම් ඕහට මෙබඳු අදහසක් ඇතිවේ. ‘මම පළමුවෙන් ණය ගෙණ කර්මාන්තයන්හි යෙදුවෙමි. ඒ මාගේ කර්මාන්තයෝ දියුණුවූහ. ඒ මම පැරණි ණය ගෙවූයෙමි. අඹු දරුවන් පොෂ්‍ය කිරීම පිණිස අතිරේක මුදලක්ද මට ඇත්තේය, කියායි. හෙතෙම ඒ ණය නැති බව මුල්කොට ගෙණ බලවත් සතුටක් ලබන්නේය. සතුටටද පැමිණෙන්නේය. “අම්බට්ඨය, යම්සේ රෝගයෙන් පෙළෙන දුක් ඇත්තාවූ, දැඩි ගිලන්බව ඇති පුරුෂයෙක් වන්නේද, ඕහට ආහාර රුචි නොවන්නේද, ඔහුගේ ශරීරයෙහි කිසි ශක්තියක් නැත්තේද වෙයි. ඒ පුරුෂයා පසු කාලයක ඒ ආබාධයෙන් මිදෙන්නේ නම්, ඔහුට ආහාර රුචිය ඇති වන්නේ නම්, ඔහුගේ ශරීර බලය ඇතිවන්නේ නම්, ඔහුට මෙබඳු අදහසක් වන්නේය. කෙබඳුද යත්: ‘මම පෙර ආබාධ ඇත්තාවූ, දුක් ඇති, දැඩි ගිලන් බව ඇති කෙනෙක් වීමි. මට බත් රුචියද නොවීය, ශරීර බලයද නැතිවිය, ඒ මම පළමු තිබූ ආබාධයෙන් මිදුනෙමි. මට ආහාර රුචියද ඇත්තේය. කාය බලයද තිබේය’ කියායි. ඔහු ඒ කාරණය මුල්කොට බලවත් සතුටක් ලබන්නේය, සොම්නසටද පැමිණෙන්නේය. “අම්බට්ඨය, යම්සේ පුරුෂයෙක් සිරගෙයි බැඳුනේ වේද, ඔහු පසු කලක පීඩා නැතුව සැපසේ ඒ සිරගෙයින් මිදෙන්නේය. ඔහුගේ කෑම පිළිබඳ කිසිත් වියදමක්ද නොවන්නේය, ඔහුට මෙබඳු අදහසක් වන්නේය. එනම්: ‘මම පෙර සිරගෙයි බැඳුනෙක් වූයෙමි. ඒ මම දැන් පීඩා රහිතව සැපසේ ඒ සිරගෙයින් මිදුනෙමි. මගේ කෑම පිළිබඳ කිසි වියදමක්ද නොවූයේය’ කියායි. ඔහු සිරගෙයින් මිදීම නිමිති කොට බලවත් සතුටක් ලබන්නේය. සතුටට පැමිණෙන්නේය. “අම්බට්ඨය, යම් සේ සිය කැමැත්තෙන් යමක් කරන්ට නොහැකි, අනුන්ට යටත්වූ, තමා කැමති ගමනක් ඒ වූ පරිදි යා නොහැකි, වැඩකරුවෙක් වන්නේද, ඔහු පසු කලක ඒ දාසභාවයෙන් මිඳෙන්නේ, තමාම අධිපතිකොට ඇත්තේ, අනුන්ට යටත් නොව තමාගෙන්ම යැපෙන්නේ, සිය අදහස් පරිදි ඒ ඒ තැන යා හැකි වන්නේද, ඔහුට මෙබඳු අදහසක් වන්නේය. එනම්: ‘මම පෙර සිය කැමැති පරිදි යමක් කරන්ට නොහැකි, අනුන්ට යටත් මා අදහස් පරිදි කිසි තැනෙක යා නොහැකි දාසයෙක් වීමි. ඒ මම දැන් ඒ දාස භාවයෙන් මිදුනෙක්මි. තමා අධිපති කොට ඇත්තෙක් වීමි. අනුන්ට යටත්නූන කෙනෙක් වීමි. අනුන්ට යටත් නොව මා සපයාගත් දෙයින්ම යැපෙන්නෙම්, මා අදහස් පරිදි ඒ ඒ කැමැති තැනෙක යා හැක්කේද වෙමි’යි කියායි. ඔහු ඒ දාසභාවයෙන් මිදීම හේතුකොට බලවත් සතුටක් ලබන්නේය. එසේම සතුටටද පැමිණෙන්නේය. “අම්බට්ඨය, යම්සේ ධනවත්වූ භොග සම්පත් ඇති පුරුෂයෙක් ආහාර දුර්ලභවූ, භය සහිතවූ, දීර්ඝවූ කාන්තාර මාර්ගයකට පැමිණෙන්නේද, ඔහු මද කලකින් ඒ කාන්තාර මාර්ගය ඉක්මවා යන්නේ සොර සතුරන්ගෙන් පීඩා නැති ගම්මානයකට සැපසේ ක්‍රමයෙන් පැමිණෙන්නේද, ඔහුට මෙබඳු අදහසක් ඇතිවේ. එනම්: ‘මම පෙර ධනවත් වූයෙම්. භොග සම්පත් සහිත වූයෙම්, දුර්ලභ භික්ෂා ඇති, භය සහිතවූ, දීර්ඝවූ කාන්තාර මාර්ගයකට පැමිණියෙක් වූයෙමි. එසේවූ මම දැන් එම කාන්තාර මාර්ගය පසුකෙළෙමි. සැපවත්වූ භය රහිතවූ, ගමකට සැපසේ ක්‍රමයෙන් පැමිණියෙමි’යි කියායි. ඒ පුරුෂයා ඒ කාන්තාර මාර්ගය එතර කිරීම නිමිති, කොට බලවත් සතුටක් ලබන්නේය, එසේම සතුටටද පැමිණෙන්නේය. “අම්බට්ඨය, ණය යම්සේද, රෝගය යම්සේද, හිරගේ යම්සේද, දාසභාවය යම්සේද, දීර්ඝ කාන්තාර මාර්ගය යම්සේද, එපරිද්දෙන් භික්ෂු තෙමේ පහනොකළ (පඤ්ච නීවරණ) කුසල් වළක්වන කරුණුපහ තමා කෙරෙහි ලා නුවණින් දකීද. අම්බට්ඨය, ණය නැති බව යම්සේද, නිරෝගී බව යම්සේද, සිරගෙන් මිදීම යම්සේද, අනුන්ට යටහත් නැති බව යම්සේද, භය නැති භූමිය යම්සේද, එපරිද්දෙන්ම අම්බට්ඨය, භික්ෂු තෙමේ පහකළාවූ මේ කුසල් වළක්වන කරුණු පහ තමන් තුළ ලා දක්නේය. “පහකළාවූ මේ කුසල් වළක්වන කරුණු පහ තමා කෙරෙහි නැතැයි නුවණින් දක්නාවූ ඒ භික්ෂුහට සතුටු ආකාරය උපදී. සතුටු වූවහුට ප්‍රීතිය උපදී. ප්‍රීතිසහගත සිත් ඇත්තහුගේ නාම කය (වේදනාදී ස්කන්ධ හතර) සංසිඳෙයි සංසිඳිනු කය ඇති තැනැත්තේ කායික චෛතසික සැපය විඳියි. සැප ඇත්තහුගේ සිත සමාධියට (එකඟ බවට) පැමිණෙයි. “ඒ භික්ෂු තෙමේ වස්තුකාම ක්ලෙශකාමයන්ගෙන් වෙන් වූයේම, අකුශල ධර්මයන් කෙරෙන්ද වෙන් වූයේම අරමුණෙහි සිත පැමිණවීම, අරමුණෙහි නැවත නැවත යෙදී හැසිරීම සහිතවූ, සිතෙහි විවේකයෙන් උපන් ප්‍රීතියම සැපකොට ඇති, පළමුවෙනි ධ්‍යාන කුසල චිත්තය තමා තුළ ඉපදීම් වශයෙන් ඊට පැමිණ එම ධ්‍යානයෙහි වාසය කෙරේද ඔහු විවේකයෙන් හටගත් ප්‍රීති සැපයෙන් මේ (සකල) ශරීරයම සැපවත් කෙරෙයි. සම්පූර්ණයෙන් පුරවයි. සැමතන්හි පතුරවයි. ඒ ඔහුගේ පළමුවෙනි විවේකයෙන් උපන් ප්‍රීති සැපයෙන් සකල ශරීරයෙහිම පළමුවෙහිම පළමුවෙනි ධ්‍යානයෙන් යුත් සැපය පැතිරෙයි. “අම්බට්ඨය, යම්සේ දක්ෂවූ ස්නාන ද්‍රව්‍ය සපයන්නෙක් හෝ ඔහුගේ අතවැස්සෙක් හෝ ස්නානයට ගන්නාවූ සුණු ලොහ තලියක බහා දිය ඉසිමින් අතින් අනමින් පිඩු කරන්නේද, එවිට ඒ මේ ස්නාන කුඩුගුලිය දියෙන් යුක්ත වේ, ජලය හාත්පසින් කාවැදුනේ වේ. එහි ඇතුළත හා පිටතද සියලු තන්හිම ජලයෙන් පහස්නා ලද්දේ වේ. එහෙත් බින්දු වශයෙන් ජලය ඉන් නොවැගිරේද, “අම්බට්ඨය, එපරිද්දෙන් ඒ භික්ෂු තෙමේ, විවේකයෙන් හටගත් ප්‍රීති සැපයෙන් මේ ශරීරය තෙමයි, හාත්පසින් තෙමයි, සම්පූර්ණයෙන් පුරවයි, සැමතන්හි පතුරුවයි. ඔහුගේ සියලු ශරීරයෙහි විවේකයෙන් හටගත් ප්‍රීති සැපයෙන් පැතිරෙයි. අම්බට්ඨය, මෙයද මේ ආත්මයෙහි දැක්කයුතු විපාක ඇති ඵලයකි. මෙය ඉහතකී මේ ආත්ම භාවයෙහි දැකිය යුතු විපාක ඵලයන්ට වඩා බොහෝ මනොඥය, බොහෝ ශ්‍රේෂ්ඨද වෙයි. “අම්බට්ඨය, නැවතද භික්ෂු තෙමේ අරමුණෙහිසිත පැමිණවීම, අරමුණෙහි නැවත නැවත යෙදී හැසිරීම යන මොවුන්ගේ සන්සිඳීමෙන් අද්ධ්‍යාත්මයෙහි මනා පැහැදීම කරන්නාවූ, සිත පිළිබඳ එකඟ බව ඇති, සමාධියෙන් හටගත් ප්‍රීති සැපය ඇති දෙවැනි ධ්‍යාන කුසල චිත්තයට පැමිණ වාසය කරයි. ඒ මහණ තෙමේ මේ කය සමාධියෙන් හටගත් ප්‍රීති සැපයෙන් තෙමයි. හාත්පසින් තෙමයි, සම්පූර්ණයෙන් පුරවයි, හාත්පසින් ස්පර්ශ කරයි. ඒ මහණහුගේ සියලු ශරීරයෙහි දෙවැනි ධ්‍යානයෙන් සැප පැතිරේ. “අම්බට්ඨය, යම්සේ ඇතුළතම හටගත් ජලය ඇති දියවිලක් වේද ඒ විල පිළිබඳ පෙර දිගින්ද, අපරදිගින්ද, උතුරු දිගින්ද, දකුණු දිගින්ද, දිය එන මගක් නැත්තේ වේද වැස්සද කලින් කල මනාසේ වැසි වැසීම නොකරන්නේද, එසේවූ ඒ විලෙන් සිහිල් දිය දහර පොළොව බිඳ නැගී ඒ මුළු විලම සිහිල් දියෙන් පතුරුවයි, හාත්පසින් වගුරුවයි, සම්පූර්ණයෙන් පුරවයි. එහි හැම තැන දියෙන් ස්පර්ශ කෙරෙයි. ඒ සියලු විලෙහි සීත ජලය නොපැතිර පවත්නා තැනක් නම් නැත්තේය. අම්බට්ඨය, එපරිද්දෙන් මේ භික්ෂු තෙමේ මේ මුළු ශරීරයම සමාධියෙන් හටගත් ප්‍රීති සැපයෙන් සියලු තැන පතුරුවන ලද්දක් කෙරේ, ප්‍රීති සැපයෙන් හාත්පසින් වගුරුවයි, සම්පූර්ණයෙන් පුරවයි, ඉන් සැම තැනම ස්පර්ශශ කෙරෙයි. ඒ මහණහුගේ සම්පූර්ණ ශරීරයෙහි දෙවෙනි ධ්‍යාන සැපයෙන් පැතිරෙයි. මෙයද ඔහුගේ සීල ආදියෙහි වන්නකි. “නැවතද අම්බට්ඨය, ඒ භික්ෂු තෙමේ ප්‍රීතියෙහි නොඇල්මෙන් මැදහත් බැව් ඇත්තේ, සිහි ඇත්තේ, යහපත් නුවණ ඇත්තේ කයින්ද සැපයක් විඳියි. යම් ධ්‍යානයක් පිළිබඳව (උපෙක්ෂා) සැප දුක් දෙකට මැදහත් විඳීම ඇත්තේය, සිහි ඇත්තේය. සැපයෙන් විසීම ඇත්තේයයි ආර්යයෝ කියත්ද ඒ තුන්වැනි ධ්‍යාන කුසල චිත්තයට පැමිණ වාසය කෙරේ. ඒ භික්ෂු තෙමේ මේ සියලු තැන පැතිර පවත්නා සැප ඇත්තක් කෙරේ. ඒ සැපතින් හාත්පසින් තෙමෙයි, සම්පූර්ණයෙන් පුරවයි, එයින් සැමතැනම පැතිරෙයි. ඒ භික්ෂුහුගේ සියලු ශරීරයෙහි තුන්වැනි ධ්‍යාන සැපයෙන් පැතිරෙයි. “අම්බට්ඨය, යම්සේ නිල්මානෙල් විලක හෝ සුදු නෙළුම් විලක හෝ රතු නෙළුම් විලක හෝ දියෙහි හටගත්, දියෙහි වැඩුනු දියෙන් උඩට නොනැගුනු, දියතුලම ගැලී වැඩෙන්නාවූ සමහර නිල් මානෙල් හෝ සමහර සුදු නෙළුම් හෝ සමහර රත් නෙළුම් හෝ වෙද්ද, ඒ නිල් මානෙල් ආදීහු අග දක්වාත්, මුල දක්වාත්, සිහිල් ජලයෙන් තෙමුනාහු, හාත්පසින් තෙමුනාහු, සම්පූර්ණයෙන් වැගුරුණාහු, හාත්පසින් ස්පර්ශ ලද්දාහු වෙත්ද, ඒ නිල්මානෙල් සුදු නෙළුම් රත් නෙළුම්, යන මොවුන්ගෙන් එකකුත් ජලයෙන් නො පහස්නා ලද්දේ නොවේද අම්බට්ඨය, එපරිද්දෙන් ඒ භික්ෂුතෙමේ මේ මුළු ශරීරයම දුරුකළ ප්‍රීතිය ඇති සැපයෙන් සියලු තැන පැතිර පවත්නා සැප ඇත්තක් කෙරෙයි, ඉන් හාත්පසින් තෙමෙයි, සම්පූර්ණයෙන් පුරවයි. හාත් පසින් ස්පර්ශ කෙරෙයි. ඔහුගේ සම්පූර්ණ ශරීරයෙහි ප්‍රීති නැති තුන්වැනි ධ්‍යානයෙන් පැතිරයයි. මෙයද ඔහුගේ සීල ආදියෙහි වන්නකි, “නැවතද අම්බට්ඨය, ඒ මහණතෙමේ සැප දුරුකිරීමෙන්, දුක් දුරු කිරීමෙන්ද පළමුකොටම සැප දුක් වේදනා නැතිව යාමෙන් දුක්ද නොවූ, සැපද නොවූ, උපෙක්ඛා-සති යන මොවුන්ගේ පිරිසිදු බැව් ඇති, හතරවෙනි ධ්‍යාන (කුසල) චිත්තයට පැමිණ වාසය කෙරේ. ඒ මහණ තෙමේ මේ සකල ශරීරයම, පිරිසිදුවූ, අතිශයින් බබලන (ධ්‍යාන) සිතින් පතුරුවන්නේය. ඒ ධ්‍යානලාභී භික්ෂූහුගේ සම්පූර්ණ ශරීරයෙහි පිරිසිදුවූ, අතිශයින් බබලන්නාවූ හතරවැනි ධ්‍යාන සිතින් පැතිරයයි. “අම්බට්ඨය, යම්සේ කිසියම් පුරුෂයෙක් පිරිසිදුවූ සුදු ඇඳුමකින් හිස සිට පොරවා උන්නේ වේද, ඔහුගේ මුලු ශරීරයෙහි එකම තැනකුදු සුදුවතින් නො වසන ලද්දේ නොවේ. අම්බට්ඨය, එපරිද්දෙන්ම ධ්‍යානලාභී භික්ෂු තෙමේ මේ සියලු ශරීරයම පිරිසිදුවූ, අතිශයින්ම බබලන්නාවූ හතර වැනි ධ්‍යාන සිතින් පතුරවා හුන්නේ වේ. ඒ භික්ෂුහුගේ සියලු ශරීරයෙහි පිරිසිදුවූ, බබලන්නාවූ හතර වැනි ධ්‍යාන සිතින් පැතිරයයි. (සතර වැනි ධ්‍යාන චිත්තයෙන් සකල ශරීරයම පතුරුවන ලද්දේය කී සේයි.) මෙයද ඔහුගේ සීල ආදියෙහි වන්නකි. අම්බට්ඨය මේ ඔහුගේ සීල ආදියයි. “නැවතද, අම්බට්ඨය, ඒ භික්ෂු තෙමේ මෙසේ සිත එකඟවූ කල්හි, දීප්තිමත්වූ කල්හි කෙලෙස් රහිතවූ කල්හි, ක්ලෙශයන් පහවූ කල්හි, මෘදුවූ කල්හි කටයුත්තට සුදුසුව සිටි කල්හි, කම්පා නොවන බවට පැමිණි කල්හි, විදර්ශනාඥානය ඉපදවීම පිණිස සිත එලවා තබයි. ඒ සඳහා වෙසෙසින් සිත නමයි. ඔහු මෙසේ දැනගණි. ‘මාගේ මේ ශරීරය වනාහි රූපයෙන් යුක්තය. *සතර මහාභූතයන්ගේ හේතුවෙන් හටගත්තේය. මව්පියන් නිසා හටගත්තේය. ආහාරයෙන් වඩනා ලද්දේය. අනිත්‍ය බවය, ඇඟ ඉලීමය, පිරිමැදීමය, බිඳීමය, විනාශය යන මේ දේ, ස්වභාවකොට ඇත්තේය. මාගේ මේ විඤ්ඤාණය ශරීරය ආශ්‍රය කෙරේ. මෙහිම බැඳුනේ වෙයි’ කියායි. “අම්බට්ඨය, යම්සේ යහපත්වූ, පිරිසිදු ආකාරයෙන් උපන්නාවූ අටැස්වූ, ගල් ආදී දොස් බැහැර කිරීමෙන් හොඳ ලෙස සකස් කරණ ලද්දාවූ, නිර්මලවූ විශේෂයෙන් ප්‍රසන්නවූ, කැලැල් නැතිවූ, සියලු ආකාරයෙන් සම්පූර්ණවූ, වෛඪූර්ය මැණිකක් වේද, එහි නිල්වූ හෝ කහපාටවූ හෝ රතුවූ හෝ සුදුවූ හෝ පඬුවන්වූ හෝ නූලක් අමුණන ලද්දේද, ඒ මේ මැණික ඇස් ඇති පුරුෂයෙක් අතට ගෙණ මෙසේ සලකා බලන්නේය: ‘මේ වෛඪූර්ය මැණික මනාසේ කාන්තිත් හෙයින් යහපත් වේ, පිරිසිදු ආකරයෙන් උපන්නේය, අටැස් ඇත්තේය, දොස් දුරුකිරීමෙන් මනාකොට සකස් කරණ ලද්දේය, නිර්මලය, විශේෂයෙන් ප්‍රසන්නය, කැලැල් නැත, සියලු ආකාරයෙන් සම්පූර්ණය. ඒ මැණිකෙහි මේ නීලවර්ණවූ හෝ කහපාටවූ හෝ රතුවූ හෝ සුදුවූ හෝ පඬුවන්වූ හෝ නූලක් අමුණන ලද්දේය, කියායි. “අම්බට්ඨය, එපරිද්දෙන්ම යෝගීවූ මේ භික්ෂු තෙමේ මෙසේ සිත එකඟවූ කල්හි, පිරිසිදුවූ කල්හි, දීප්තිමත්වූ කල්හි, කෙලෙස් රහිතවූ කල්හි, පහවූ ක්ලෙෂයන් ඇතිවූ කල්හි මෘදුවූ කල්හි, කටයුත්තට සුදුසුව සිටි කල්හි, කම්පානොවන බවට පැමිණි කල්හි, විදර්ශනාඥානය පිණිස සිත එලවා තබයි, ඒ සඳහා විශේෂයෙන් සිත නමයි. ඒ භික්ෂු තෙමේ මෙසේ දන්නේය, කෙසේද යත්: ‘මාගේ මේ ශරීරය වනාහි රූපයෙන් යුක්තවේ. සතර මහා භූතයන්ගෙන් හටගත්තේය, මව්පියන් නිසා හටගත්තේය, ආහාරයෙන් වඩනා ලද්දේය. අනිත්‍ය බවය, ඉලීමය, පිරිමැදීමය, බිඳීමය, විනාශය යන මේ ස්වභාවකොට ඇත්තේය. මාගේ මේ විඤ්ඤාණය මේ ශරීරය ආශ්‍රය කෙළේ වෙයි, මෙහිම බැඳී සිටියේය’ කියායි. මෙයද ඔහුගේ සීලාදියෙහි වන්නකි. “ඔහු මෙසේ ධ්‍යානයෙන් සිත එකඟවූ කල්හි, පිරිසිදුවූ කල්හි, දීප්තිමත්වූ කල්හි, කෙලෙස් නැතිවූ කල්හි, ක්ලෙශ පහවූ කල්හි, මෘදුවූ කල්හි, කටයුත්තට සුදුසුව සිටි කල්හි, නො සැලෙන බවට පැමිණි කල්හි, මනොමයවූ රූපයක් මනා කොට නිපදවීම පිණිස සිත එලවා තබයි, වෙසෙසින් නමයි. ඔහු ආකාර වත්වූ, මනොමයවූ (ධ්‍යාන සිතින් නිපදවන ලද) ශරීරය හා අත පය ආදී අවයව ඇති, විකලනුවූ ඉඳුරන් ඇති, මේ ශරීරයෙන් අන්‍යවූ ශරීරයක් හොඳ ලෙස සාදයි. “අම්බට්ඨය, යම්සේ පුරුෂයෙක් මුදු තණ ගසින් තණබඩය උදුරා ගැනීම කරන්නේද, මේ තණ ගසය, මේ තණ බඩය, තණගස අනිකෙක, තණ බඩය අනිකෙක තණ ගසින්ම තණබඩය ඇදගන්නා ලද්දේය, තනන ලද්දේය යන වැටහීම ඕහට පහල වන්නේය. “අම්බට්ඨය, යම්සේ පුරුෂයෙක් කඩුව කොපුවෙන් ඉවත් කරන්නේද ඔහුට මෙබඳු අදහසක් වන්නේය. මේ කඩුවය, මේ කොපුවය, කඩුව අනිකෙක, කොපුව අනිකෙක, කොපුවෙන් කඩුව ඉවත්කරණ ලද්දේය’ කියායි. “අම්බට්ඨය, එසේම භික්ෂුතෙමේ මෙසේ සිත සමාධිගතවූ කල්හි, පිරිසිදුවූ කල්හි, දීප්තිමත්වූ කල්හි, කාම හිත් රහිතවූ කල්හි, ක්ලෙශයන් පහවූ කල්හි, මෘදුවූ කල්හි, කටයුත්තට යොග්‍යවූ කල්හි, හිත ස්ථිරවූ කල්හි, කම්පා නොවන භාවයට පැමිණි කල්හි, සිතින් උපදවන කය මැවීම පිණිස සිත ඉදිරිපත් කෙරෙයි, ඉදිරිපත්කොට ඊට නමයි. ඔහු මේ කයින් රූ ඇති, සිතින් මවන ලද, සියලු ශරීරය සහ අතපය ආදී අවයව ඇති, නොපිරිහුනු ඉන්ද්‍රිය ඇති වෙන කයක් මවයි. මෙයද ඔහුගේ සීලාදියෙහි වන්නකි. “ඔහු මෙසේ සිත එකඟවූ කල්හි, පිරිසිදුවූ කල්හි, දීප්තිමත්වූ කල්හි, කාමසිත් රහිතවූ කල්හි, ක්ලෙශයන් පහව ගිය කල්හි, මෘදුවූ කල්හි, කටයුත්තට යොග්‍යවූ කල්හි, නැවතීමට පැමිණි කල්හි, කම්පා නොවන භාවයට පැමිණි කල්හි, ඍද්ධිවිධි පිණිස සිත ඉදිරිපත් කෙරෙයි, ඉදිරිපත් කොට නමයි. ඔහු නොයෙක් අයුරු ඇති ඍද්ධිවිධි වෙන් වෙන් කොට අනුභව කෙරෙයි. එකෙක්ව බොහෝ සේ වෙයි. බොහෝ සේව එකෙක් වෙයි. ප්‍රකට බවට, මුවහ බවට, අහසෙහි මෙන් බිත්තිය හරහට, පවුර හරහට පර්වතය හරහට නොහැපෙමින් යයි. දියෙහි මෙන් පොළොවෙහි කිමිදීම් මතුවීම් කෙරෙයි. පොළොවෙහි මෙන් දියෙහි දිය නොබෙදා ගමන් කෙරෙයි. පක්ෂියෙකු මෙන් අහසෙහිද පරියන්කයෙන් හිඳගෙනම යෙයි. මේ මහත් ඍද්ධි ඇති, මහත් ආනුභව ඇති සඳ හිරු දෙදෙන අතගායි, පිරිමදියි, බඹ ලොව තෙක් ශරීරයෙන් වසඟ බව පවත්වයි. “අම්බට්ඨය, දක්ෂ කුඹල් කරුවෙක් හෝ කුඹල්කරු අතවැසියෙක් හෝ යහපත්සේ පදම් කළ මැටියෙන් කැමති කැමති වලන් ආදී වර්ගයන් යම්සේ කරන්නේද, නිපදවන්නේද, අම්බට්ඨය, දළ කැටයම් කරුවෙක් හෝ අතවැසියෙක් හෝ සකස්කළ දළයෙහි යම්සේ කැමති කැමති දළ කැටයම් වර්ගයක් කරන්නේද, නිපදවන්නේද, අම්බට්ඨය, දක්ෂ රන්කරුවෙක් හෝ රන්කරු අතවැසියෙක් හෝ පදම්කළ රණින් කැමති කැමති රන් අබරණ ජාතීන් යම්සේ කරන්නේද, නිපදවන්නේද අම්බට්ඨය, එසේම භික්ෂුව සිත එකඟවූ කල්හි, පිරිසිදුවූ කල්හි, දීප්තිමත්වූ කල්හි, කාමහිත් රහිතවූ කල්හි, ක්ලෙශයන් පහවූ කල්හි, මෘදුවූ කල්හි, කටයුත්තට යොග්‍යවූ කල්හි, සිත ස්ථිරවූ කල්හි, කම්පා නොවන භාවයට පැමිණි කල්හි, ඍද්ධි විධි පිණිස සිත ඉදිරිපත් කෙරෙයි, ඉදිරිපත් කොට නමයි. හේ නොයෙක් ඍද්ධි විධි වෙන් වෙන් කොට අනුභව කෙරෙයි. එකෙක්ව බොහෝ සේ වෙයි, බොහෝසේව එකෙක් වෙයි. ප්‍රකට බවට, මුවහ බවට අහසෙයි මෙන් බිත්තිය හරහට, පවුර හරහට, පර්වත හරහට නොහැපෙමින් යෙයි. දියෙහි මෙන් පොළොවෙහි කිමිදීම්, මතුවීම් කෙරෙයි. පොළොවෙහි මෙන් දියෙහි දිය නොබෙදා ගමන් කරයි. පක්ෂියෙකු මෙන් අහසෙහිද පර්යංකයෙන් හිඳගෙනම යෙයි. මේ මහත් ඍද්ධි ඇති, මහත් ආනුභාව ඇති, සඳ හිරු දෙදෙන අතගායි, පිරිමදියි, බඹලොව තෙක් ශරීරයෙන් වසඟ බව කෙරෙයි. මෙයද ඔහුගේ විද්‍යාවෙහි වන්නෙකි. “ඔහු මෙසේ සිත එකඟවූ කල්හි, පිරිසිදුවූ කල්හි, දීප්තිමත්වූ කල්හි, කාමහිත් රහිතවූ කල්හි, ක්ලෙශයන් පහව ගිය කල්හි, මෘදුවූ කල්හි, කටයුත්තට යොග්‍යවූ කල්හි, හිත ස්ථිරවූ කල්හි, කම්පා නොවන භාවයට පැමිණි කල්හි, දිව්‍ය කණ සම්බන්ධ ඥානය පිණිස සිත ඉදිරිපත් කෙරෙයි. ඉදිරිපත් කොට නමයි. ඒ භික්ෂුව පිරිසිදුවූ මිනිස් බව ඉක්මවූ දිව්‍ය කණ සම්බන්ධ ඥානයෙන් දිව්‍යමයවූද, මනුෂ්‍යමයවූද, දුරෙහිවුද, සමීපයෙහිවූද, දෙයාකාර ශබ්දයන් අසයි. “අම්බට්ඨය, දික් මගට පැමිණි පුරුෂයෙක් බෙර හඬද, මහිඟු බෙර හඬද, සක්, පණාබෙර, ගැටබෙර හඬද, යම්සේ අසාද, ඔහුට මේ බෙරහඬයයිද, මිහිඟු බෙර හඬයයිද, සක්, පණාබෙර, ගැටබෙර හඬයයිද සිතෙන්නේය. “අම්බට්ඨය, එලෙසින්ම භික්ෂුව මෙසේ සිත එකඟවූ කල්හි, පිරිසිදුවූ කල්හි, දීප්තිමත්වූ කල්හි, කාම හිත් රහිතවූ කල්හි, පහවූ ක්ලෙශයන් ඇතිකල්හි, මෘදුවූකල්හි, කටයුත්තට යොග්‍යවූ කල්හි, ස්ථිරවූ බවට පැමිණි කල්හි, කම්පා නොවන බවට පැමිණි කල්හි, දිව්‍ය කණෙන් ලබන ඥානය පිනිස සිත ඉදිරිපත් කෙරෙයි, ඉදිරිපත්කොට නමයි. ඔහු මෙසේ මිනිස් කණ ඉක්මවූ පිරිසිදුවූ දිව්‍ය කණෙන් ලබන ඥානයෙන් දිව්‍යමයවූද, මනුෂ්‍යමයවූද, දුරෙහිවූද, සමීපයෙහිවූද දෙයාකාර ශබ්දයන් අසයි. මෙයද ඔහුගේ විද්‍යාවෙහි වූවකි. “ඔහු මෙසේ සිත එකඟවූ කල්හි, පිරිසිදුවූ කල්හි, දීප්තිමත්වූ කල්හි, කාමහිත් රහිතවූ කල්හි, පහවූ ක්ලෙශ ඇති කල්හි, මෘදුවූ කල්හි, කටයුත්තට සුදුසුවූ කල්හි, ස්ථිර බවට පැමිණි කල්හි, කම්පා නොවන බවට පැමිණි කල්හි, පර සිත් දැනගන්නා ඥාණය පිණිස සිත ඉදිරිපත් කෙරෙයි, ඉදිරිපත් කොට නමයි. ඔහු අන්‍ය සත්වයන්ගේ අන්‍ය පුද්ගලයන්ගේ සිත තම සිතින් පිරිසිඳ දනියි. රාග සහිත සිත රාග සිතයයි දනියි. රාගය පහවූ සිත රාගයෙන් තොරවූ සිතයි දනියි. ද්වේෂ සහිත සිත දොස සිතයයි දනියි ද්වේෂය පහවූ සිත ද්වේෂයෙන් තොරවූ සිතයයි දනියි. මෝහ සහිත සිත මෝහ සිතයයි දනියි, මෝහය පහවූ සිත මෝහයෙන් තොරවූ සිතයයිදනියි. හැකුලුනු සිත හැකුලුනු සිතයයි දනියි, විසුරුණු සිත විසුරුණු සිතයයි දනියි මහත් බවට ගිය සිත, මහත් බවට ගිය සිතයයි දනියි මහත් බවට නොගිය සිත, මහත් බවට නොගිය සිතයයි දනියි. කාම සහිත සිත, කාම සිතයයි දනියි. ලෞකික හිත් අතුරෙන් උසස්ම සිත අනුත්තර සිතයයි දනියි. සමාධිගතවූ සිත සමාධිගත සිතයයි දනියි, සමාධිගත නොවූ සිත සමාධිගත නොවූ සිතයයි දනියි, (ක්ලෙශයෙන්) මිදුනු සිත, මිදුනු සිතයයි දනියි. නොමිදුනු සිත නොමිදුනු සිතයයි දනියි. “අම්බට්ඨය, සැරසෙන ස්ත්‍රීයක් හෝ පුරුෂයෙක් හෝ ලමාවයසෙහි සිටියෙක් හෝ තරුණයෙක් හෝ පිරිසිදු, නොකිළිටි කැඩපතෙක හෝ පිරිසිදු දිය භාජනයෙක්හි හෝ තමාගේ මූනේ ශොභාව පරීක්ෂා කරන්නේ යම්සේ කැලල් සහිත නම් කැලල් සහිතයයි දැනගනීද, කැලල් රහිත නම් කැලල් රහිතයයි දැනගනීද, “අම්බට්ඨය, එසේම භික්ෂුතෙම මෙසේ සිත එකඟවූ කල්හි, පිරිසිදුවූ කල්හි, දීප්තිමත්වූ කල්හි, කාමහිත් රහිත කල්හි, ක්ලෙශයන් පහව ගිය කල්හි, මෘදුවූ කල්හි, කටයුත්තට යොග්‍යවූ කල්හි, හිත ස්ථිරවූ කල්හි, කම්පා නොවන බවට පැමිණි කල්හි, පරසිත් දැනගන්නා ඤාණය පිණිස සිත ඉදිරිපත් කෙරෙයි, ඉදිරිපත් කොට නමයි. ඔහු අන්‍ය සත්වයන්ගේ, අන්‍ය පුත්ගලයන්ගේ සිත (තමන්ගේ) සිතින් දැන ගනියි. රාග සිත රාග සිතයයි දනියි. රාගයෙන් තොරවූ සිත රාගයෙන් තොරවූ සිතයයි දනියි. දොස සිත දොස සිතයයි දනියි. දෝසයෙන් තොරවූ සිත දෝසයෙන් තොරවූ සිතයයි දනියි. මොහසිත මෝහ සිතයයි දනියි, මෝහයෙන් තොරවූ සිත මෝහයෙන් තොරවූ සිතයයි දනියි. හැකුලුණු සිත හෝ විසුරුණු සිත හෝ මහත් බවට ගිය සිත හෝ මහත් බවට නොගිය සිත හෝ කාම සහිත සිත හෝ අනුත්තර සිත හෝ එකඟවූ සිත හෝ එකඟ නොවූ සිත හෝ දනියි. මිදුණු සිත හෝ මිදුණු සිතයයි දනියි. නොමිදුණු සිත හෝ නොමිදුණු සිතයයි දනියි. මෙයද ඔහුගේ විද්‍යාවෙහි වූවෙකි. “හේ තෙමේ මෙසේ සිත එකඟවූ කල්හි, පිරිසිදුවූ කල්හි, දීප්තිමත්වූ කල්හි, කාම හිත් රහිතවූ කල්හි, ක්ලෙෂයන් පහව ගිය කල්හි, මෘදුවූ කල්හි, කටයුත්තට යොග්‍යවූ කල්හි, හිත ස්ථිරවූ, කල්හි, කම්පා නොවන බවට පැමිණි කල්හි, පෙර ජාති සිහිකිරීමේ ඥානය පිණිස සිත ඉදිරිපත් කෙරෙයි. ඉදිරිපත් කොට (ඊට) නමයි. හේ තෙමේ නොයෙක් විදියේ පෙර විසීම් සිහි කෙරෙයි. කෙසේදයත්: එක් ජාතියක්ද, දෙ ජාතියක්ද, තුන් ජාතියක්ද, හතර ජාතියක්ද, පස් ජාතියක්ද, දස ජාතියක්ද, විසි ජාතියක්ද, තිස් ජාතියක්ද, සතළිස් ජාතියක්ද, පණස් ජාතියක්ද, සියක් ජාතියක්ද, දහස් ජාතියක්ද, සියක්දහස් ජාතියක්ද, නොයෙක් විනාශ වෙමින් පවතින කල්පයන්ද, නොයෙක් හැදෙමින් පවතින කල්පයන්ද, නොයෙක් විනාශවන හෝ හැදෙන කල්පයන්ද, ‘අසුවල් තැන වීමි, මෙනම් ඇත්තෙමි, මේ ගොත්‍ර ඇත්තෙම්, මේ පාට ඇත්තෙම්, මේ කෑම ඇත්තෙම්, මේ සැප දුක් වින්දෙම්, මේ ආයුෂ කෙළවර කොට ඇත්තෙම් වීමි. ඒ මම එයින් චුතවූයෙම්, අසුවල් තැන උපන්නෙමි; එහිදු මෙනම් ඇත්තෙම්, මේ ගොත්‍ර ඇත්තෙම්, මේ පාට ඇත්තෙම්, මේ කෑම ඇත්තෙම්, මේ සැප දුක් වින්දෙම්, මේ ආයුෂ කෙළවර කොට ඇත්තෙම් වීමි. ඒ මම එයින් චුත වූයෙම්, මෙහි උපන්නෙමි’යි මෙසේ ආකාර සහිතව, දැක්වීම් සහිතව, නොයෙක් විදියේ පෙර ජීවිත සිහි කෙරෙයි. “අම්බට්ඨය, පුරුෂයෙක් යම්සේ තම ගමින් අන් ගමකට යන්නේද, ඒ ගමිනුත් අන් ගමකට යන්නේද, ඒ ගමිනුත් තමන්ගේ ගමට එන්නේද, ‘මම, සිය ගමින් අසුවල් ගමට ගියෙමි, එහි මෙසේ සිටියෙමි, මෙසේ හුන්නෙමි, මෙසේ කථාකෙළෙමි, මෙසේ නිශ්ශබ්ද වීමි. එගමිනිදු අසවල් ගමට ගියෙමි එහිද මෙසේ සිටියෙමි. මෙසේ හුන්නෙමි, මෙසේ කථාකෙළෙමි, මෙසේ නිශ්ශබ්ද වීමි. ඒ මම ඒ ගමින් සිය ගමට පැමිණියෙමි’යි හෙතෙම දන්නේය. “අම්බට්ඨය, එපරිද්දෙන්ම භික්ෂුව මෙසේ සිත එකඟවූ කල්හි, පිරිසිදුවූ කල්හි, දීප්තිමත්වූ කල්හි, කාමහිත් රහිතවූ කල්හි, ක්ලෙශ පහවූ කල්හි, මෘදුවූ කල්හි, කටයුත්තට යොග්‍යවූ කල්හි, හිත ස්තිරවූ කල්හි, කම්පා නොවන බවට පැමිණි කල්හි, පෙර ජාති සිහිකිරීමේ ඥානය පිණිස සිත ඉදිරිපත් කෙරෙයි, ඉදිරිපත් කොට නමයි. හේ නොයෙක් පෙරවිසීම් සිහි කෙරෙයි. කෙසේදයත්: එක් ජාතියක්ද, ජාති දෙකක්ද, ජාති තුනක්ද, ජාති සතරක්ද, ජාති පහක්ද, ජාති දසයක්ද, ජාති විස්සක්ද, ජාති තිහක්ද, ජාති සතළිසක්ද ජාති පණහක්ද, ජාති සියයක්ද, ජාති දහසක්ද, ජාති සියක් දහසක්ද, නොයෙක් කල්ප විස්සකින් යුත් කල්පයන්ද, නොයෙක් කල්ප රාශියකින් යුත් කල්පයන්ද, නොයෙක් කල්පයන්ද, ‘අසුවල් තැන වීමි, මෙබඳු නම් ඇත්තෙම්, මෙබඳු ගොත්‍ර ඇත්තෙම්, මෙබඳු පාට ඇත්තෙම්, මෙබඳු ආහාර ඇත්තෙම්, මෙබඳු සැප දුක් වින්දෙම්, මෙබඳු ආයුෂ කෙළවර කොට ඇත්තෙම් වීමි. ඒ මම එයින් චුතව අසුවල් තැන උපන්නෙමි; එහිදු මෙනම් ඇත්තෙම්, මෙබඳු ගොත්‍ර ඇත්තෙම්, මෙබඳු පාට ඇත්තෙම්, මෙබඳු ආහාර ඇත්තෙම්, මෙබඳු සුව දුක් වින්දෙම්, මෙබඳු ආයුෂ කෙළවර කොට ඇත්තෙම් වීමි. ඒ මම එයින් චුතව මෙහි උපන්නෙමි’යි මෙසේ ආකාර සහිත, පෙරවිසූ පිළිවෙළ දැක්වීම් සහිත, නොයෙක් ආකාරවූ පෙරවිසීම් සිහි කෙරෙයි. මෙයද ඔහුගේ විද්‍යාවෙහි වූවෙකි. “ඔහු මෙසේ සිත එකඟවූ කල්හි, පිරිසුදුවූ කල්හි දීප්තිමත්වූ කල්හි, කාමහිත් රහිත කල්හි, ක්ලෙශ පහව ගිය කල්හි, මෘදුවූ කල්හි, කටයුත්තට යොග්‍යවූ කල්හි, හිත ස්ථිරවූ කල්හි, කම්පා නොවන භාවයට පැමිණි කල්හි, සත්ත්වයන්ගේ මරණින් පසු උත්පත්ති දැනගන්නා නුවණ පිණිස සිත ඉදිරිපත් කෙරෙයි, ඉදිරිපත් කොට නමයි. හේ පිරිසුදුවූ, මිනිස් ඇස ඉක්මවූ, දිව ඇසින් චුතවන උපදින සත්ත්වයන් දකී, පහත්වූද උසස්වූද ලක්ෂණවූද අවලක්ෂණවූද හොඳ ලොව ගියාවූද නරකලොව ගියාවූද කර්මය ලෙස පැමිණි සත්ත්වයන් දනී. ‘මේ පින්වත් සත්ත්වයෝ ශරීර දුශ්චරිතයෙන් යුක්තය, වචන දුශ්චරිතයෙන් යුක්තය, හිතේ දුශ්චරිතයෙන් යුක්තය උත්තමයන්ට බණින්නෝය, මිථ්‍යදෘෂ්ටිකයෝය මිථ්‍යාදෘෂ්ටිකර්ම සමාදන් වූවෝය. ඔවුහු මරණින් මතු සැපයෙන් පහවූ නපුරුවූ දුක්වූ, නිරයට පැමිණෙත්. නැතහොත්, මේ පින්වත් සත්ත්වයෝ ශරීර සුචරිතයෙන් යුක්තය, වචන සුචරිතයෙන් යුක්තය, හිතේ සුචරිතයෙන් යුක්තය, උත්තමයින්ට නොබණින්නේය, සතය අදහන්නෝය, සත්‍ය ඇදහීම් සමාදන් වූවෝය. මරණින් මතු යහපත් පැමිණිමවූ, ස්වර්ග ලෝකයට පැමිණියෝය,යි මෙසේ පිරිසුදුවූ මිනිස් ඇස ඉක්මවූ දිව ඇසින් චුතවන උපදින සත්ත්වයන් දකී. පහත්වූද උසස්වූද ලක්ෂණවූද අවලක්ෂණවූද, හොඳලොව ගියාවූද නරක ලොව ගියාවූද කර්මය ලෙස පැමිණි සත්ත්වයන් දනී. “අම්බට්ඨය, යම්සේ පාරේ හන්දියක ප්‍රාසාදයක් වේද, එහි ඇස් ඇති පුරුෂයෙක් සිටියේ ගෙට ඇතුල්වෙන, ගෙයින් නික්මෙන, වීථියෙහි හැසිරෙණ පාර හන්දියේ හිඳින මනුෂ්‍යයන් දක්නේද, ඔහුට මෙසේ සිතෙයි: ‘මේ මිනිස්සු ගෙට ඇතුළු වෙති, මොහු නික්මෙති, මොහු වීථියෙහි හැසිරෙති, මොහු පාර හන්දියේ ඉඳිති’යි කියායි. මහරජ, එසේම භික්ෂුව මෙසේ සිත එකඟවූ කල්හි, දීප්තිමත්වූ කල්හි, කාම හිත් රහිත කල්හි, ක්ලෙශයන් පහව ගිය කල්හි, මෘදුවූ කල්හි කටයුත්තට යොග්‍යවූ කල්හි, සිත ස්ථිරවූ කල්හි, කම්පා නොවන භාවයට පැමිණි කල්හි, සත්ත්වයන්ගේ චුති උත්පත්ති දැනගන්නා නුවණ පිණිස සිත ඉදිරිපත් කෙරෙයි, සිත ඉදිරිපත් කොට නමයි. හේ මිනිස් ඇස ඉක්මවූ දිව ඇසින් චුතවන උපදින සත්ත්වයන් දකී. පහත්වූද උසස්වූද ලක්ෂණවූද අවලක්ෂණවූද හොඳලොව ගියාවූද නරක ලොව ගියාවූද කර්මය ලෙස පැමිණි සත්ත්වයන් දනී: මේ පින්වත් සත්වයෝ ශරීර දුශ්චරිතයෙන් යුක්තය, වචන දුශ්චරිතයෙන් යුක්තය, හිතේ දුශ්චරිතයෙන් යුක්තය’ උත්තමයින්ට බණින්නෝය, මිථ්‍යාදෘෂ්ටිකයෝය, මිථ්‍යාදෘෂ්ටිකර්ම සමාදන් වූවෝය. ඔවුහු ශරීරයෙන් වෙන්ව, මරණින් මතු අපායවූ දුගීතියවූ, දුකවූ, නිරයට පැමිණෙත්.’ නැතහොත්, මේ පින්වත් සත්වයෝ ශරීර සුචරිතයෙන් යුක්තය, වචන සුචරිතයෙන් යුක්තය, හිතේ සුචරිතයෙන් යුක්තය, උත්තමයින්ට නොබනින්නෝය, සත්‍යය අදහන්නෝය, සත්‍ය ඇදහීම් සමාදන් වූවෝය. ශරීරයෙන් වෙන්ව මරණින් මතු සුගතියවූ, ස්වර්ග ලෝකයට පැමිණියෝ’යි මෙසේ පිරිසිදුවූ මිනිස් ඇස ඉක්මවූ දිව ඇසින් චුතවන උපදින සත්වයන් දකී: පහත්වූද උසස්වූද ලක්ෂණවූද අවලක්ෂණවූද සුගතියට පැමිණියාවූද දුර්ගතියට පැමිණියාවූද කර්මයලෙස පැමිණි සත්ත්වයන් දනී. මෙයද ඔහුගේ විද්‍යාවෙහි වූවෙකි. “ඔහු මෙසේ සිත එකඟවූ කල්හි, පිරිසුදුවූ කල්හි, දීප්තිමත්වූ කල්හි, කාමහිත් රහිත කල්හි, ක්ලෙශයන් පහව ගිය කල්හි, මෘදුවූ කල්හි, කටයුත්තට යොග්‍යවූ කල්හි, හිත ස්ථිරවූ කල්හි, කම්පානොවන භාවයට පැමිණි කල්හි, හිතේ පැසවන කෙලෙස් පහකිරීමේ ඥානය පිණිස සිත ඉදිරිපත් කෙරෙයි, ඉදිරිපත් කොට නමයි ඔහු මේ දුකයයි තතුලෙස දැනගණී, මේ දුක් ඉපදීමේ හේතුවයයි තතු ලෙස දැනගණී, මේ දුක් නැති කිරීමයයි තතු ලෙස දැනගණී, මේ දුක් නැති කිරීමේ මාර්ගයයි තතු ලෙස දැනගණී, මේ පැසවන කෙලෙස්යයි තතු ලෙස දැනගණී. මේ පැසවන ක්ලේශයන්ගේ හේතුයයි තතු ලෙස දැනගණී, මේ ඒ කෙලෙස් නැතිකිරීමයයි තතු ලෙස දැනගනී. මේ ඒ කෙළෙස් නැතිකිරීමේ මාර්ගයයි තතු ලෙස දැනගනී. මෙසේ දන්නා ඔහුගේ සිත කාම ආශාවන්, කෙරෙන්ද මිදේ, සංසාරයට (භවයට) ඇති ආශාවන් කෙරෙන්ද සිත මිදේ. දැඩි මෝහය කෙරෙන්ද සිත මිදේ. මිදුනු කල්හි මිදුනේය යන සිත වෙයි. ඉපදීම නැතිවිය. උතුම් හැසිරීමෙහි වසන ලදී, කටයුත්ත කරණලදී, මේ ආත්ම භාවයෙන් පසු අනික් ආත්ම භාවයක් නැතැ’යි ද දැනගණී. “අම්බට්ඨය, යම්සේ පර්වත මුදුනක පිරිසිදු, සිත් සතුටු කරන නොකැළඹුනු, දිය විලක් වේද, එහි ඉවුරේ ඇස් ඇති පුරුෂයෙක් සිටියේ නැවතී තිබෙන්නාවූ සිප්පිබෙල්ලන් හා සක්බෙල්ලන්ද, කැබලිති කැටද, එහා මෙහා යන්නාවූ මසුන් රෑන්ද, දක්නේද, ඔහුට මෙසේ සිතෙන්නේය: මේ දිය විල පිරිසිදුය මනා සිත් ප්‍රිය කරන්නේය, නොකැළඹුනේය. එහි මේ සිප්පි බෙල්ලන් සක් බෙල්ලන්ද, කැටකැබලිතිද, නැවතී තිබේ. මසුන් රෑන් හැසිරෙත්ය’ කියායි අම්බට්ඨය, එලෙසින්ම භික්ෂුව මෙසේ සිත එකඟවූ කල්හි, පිරිසිදුවූ කල්හි, දීප්තිමත්වූ කල්හි, කාමසිත් රහිත කල්හි, ක්ලෙශයන් පහව ගිය කල්හි, මෘදුවූ කල්හි, කටයුත්තට යොග්‍යවූ කල්හි, හිත ස්ථිරවූ කල්හි, කම්පා නොවන භාවයට පැමිණි කල්හි, බොහෝ කල් සිට එන ක්ලෙශයන් නැතිකිරීමේ ඥානය පිණිස සිත ඉදිරිපත් කෙරෙයි. ඉදිරිපත් කොට නමයි. ඔහු මේ දුකයයි තතු ලෙස දැනගණී, මේ දුක් ඉපදීමේ හේතුවයයි තතු ලෙස දැනගණී, මේ දුක් නැතිකිරීමයයි තතු ලෙස දැනගණී, මේ දුක්නැතිකිරීමේ මාර්ගයයි තතුලෙස දැනගනී. මේ කෙලෙස් යයි තතු ලෙස දැනගණී, මේ කෙලෙස් හේතුයයි තතු ලෙස දැනගණී, මේ කෙලෙස් නැති කිරීමයයි තතු ලෙස දැනගණී, මේ කෙලෙස් නැතිකිරීමේ මාර්ගයයි තතු ලෙස දැනගණී. මෙසේ දන්නා ඔහුගේ සිත කාම ආශාවන් කෙරෙන්ද මිදේ. භවයට ඇති ආශාවන් කෙරෙන්ද මිදේ, මෝහය කෙරෙන්ද සිත මිදේ. මිදුනු කල්හි මිදුනේය යන සිත වෙයි. ඉපදීම නැති විය, උතුම් හැසිරීමෙහි වසනලදී, කටයුත්ත කරනලදී. මේ ආත්ම භාවයෙන් පසු අනික් ආත්ම භාවයක් නැතැ’යිද දැනගණී. අම්බට්ඨය, මේ ඔහුගේ විද්‍යාව වේ. “අම්බට්ඨය, මේ භික්ෂු තෙමේ විද්‍යාවෙන් (නුවණින්) සම්පූර්ණයයි කියනු ලැබේ. එසේම චරණයෙන් (සීලාදියෙන්) සම්පූර්ණයයිද එසේම විද්‍යාවෙන් හා චරණයෙන් සම්පූර්ණයයිද කියනු ලැබේ. අම්බට්ඨය, මේ විද්‍යාසම්පත්තියට හා චරණ සම්පත්තියට වඩා උතුම් හෝ මිහිරි හෝ අන් විද්‍යා සම්පත්තියක්ද චරණ සම්පත්තියක්ද නැත්තේය.",sin,nadil,sinhala,sinhala
දරුවන් මිලදී ගෙන නහවා වළඳවා ආභරණයෙන් අලංකාරකොට ඇකයෙහි හිඳුවාගත්හ.,sin,nadil,sinhala,sinhala
පර්වතයන්ට අධිපතිවූ ගන්ධමාදන නම් උතුම් පර්වතයෙහි සක්දෙව් රජහු විසින් රක්නාලද ඒ දිව්‍ය ස්ත්‍රිහු සතුටු වෙත්. ඉක්බිති සියලු ලොව ගමන් කරන්ට හැකිවූ ඍෂිවරයෙක් මනාව පිපුනාවූ උතුම් ගසක මලක් හැරගෙණ ආයේය.,sin,nadil,sinhala,sinhala
"‘‘අබ්භකූටසමා උච්චා, කණ්ටකනිචිතා (කණ්ටකාපචිතා (සී. පී.), කණ්ටකාහිචිතා (ස්‍යා.)) දුමා; අයොමයෙහි තික්ඛෙහි, නරලොහිතපායිභි.",pli,nadil,pali,pali
"අනූපවාදො අනූපඝාතො (අනුපවාදො අනුපඝාතො (ස්‍යා. ක.)), පාතිමොක්ඛෙ ච සංවරො; මත්තඤ්ඤුතා ච භත්තස්මිං, පන්තඤ්ච සයනාසනං; අධිචිත්තෙ ච ආයොගො, එතං බුද්ධාන සාසනං.",pli,nadil,pali,pali
"‘‘චත්තාරොමෙ, භික්ඛවෙ, කුම්භා. කතමෙ චත්තාරො? තුච්ඡො පිහිතො, පූරො විවටො, තුච්ඡො විවටො, පූරො පිහිතො - ඉමෙ ඛො, භික්ඛවෙ, චත්තාරො කුම්භා. එවමෙවං ඛො, භික්ඛවෙ , චත්තාරො කුම්භූපමා (පු. ප. 160) පුග්ගලා සන්තො සංවිජ්ජමානා ලොකස්මිං. කතමෙ චත්තාරො? තුච්ඡො පිහිතො, පූරො විවටො, තුච්ඡො විවටො, පූරො පිහිතො. ‘‘කථඤ්ච, භික්ඛවෙ, පුග්ගලො තුච්ඡො හොති පිහිතො? ඉධ, භික්ඛවෙ, එකච්චස්ස පුග්ගලස්ස පාසාදිකං හොති අභික්කන්තං පටික්කන්තං ආලොකිතං විලොකිතං සමිඤ්ජිතං පසාරිතං සඞ්ඝාටිපත්තචීවරධාරණං. සො ‘ඉදං දුක්ඛ’න්ති යථාභූතං නප්පජානාති...පෙ.... ‘අයං දුක්ඛනිරොධගාමිනී පටිපදා’ති යථාභූතං නප්පජානාති. එවං ඛො, භික්ඛවෙ, පුග්ගලො තුච්ඡො හොති පිහිතො . සෙය්‍යථාපි සො, භික්ඛවෙ, කුම්භො තුච්ඡො පිහිතො; තථූපමාහං, භික්ඛවෙ, ඉමං පුග්ගලං වදාමි. ‘‘කථඤ්ච , භික්ඛවෙ, පුග්ගලො පූරො හොති විවටො? ඉධ, භික්ඛවෙ, එකච්චස්ස පුග්ගලස්ස න පාසාදිකං හොති අභික්කන්තං පටික්කන්තං ආලොකිතං විලොකිතං සමිඤ්ජිතං පසාරිතං සඞ්ඝාටිපත්තචීවරධාරණං. සො ‘ඉදං දුක්ඛ’න්ති යථාභූතං පජානාති...පෙ.... ‘අයං දුක්ඛනිරොධගාමිනී පටිපදා’ති යථාභූතං පජානාති. එවං ඛො, භික්ඛවෙ, පුග්ගලො පූරො හොති විවටො. සෙය්‍යථාපි සො, භික්ඛවෙ, කුම්භො පූරො විවටො; තථූපමාහං, භික්ඛවෙ, ඉමං පුග්ගලං වදාමි. ‘‘කථඤ්ච, භික්ඛවෙ, පුග්ගලො තුච්ඡො හොති විවටො? ඉධ, භික්ඛවෙ, එකච්චස්ස පුග්ගලස්ස න පාසාදිකං හොති අභික්කන්තං පටික්කන්තං ආලොකිතං විලොකිතං සමිඤ්ජිතං පසාරිතං සඞ්ඝාටිපත්තචීවරධාරණං. සො ‘ඉදං දුක්ඛ’න්ති යථාභූතං නප්පජානාති...පෙ.... ‘අයං දුක්ඛනිරොධගාමිනී පටිපදා’ති යථාභූතං නප්පජානාති. එවං ඛො, භික්ඛවෙ, පුග්ගලො තුච්ඡො හොති විවටො. සෙය්‍යථාපි සො, භික්ඛවෙ, කුම්භො තුච්ඡො විවටො; තථූපමාහං, භික්ඛවෙ, ඉමං පුග්ගලං වදාමි. ‘‘කථඤ්ච, භික්ඛවෙ, පුග්ගලො පූරො හොති පිහිතො? ඉධ, භික්ඛවෙ, එකච්චස්ස පුග්ගලස්ස පාසාදිකං හොති අභික්කන්තං පටික්කන්තං ආලොකිතං විලොකිතං සමිඤ්ජිතං පසාරිතං සඞ්ඝාටිපත්තචීවරධාරණං. සො ‘ඉදං දුක්ඛ’න්ත්න්ත්ති යථාභූතං පජානාති...පෙ.... ‘අයං දුක්ඛනිරොධගාමිනී පටිපදා’ති යථාභූතං පජානාති. එවං ඛො, භික්ඛවෙ, පුග්ගලො පූරො හොති පිහිතො. සෙය්‍යථාපි සො, භික්ඛවෙ, කුම්භො පූරො පිහිතො; තථූපමාහං, භික්ඛවෙ, ඉමං පුග්ගලං වදාමි. ඉමෙ ඛො, භික්ඛවෙ, චත්තාරො කුම්භූපමා පුග්ගලා සන්තො සංවිජ්ජමානා ලොකස්මි’’න්ති. තතියං.",pli,nadil,pali,pali
“මම මිනිස් ලොවදී කේලාම් හා බොරු කීමෙන්ද කෛරාටික කමින් හා වංචාවෙන්ද තමහට අවැඩ පිණිස හැසුරුනෙමි.,sin,nadil,sinhala,sinhala
"“(කරවන ලද) මහත්වූ ප්‍රදේශ රාජ්‍යය (මෙතෙකැයි) ගණන් වශයෙන් ගිණිය නොහැකිය. සුව ඇත්තේ, යශස් ඇත්තේද වෙමි. (සහල්) පතක පමණ බත් දන්දීමෙහි මේ විපාකයයි.",sin,nadil,sinhala,sinhala
"“මේ දුකයයි මට කී සේක. මේ දුක පහළවීමය. මේ නිවණය, මේ නිවණට බැසගත් අඤ්ජස යයි කියන ලද මාර්ගය යයි කීසේක.",sin,nadil,sinhala,sinhala
“යම්කිසිවෙක් ජරාවට ගිය තරුණ බව ඉක්මවූ වැදූ මෑණියන් හෝ පියාණන් හෝ (තමා) පොහොසත්වූයේ පොෂණය නොකෙරේද එය පිරිහීමට කාරණයයි” වදාළසේක. “මේ සිවුවෙනි පරිහානිකාරණය වදාළ පරිද්දෙන්ම දැනගතුම්හ”,sin,nadil,sinhala,sinhala
"‘‘‘චක්කඞ්කුසධජාකිණ්ණෙ, පාදෙ කමලකොමලෙ; පසාරෙහි පණාමං තෙ, කරිස්සං පුත්තඋත්තමෙ (පුත්තපෙමසා (සී. පී.), පුත්තපෙමහං (ස්‍යා.)).",pli,nadil,pali,pali
“සියුම් සිවි ඇත්තේ වෙමි. සිත පිරිසිදුවේ. භවයෙහි සැරිසරන්නාවූ මට මෙම ජාතිය හැර අනික් හැම ජාතියකදීම එම කර්‍මයාගේ බලයෙන් සියළු අලංකාරයන්ගෙන් යුක්තවූ විසි දහස් ගණන් කුඩ මාගේ හිසට දරත්.,sin,nadil,sinhala,sinhala
"එකල්හි වනාහි ආයුෂමත් ආනන්‍ද ස්ථවිර තෙම, “ඇවැත් මහණෙනි,” කියා භික්‍ෂූන්ට ආමන්ත්‍රණය කෙළේය. “ඇවැත්නි” යි ඒ භික්‍ෂූහු ආයුෂ්මත් ආනන්‍ද ස්ථවිරයන්ට උත්තර දුන්හ. ආයුෂ්මත් ආනන්‍ද ස්ථවිර තෙම මෙය ප්‍රතාශ කෙළේය. “ඇවැත්නි, සීල විපත්තියට පැමිණියාවූ දුශ්ශීලයාගේ නොවිපිළිසරවීම නසනලද කරුණු ඇත්තේ වෙයි. කරුණු රහිතව නොවිපිළිසරවීම නැති කල්හි පුමුදිත භාවයාගේ විපතට පැමිණියහුගේ ප්‍රීති තොමෝ නසනලද කරුණු ඇත්තී වෙයි. ප්‍රීතිය නැති කල්හි ප්‍රීතියෙන් විපතට පැමිණියහුගේ සන්සිඳීම තොමෝ නසන ලද කරුණු ඇත්තී වේ. සන්සිඳීම නැති කල්හි සන්සිඳීමෙන් විපතට පැමිණියහුගේ සැපය නසන ලද කරුණු ඇත්තේ වේ. සැපය නැති කල්හි සැපයෙන් විපතට පැමිණියහුගේ සම්‍යක් සමාධිය නසන ලද කරුණු ඇත්තේ වේ. සම්‍යක් සමාධිය නැති කල්හි සම්‍යක් සමාධියෙන් විපතට පැමිණියහුගේ යථාභූත ඥාන දර්‍ශනය නසන ලද කරුණු ඇත්තේ වේ. යථාභූත ඥාන දර්‍ශනය නැති කල්හි යථාභූත ඥානයෙන් විපතට පැමිණියහුගේ කලකිරීම් නසන ලද කරුණු ඇත්තී වෙයි. කලකිරීම නැති කල්හි කලකිරීමෙන් විපතට පැමිණියහුගේ නො ඇල්ම නසන ලද කරුණු ඇත්තේ වෙයි. නො ඇල්ම නැති කල්හි නො ඇල්මෙන් විපතට පැමිණියහුගේ කෙළෙසුන්ගෙන් මිදීම නුවණින් සැළකීම නසන ලද කරුණු ඇත්තේ වෙයි. “ඇවැත්නි, යම් සේ වෘක්‍ෂය තෙම අතුපතරින් විපතට පැමිණියේ ඒ වෘක්‍ෂයාගේ පතුරුද සම්පූර්‍ණවීමට නොපැමිණේද, පොත්තද, ඵලයද, හරයද සම්පූර්‍ණවීමට නොපැමිණේද, මහණෙනි, සීල විපත්තියට පැමිණියාවූ දුශ්ශීලයාගේ නොවිපිළිසරවීම නසනලද කරුණු ඇත්තේ වෙයි. කරුණු රහිතව නොවිපිළිසරවීම නැති කල්හි පුමුදිත භාවයාගේ විපතට පැමිණියහුගේ ප්‍රීති තොමෝ නසනලද කරුණු ඇත්තී වෙයි. ප්‍රීතිය නැති කල්හි ප්‍රීතියෙන් විපතට පැමිණියහුගේ සන්සිඳීම තොමෝ නසන ලද කරුණු ඇත්තී වේ. සන්සිඳීම නැති කල්හි සන්සිඳීමෙන් විපතට පැමිණියහුගේ සැපය නසන ලද කරුණු ඇත්තේ වේ. සැපය නැති කල්හි සැපයෙන් විපතට පැමිණියහුගේ සම්‍යක් සමාධිය නසන ලද කරුණු ඇත්තේ වේ. සම්‍යක් සමාධිය නැති කල්හි සම්‍යක් සමාධියෙන් විපතට පැමිණියහුගේ යථාභූත ඥාන දර්‍ශනය නසන ලද කරුණු ඇත්තේ වේ. යථාභූත ඥාන දර්‍ශනය නැති කල්හි යථාභූත ඥානයෙන් විපතට පැමිණියහුගේ කලකිරීම් නසන ලද කරුණු ඇත්තී වෙයි. කලකිරීම නැති කල්හි කලකිරීමෙන් විපතට පැමිණියහුගේ නො ඇල්ම නසන ලද කරුණු ඇත්තේ වෙයි. නො ඇල්ම නැති කල්හි නො ඇල්මෙන් විපතට පැමිණියහුගේ කෙළෙසුන්ගෙන් මිදීම නුවණින් සැළකීම නසන ලද කරුණු ඇත්තේ වෙයි. “ඇවැත්නි, සීල සම්පන්නවූ සිල්වත්හුගේ නොවිපිළිසරවීම කරුණු සහිත වේ. නොවිපිළිසරවීම ඇති කල්හි නොවිපිළිසරවීමෙන් යුක්තවූවහුගේ ප්‍රමොද්‍යය කරුණු සහිත වේ. ප්‍රමොද්‍යය ඇති කල්හි ප්‍රමුදිතභාවයෙන් යුක්තවූවහුගේ ප්‍රීතිය කරුණ සහිත වේ. ප්‍රීතිය ඇති කල්හි ප්‍රීතියෙන් යුක්තවූවහුගේ සන්සිඳීම කරුණු සහිත වේ. සන්සිඳීම ඇති කල්හි සන්සිඳීමෙන් යුක්තවූවහුගේ සැපය කරුණු සහිත වේ. සැපය ඇති කල්හි සැපයෙන් යුක්තවූවහුගේ සම්‍යක් සමාධිය කරුණු සහිත වේ. සම්‍යක් සමාධිය ඇති කල්හි සම්‍යක් සමාධියෙන් යුක්තවූවහුගේ තත්වූ පරිදි නුවණින් දැකීම කරුණු සහිත වේ. තත්වු පරිදි නුවණින් දැකීම ඇති කල්හි තත්වූ පරිදි නුවණින් දැකීමෙන් යුක්තවූවහුගේ කලකිරීම කරුණු සහිත වේ. කලකිරීම ඇති කල්හි කලකිරීමෙන් යුක්ත වූවහුගේ නො ඇල්ම කරුණු සහිත වේ. නො ඇල්ම ඇති කල්හි නොඇල්මෙන් යුක්ත වූවහුගේ කෙලෙසුන්ගෙන් මිදීමට නුවණින් දැකීම කරුණු සහිතවේ. “ඇවැත්නි, යම් සේ වෘක්‍ෂය තෙම අතුපතරින් ගැවසීගත්තේ ඒ වෘක්‍ෂයාගේ පතුරුද සම්පූර්‍ණබවට පැමිණේද, පොත්තද, ඵලයද, හරයද සම්පූර්‍ණවීමට යේද, ඇවැත්නි, එපරිද්දෙන්ම සීල සම්පන්න සිල්වත්හුගේ නොවිපිළිසරවීම කරුණු සහිතවේ. නොවිපිළිසරවීම ඇති කල්හි නොවිපිළිසරවීමෙන් යුක්තවූවහුගේ ප්‍රමුදිතභාවය කරුණු සහිත වේ. ඇවැත්නි, සීල සම්පන්නවූ සිල්වත්හුගේ නොවිපිළිසරවීම කරුණු සහිත වේ. නොවිපිළිසරවීම ඇති කල්හි නොවිපිළිසරවීමෙන් යුක්තවූවහුගේ ප්‍රමොද්‍යය කරුණු සහිත වේ. ප්‍රමොද්‍යය ඇති කල්හි ප්‍රමුදිතභාවයෙන් යුක්තවූවහුගේ ප්‍රීතිය කරුණ සහිත වේ. ප්‍රීතිය ඇති කල්හි ප්‍රීතියෙන් යුක්තවූවහුගේ සන්සිඳීම කරුණු සහිත වේ. සන්සිඳීම ඇති කල්හි සන්සිඳීමෙන් යුක්තවූවහුගේ සැපය කරුණු සහිත වේ. සැපය ඇති කල්හි සැපයෙන් යුක්තවූවහුගේ සම්‍යක් සමාධිය කරුණු සහිත වේ. සම්‍යක් සමාධිය ඇති කල්හි සම්‍යක් සමාධියෙන් යුක්තවූවහුගේ තත්වූ පරිදි නුවණින් දැකීම කරුණු සහිත වේ. තත්වු පරිදි නුවණින් දැකීම ඇති කල්හි තත්වූ පරිදි නුවණින් දැකීමෙන් යුක්තවූවහුගේ කලකිරීම කරුණු සහිත වේ. කලකිරීම ඇති කල්හි කලකිරීමෙන් යුක්ත වූවහුගේ නො ඇල්ම කරුණු සහිත වේ. නො ඇල්ම ඇති කල්හි නොඇල්මෙන් යුක්ත වූවහුගේ කෙලෙසුන්ගෙන් මිදීමට නුවණින් දැකීම කරුණු සහිතවේ.",sin,nadil,sinhala,sinhala
"‘‘චතුන්නවුතිතො (චතුනවුතෙ ඉතො (සී. ස්‍යා.)) කප්පෙ, යං කම්මමකරිං තදා; දුග්ගතිං නාභිජානාමි, පුඤ්ඤකම්මස්සිදං ඵලං.",pli,nadil,pali,pali
"ඉක්බිති ආයුෂ්මත් මහා කොට්ඨිත ස්ථවිරයන් වහන්සේ, ආයුෂ්මත් ශාරීපුත්ත ස්ථවිරයන් වහන්සේ යම් තැනෙක්හිද, එතැන්හි පැමිණි සේක. පැමිණ ආයුෂ්මත් ශාරීපුත්‍ර ස්ථවිරයන් වහන්සේ සමග සතුටුවීය. සතුටුවියයුතු කථාවද, සිහි කටයුතු කථාද කොට නිමවා එකත්පසෙක උන් සේක. එකත්පසෙක උන්නාවූ ආයුෂ්මත් මහා කොට්ඨිත ස්ථවිරයන් වහන්සේ, ආයුෂ්මත් ශාරීපුත්‍ර ස්ථවිරයන් වහන්සේට මේ කාරණය කී සේක. “ඇවැත්නි, ශාරීපුත්‍රයෙනි, කිමෙක්ද? යම් කර්‍මයක් (මේ ආත්මයෙහිම විඳිය යුතුද), ඒ කර්‍මය මට පරලෙව්හිදී විඳිය යුතු වේවායි මේ පිණිස භාග්‍යවතුන් වහන්සේ කෙරෙහි මහණදම් පුරාද?” “ඇවැත්නි, මෙය නොවේමැයි.” “ඇවැත්නි, ශාරීපුත්‍රයෙනි, කිමෙක්ද? යම් කර්‍මයක් පරලොවදී විඳිය යුතු වේද, ඒ කර්‍මය මට මේ ආත්මයෙහි විඳිය යුතු වේවායි මේ පිණිස භාග්‍යවතුන් වහන්සේ කෙරෙහි මහණදම් පුරාද?” - “ඇවැත්නි, ඒ කාරණය නොවේමැයි.” “ඇවැත්නි, ශාරීපුත්‍රයෙනි, කිමෙක්ද? යම් කර්‍මයක් සැප විඳුවාද, ඒ කර්‍මය මට සැප විඳුවන්නක් වේවායි මේ පිණිස භාග්‍යවතුන් වහන්සේ කෙරෙහි මහණදම් පුරාද?” - “ඇවැත්නි, මේ කාරණය නොවේමැයි.” “ඇවැත්නි, ශාරීපුත්‍රයෙනි, කිමෙක්ද? යම් කර්‍මයක් දුක විඳුවාද, ඒ කර්‍මය මට සැප විඳුවන්නක් වේවායි මේ පිණිස භාග්‍යවතුන් වහන්සේ කෙරෙහි මහණදම් පුරාද?” - “ඇවැත්නි, මේ කාරණය නොවේමැයි.” “ඇවැත්නි, ශාරීපුත්‍රයෙනි, කිමෙක්ද? යම් කර්‍මයක් පැසී විඳුවාද, ඒ කර්‍මය මට නො පැසී විඳුවන්නක් වේවායි මේ පිණිස භාග්‍යවතුන් වහන්සේ කෙරෙහි මහණදම් පුරාද?” - “ඇවැත්නි, මේ කාරණය නොවේමැයි.” “ඇවැත්නි, ශාරීපුත්‍රයෙනි, කිමෙක්ද? යම් කර්‍මයක් නො පැසී විඳුවාද, ඒ කර්‍මය මට පැසී විඳුවන්නක් වේවායි මේ පිණිස භාග්‍යවතුන් වහන්සේ කෙරෙහි මහණදම් පුරාද?” - “ඇවැත්නි, මේ කාරණය නොවේමැයි.” “ඇවැත්නි, ශාරීපුත්‍රයෙනි, කිමෙක්ද? යම් කර්‍මයක් බොහෝ විඳිය යුතුද, ඒ කර්‍මය මට ටිකක් විඳුවන්නක් වේවායි මේ පිණිස භාග්‍යවතුන් වහන්සේ කෙරෙහි මහණදම් පුරාද?” - “ඇවැත්නි, මේ කාරණය නොවේමැයි.” “ඇවැත්නි, ශාරීපුත්‍රයෙනි, කිමෙක්ද? යම් කර්‍මයක් ටිකක් විඳුවන්නක් වේද, ඒ කර්‍මය මට බොහෝ විඳුවන්නක් වේවායි මේ පිණිස භාග්‍යවතුන් වහන්සේ කෙරෙහි මහණදම් පුරාද?” - “ඇවැත්නි, මේ කාරණය නොවේමැයි.” “ඇවැත්නි, ශාරීපුත්‍රයෙනි, කිමෙක්ද? යම් කර්‍මයක් විඳිය යුතුද, ඒ කර්‍මය මට නොවිඳිය යුත්තක් වේවායි මේ පිණිස භාග්‍යවතුන් වහන්සේ කෙරෙහි මහණදම් පුරාද?” - “ඇවැත්නි, මේ කාරණය නොවේමැයි.” “ඇවැත්නි, ශාරීපුත්‍රයෙනි, කිමෙක්ද? යම් කර්‍මයක් නොවිඳින්නක් වේද, ඒ කර්‍මය මට විඳින්නක් වේවායි මේ පිණිස භාග්‍යවතුන් වහන්සේ කෙරෙහි මහණදම් පුරාද?” - “ඇවැත්නි, මේ කාරණය නොවේමැයි.” “ඇවැත්නි, ශාරීපුත්‍රයෙනි, කිමෙක්ද? යම් කර්‍මයක් (මේ ආත්මයෙහිම විඳිය යුතුද), ඒ කර්‍මය මට පරලෙව්හිදී විඳිය යුතු වේවායි මේ පිණිස භාග්‍යවතුන් වහන්සේ කෙරෙහි මහණදම් පුරාද?” මෙසේ විචාරනු ලබන්නේ, ‘ඇවැත්නි, මේ කාරණය නොවේ’ යයි කියන්නෙහිය. “ඇවැත්නි, ශාරීපුත්‍රයෙනි, කිමෙක්ද? යම් කර්‍මයක් පරලොවදී විඳිය යුතු වේද, ඒ කර්‍මය මට මේ ආත්මයෙහි විඳිය යුතු වේවායි මේ කාරණය පිණිස භාග්‍යවතුන් වහන්සේ කෙරෙහි මහණදම් පුරාදැ?” යි විචාරණු ලබන්නේම “ඇවැත්නි, ඒ කාරණය නොවේය” යි කියන්නෙහිය. “ඇවැත්නි, ශාරීපුත්‍රයෙනි, කිමෙක්ද? යම් කර්‍මයක් සැප විඳුවාද, ඒ කර්‍මය මට සැප විඳුවන්නක් වේවායි මේ පිණිස භාග්‍යවතුන් වහන්සේ කෙරෙහි මහණදම් පුරාද?” - “ඇවැත්නි, මේ කාරණය නොවේමැයි.” මේ කාරණය පිණිස භාග්‍යවතුන් වහන්සේ කෙරෙහි මහණදම් පුරාදැ?” යි විචාරණු ලබන්නේම “ඇවැත්නි, ඒ කාරණය නොවේය” යි කියන්නෙහිය. “ඇවැත්නි, ශාරීපුත්‍රයෙනි, කිමෙක්ද? යම් කර්‍මයක් පැසී විඳුවාද, ඒ කර්‍මය මට නො පැසී විඳුවන්නක් වේවායි මේ පිණිස භාග්‍යවතුන් වහන්සේ කෙරෙහි මහණදම් පුරාද?” - “ඇවැත්නි, මේ කාරණය නොවේමැයි.” මේ කාරණය පිණිස භාග්‍යවතුන් වහන්සේ කෙරෙහි මහණදම් පුරාදැ?” යි විචාරණු ලබන්නේම “ඇවැත්නි, ඒ කාරණය නොවේය” යි කියන්නෙහිය. “ඇවැත්නි, ශාරීපුත්‍රයෙනි, කිමෙක්ද? යම් කර්‍මයක් බොහෝ විඳිය යුතුද, ඒ කර්‍මය මට ටිකක් විඳුවන්නක් වේවායි මේ පිණිස භාග්‍යවතුන් වහන්සේ කෙරෙහි මහණදම් පුරාද?” - “ඇවැත්නි, මේ කාරණය නොවේමැයි.” මේ කාරණය පිණිස භාග්‍යවතුන් වහන්සේ කෙරෙහි මහණදම් පුරාදැ?” යි විචාරණු ලබන්නේම “ඇවැත්නි, ඒ කාරණය නොවේය” යි කියන්නෙහිය. “ඇවැත්නි, ශාරීපුත්‍රයෙනි, කිමෙක්ද? යම් කර්‍මයක් ටිකක් විඳුවන්නක් වේද, ඒ කර්‍මය මට බොහෝ විඳුවන්නක් වේවායි මේ පිණිස භාග්‍යවතුන් වහන්සේ කෙරෙහි මහණදම් පුරාද?” - “ඇවැත්නි, මේ කාරණය නොවේමැයි.” මේ කාරණය පිණිස භාග්‍යවතුන් වහන්සේ කෙරෙහි මහණදම් පුරාදැ?” යි විචාරණු ලබන්නේම “ඇවැත්නි, ඒ කාරණය නොවේය” යි කියන්නෙහිය. යම් කර්මයක් විඳිය යුතු වේද, ඒ කර්මය මට නොවිඳින්නක් වේවායි මේ කාරණය පිණිස භාග්‍යවතුන් වහන්සේ කෙරෙහි මහණදම් පුරාදැ?” යි විචාරණු ලබන්නේම “ඇවැත්නි, ඒ කාරණය නොවේය” යි කියන්නෙහිය. යම් කර්මයක් නොවිඳින්නක් වේද, මට ඒ කර්මය විඳිය යුත්තක් වේවායි ඇවැත්නි, එසේනම් කුමක් පිණිස භාග්‍යවතුන් වහන්සේ කෙරෙහි මහණදම් පුරාද?” “ඇවැත්නි, නොදන්නා ලද, ඉටා නොගන්නා ලද, නොපැමිණෙන ලද, ප්‍රත්‍යක්‍ෂ නොකරන ලද, අවබෝධය නොකරන ලද යමක් වන්නේද, එය දැන ගැනීම පිණිස, (එය) දැකීම පිණිස, (එයට) පැමිණීම පිණිස, (එය) ප්‍රත්‍යක්‍ෂ කිරීම පිණිස, එය අවබෝධ කිරීම පිණිස, භාග්‍යවතුන් වහන්සේ කෙරෙහි මහණදම් පුරයි. යමක් දැනගැනීම පිණිස, (යමක්) දැකීම පිණිස, (යමකට) පැමිණීම පිණිස, යමක් ප්‍රත්‍යක්‍ෂ කිරීම පිණිස, (යමක) අවබෝධය පිණිස, භාග්‍යවතුන් වහන්සේ කෙරෙහි මහණදම් පුරාද, නොපැමිණියාවූ, ප්‍රත්‍යක්‍ෂ නොකරණ ලද්දාවූ, අවබෝධ නොකරණ ලද්දාවූ, කුමක් නම් වන්නේද? “ඇවැත්නි, මේ දුකයයි නොදන්නා ලද්දේ, බැස නොගන්නා ලද්දේ, නො පැමිණෙන ලද්දේ, ප්‍රත්‍යක්‍ෂ නොකරන ලද්දේ, අවබෝධ නොරන ලද්දේ වේද, එය දැන ගැනීම පිණිස, (එය) දැකීම පිණිස, (එයට) පැමිණීම පිණිස, (එය) ප්‍රත්‍යක්‍ෂ කිරීම පිණිස, එය අවබෝධ කිරීම පිණිස, භාග්‍යවතුන් වහන්සේ කෙරෙහි මහණදම් පුරයි. “ඇවැත්නි, මේ දුක්ඛ සමුදයයයි නොදන්නා ලද්දේ, බැස නොගන්නා ලද්දේ, නො පැමිණෙන ලද්දේ, ප්‍රත්‍යක්‍ෂ නොකරන ලද්දේ, අවබෝධ නොරන ලද්දේ වේද, එය දැන ගැනීම පිණිස, (එය) දැකීම පිණිස, (එයට) පැමිණීම පිණිස, (එය) ප්‍රත්‍යක්‍ෂ කිරීම පිණිස, එය අවබෝධ කිරීම පිණිස, භාග්‍යවතුන් වහන්සේ කෙරෙහි මහණදම් පුරයි. “ඇවැත්නි, මේ දුක්ඛ නිරෝධයයයි නොදන්නා ලද්දේ, බැස නොගන්නා ලද්දේ, නො පැමිණෙන ලද්දේ, ප්‍රත්‍යක්‍ෂ නොකරන ලද්දේ, අවබෝධ නොරන ලද්දේ වේද, එය දැන ගැනීම පිණිස, (එය) දැකීම පිණිස, (එයට) පැමිණීම පිණිස, (එය) ප්‍රත්‍යක්‍ෂ කිරීම පිණිස, එය අවබෝධ කිරීම පිණිස, භාග්‍යවතුන් වහන්සේ කෙරෙහි මහණදම් පුරයි. “ඇවැත්නි, මේ දුක්ඛ නිරෝධ ගාමිණී ප්‍රතිපදාවයයි නොදන්නා ලද්දේ, බැස නොගන්නා ලද්දේ, නො පැමිණෙන ලද්දේ, ප්‍රත්‍යක්‍ෂ නොකරන ලද්දේ, අවබෝධ නොරන ලද්දේ වේද, එය දැන ගැනීම පිණිස, (එය) දැකීම පිණිස, (එයට) පැමිණීම පිණිස, (එය) ප්‍රත්‍යක්‍ෂ කිරීම පිණිස, එය අවබෝධ කිරීම පිණිස, භාග්‍යවතුන් වහන්සේ කෙරෙහි මහණදම් පුරයි. “ඇවැත්නි, මෙය නොදන්නා ලද්දේ, බැස නොගන්නා ලද්දේ, නො පැමිණෙන ලද්දේ, ප්‍රත්‍යක්‍ෂ නොකරන ලද්දේ, අවබෝධ නොරන ලද්දේ වේද, එය දැන ගැනීම පිණිස, (එය) දැකීම පිණිස, (එයට) පැමිණීම පිණිස, (එය) ප්‍රත්‍යක්‍ෂ කිරීම පිණිස, එය අවබෝධ කිරීම පිණිස, භාග්‍යවතුන් වහන්සේ කෙරෙහි මහණදම් පුරයි.",sin,nadil,sinhala,sinhala
"“අටල්ල සතිපට්ඨානයයි. සර්‍වඥයන් වහන්ස, ඇතුළු වීථිය ඔබ වහන්සේගේ ප්‍රඥාවය. සිව්මංසල ඎද්‍ධිපාදයයි. (මේ ධර්‍ම නගරය) සත්තිස් බෝධිපාක්‍ෂික ධර්‍ම නැමැති වීථීන්ගෙන් මැනවින් නිර්මිත කරණ ලද.ී",sin,nadil,sinhala,sinhala
"‘‘කණිකාරංව ජලිතං (ජොතන්තං (සී.)), දීපරුක්ඛංව උජ්ජලං (ජොතිතං (ස්‍යා.)); ඔසධිංව විරොචන්තං, විජ්ජුතං ගගනෙ යථා.",pli,nadil,pali,pali
“මම සත්ත්‍වයින් සසර සයුරින් එතර කිරීම පිණිස පිඬු පිණිස හැසිරෙමි. තට ධර්‍ම කථාවට කාලය නොවේවා” යයි (විපස්සී බුදුරදුන් පටන්) සත්වැනි මුනිවූ බුදුරජතෙමේ වදාළ සේක.,sin,nadil,sinhala,sinhala
"බ්‍යාහතා තිත්ථියා සබ්බෙ, විමනා දුම්මනා තදා; න තෙසං කෙචි පරිචරන්ති, රට්ඨතො නිච්ඡුභන්ති තෙ.",pli,nadil,pali,pali
"දෙපා ඇත්තවුන්ට අධිපතිවූ රජ්ජුරුවෙනි, යම් සත්‍ය කාරණයෝ වෙද්ද, ඒ සත්‍යයන්ම කියව, සත්‍යය කියන්නාවූ ඔබගේ නැවත ඇසක් ඇතිවන්නේයයි ශක්‍රයා කීයේය.",sin,nadil,sinhala,sinhala
“අන්‍යයන්ගේ ධර්මය ඉක්ම යාමද සිතට වන්නාවූ දුකද කායික දුකද මම නොකැමැත්තෙමි. එකළාවූද මම ධර්මයෙහි පිහිටියේ කිසිවකුත් නොපිරිහෙළමින් මේ දුඃඛ භාරය එතෙර කරන්නෙමියි රජතෙම කීයේය.,sin,nadil,sinhala,sinhala
"යො නාවජානාති සහායමිත්තෙ (සහායමත්තෙ (සී. පී.)), සිප්පෙන කුල්‍යාහි ධනෙන ජච්චා; රුචිපඤ්ඤො අත්ථකාලෙ මතීමා (මුතීමා (සී. පී.)), සහායෙසු වෙ සොත්ථානං තදාහු.",pli,nadil,pali,pali
"‘‘තදා දසහි ඨානෙහි, අධිභොත්වාන සෙසකෙ (අධිභොත්වා අසෙසතො (ස්‍යා.)); රූපසද්දෙහි ගන්ධෙහි, රසෙහි ඵුසනෙහි ච.",pli,nadil,pali,pali
"“මහණෙනි, කරුණු පසකින් යුක්තවූ ආවාසික භික්‍ෂු තෙම ගෙනන ලද බරක් බහා තබන ලද්දේ යම්සේද, එමෙන් නරකයෙහි උපදියි. “කවර පසකින්ද යත්? නොදැන නොසොයා අගුණ කිය යුත්තහුගේ ගුණ කියාද, නොදැන නොසොයා ගුණ කිය යුත්තහුගේ අගුණ කියාද, ආවාසයෙහි මසුරුකම් ඇත්තේ, ආවාසයෙහි බලවත් ගිජුකම ඇත්තේ වේද, කුලයන්හි මසුරුකම් ඇත්තේ, කුලයන්හි බලවත් ගිජුකම් ඇත්තේ වේද,, ශ්‍රද්‍ධාවෙන් දුන් දෙය විනාශ කෙරේද, යන පසිනි. “මහණෙනි, කරුණු පසකින් යුක්තවූ ආවාසික භික්‍ෂු තෙම ගෙනන ලද බරක් බහා තබන ලද්දේ යම්සේද, එමෙන් නරකයෙහි උපදියි. “මහණෙනි, කරුණු පසකින් යුක්තවූ ආවාසික භික්‍ෂු තෙම ගෙනන ලද බරක් බහා තබන ලද්දේ යම්සේද, එමෙන් ස්වර්‍ගයෙහි උපදියි. “කවර පසකින්ද යත්? දැන සොයා ගුණ කිය යුත්තහුගේ ගුණ කියාද, දැන සොයා අගුණ කිය යුත්තහුගේ අගුණ කියාද, ආවාසයෙහි මසුරුකම් ඇත්තෙක්, ආවාසයෙහි බලවත් ගිජුකම් ඇත්තෙක් නොවේද, කුලයන්හි මසුරුකම් ඇත්තෙක්, කුලයන්හි බලවත් ගිජුකම් ඇත්තෙක් නොවේද,, ශ්‍රද්‍ධාවෙන් දුන් දෙය විනාශ නොකෙරේද, යන පසිනි. “මහණෙනි, කරුණු පසකින් යුක්තවූ ආවාසික භික්‍ෂු තෙම ගෙනන ලද බරක් බහා තබන ලද්දේ යම්සේද, එමෙන් ස්වර්‍ගයෙහි උපදී.",sin,nadil,sinhala,sinhala
"(16 - 18) 1 “යට බලා හෙලන ලද ඇස් ඇතියේද නුවමනා ගමන් නැත්තෙක්ද වන්නේය.” යන්නෙහි කෙසේ යට බලා හෙලන ලද ඇස් ඇත්තෙක්වේද? මෙහි ඇතැම් භික්ෂුවක් නොයෙක් දේ දකිනු කැමැත්තේ වෙයි. (14-8) 1 (i) ඡේදය යොදාගත යුතුයි) කෙසේ යට බලා නොහෙලන ලද ඇස් ඇත්තෙක් වේද? (නොවෙයි කියා වෙනස්කොට (14-8) 1 (i) (ii) යොදා ගත යුතුයි) ‘නුවමනා ගමන් නැත්තෙක් වන්නේද (14-11) 2 ඡේදය යොදාගත යුතුයි) 2 “ධ්‍යානයෙන් යුක්තවූයේද බොහෝකොට නිදි දුරු කරන්නේද” යන්නෙහි ධ්‍යානයෙන් යුක්තවූයේ යනු කරුණු දෙකකින් ධ්‍යානයෙහි යෙදුනේ යනුයි. නූපන් ප්‍රථම ධ්‍යානය ඉපදීමට හෝ යෙදුනේ, නියුක්තවූයේ නූපන් ද්විතීයධ්‍යානය ඉපදීමට හෝ යෙදුනේ තෘතීයධ්‍යානය, චතුර්ථ ධ්‍යානය ඉපදීම පිණිස හෝ යෙදුනේ නියුක්තවූයේ මෙසේද ධ්‍යානයෙහි යෙදුනේ යනුයි. යලිදු හෝ උපන් ප්‍රථමධ්‍යානය නිතර සේවනය කරයි වඩයි බහුල වශයෙන් වඩයි. මෙසේද ධ්‍යානයෙන් යුක්තවූයේ වෙයි උපන් හෝ ද්විතිය ධ්‍යානය, තෘතිය ධ්‍යානය, චතුර්ථධ්‍යානය නිතර සේවනය කරයි, වඩයි. බහුල වශයෙන් වඩයි. මෙසේද ධ්‍යානයෙන් යුක්ත වූයේ වෙයි. “බොහෝකොට නිදි දුරුකරන්නේද යනු මෙහි මහණ දවස සක්මනින් වැඩහිඳීමෙන් (යුක්තව) ආවරණ ධර්මයන් ගෙන් සිත පිරිසිදු කරයි. රාත්‍රී ප්‍රථම යාමය සක්මණින් වැඩහිඳීමෙන් ආවරණ ධර්මයන්ගෙන් සිත පිරිසිදු කරයි. රාත්‍රි මධ්‍යම යාමය පාදයෙන් පාදය එකට තබා සිහි ඇත්තේ මනා නුවණැත්තේ නැගිටීමේ අදහස සිතේ තබා දකුණු පසින් සීහසෙය්‍යාව කරයි. රාත්‍රී අන්තිම යාමය නැගිට සක්මනින් වැඩහිඳීමෙන් ආවරණ ධර්මයන්ගෙන් සිත පිරිසිදු කරයි යනුයි. 3 “උපෙක්ෂාව නිසා එකඟවූ සිත් ඇත්තේ යන්නෙහි “උපෙක්ෂාව” යනු චතුර්ථධ්‍යානයෙහි උපෙක්ෂාවයි. මැදහත් කමයි. මැදහත්ව බැලීමයි. සිතේ සම ගතිය සිතේ සන්සිඳීමයි. සිතේ මධ්‍යස්ථ ගතියයි. ‘එකඟවූ සිත් ඇත්තේ යනු’ සිතේ යම් නැවතීමක්වේද, තැන්පත් වීමක්, කලබල නොවීමක්, සමථයක් සමාධින්ද්‍රියක් සමාධි බලයක්, සම්‍යක් සමාධියක් වේද එයයි, “ උපෙක්ෂාව නිසා එකඟවූ සිත් ඇත්තේ” යනු චතුර්ථධ්‍යානයෙහි උපෙක්ෂාව නිසා එකඟ සිත් ඇත්තේ, නොවිසුරුන සිත් ඇත්තේ, කලබල නොවූ සිත් ඇත්තේ යනුයි. 4 “විතර්කාදිය හා කාම සංඥාදියද පසු තැවිල්ල සිඳින්නේය” යන්නෙහි “විතර්ක නම්” නව විතර්කයෝයි කාම විතර්කය, ව්‍යාපාද විතර්කය, විහිංසා විතර්කය ඤාති විතර්කය ජන පද විතර්කය, අමර විතර්කය අනුන්ට දයාව දැක්වීම පිළිබඳ විතර්කය ලාභ සත්කාර ස්තුති පිළිබඳ විතර්කය නො කැමැති බව පිළිබඳ විතර්කය යන මේ නව විතර්කයෝ වෙති. කාම විතර්කයන්ගේ කාම සංඥා සිතේ පැවැත්මයි. ව්‍යාපාද විතර්කයන්ගේ ව්‍යාපාද සංඥා සිතේ පැවැත්මයි. විහිංසා විතර්කයන්ගේ විහිංසා සිතේ පැවැත්මයි. යලිදු හෝ තර්කයන්ගේ විතර්කයන්ගේ සංකල්පයන්ගේ අවිද්‍යාව සිතේ පැවැත්ම නුවණින් මෙනෙහි කිරීම සිතේ පැවැත්මයි. උසස්මියි සිතන මානය සිතේ පැවැත්මයි පවට බිය නොවීම සිතේ පැවැත්මයි. නොසන්සුන්කම සිතේ පැවැත්ම යනුයි. “කුකුස” යනු, (10-3) 4 (i) ඡේදය යොදාගත යුතුයි.) 5 “කාම විතර්කාදිය හා කාම සංඥාදියද කුක්කුච්චයද සිඳිනේය” යනු තර්කයද තර්ක සංඥාවද පසු තැවිල්ලද සිඳිනේය කපාදමන්නේය, බැහැර කරන්නේය, දුරු කරන්නේය සංසිඳුවන්නේය, නූපදනා බවට පමුණුවන්නේය යනුයි.",sin,nadil,sinhala,sinhala
"‘‘චත්තාරොමෙ , භික්ඛවෙ, භද්‍රා අස්සාජානීයා සන්තො සංවිජ්ජමානා ලොකස්මිං. කතමෙ චත්තාරො? ඉධ, භික්ඛවෙ, එකච්චො භද්‍රො අස්සාජානීයො පතොදච්ඡායං දිස්වා සංවිජ්ජති සංවෙගං ආපජ්ජති - ‘කිං නු ඛො මං අජ්ජ අස්සදම්මසාරථි කාරණං කාරෙස්සති, කිමස්සාහං (කථමස්සාහං (ක.)) පටිකරොමී’ති! එවරූපොපි, භික්ඛවෙ, ඉධෙකච්චො භද්‍රො අස්සාජානීයො හොති. අයං, භික්ඛවෙ, පඨමො භද්‍රො අස්සාජානීයො සන්තො සංවිජ්ජමානො ලොකස්මිං. ‘‘පුන චපරං, භික්ඛවෙ, ඉධෙකච්චො භද්‍රො අස්සාජානීයො න හෙව ඛො පතොදච්ඡායං දිස්වා සංවිජ්ජති සංවෙගං ආපජ්ජති, අපි ච ඛො ලොමවෙධවිද්ධො සංවිජ්ජති සංවෙගං ආපජ්ජති - ‘කිං නු ඛො මං අජ්ජ අස්සදම්මසාරථි කාරණං කාරෙස්සති, කිමස්සාහං පටිකරොමී’ති! එවරූපොපි, භික්ඛවෙ, ඉධෙකච්චො භද්‍රො අස්සාජානීයො හොති. අයං, භික්ඛවෙ, දුතියො භද්‍රො අස්සාජානීයො සන්තො සංවිජ්ජමානො ලොකස්මිං. ‘‘පුන චපරං, භික්ඛවෙ, ඉධෙකච්චො භද්‍රො අස්සාජානීයො න හෙව ඛො පතොදච්ඡායං දිස්වා සංවිජ්ජති සංවෙගං ආපජ්ජති නාපි ලොමවෙධවිද්ධො සංවිජ්ජති සංවෙගං ආපජ්ජති, අපි ච ඛො චම්මවෙධවිද්ධො සංවිජ්ජති සංවෙගං ආපජ්ජති - ‘කිං නු ඛො මං අජ්ජ අස්සදම්මසාරථි කාරණං කාරෙස්සති, කිමස්සාහං පටිකරොමී’ති! එවරූපොපි, භික්ඛවෙ, ඉධෙකච්චො භද්‍රො අස්සාජානීයො හොති. අයං, භික්ඛවෙ, තතියො භද්‍රො අස්සාජානීයො සන්තො සංවිජ්ජමානො ලොකස්මිං. ‘‘පුන චපරං, භික්ඛවෙ, ඉධෙකච්චො භද්‍රො අස්සාජානීයො න හෙව ඛො පතොදච්ඡායං දිස්වා සංවිජ්ජති සංවෙගං ආපජ්ජති නාපි ලොමවෙධවිද්ධො සංවිජ්ජති සංවෙගං ආපජ්ජති නාපි චම්මවෙධවිද්ධො සංවිජ්ජති සංවෙගං ආපජ්ජති, අපි ච ඛො අට්ඨිවෙධවිද්ධො සංවිජ්ජති සංවෙගං ආපජ්ජති - ‘කිං නු ඛො මං අජ්ජ අස්සදම්මසාරථි කාරණං කාරෙස්සති, කිමස්සාහං පටිකරොමී’ති ! එවරූපොපි, භික්ඛවෙ, ඉධෙකච්චො භද්‍රො අස්සාජානීයො හොති. අයං, භික්ඛවෙ, චතුත්ථො භද්‍රො අස්සාජානීයො සන්තො සංවිජ්ජමානො ලොකස්මිං. ඉමෙ ඛො, භික්ඛවෙ, චත්තාරො භද්‍රා අස්සාජානීයා සන්තො සංවිජ්ජමානා ලොකස්මිං. ‘‘එවමෙවං ඛො, භික්ඛවෙ, චත්තාරොමෙ භද්‍රා පුරිසාජානීයා සන්තො සංවිජ්ජමානා ලොකස්මිං. කතමෙ චත්තාරො? ඉධ, භික්ඛවෙ, එකච්චො භද්‍රො පුරිසාජානීයො සුණාති - ‘අමුකස්මිං නාම ගාමෙ වා නිගමෙ වා ඉත්ථී වා පුරිසො වා දුක්ඛිතො වා කාලඞ්කතො (කාලකතො (සී. ස්‍යා. කං. පී.)) වා’ති. සො තෙන සංවිජ්ජති, සංවෙගං ආපජ්ජති. සංවිග්ගො යොනිසො පදහති. පහිතත්තො කායෙන චෙව පරමසච්චං (පරමත්ථසච්චං (ක.) ම. නි. 2.183 පස්සිතබ්බං) සච්ඡිකරොති, පඤ්ඤාය ච අතිවිජ්ඣ පස්සති. සෙය්‍යථාපි සො, භික්ඛවෙ, භද්‍රො අස්සාජානීයො පතොදච්ඡායං දිස්වා සංවිජ්ජති සංවෙගං ආපජ්ජති; තථූපමාහං, භික්ඛවෙ, ඉමං භද්‍රං පුරිසාජානීයං වදාමි. එවරූපොපි, භික්ඛවෙ, ඉධෙකච්චො භද්‍රො පුරිසාජානීයො හොති. අයං, භික්ඛවෙ, පඨමො භද්‍රො පුරිසාජානීයො සන්තො සංවිජ්ජමානො ලොකස්මිං. ‘‘පුන චපරං, භික්ඛවෙ, ඉධෙකච්චො භද්‍රො පුරිසාජානීයො න හෙව ඛො සුණාති - ‘අමුකස්මිං නාම ගාමෙ වා නිගමෙ වා ඉත්ථී වා පුරිසො වා දුක්ඛිතො වා කාලඞ්කතො වා’ති, අපි ච ඛො සාමං පස්සති ඉත්ථිං වා පුරිසං වා දුක්ඛිතං වා කාලඞ්කතං වා. සො තෙන සංවිජ්ජති, සංවෙගං ආපජ්ජති. සංවිග්ගො යොනිසො පදහති. පහිතත්තො කායෙන චෙව පරමසච්චං සච්ඡිකරොති, පඤ්ඤාය ච අතිවිජ්ඣ පස්සති. සෙය්‍යථාපි සො, භික්ඛවෙ, භද්‍රො අස්සාජානීයො ලොමවෙධවිද්ධො සංවිජ්ජති සංවෙගං ආපජ්ජති; තථූපමාහං, භික්ඛවෙ, ඉමං භද්‍රං පුරිසාජානීයං වදාමි. එවරූපොපි, භික්ඛවෙ, ඉධෙකච්චො භද්‍රො පුරිසාජානීයො හොති. අයං, භික්ඛවෙ, දුතියො භද්‍රො පුරිසාජානීයො සන්තො සංවිජ්ජමානො ලොකස්මිං. ‘‘පුන චපරං, භික්ඛවෙ, ඉධෙකච්චො භද්‍රො පුරිසාජානීයො න හෙව ඛො සුණාති - ‘අමුකස්මිං නාම ගාමෙ වා නිගමෙ වා ඉත්ථී වා පුරිසො වා දුක්ඛිතො වා කාලඞ්කතො වා’ති, නාපි සාමං පස්සති ඉත්ථිං වා පුරිසං වා දුක්ඛිතං වා කාලඞ්කතං වා, අපි ච ඛ්වස්ස ඤාති වා සාලොහිතො වා දුක්ඛිතො වා හොති කාලඞ්කතො වා. සො තෙන සංවිජ්ජති, සංවෙගං ආපජ්ජති. සංවිග්ගො යොනිසො පදහති. පහිතත්තො කායෙන චෙව පරමසච්චං සච්ඡිකරොති, පඤ්ඤාය ච අතිවිජ්ඣ පස්සති. සෙය්‍යථාපි සො, භික්ඛවෙ, භද්‍රො අස්සාජානීයො චම්මවෙධවිද්ධො සංවිජ්ජති සංවෙගං ආපජ්ජති; තථූපමාහං, භික්ඛවෙ, ඉමං භද්‍රං පුරිසාජානීයං වදාමි. එවරූපොපි, භික්ඛවෙ, ඉධෙකච්චො භද්‍රො පුරිසාජානීයො හොති. අයං, භික්ඛවෙ, තතියො භද්‍රො පුරිසාජානීයො සන්තො සංවිජ්ජමානො ලොකස්මිං. ‘‘පුන චපරං, භික්ඛවෙ, ඉධෙකච්චො භද්‍රො පුරිසාජානීයො න හෙව ඛො සුණාති - ‘අමුකස්මිං නාම ගාමෙ වා නිගමෙ වා ඉත්ථී වා පුරිසො වා දුක්ඛිතො වා කාලඞ්කතො වා’ති, නාපි සාමං පස්සති ඉත්ථිං වා පුරිසං වා දුක්ඛිතං වා කාලඞ්කතං වා, නාපිස්ස ඤාති වා සාලොහිතො වා දුක්ඛිතො වා හොති කාලඞ්කතො වා, අපි ච ඛො සාමඤ්ඤෙව ඵුට්ඨො හොති සාරීරිකාහි වෙදනාහි දුක්ඛාහි තිබ්බාහි (තිප්පාහි (සී. පී.)) ඛරාහි කටුකාහි අසාතාහි අමනාපාහි පාණහරාහි. සො තෙන සංවිජ්ජති, සංවෙගං ආපජ්ජති. සංවිග්ගො යොනිසො පදහති. පහිතත්තො කායෙන චෙව පරමසච්චං සච්ඡිකරොති, පඤ්ඤාය ච අතිවිජ්ඣ පස්සති. සෙය්‍යථාපි සො, භික්ඛවෙ, භද්‍රො අස්සාජානීයො අට්ඨිවෙධවිද්ධො සංවිජ්ජති සංවෙගං ආපජ්ජති; තථූපමාහං, භික්ඛවෙ, ඉමං භද්‍රං පුරිසාජානීයං වදාමි. එවරූපොපි, භික්ඛවෙ, ඉධෙකච්චො භද්‍රො පුරිසාජානීයො හොති. අයං, භික්ඛවෙ, චතුත්ථො භද්‍රො පුරිසාජානීයො සන්තො සංවිජ්ජමානො ලොකස්මිං. ඉමෙ ඛො, භික්ඛවෙ, චත්තාරො භද්‍රා පුරිසාජානීයා සන්තො සංවිජ්ජමානා ලොකස්මි’’න්ති. තතියං.",pli,nadil,pali,pali
"“මහණෙනි, ධර්‍ම සතරකින් යුක්තවූ මහණතෙම පිරිහීමට නුසුදුසුය. නිවන සමීපයෙහිම වේ. කවර සතරකින්ද යත්. “මහණෙනි, මේ ශාසනයෙහි මහණ තෙම, සීලයෙන් යුක්තවේද, ඉන්‍ද්‍රියයන්හි වසන ලද දොරටු ඇත්තේ වේද, භොජනයෙහි පමණ දන්නේද, නිදි දුරු කිරීමෙහි යෙදුනේ වේද, මහණෙනි, මහණ තෙම කෙසේ සීලයෙන් යුක්ත වේද, මහණෙනි, මේ ශාසනයෙහි මහණ තෙම, සිල්වත් වේද, ප්‍රාතිමොක්‍ෂ සංවරයෙන් සංවරවූයේ වේද, ආචාරයෙන් හා ගෝචරයෙන් යුක්තවූයේ වේද, සුලු වරදෙහිද භය දක්නා සුළු වේද, ශික්‍ෂාපද දැඩිකොට ගෙන හික්මේද, මහණෙනි, භික්‍ෂුව මෙසේ සීල සම්පන්නයෙක් වේ. “මහණෙනි, භික්‍ෂු තෙම කෙසේ ඉන්‍ද්‍රියන්හි වසන ලද දොරටු ඇත්තේ වේද? මහණෙනි, මේ ශාසනයෙහි මහණ තෙම, ඇසින් රූපයක් දැක, නිමිති නොගන්නේ වේද, අනුබ්‍යඤ්ජන නොගන්නේ වේද, යම් කාරණයකින් චක්‍ෂුරින්‍ද්‍රියයෙහි අසංවරව වාසය කරණ මොහු කරා ලෝභ, දෝස යන ලාමක අකුසල ධර්‍මයෝ ලුහුබඳනාහුද, ඔහුගේ සංවරය පිණිස පිළිපදීද, ඇස රකීද, ඇසෙහි සංවරයට පැමිණේද, “කණින් ශබ්දයක් අසා නිමිති නොගන්නේ වේද, අනුබ්‍යඤ්ජන නොගන්නේ වේද, යම් කාරණයකින් ශ්‍රොතෙන්‍ද්‍රියයෙහි අසංවරව වාසය කරණ මොහු කරා ලෝභ, දෝස යන ලාමක අකුසල ධර්‍මයෝ ලුහුබඳනාහුද, ඔහුගේ සංවරය පිණිස පිළිපදීද, කණ රකීද, කණෙහි සංවරයට පැමිණේද, “නාසයෙන් ගඳක් ආඝ්‍රාණය කොට නිමිති නොගන්නේ වේද, අනුබ්‍යඤ්ජන නොගන්නේ වේද, යම් කාරණයකින් ඝ්‍රානෙන්‍ද්‍රියයෙහි අසංවරව වාසය කරණ මොහු කරා ලෝභ, දෝස යන ලාමක අකුසල ධර්‍මයෝ ලුහුබඳනාහුද, ඔහුගේ සංවරය පිණිස පිළිපදීද, නාසය රකීද, නාසයෙහි සංවරයට පැමිණේද, “දිවෙන් රසයක් විඳ නිමිති නොගන්නේ වේද, අනුබ්‍යඤ්ජන නොගන්නේ වේද, යම් කාරණයකින් ජිව්හෙන්‍ද්‍රියයෙහි අසංවරව වාසය කරණ මොහු කරා ලෝභ, දෝස යන ලාමක අකුසල ධර්‍මයෝ ලුහුබඳනාහුද, ඔහුගේ සංවරය පිණිස පිළිපදීද, දිව රකීද, දිවෙහි සංවරයට පැමිණේද, “ශරීරයෙන් ස්පර්‍ශයක් ස්පර්‍ශකොට නිමිති නොගන්නේ වේද, අනුබ්‍යඤ්ජන නොගන්නේ වේද, යම් කාරණයකින් කායෙන්‍ද්‍රියයෙහි අසංවරව වාසය කරණ මොහු කරා ලෝභ, දෝස යන ලාමක අකුසල ධර්‍මයෝ ලුහුබඳනාහුද, ඔහුගේ සංවරය පිණිස පිළිපදීද, කය රකීද, කයෙහි සංවරයට පැමිණේද, “සිතින් ධර්‍මයක් දැන නිමිති නොගන්නේ වේද, අනුබ්‍යඤ්ජන නොගන්නේ වේද, යම් කාරණයකින් සිතෙහි අසංවරව වාසය කරන්නහු කරා ලෝභ, ද්වේෂ නම් ලාමක අකුසල ධර්‍මයෝ ලුහුබඳනාහුද, එය සංවරය පිණිස පිළිපදීද, මනින්‍ද්‍රියය රකීද, මනින්‍ද්‍රියයෙහි සංවරයට පැමිණෙයිද, මහණෙනි, මෙසේ වනාහි මහණතෙම ඉන්‍ද්‍රියයන්හි වසන ලද දොරටු ඇත්තේ වේ. “මහණෙනි, කෙසේ නම් භික්‍ෂු තෙම භොජනයෙහි පමණ දන්නේ වේද? මහණෙනි, මේ ශාසනයෙහි මහණ තෙම නුවණින් කල්පනාකොට ආහාර ගනියිද, ක්‍රීඩා පිණිස නොවේ, මද වැඩීම පිණිස නොවේ, සැරසීම පිණිස නොවේ, අලංකාරය පිණිස නොවේ, මේ ශරීරයාගේ පැවැත්ම පිණිසම, යැපීම පිණිසම, වෙහෙස දුරු කරගැනීම පිණිසම, බ්‍රහ්මචර්‍ය්‍යාවට අනුග්‍රහ පිණිසම වේ. මෙසේ පරණ වේදනා මැඩ පවත්වමි. අළුත් වේදනා නූපදවන්නෙමි. මාගේ ජීවිත යාත්‍රාවද වන්නේය. නිවරදද වන්නේය. සැප විහරණයද වන්නේයයි නුවණින් මෙනෙහිකොට ආහාර වළඳන්නේය. මහණෙනි, මෙසේ වනාහි මහණ තෙම භොජනයෙහි පමණ දන්නේ වෙයි. “මහණෙනි, කෙසේ නම් මහණ තෙම නිදි දුරු කිරීමෙහි යෙදුනේ වේද, මහණෙනි, මේ ශාසනයෙහි මහණ තෙම දවල් දවස සක්මන් කිරීමෙන් සහ හිඳීමෙන් වැළැක්විය යුතු ක්ලේශ ධර්‍මයන්ගෙන් සිත පිරිසිදු කරයි. රාත්‍රියෙහි ප්‍රථම යාමයෙහිද, සක්මන් කිරීමෙන් සහ හිඳීමෙන් වැළැක්විය යුතු ධර්‍මයන්ගෙන් සිත පිරිසිදු කරයි. රාත්‍රියෙහි මධ්‍යම යාමයෙහි දකුණැලයෙන්, දකුණු පය මත වම් පය මඳක් ඇද තබා, නැගිටින සංඥාව මෙනෙහිකොට, සිහි ඇතිව, සම්‍යක් ප්‍රඥාවෙන් යුක්තව සිංහසෙය්‍යාව කරයි. රාත්‍රියෙහි අවසන් යාමය නැගිට සක්මන් කිරීමෙන් සහ හ්ිඳීමෙන් වැළැක්වියයුතු ක්ලේශ ධර්‍මයන්ගෙන් සිත පිරිසිදු කරයි. මහණෙනි, මෙසේ වනාහි මහණ තෙම නිදි දුරු කිරීමෙහි යෙදුනේ වේ. මහණෙනි, මේ ධර්‍ම සතරින් යුක්තවූ මහණ තෙම පිරිහීමට නුසුදුසුය, නිවන සමීපයේම වේ “මහණතෙම ශීලයෙහි පිහිටියේද, ඉන්‍ද්‍රියයන්හි සංවරවූයේද, භොජනයෙහි පමණ දන්නේද, නිදි දුරු කිරීමෙහි යෙදෙයිද, රෑ දවල් දෙක්හි මෙසේ වාසය කරමින් යොගයන්ගෙන් මිදීමට පැමිණීම පිණිස කුශල ධර්‍ම වඩන්නාවූ, අප්‍රමාදයෙහි ඇලුණාවූ, ප්‍රමාදයෙහි භය දක්නා සුලු භික්‍ෂු තෙම පිරිහීමට යෝග්‍ය නොවේ. නිවන සමීපයෙහිම සිටියේ වෙයි.”",sin,nadil,sinhala,sinhala
"“දෘඪවූ අටළු වලින් හා දොරකොටු වලින් යුක්තවූ මියුළු නුවර හැර කවර කලෙක්හි මම පැවිදිවන්නෙම්ද, ඒ මෙබඳු නුවර හැර පැවිදිවීම කවර කලෙක්හි නම් වන්නේද,",sin,nadil,sinhala,sinhala
"වය ධම්ම සූත්‍රය. “මහණෙනි, සියල්ල විනාශවීම ස්වභාවකොට ඇත්තේය. කවර නම් සියල්ල විනාශවීම ස්වභාවකොට ඇත්තේද? “මහණෙනි, ඇස විනාශවීම ස්වභාවකොට ඇත්තේය. රූපයෝ විනාශවීම ස්වභාවකොට ඇත්තාහ. චක්ඛු විඥානය විනාශවීම ස්වභාවකොට ඇත්තේය. චක්ඛු සම්ඵස්සය විනාශවීම ස්වභාවකොට ඇත්තේය. චක්ඛු සම්ඵස්සය නිසා සැපවූ හෝ, දුක්වූ හෝ, දුක්ද නොවූ සැපද නොවූ හෝ, යම් මේ වේදනාවකුත් උපදීද, එයද විනාශවීම ස්වභාවකොට ඇත්තේය. “මහණෙනි, කන විනාශවීම ස්වභාවකොට ඇත්තේය. ශබ්දයෝ විනාශවීම ස්වභාවකොට ඇත්තාහ. සෝත විඤ්ඤාණය විනාශවීම ස්වභාවකොට ඇත්තේය. සෝත සම්ඵස්සය විනාශවීම ස්වභාවකොට ඇත්තේය. සෝත සම්ඵස්සය නිසා සැපවූ හෝ, දුක්වූ හෝ, දුක්ද නොවූ සැපද නොවූ හෝ, යම් මේ වේදනාවකුත් උපදීද, එයද විනාශවීම ස්වභාවකොට ඇත්තේය. “මහණෙනි, නාසය විනාශවීම ස්වභාවකොට ඇත්තේය. ගන්‍ධයෝ විනාශවීම ස්වභාවකොට ඇත්තාහ. ඝාණ විඤ්ඤාණය විනාශවීම ස්වභාවකොට ඇත්තේය. ඝාණ සම්ඵස්සය විනාශවීම ස්වභාවකොට ඇත්තේය. ඝාණ සම්ඵස්සය නිසා සැපවූ හෝ, දුක්වූ හෝ, දුක්ද නොවූ සැපද නොවූ හෝ, යම් මේ වේදනාවකුත් උපදීද, එයද විනාශවීම ස්වභාවකොට ඇත්තේය. “මහණෙනි, දිව විනාශවීම ස්වභාවකොට ඇත්තේය. රසයෝ විනාශවීම ස්වභාවකොට ඇත්තාහ. ජිව්හා විඤ්ඤාණය විනාශවීම ස්වභාවකොට ඇත්තේය. ජිව්හා සම්ඵස්සය විනාශවීම ස්වභාවකොට ඇත්තේය. ජිව්හා සම්ඵස්සය නිසා සැපවූ හෝ, දුක්වූ හෝ, දුක්ද නොවූ සැපද නොවූ හෝ, යම් මේ වේදනාවකුත් උපදීද, එයද විනාශවීම ස්වභාවකොට ඇත්තේය. “මහණෙනි, කය විනාශවීම ස්වභාවකොට ඇත්තේය. ස්පර්‍ශයෝ විනාශවීම ස්වභාවකොට ඇත්තාහ. කාය විඤ්ඤාණය විනාශවීම ස්වභාවකොට ඇත්තේය. කාය සම්ඵස්සය විනාශවීම ස්වභාවකොට ඇත්තේය. කාය සම්ඵස්සය නිසා සැපවූ හෝ, දුක්වූ හෝ, දුක්ද නොවූ සැපද නොවූ හෝ, යම් මේ වේදනාවකුත් උපදීද, එයද විනාශවීම ස්වභාවකොට ඇත්තේය. “මහණෙනි, සිත විනාශවීම ස්වභාවකොට ඇත්තේය. ධර්‍මයෝ විනාශවීම ස්වභාවකොට ඇත්තාහ. මනෝ විඤ්ඤාණය විනාශවීම ස්වභාවකොට ඇත්තේය. මනෝ සම්ඵස්සය විනාශවීම ස්වභාවකොට ඇත්තේය. මනෝ සම්ඵස්සය නිසා සැපවූ හෝ, දුක්වූ හෝ, දුක්ද නොවූ සැපද නොවූ හෝ, යම් මේ වේදනාවකුත් උපදීද, එයද විනාශවීම ස්වභාවකොට ඇත්තේය. “මහණෙනි, මෙසේ දක්නාවූ ශ්‍රුතවත් ආර්‍ය්‍ය ශ්‍රාවක තෙම ඇස කෙරෙහිද කලකිරෙයි. රූපය කෙරෙහිද කලකිරෙයි. චක්ඛුවිඤ්ඤාණය කෙරෙහිද කලකිරෙයි. චක්ඛුසම්ඵස්සය කෙරෙහිද කලකිරෙයි. චක්ඛුසම්ඵස්සය නිසා යම් සැප වේදනාවක් හෝ, දුක් වේදනාවක් හෝ, උපෙක්‍ෂා වේදනාවක් හෝ උපදීද, එය කෙරෙහිද කලකිරෙයි. “මහණෙනි, මෙසේ දක්නාවූ ශ්‍රුතවත් ආර්‍ය්‍ය ශ්‍රාවක තෙම කන කෙරෙහිද කලකිරෙයි. ශබ්දය කෙරෙහිද කලකිරෙයි. සෝතවිඤ්ඤාණය කෙරෙහිද කලකිරෙයි. සෝතසම්ඵස්සය කෙරෙහිද කලකිරෙයි. සෝතසම්ඵස්සය නිසා යම් සැප වේදනාවක් හෝ, දුක් වේදනාවක් හෝ, උපෙක්‍ෂා වේදනාවක් හෝ උපදීද, එය කෙරෙහිද කලකිරෙයි. “මහණෙනි, මෙසේ දක්නාවූ ශ්‍රුතවත් ආර්‍ය්‍ය ශ්‍රාවක තෙම නාසය කෙරෙහිද කලකිරෙයි. ගන්‍ධය කෙරෙහිද කලකිරෙයි. ඝාණවිඤ්ඤාණය කෙරෙහිද කලකිරෙයි. ඝාණසම්ඵස්සය කෙරෙහිද කලකිරෙයි. ඝාණසම්ඵස්සය නිසා යම් සැප වේදනාවක් හෝ, දුක් වේදනාවක් හෝ, උපෙක්‍ෂා වේදනාවක් හෝ උපදීද, එය කෙරෙහිද කලකිරෙයි. “මහණෙනි, මෙසේ දක්නාවූ ශ්‍රුතවත් ආර්‍ය්‍ය ශ්‍රාවක තෙම දිව කෙරෙහිද කලකිරෙයි. රසය කෙරෙහිද කලකිරෙයි. ජිව්හාවිඤ්ඤාණය කෙරෙහිද කලකිරෙයි. ජිව්හාසම්ඵස්සය කෙරෙහිද කලකිරෙයි. ජිව්හාසම්ඵස්සය නිසා යම් සැප වේදනාවක් හෝ, දුක් වේදනාවක් හෝ, උපෙක්‍ෂා වේදනාවක් හෝ උපදීද, එය කෙරෙහිද කලකිරෙයි. “මහණෙනි, මෙසේ දක්නාවූ ශ්‍රුතවත් ආර්‍ය්‍ය ශ්‍රාවක තෙම කය කෙරෙහිද කලකිරෙයි. ස්පර්‍ශය කෙරෙහිද කලකිරෙයි. කායවිඤ්ඤාණය කෙරෙහිද කලකිරෙයි. කායසම්ඵස්සය කෙරෙහිද කලකිරෙයි. කායසම්ඵස්සය නිසා යම් සැප වේදනාවක් හෝ, දුක් වේදනාවක් හෝ, උපෙක්‍ෂා වේදනාවක් හෝ උපදීද, එය කෙරෙහිද කලකිරෙයි. “මහණෙනි, මෙසේ දක්නාවූ ශ්‍රුතවත් ආර්‍ය්‍ය ශ්‍රාවක තෙම සිත කෙරෙහිද කලකිරෙයි. ධර්‍මය කෙරෙහිද කලකිරෙයි. මනෝවිඤ්ඤාණය කෙරෙහිද කලකිරෙයි. මනෝසම්ඵස්සය කෙරෙහිද කලකිරෙයි. මනෝසම්ඵස්සය නිසා යම් සැප වේදනාවක් හෝ, දුක් වේදනාවක් හෝ, උපෙක්‍ෂා වේදනාවක් හෝ උපදීද, එය කෙරෙහිද කලකිරෙයි. කලකිරෙන්නේ නොඇලෙයි. නොඇලීමෙන් මිදෙයි. මිදුණු කල්හි මිදුණේය යන දැනීම වේ. “ජාතිය ක්‍ෂයවිය. බ්‍රහ්මචර්‍ය්‍යාවෙහි වැස නිමවන ලද්දේය. කළයුතු දෙය කරන ලදී. මේ ආත්මභාවය පිණිස කළ යුතු අනිකක් නැතැයි දැන ගණීය” යි (වදාළ සේක.)",sin,nadil,sinhala,sinhala
"කෙළෙස් කම්පා කළ තැනැත්තාට (රහත් හට) කාමාදී ඒ ඒ භවයන්හි කල්පනා කරණලද ශාස්වතාදී දෘෂ්ටියෙක් ලොව කිසිතැනෙක්හි නැත්තේමය. ඒ කෙළෙස් කම්පා කළ තැනැත්තා මායාවද, මානයද දුරුකොට කිසිදු උත්පත්තියකට නොයන්නේය. හෙතෙම තෘෂ්ණාදී රැස්කිරීම් වලින් ඈත්ය.",sin,nadil,sinhala,sinhala
"“විචිකිච්ඡා නම්වූ සැකයෙන් බැඳුනාවූද එකට එක කිරීමෙන් යුක්තවුනාවූද ක්‍රොධමානයෙන් තද බවට පැමිණියාහුද කැමති සේ ලැබීමේ අපේක්ෂාවෙන් තෘෂ්ණාවෙන් යුක්ත වුනාවූද,",sin,nadil,sinhala,sinhala
"මහර්ෂීවූ, බුද්‍ධපුත්‍රවූ, ජරා මරණ ආදී භය නැති කළ සැට දහසක් භික්‍ෂූන්ගේ තුන්වන රැස්වීම වී.",sin,nadil,sinhala,sinhala
“ආක්‍රොශ කරන්නන්ටද වඳින්නන්ටද ගමෙහි සමාන වන්න. සන්සුන් සිත් ඇතිව නොසන්සුන් නොවී හැසිරෙන්න. සිතේ දූශ්‍යවීම වලක්වන්න.,sin,nadil,sinhala,sinhala
"‘‘‘සොස්සාම තව වචනං, භූමිපාලස්ස රාජිනො; උභින්නං වචනං සුත්වා, ඡින්දිස්සාමෙත්ථ සංසයං.",pli,nadil,pali,pali
"“කාමයන්ට නොම කැමතිවිය යුත්තාහ. අර්ථය රහිතවන හෙයින්ද, අර්ථයට උපකාර නොවන හෙයින්ද, වෙත්. උපදවනලද්දාවූද ධ්‍යානය විනාශකොට කුශල ධර්මයෙන් චුතවන්ට සුදුසු නොවේ.",sin,nadil,sinhala,sinhala
“පිඬු සිගීමෙන් නැවතුනේ තනිවූයේ තෘෂ්ණාව නැත්තේ ඤාණවන්තවූයේ පාංශුකූල චීවරයන් සොයනුයේ අනුරුද්ධ ස්ථවිරයන් වහන්සේ ධ්‍යාන කරයි.,sin,nadil,sinhala,sinhala
"“පසෙකටවීම හෝ කායවිවේකයද, චිත්තවිවේකයද, නොහරින්නේ විදර්ශනාවට යොග්‍ය ධර්මයන් විෂයෙහි නිතර අනුලොම විදර්ශනාවෙහි හැසිරෙන, තුන් භවයෙහි අගුණ දක්නාවූ මම පසේබුදුවීමි.",sin,nadil,sinhala,sinhala
"‘‘දිබ්බවත්ථසමා හුත්වා, මට්ඨා (මට්ටා (සී.)) චීවරසංයුතා; මධුරා සක්ඛරා චෙව, තෙලා ච මධුඵාණිතා.",pli,nadil,pali,pali
"“එකල්හි එක් අයෙකු විසින් දක්වන ලද්දීවූ (මම) බුදුරජුන් වෙත එළඹ, “පින්වතුන් වහන්ස, පුතු ජීවත් කරන්නාවූ බෙහෙත් දෙනු මැනවැ” යි කීමි.",sin,nadil,sinhala,sinhala
"“වැඩුනාවූ උඩුරැවුල් ඇති ජටාධරවූ මළ බැඳුනු දත් ඇති රජසින් ගැවැසීගත් හිස් ඇති තාපසයෝ වෙද්ද, ඔව්හු භික්ෂු චර්‍ය්‍යාවෙන් ධනය රැස්කොට ණය පොලීකර දිවි පවත්වන්නාහුද, (ඒ දුශ්ශීල තවුසෝ මට සතුරුවෙත්.) යම් කලෙක මොවුන් මරාකන්ට ලැබේද (එකල්හි මේ කළු බල්ලා මිදෙන්නේය.”)",sin,nadil,sinhala,sinhala
"‘‘ධම්මොසධං පිවිත්වාන, විසං සබ්බං සමූහනිං; අජරාමරං සීතිභාවං, නිබ්බානං ඵස්සයිං අහං.",pli,nadil,pali,pali
“යම්තාක් වේලා පහවූ නිදි ඇතිවන්නේද ඒතාක්ම සිටිමින් හෝ හිඳිමින් හෝ ඇවිදිමින් හෝ ඉඳිමින් මේ මෛත්‍රී ධ්‍යානය ඉටිය යුතු. මේ මේ සස්නෙහි ශ්‍රේෂ්ඨ විහරණයයි බුද්ධාදී උතුමෝ කීහු.,sin,nadil,sinhala,sinhala
"‘‘දුම්මෙධෙහි පසංසා ච, විඤ්ඤූහි ගරහා ච යා; ගරහාව සෙය්‍යො විඤ්ඤූහි, යං චෙ බාලප්පසංසනා.",pli,nadil,pali,pali
"“යම් හෙයකින් සතර ඕඝය තරණය කළ ආශ්‍රව රහිත සම්බුද්ධයන් වහන්සේ දැක්කෙමුද, අද අප විසින් යහපත් දැකීමක් දක්නාලදී. අද යහපත් සේ එළිවිය. අද මනා නැගිටීමක් විය.",sin,nadil,sinhala,sinhala
"‘‘උපසම්පදා ච මෙ ලද්ධා, විමුත්තො චම්හි අනාසවො; සො ච මෙ භගවා දිට්ඨො, විහාරෙ ච සහාවසිං.",pli,nadil,pali,pali
"“පුත සෝමදත්තය, ඉල්වන තැනැත්තේ අලාභයකට වේවයි, ධනලාභයකට වේවයි, මෙසේ වූ දෙකකට පැමිණේ එසේමැයි. යාඥාවෝ නම් මෙබඳු ස්වභාව ඇත්තාහුම යයි” කීයේය.",sin,nadil,sinhala,sinhala
"“රථවල ශබ්දද, පළඳනාවල ශබ්දද, කුරවල නාදයද, ගැටීමේ නාදයද, විසිතුරුවනයෙහි ගන්ධර්වයන්ගේ තූර්යයන් හා මිශ්‍රව යහපත් හඬක් ඇසෙයි.",sin,nadil,sinhala,sinhala
“(මම) විපස්සී බුදුරජාණන් වහන්සේගේ ආරාමිකයෙක් වීමි. (ඒ මම) නිකමල් ගෙන බුදුරජාණන් වහන්සේට පිදීමි.,sin,nadil,sinhala,sinhala
"‘‘යො කාමෙ හිත්වා අභිභුය්‍යචාරී, යො වෙදි ජාතීමරණස්ස අන්තං; පරිනිබ්බුතො උදකරහදොව සීතො, තථාගතො අරහති පූරළාසං.",pli,nadil,pali,pali
"‘‘සකෙ සිප්පෙ අපත්ථද්ධො, අගමං කානනං අහං; සම්බුද්ධං යන්තං දිස්වාන, අම්බයාගං අදාසහං.",pli,nadil,pali,pali
"‘‘අහං උපොසථං කත්වා, සම්මාසම්බුද්ධසාසනෙ; තෙන කම්මෙන සුකතෙන, තාවතිංසමගච්ඡහං.",pli,nadil,pali,pali
"සාවත්ථිනිදානං . ‘‘යො, භික්ඛවෙ, අනත්තා; තත්‍ර වො රාගො පහාතබ්බො . කො ච, භික්ඛවෙ, අනත්තා? රූපං, භික්ඛවෙ, අනත්තා; තත්‍ර වො රාගො පහාතබ්බො. වෙදනා අනත්තා... සඤ්ඤා... සඞ්ඛාරා... විඤ්ඤාණං අනත්තා; තත්‍ර වො රාගො පහාතබ්බො. යො, භික්ඛවෙ, අනත්තා; තත්‍ර වො රාගො පහාතබ්බො’’ති. නවමං.",pli,nadil,pali,pali
"‘‘ඉච්චෙවං (ඉච්චෙව (සී. පී.)) මන්තයන්තානං, අරියානං අරියවුත්තිනං; පච්චදිස්සථ නෙසාදො, ආතුරානමිවන්තකො.",pli,nadil,pali,pali
"“අතිශයින් ප්‍රසන්න, නොකැළඹුණු කෙලෙස් රජස් නැති භික්ෂුවක් දුටිමි. උන්වහන්සේට පැහැදුනාවූ මම ස්වකීය අත්දෙකින් පුටුවක් දුනිමි.",sin,nadil,sinhala,sinhala
"‘‘‘අගාරිකො භවිත්වාන, යදා පුත්තං (සදායුත්තං (සී.), යදායුත්තං (ස්‍යා.)), ලභිස්සසි; උභොපි මා විරාධෙසි, නික්ඛමස්සු වනා තුවං.",pli,nadil,pali,pali
සො නිජාවෙරපාදස්ස - ධම්මානන්දස්ස සොභ,pli,nadil,pali,pali
"‘‘අථ ඛො, භො, මහාගොවින්දො බ්‍රාහ්මණො යෙන තෙ ඡ ඛත්තියා තෙනුපසඞ්කමි; උපසඞ්කමිත්වා තෙ ඡ ඛත්තියෙ එතදවොච - ‘‘අඤ්ඤං දානි භවන්තො පුරොහිතං පරියෙසන්තු, යො භවන්තානං රජ්ජෙ අනුසාසිස්සති. ඉච්ඡාමහං, භො, අගාරස්මා අනගාරියං පබ්බජිතුං. යථා ඛො පන මෙ සුතං බ්‍රහ්මුනො ආමගන්ධෙ භාසමානස්ස, තෙ න සුනිම්මදයා අගාරං අජ්ඣාවසතා. පබ්බජිස්සාමහං, භො, අගාරස්මා අනගාරිය’’න්ති. අථ ඛො, භො, තෙ ඡ ඛත්තියා එකමන්තං අපක්කම්ම එවං සමචින්තෙසුං - ‘‘ඉමෙ ඛො බ්‍රාහ්මණා නාම ධනලුද්ධා; යංනූන මයං මහාගොවින්දං බ්‍රාහ්මණං ධනෙන සික්ඛෙය්‍යාමා’’ති. තෙ මහාගොවින්දං බ්‍රාහ්මණං උපසඞ්කමිත්වා එවමාහංසු - ‘‘සංවිජ්ජති ඛො, භො, ඉමෙසු සත්තසු රජ්ජෙසු පහූතං සාපතෙය්‍යං, තතො භොතො යාවතකෙන අත්ථො, තාවතකං ආහරීයත’’න්ති. ‘‘අලං, භො, මමපිදං පහූතං සාපතෙය්‍යං භවන්තානංයෙව වාහසා. තමහං සබ්බං පහාය අගාරස්මා අනගාරියං පබ්බජිස්සාමි. යථා ඛො පන මෙ සුතං බ්‍රහ්මුනො ආමගන්ධෙ භාසමානස්ස, තෙ න සුනිම්මදයා අගාරං අජ්ඣාවසතා, පබ්බජිස්සාමහං, භො, අගාරස්මා අනගාරිය’’න්ති. අථ ඛො, භො, තෙ ඡ ඛත්තියා එකමන්තං අපක්කම්ම එවං සමචින්තෙසුං - ‘‘ඉමෙ ඛො බ්‍රාහ්මණා නාම ඉත්ථිලුද්ධා; යංනූන මයං මහාගොවින්දං බ්‍රාහ්මණං ඉත්ථීහි සික්ඛෙය්‍යාමා’’ති. තෙ මහාගොවින්දං බ්‍රාහ්මණං උපසඞ්කමිත්වා එවමාහංසු - ‘‘සංවිජ්ජන්ති ඛො, භො, ඉමෙසු සත්තසු රජ්ජෙසු පහූතා ඉත්ථියො, තතො භොතො යාවතිකාහි අත්ථො, තාවතිකා ආනීයත’’න්ති. ‘‘අලං, භො, මමපිමා (මමපිතා (ක.), මමපි (සී.)) චත්තාරීසා භරියා සාදිසියො. තාපාහං සබ්බා පහාය අගාරස්මා අනගාරියං පබ්බජිස්සාමි. යථා ඛො පන මෙ සුතං බ්‍රහ්මුනො ආමගන්ධෙ භාසමානස්ස, තෙ න සුනිම්මදයා අගාරං අජ්ඣාවසතා, පබ්බජිස්සාමහං, භො, අගාරස්මා අනගාරියන්ති’’.",pli,nadil,pali,pali
“ඉතා විසිතුරුවූ රජුගේ රථයෙහි කම්බෝජ රට උපන්නාවූ ඉතා හික්මුණු අශ්වතරයන් ඒකාන්තයෙන් යොදත්වා. රත්‍රනින් සැරසුවාවූ ඇතුන්ද යොදත්වා. නාරජහුගේ විමානයන් දකින්නෙමුයි රජතෙම අණකෙළේය.,sin,nadil,sinhala,sinhala
“චෙතොපරිය ගුණය හෙවත් පෙර ජාතීන් දක්නා නුවණ ලබමි. දෙවෙනි භවයද සිහි කරමි. එම පුණ්‍ය ඵලයෙන් සියළු භවයෙහිදීම මනා සිවි ඇත්තේ වෙමි.,sin,nadil,sinhala,sinhala
“උපශාන්ත ගුණයන්ගෙන් යුක්තවුනාවූද එහිම ඇලුනාවූද ඤාණවන්තයා බුදුන්ගේ දායාදයක් බඳුවූ සුදුසු සේනාසනය ලැබ බ්‍රහ්මයාගෙන්ද නමස්කාර ගනිමින් වෙසෙයි.,sin,nadil,sinhala,sinhala
"“මහණෙනි, තථාගතයන්ගේ ගුණ කියන්නාවූ කෙලෙස් සහිත ජනයා යම් කරුණකින් එය කියානම් එය ස්වල්ප මාත්‍රයකි. (සුළු දෙයකි) ලාමක මාත්‍රයකි, (සුළු ස්වභා ගතියෙකි,) ශීල මාත්‍රයෙකි, (අඩු දෙයකි) එසේ ස්වල්ප මාත්‍රවූ ලාමක මාත්‍රවූ ශීල මාත්‍රවූ ගුණ කියන පෘථග්ජනයෙක් යම් කරුණකින් තථාගතයන්ගේ ගුණ කියා නම් කුමක් කියාද?",sin,nadil,sinhala,sinhala
"‘‘තම්හි කාලෙ සිඛී බුද්ධො, එකො අදුතියො අහු; මමස්සමං උපාගච්ඡි, ජානන්තො සබ්බකාලිකං.",pli,nadil,pali,pali
“ඉක්බිති සිත කෙලෙසුන්ගෙන් මිදුනේය. ධර්මයෙහි යහපත් බව බලව. ත්‍රිවිද්‍යාවට පැමිණියෙමි. බුදුන්ගේ අවවාදය කරණලදී.,sin,nadil,sinhala,sinhala
"අථ ඛො කූටදන්තො බ්‍රාහ්මණො මහතා බ්‍රාහ්මණගණෙන සද්ධිං යෙන අම්බලට්ඨිකා යෙන භගවා තෙනුපසඞ්කමි, උපසඞ්කමිත්වා භගවතා සද්ධිං සම්මොදි . සම්මොදනීයං කථං සාරණීයං වීතිසාරෙත්වා එකමන්තං නිසීදි. ඛාණුමතකාපි ඛො බ්‍රාහ්මණගහපතිකා අප්පෙකච්චෙ භගවන්තං අභිවාදෙත්වා එකමන්තං නිසීදිංසු; අප්පෙකච්චෙ භගවතා සද්ධිං සම්මොදිංසු, සම්මොදනීයං කථං සාරණීයං වීතිසාරෙත්වා එකමන්තං නිසීදිංසු; අප්පෙකච්චෙ යෙන භගවා තෙනඤ්ජලිං පණාමෙත්වා එකමන්තං නිසීදිංසු; අප්පෙකච්චෙ නාමගොත්තං සාවෙත්වා එකමන්තං නිසීදිංසු; අප්පෙකච්චෙ තුණ්හීභූතා එකමන්තං නිසීදිංසු.",pli,nadil,pali,pali
"‘‘මධුගන්ධස්ස පුප්ඵෙන, කෙතකස්ස අහං තදා; පසන්නචිත්තො සුමනො, බුද්ධසෙට්ඨමපූජයිං.",pli,nadil,pali,pali
“එකල්හි වනාහි මහත්වූ ස්වර්ණමෙන් ශ්‍යාමවර්ණවූ අමුනනලද මිණි කොඬොල් ඇත්තාවූ එක් වස්ත්‍රයක් හැන්දාවූ ඒ ස්ත්‍රීතොමෝ භ්‍රාන්තවූ මුවදෙනක් මෙන් මා දෙස බැලීය.,sin,nadil,sinhala,sinhala
යාචඅත්ථං සංසංදෙත්වා කථෙතබ්බං අත්ත නොමති ආචරියවා දෙඹ,pli,nadil,pali,sinhala
"‘‘කථඤ්ච, කස්සප, භික්ඛු සීලසම්පන්නො හොති? ඉධ, කස්සප, භික්ඛු පාණාතිපාතං පහාය පාණාතිපාතා පටිවිරතො හොති නිහිතදණ්ඩො නිහිතසත්ථො ලජ්ජී දයාපන්නො, සබ්බපාණභූතහිතානුකම්පී විහරති. ඉදම්පිස්ස හොති සීලසම්පදාය ...පෙ.... (යථා 194 යාව 210 අනුච්ඡෙදෙසු) ‘‘යථා වා පනෙකෙ භොන්තො සමණබ්‍රාහ්මණා සද්ධාදෙය්‍යානි භොජනානි භුඤ්ජිත්වා තෙ එවරූපාය තිරච්ඡානවිජ්ජාය මිච්ඡාජීවෙන ජීවිතං කප්පෙන්ති . සෙය්‍යථිදං - සන්තිකම්මං පණිධිකම්මං...පෙ.... (යථා 211 අනුච්ඡෙදෙ) ඔසධීනං පතිමොක්ඛො ඉති වා ඉති, එවරූපාය තිරච්ඡානවිජ්ජාය මිච්ඡාජීවා පටිවිරතො හොති. ඉදම්පිස්ස හොති සීලසම්පදාය. ‘‘ස ඛො සො (අයං ඛො (ක.)), කස්සප, භික්ඛු එවං සීලසම්පන්නො න කුතොචි භයං සමනුපස්සති, යදිදං සීලසංවරතො. සෙය්‍යථාපි, කස්සප, රාජා ඛත්තියො මුද්ධාවසිත්තො නිහතපච්චාමිත්තො න කුතොචි භයං සමනුපස්සති, යදිදං පච්චත්ථිකතො. එවමෙව ඛො, කස්සප, භික්ඛු එවං සීලසම්පන්නො න කුතොචි භයං සමනුපස්සති, යදිදං සීලසංවරතො. සො ඉමිනා අරියෙන සීලක්ඛන්ධෙන සමන්නාගතො අජ්ඣත්තං අනවජ්ජසුඛං පටිසංවෙදෙති. එවං ඛො, කස්සප, භික්ඛු සීලසම්පන්නො හොති. අයං ඛො, කස්සප, සීලසම්පදා...පෙ.... පඨමං ඣානං උපසම්පජ්ජ විහරති. ඉදම්පිස්ස හොති චිත්තසම්පදාය...පෙ.... දුතියං ඣානං...පෙ.... තතියං ඣානං...පෙ.... චතුත්ථං ඣානං උපසම්පජ්ජ විහරති. ඉදම්පිස්ස හොති චිත්තසම්පදාය. අයං ඛො, කස්සප, චිත්තසම්පදා. ‘‘සො එවං සමාහිතෙ චිත්තෙ...පෙ.... ඤාණදස්සනාය චිත්තං අභිනීහරති අභිනින්නාමෙති...පෙ.... ඉදම්පිස්ස හොති පඤ්ඤාසම්පදාය...පෙ.... නාපරං ඉත්ථත්තායාති පජානාති...පෙ.... ඉදම්පිස්ස හොති පඤ්ඤාසම්පදාය. අයං ඛො, කස්සප, පඤ්ඤාසම්පදා. ‘‘ඉමාය ච, කස්සප, සීලසම්පදාය චිත්තසම්පදාය පඤ්ඤාසම්පදාය අඤ්ඤා සීලසම්පදා චිත්තසම්පදා පඤ්ඤාසම්පදා උත්තරිතරා වා පණීතතරා වා නත්ථි.",pli,nadil,pali,pali
“කාලිංග භාරද්වාර නම් පුරෝහිත බ්‍රාහ්මණතෙම භූමිභාගය විමසා චක්‍රවර්තිවූ තාපස කුලපුත්‍රවූ කළිඟු රජහට ඇඳිළි බැඳගෙණ මේ වචනය කීයේය.,sin,nadil,sinhala,sinhala
"උච්ඡුඛණ්ඩිකං අහමදාසිං, භික්ඛුනො පිණ්ඩාය චරන්තස්ස...පෙ.....",pli,nadil,pali,pali
"‘‘හත්ථිගතෙ අස්සගතෙ, සන්නද්ධෙ පස්ස නො මහාරාජ; යුද්ධෙ වා යුජ්ඣමානෙ වා, න හි මාදිසා සූරා හොන්ති යඤ්ඤත්ථාය.",pli,nadil,pali,pali
“මා විසින් සිදුහත් බුදුරජුන්හට ගිරි ගුහාවක් පිරිසිදු කරණ ලදී. තාදී ගුණ ඇති බුදුරජුන්ගේ පරිභෝගය පිණිස (පැන්) කළයක්ද එලවා තැබීමි.,sin,nadil,sinhala,sinhala
"‘‘චත්තාරිමානි, භික්ඛවෙ, වචීසුචරිතානි. කතමානි චත්තාරි? සච්චවාචා, අපිසුණා වාචා, සණ්හා වාචා, මන්තභාසා - ඉමානි ඛො, භික්ඛවෙ, චත්තාරි වචීසුචරිතානී’’ති. නවමං.",pli,nadil,pali,pali
“ඒ මම එරකච්ඡ නුවර මහත් ධන ඇති රන්කරුවෙක් වීමි. තරුණ මදයෙන් මත්ව පරදාර සේවනය කෙළෙමි.,sin,nadil,sinhala,sinhala
"“මහණෙනි, මා විසින් ධර්මය මෙසේ මොනවට දෙසනලදී. ප්‍රකට කරනලදී. පැහැදිලි කරනලදී. අනාවරණය කරනලදී. කැලිකසල දුරුකරනලදී. “මහණෙනි, මා විසින් මෙසේ මොනවට දෙසනලද ප්‍රකට කරනලද පැහැදිලි කරනලද අනාවරණය කරනලද කැලිකසල දුරුකරනලද ශාසනයෙහි යම් ඒ කෙලෙස් නැති කළ, වැස නිමවූ බ්‍රහ්මචරියා ඇති, කළ කටයුතු ඇති බහා තැබූ බර ඇති, ලැබූ පල ඇති, නැති කළ භව බන්ධන ඇති මනාව දැන මිදුණු යම් ඒ රහත්හු වෙත්ද, ඔවුන්හට ඇතැයි දැක්වීමට සංසාරයක් නැත. “මහණෙනි, මා විසින් ධර්මය මෙසේ මොනවට දෙසනලදී. ප්‍රකට කරනලදී. පැහැදිලි කරනලදී. අනාවරණය කරනලදී. කැලිකසල දුරුකරන ලදී. “මහණෙනි, මා විසින් මෙසේ මොනවට දෙසනලද, ප්‍රකට කරනලද, පැහැදිලි කරනලද, අනාවරණය කරනලද කැලිකසල දුරු කරන ලද, ශාසනයෙහි යම් භික්ෂුවකගේ කාමලෝකය භජනය කරන සංයෝජන පහ නැතිවූයේ වේද ඒ සියල්ලෝ එහි (ඒ බඹලොව) පිරිනිවන් පානා ඕපපාතිකයෝ වෙත්. ඒ ලෝකයෙන් නැවත මේ කාම ලෝකයට ඉපදීම් වශයෙන් නොඑන්නෝ වෙත්. “මහණෙනි, මා විසින් මෙසේ ධර්මය මොනවට දෙසනලදී, ප්‍රකට කරනලදී, පැහැදිලි කරනලදී, අනාවරණය කරනලදී, කැලිකසල දුරුකරනලදී. එසේ මොනවට දෙසන ලද, ප්‍රකට කරනලද, පැහැදිලි කරන ලද අනාවරණය කරන ලද කැලිකසල දුරු කරනලද ශාසනයෙහි යම් භික්ෂූන්ගේ සංයෝජන තුන නැති වූවාහු වෙත්ද, රාග දෝෂ මෝහයෝ තුනී වූවාහුද, ඒ සියල්ලෝ සකෘදාගාමි වෙති. එක් වරක් පමණක් මේ ලෝකයට (ඉපදීම වශයෙන්) අවුත් දුක් කෙළවර කරත්. “මහණෙනි, මා විසින් ධර්මය මෙසේ මොනවට දෙසනලදී, ප්‍රකට කරනලදී, පැහැදිලි කරනලදී, අනාවරණය කරන ලදී, කැලිකසල දුරු කරනලදී, එසේ මොනවට දෙසනලද, ප්‍රකට කරනලද, පැහැදිලි කරනලද, අනාවරණය කරනලද, කැලිකසල දුරුකරනලද ශාසනයෙහි යම් භික්ෂූන්ගේ සංයෝජන තුන නැතිවූවාහු වෙත්ද, ඒ සියල්ලෝ සෝවාන් වෙත්. අපායෙහි නූපදින සුලුයහ, නියත වූවාහු සම්බෝධිය පිහිට කොට ඇත්තාහුය. “මහණෙනි, මා විසින් ධර්මය මොනවට දෙසනලදී. ප්‍රකට කරනලදී. පැහැදිලි කරනලදී. අනාවරණය කරනලදී. කැලිකසල දුරු කරනලදී. “මහණෙනි, මා විසින් මෙසේ මොනවට දෙසනලද, ප්‍රකට කරනලද, පැහැදිලි කරනලද, අනාවරණය කරනලද, කැලිකසල දුරු කරනලද ශාසනයෙහි යම් ඒ භික්ෂූහු ධම්මානුසාරී වෙත්ද, සද්ධානුසාරී වෙත්ද, ඒ සියල්ලෝ සම්බෝධිය පිහිට කොට ඇත්තාහුය. “මහණෙනි, මා විසින් ධර්මය මෙසේ මොනවට දෙනලදී. ප්‍රකට කරනලදී, පැහැදිලි කරනලදී, අනාවරණය කරන ලදී, කැලිකසල දුරුකරනලදී. එසේ මොනවට දෙසන ලද ප්‍රකට කරනලද අනාවරණය කරනලද කැලිකසල දුරු කරනලද ශාසනයෙහි යම් භික්ෂූන්ට මා කෙරෙහි ශ්‍රද්ධා මාත්‍රයක් පවතීද, ප්‍රේම මාත්‍රයක් පවතීද, ඒ සියල්ලෝ ස්වර්ගය පිහිටකොට ඇත්තාහ. භාග්‍යවතුන් වහන්සේ මෙය වදාළහ. සතුටුවූ ඒ භික්ෂූහු භාග්‍යවතුන් වහන්සේගේ වචනය සතුටින් පිළිගත්හ.",sin,nadil,sinhala,sinhala
"“වාතයෙන් උඩට නගින්නාවූ රජස් මහා මේඝයෙන් සමනය වන්නේද, එසේම ආර්ය ශ්‍රාවකතෙම සියලු වැරදි කල්පනාවෝ ප්‍රඥාවෙන් දැකීම නිසා නිවැරදි කල්පනාවෙන් සමනය කරයි.",sin,nadil,sinhala,sinhala
"“යමෙක් පෙර කරණලද යහපත් කටයුතු ඇත්තේ කරණලද අර්ථ ඇත්තේ පසුව නොදනීද, ඔහුගේ ප්‍රාර්ථනා කරණලද යම් අර්ථ කෙනෙක් වෙද්ද, ඒ අර්ථයෝ විශේෂයෙන් නසිත්.",sin,nadil,sinhala,sinhala
"“සාර්ත්‍ථවාහකවූ, විනායකවූ බුදුරජුන් ඇසුරුකොට වසන්නේ, ක්ලේශයන්හි ගැටී වසන්නෙහි නම් නිදුකාණෙනි, (එය) ඔබට නුසුදුසුය.",sin,nadil,sinhala,sinhala
"‘‘යෙන යෙන සුභික්ඛානි, සිවානි අභයානි ච; තෙන පුත්තක ගච්ඡස්සු, මා සොකාපහතො භවා’’ති.",pli,nadil,pali,pali
"“ඇතරුවෝද සේවාවන්හි වූවෝද රථිකයෝද පාබල සෙනගෙහිවූවෝද බොහෝවෙත්. රාජපුත්‍රය, ඔබ ගිය කල්හි සතුටුවූ ඔව්හුද මට බොහෝ පඬුරු දෙන්නාහුය.",sin,nadil,sinhala,sinhala
"“උදාවන හිරු වැනිවූ, පිපුනු උතුම් සල් රුකක් වැනිවූ, ලෝකනායකවූ බුදුරජහට ස්තූති කෙළෙමි.",sin,nadil,sinhala,sinhala
"“පාඨින නම් මත්ස්‍යයෝ (පෙටියෝ)ද, පාවුස නම් මත්ස්‍යයෝ (ලූල්ලු)ද, වලජ නම් මත්ස්‍යයෝ (වලජයෝ)ද, මුඤ්ජ නම් මත්ස්‍යයෝ (මුද්දු)ද, රොහිත නම් මත්ස්‍යයෝ (රෙහෙරු)ද, යන මොවුහු එහි (පොකුණෙහි) හැසිරෙමින් මාගේ අසපුව හොබවත්.",sin,nadil,sinhala,sinhala
"තමූපනිස්සාය ජිගුච්ඡිතං වා, අථ වාපි දිට්ඨං ව සුතං මුතං වා; උද්ධංසරා සුද්ධිමනුත්ථුනන්ති, අවීතතණ්හාසෙ භවාභවෙසු. තමූපනිස්සාය ජිගුච්ඡිතං වාති. සන්තෙකෙ සමණබ්‍රාහ්මණා තපොජිගුච්ඡවාදා තපොජිගුච්ඡසාරා තපොජිගුච්ඡනිස්සිතා ආනිස්සිතා අල්ලීනා උපගතා අජ්ඣොසිතා අධිමුත්තාති - තමූපනිස්සාය ජිගුච්ඡිතං වා. අථ වාපි දිට්ඨං ව සුතං මුතං වාති. දිට්ඨං වා දිට්ඨසුද්ධිං වා සුතං වා සුතසුද්ධිං වා මුතං වා මුතසුද්ධිං වා නිස්සාය උපනිස්සාය ගණ්හිත්වා පරාමසිත්වා අභිනිවිසිත්වාති - අථ වාපි දිට්ඨං ව සුතං මුතං වා. උද්ධංසරා සුද්ධිමනුත්ථුනන්තීති. සන්තෙකෙ සමණබ්‍රාහ්මණා උද්ධංසරාවාදා. කතමෙ තෙ සමණබ්‍රාහ්මණා උද්ධංසරාවාදා? යෙ තෙ සමණබ්‍රාහ්මණා අච්චන්තසුද්ධිකා, සංසාරසුද්ධිකා, අකිරියදිට්ඨිකා, සස්සතවාදා - ඉමෙ තෙ සමණබ්‍රාහ්මණා උද්ධංසරාවාදා. තෙ සංසාරෙ සුද්ධිං විසුද්ධිං පරිසුද්ධිං, මුත්තිං විමුත්තිං පරිමුත්තිං ථුනන්ති වදන්ති කථෙන්ති භණන්ති දීපයන්ති වොහරන්තීති - උද්ධංසරා සුද්ධිමනුත්ථුනන්ති. අවීතතණ්හාසෙ භවාභවෙසූති. තණ්හාති රූපතණ්හා සද්දතණ්හා ගන්ධතණ්හා රසතණ්හා ඵොට්ඨබ්බතණ්හා ධම්මතණ්හා. භවාභවෙසූති භවාභවෙ කම්මභවෙ පුනබ්භවෙ කාමභවෙ, කම්මභවෙ කාමභවෙ පුනබ්භවෙ රූපභවෙ , කම්මභවෙ රූපභවෙ පුනබ්භවෙ අරූපභවෙ, කම්මභවෙ අරූපභවෙ පුනබ්භවෙ පුනප්පුනබ්භවෙ පුනප්පුනගතියා පුනප්පුනඋපපත්තියා පුනප්පුනපටිසන්ධියා පුනප්පුනඅත්තභාවාභිනිබ්බත්තියා අවීතතණ්හා අවිගතතණ්හා අචත්තතණ්හා අවන්තතණ්හා අමුත්තතණ්හා අප්පහීනතණ්හා අප්පටිනිස්සට්ඨතණ්හාති - අවීතතණ්හාසෙ භවාභවෙසු. තෙනාහ භගවා - ‘‘තමූපනිස්සාය ජිගුච්ඡිතං වා, අථ වාපි දිට්ඨං ව සුතං මුතං වා; උද්ධංසරා සුද්ධිමනුත්ථුනන්ති, අවීතතණ්හාසෙ භවාභවෙසූ’’ති.",pli,nadil,pali,pali
"‘‘සුචිත්තරූපං රුචිරං, විමානං තෙ පභාසති; දෙවතෙ පුච්ඡිතාචික්ඛ, කිස්ස කම්මස්සිදං ඵල’’න්ති.",pli,nadil,pali,pali
"“යුහුසුළු නොවන්නවුන්ගේද යහපත් අදහස සම්පාදනයවේ. මම නිෂ්ටාවට පැමිණි මනදොල ඇත්තේ වෙමියි ගිහිගෙන් නික්මුනෙම්, කොයිනුත් බියක් නැත්තේ වෙමියි, තේමිය කුමරු කීයේය.",sin,nadil,sinhala,sinhala
"යම් කලෙක සත්ත්‍වයන්ට නිවන් මග පෙන්වන (බුදුරදහු) “දොණමුඛ” නම් ඇතු හික්මවූ සේක්ද, කෝටි අසූ දහසක් දෙනාට තුන්වන ධර්මාවබෝධය වී.",sin,nadil,sinhala,sinhala
"‘‘තියග්ගී (තිධග්ගී (ස්‍යා. ක.), තිවග්ගී (පී.)) නිබ්බුතා මය්හං, භවා සබ්බෙ සමූහතා; සබ්බාසවා පරික්ඛීණා, නත්ථි දානි පුනබ්භවො.",pli,nadil,pali,pali
"“ප්‍රෙතය, යම් කරුණකින් හෝ වස්ත්‍ර ලබන්නෙහිද කිසිකරුණක් වන්නේද, ඉදින් කාරණයක් ඇත්නම් ඇදහිය යුතුවූ මෙය මට කියව හේතු සහිත වචනය අසමි.”",sin,nadil,sinhala,sinhala
රාජත්‍වයම්හි ජාතො තිතත්ථ තත්ථප්පකාසිය,pli,nadil,pali,pali
දායකානං ලභිත්වොප-කාරං පුණ්ණමනොරථො,pli,nadil,pali,sinhala
තථාහි:-,pli,nadil,pali,sinhala
"මා විසින් මෙසේ අසනලදී. එක් කලෙක භාග්‍යවතුන් වහන්සේ සැවැත්නුවර සමීපයෙහිවූ ජේතවන නම් අනේපිඩු මහ සිටුහුගේ ආරාමයෙහි වැඩ වෙසෙන සේක. එකල්හි වනාහී (වෑය, පොරොව, නියන, මිටිය, දැලිනූල යන අංග පසකින් යුක්ත හෙයින්) පඤ්චකංග නම්වූ (දෙටු) වඩු තෙම ආයුෂ්මත් (පණ්ඩිත) උදායි ස්ථවිර තෙමේ යම් තැනෙක්හිද එතැනට පැමිණියේය. පැමිණ, ආයුෂ්මත් උදායි ස්ථවිරයන්ට වැඳ, එක පැත්තක හුන්නේය. එක පැත්තක හුන්නාවූම පඤ්චකංග නම් වඩුතෙම ආයුෂ්මත් උදායි ස්ථවිරයන්ට මෙය කීයේය. “ස්වාමීනි, උදායි ස්ථවිරයන් වහන්ස, භාග්‍යවතුන් වහන්සේ විසින් කෙතෙක් වේදනාවෝ වදාරණ ලද්දාහුද?” “ථපතිය, භාග්‍යවතුන් වහන්සේ විසින් සැප වේදනාවය දුක් වේදනාවය, දුක්ද නොවූ සැපද නොවූ වේදනාවයයි වේදනා තුනක් වදාරණ ලද්දාහුය. ථපතිය, මේ වේදනා තුන වනාහි භාග්‍යවතුන් වහන්සේ විසින් වදාරණ ලද්දාහුය.” “ස්වාමීනි, උදායි ස්ථවිරයන් වහන්ස, භාග්‍යවතුන් වහන්සේ විසින් වේදනා තුනක් නොවදාරණ ලද්දාහ. භාග්‍යවතුන් වහන්සේ විසින් සැප වේදනාය, දුක් වේදනායයි වේදනා දෙකක් වදාරණ ලද්දාහ. ස්වාමීනි, යම් මේ දුක්ද නොවූ සැපද නොවූ වේදනාවක් වේද, මෙය ශාන්තවූ ප්‍රණීතවූ සැපයෙහි (ඇතුළත් කොට) භාග්‍යවතුන් වහන්සේ විසින් වදාරණ ලද්දීය.” දෙවනුවද ආයුෂ්මත් උදායි ස්ථවිරතෙම පඤ්චකංග නම් වඩුවාට මෙය කීයේය. “ථපතිය, භාග්‍යවතුන් වහන්සේ විසින් වේදනා දෙකක් නොවදාරණ ලද්දාහ. භාග්‍යවතුන් වහන්සේ විසින් සැප වේදනාය, දුක් වේදනාය, දුක්ද නොවූ සැපද නොවූ වේදනායයි වේදනා තුනක් වදාරණ ලද්දාහ. ථපතිය, මේ වේදනා තුන වනාහී භාග්‍යවතුන්වහන්සේ විසින් වදාරණ ලද්දාහුය.” දෙවනුවද පඤ්චකංග නම් වඩුතෙම “ස්වාමීනි, උදායි ස්ථවිරයන් වහන්ස, භාග්‍යවතුන් වහන්සේ විසින් වේදනා තුනක් නොවදාරණ ලද්දාහ. භාග්‍යවතුන් වහන්සේ විසින් සැප වේදනාය, දුක් වේදනායයි වේදනා දෙකක්ම වදාරණ ලද්දාහ. ස්වාමීනි, යම් මේ දුක්ද නොවූ සැපද නොවූ වේදනාවක් වේද, ඕතොමෝ ශාන්තවූ ප්‍රණීතවූ සැපයෙහි (ඇතුළත් කොට) භාග්‍යවතුන් වහන්සේ විසින් වදාරණ ලද්දීය.” තුන්වෙනුවද ආයුෂ්මත් උදායි ස්ථවිරතෙම පඤ්චකංග නම් වඩුවාට “ථපතිය, භාග්‍යවතුන් වහන්සේ විසින් වේදනා දෙකක් නොවදාරණ ලද්දාහ. භාග්‍යවතුන් වහන්සේ විසින් සැප වේදනාය, දුක් වේදනාය, දුකද නොවූ, සැපද නොවූ වේදනායයි වේදනා තුනක් වදාරණ ලද්දාහ. ථපතිය, මේ වේදනා තුන වනාහී භාග්‍යවතුන් වහන්සේ විසින් වදාරණ ලද්දාහුය”යි කීය. තුන් වෙනුවද පඤ්චකංග නම් වඩුතෙම ආයුෂ්මත් උදායි ස්ථවිරයන්ට “ස්වාමීනි, උදායි ස්ථවිරයන් වහන්ස, භාග්‍යවතුන් වහන්සේ විසින් වේදනා තුනක් නොවදාරණ ලද්දාහ. භාග්‍යවතුන් වහන්සේ විසින් දුක් වේදනාය, සැප වේදනායයි වේදනා දෙකක්ම වදාරණලද්දාහ. ස්වාමීනි, යම් මේ දුක්ද නොවූ සැපද නොවූ වේදනාවක් වේද, මෙය ශාන්තවූ ප්‍රණීතවූ සැපයෙහි (ඇතුළත්කොට) භාග්‍යවතුන් වහන්සේ විසින් වදාරණ ලද්දී යයි” කීය. ආයුෂ්මත් උදායි ස්ථවිර තෙමේ පඤ්චකංග නම් වඩුවාට හඟවන්ට නොමහැකි වූයේය. පඤ්චකංග නම් වඩු තෙමේද ආයුෂ්මත් උදායි ස්ථවිරයන්ට හඟවන්ට නොහැකි වූයේය.",sin,nadil,sinhala,sinhala
"“යමෙක් තෙම පැහැදුනේ, සියතින් ඡත්‍රයක් දැරීද, හේ (කවරෙක්දැයි) මම කියන්නෙමි. එසේ කියන්නාවූ මාගේ වචනය අසව්.",sin,nadil,sinhala,sinhala
"“නිරෝගි බව නම්වූ උතුම්වූ ලාභයද ආචාරශීලයද, ගුණයෙන් වැඩිහිටියන්ගේ අනුමතියද (හෙවත්) අවවාදයද, බහුශ්‍රැත බවද, සුචරිත ධර්මයන්ට අනුව පැවැත්මද, නොපසුබටවූ සිත් ඇති බවද කැමති වන්නේය. මේ සදෙන අභිවෘද්ධියට ප්‍රධානවූ ද්වාරයෝ (හෙවත් උපායයෝ) වෙතියි” කීය.",sin,nadil,sinhala,sinhala
“පෙර නෑදෑ මිත්‍රයින්ගෙන් තොරවූ වැන්දඹුවූ පුත්‍රයන් නැත්තාවූ බතක් වතකුදු නොලබන දිළිඳු තැනැත්තියක් වීමි.,sin,nadil,sinhala,sinhala
"‘‘චණ්ඩාලපුත්තොපි අධිච්ච වෙදෙ, භාසෙය්‍ය මන්තෙ කුසලො මතීමා (මුතීමා (සී. පී.)); න තස්ස මුද්ධාපි ඵලෙය්‍ය සත්තධා, මන්තා ඉමෙ අත්තවධාය කතා (කත්ත (සී. පී.)).",pli,nadil,pali,pali
“ඒ වෘක්ෂය සෙවනෙහි හාත්පස පිරිවැරූහ. ඒ වෙළෙන්දෝ ඒ ස්ත්‍රීන් සමග කැමතිතාක් පරිචරණය කොට සතුටු වූහ.,sin,nadil,sinhala,sinhala
"“දරුව, නාවිකය, මෙතෙර සිටියාවූ එතෙර නොවූම ජනයාගෙන් වැටුප් ඉල්වව. පරතෙරට ගියහුගේ සිත අනිකෙක්මැයි. (වැටුප් නොදී යනු කැමතිවෙයි.) එතෙරවීම සොයන්නහුගේ සිත අනිකක් වේ. (හෙවත්) වැඩියකුත් දී යනු කැමතිවේ.",sin,nadil,sinhala,sinhala
"‘‘තමෙන (තමෙනං (ස්‍යා. ක.)) සක්කොපි තදා අපූජයි, සහින්දදෙවා (සහින්දා ච දෙවා (සී. පී.)) සුරකඤ්ඤමුත්තමං; සා පඤ්ජලී දෙවමනුස්සපූජිතා, නවම්හි කොච්ඡම්හි යදා උපාවිසි’’.",pli,nadil,pali,pali
"... එවමෙවං ඛො, භික්ඛවෙ, අප්පකා තෙ සත්තා යෙ වවස්සග්ගාරම්මණං කරිත්වා ලභන්ති සමාධිං (චිත්තස්ස සමාධිං (සී.)) ලභන්ති චිත්තස්සෙකග්ගතං (චිත්තස්සෙකග්ගං (සී.)); අථ ඛො එතෙව සත්තා බහුතරා යෙ වවස්සග්ගාරම්මණං කරිත්වා න ලභන්ති සමාධිං න ලභන්ති චිත්තස්සෙකග්ගතං.",pli,nadil,pali,pali
"‘‘තදාහ ස මහාවීරො, මම කම්මං පකිත්තයං; ‘යො සසඞ්ඝමභොජෙසි, සත්තාහං ලොකනායකං.",pli,nadil,pali,pali
තත්ථ සොප්‍යුපසම්පන්නා - සම්මා පුණ්ණම නොරථො,pli,nadil,pali,pali
“භවනයෙහි හුන් මම බුද්‍ධ ශ්‍රේෂඨයන් වහන්සේ සිහි කෙළමි. මම එම චිත්ත ප්‍රසාදය හේතුකොට ගෙන තුසිත භවනයෙහි උපනිමි.,sin,nadil,sinhala,sinhala
“එහෙයින් කුණු පස් ගෙන පසින් තීට දමා ගැසුවෙමි. ඒ අකුශල කර්ම විපාකය හේතුකොට ගෙන පස්වලින් ගැවසුන ශරීර ඇත්තියක් වීමි.,sin,nadil,sinhala,sinhala
"‘‘උභයෙනෙව සම්පන්නො, රාහුලභද්දොති මං විදූ; යඤ්චම්හි පුත්තො බුද්ධස්ස, යඤ්ච ධම්මෙසු චක්ඛුමා.",pli,nadil,pali,pali
"‘‘යදෙව (යං ත්වෙව (සී. ස්‍යා. පී.)) ජඤ්ඤා පුරිසං (පුරිසො (ස්‍යා. ක.)) ජනින්ද, සීලවායං බහුස්සුතො; තෙනෙව මිත්තිං කයිරාථ ධීරො, සුඛො හවෙ සප්පුරිසෙන සඞ්ගමො’’.",pli,nadil,pali,pali
කාලං වසිත්වා විගතො - ලංකා රජ්ජස්ස පාලනා,pli,nadil,pali,pali
"“ස්වාමීනි, මම යම් දවසක කළුරියකළේ වෙම්ද, පස් පනස් අව්රුද්දක් මුළුල්ලෙහි ආහාර ලැබීමක් හෝ පැන් බීමක් හෝ නොම දනිමි. පිපාසයෙන් මිරිකෙමි. පැන් පිණිස ඇවිදිනාවූ මට නුඹවහන්සේ පැන් දුන මැනව.",sin,nadil,sinhala,sinhala
"‘‘තතො චුතා මනුස්සත්තෙ, රාජානං චක්කවත්තිනං; මණ්ඩලීනඤ්ච රාජූනං, මහෙසිත්තමකාරයිං.",pli,nadil,pali,pali
"“මහත් ප්‍රඥා ඇති ශ්‍රේෂ්ඨ ප්‍රඥා ඇති පහවූ වැඩ ඇති මන්ත්‍ර දන්නා, ආශ්‍රව රහිත, මුදන සිඳීම දන්නා නර ශ්‍රේෂ්ඨවූ ඒ ශාක්‍ය පුත්‍ර ජිනතෙමේ සැවැත් නුවර කොසොල් රජුගේ මාලිගයෙහි වැඩ සිටී.”",sin,nadil,sinhala,sinhala
"“දිඹුල් ගස්වල මල් මෙන්ද, සඳෙහි සාවා මෙන්ද, කපුටාගේ කිරි මෙන්ද බුදුවරයෝ දුර්ලභයහ.",sin,nadil,sinhala,sinhala
“ගමෙහි හෝ අරණ්‍යයෙහි හෝ පහත් ස්ථානයෙහි ගොඩ තැන යන යම් ස්ථානයක රහතුන් වෙසෙත් නම් ඒ ස්ථානය රමණීය ස්ථානයක් වේ.,sin,nadil,sinhala,sinhala
"ඒ නිසා දවසක් මං කිව්වා, ඔය ගිහි නම් වලට වඩා හොඳයි මෙන්න මේ ගණණ්ඨාරතිස්ස කියන නම කියලා",sin,nadil,sinhala,sinhala
"‘‘යස්මිං කාමා න වසන්ති, (තොදෙය්‍යාති භගවා) තණ්හා යස්ස න විජ්ජති; කථංකථා ච යො තිණ්ණො, විමොක්ඛො තස්ස නාපරො’’.",pli,nadil,pali,pali
"“මහණෙනි, කරුණු පසකින් යුක්තවූ භික්‍ෂු මිත්‍රතෙම සේවනය නොකටයුතු වේ. “කවර පසකින්ද යත්? කර්මාන්තය කරවාද, අධිකරණය ගණීද, ප්‍රධාන භික්‍ෂූන් කෙරෙහි ප්‍රතිවිරුද්‍ධවූයේ වේද, දික්වූ හැසිරී මෙන් අවස්ථාවට නුසුදුසුවූ හැසිරීමෙහි යෙදී වාසය කෙරේද, කලින්කල දැහැමි කථාවෙන් කරුණු දක්වන්ට, සමාදන් කරවන්ට, තෙද ගන්වන්ට, සතුටු කරන්ට සමර්ත්‍ථ නොවේද යන පසිනි. “මහණෙනි, කරුණු පසකින් යුක්තවූ භික්‍ෂු මිත්‍රතෙම සේවනය නොකටයුතු වේ. “මහණෙනි, කරුණු පසකින් යුක්තවූ භික්‍ෂුතෙම සේවනය කටයුතු වේ. “කවර පසකින්ද යත්? කර්මාන්ත නොාකරවාද, අධිකරණය නොගණීද, ප්‍රධාන භික්‍ෂූන් කෙරෙහි ප්‍රතිවිරුද්‍ධවූවෙක් නොවේද, දික්වූ හැසිරීමෙහි අවස්ථාවට නුසුදුසුවූ හැසිරීමෙහි යෙදී වාසය නොකෙරේද, කලින්කල දැහැමි කථාවෙන් කරුණු දක්වන්ට, සමාදන් කරවන්ට, තෙද ගන්වන්ට, සතුටු කරන්ට සමර්ත්‍ථයෙක් වේද යන පසිනි. “මහණෙනි, කරුණු පසකින් යුක්තවූ භික්‍ෂුතෙම සේවනය කටයුතු වේ.",sin,nadil,sinhala,sinhala
"අස්සොසුං ඛො නාතිකියා පරිචාරකා - ‘‘භගවා කිර පරිතො පරිතො ජනපදෙසු පරිචාරකෙ අබ්භතීතෙ කාලඞ්කතෙ උපපත්තීසු බ්‍යාකරොති කාසිකොසලෙසු වජ්ජිමල්ලෙසු චෙතිවංසෙසු කුරුපඤ්චාලෙසු මජ්ඣසූරසෙනෙසු - ‘අසු අමුත්‍ර උපපන්නො, අසු අමුත්‍ර උපපන්නො. පරොපඤ්ඤාස නාතිකියා පරිචාරකා අබ්භතීතා කාලඞ්කතා පඤ්චන්නං ඔරම්භාගියානං සංයොජනානං පරික්ඛයා ඔපපාතිකා තත්ථ පරිනිබ්බායිනො අනාවත්තිධම්මා තස්මා ලොකා. සාධිකා නවුති නාතිකියා පරිචාරකා අබ්භතීතා කාලඞ්කතා තිණ්ණං සංයොජනානං පරික්ඛයා රාගදොසමොහානං තනුත්තා සකදාගාමිනො සකිදෙව ඉමං ලොකං ආගන්ත්වා දුක්ඛස්සන්තං කරිස්සන්ති. සාතිරෙකානි පඤ්චසතානි නාතිකියා පරිචාරකා අබ්භතීතා කාලඞ්කතා තිණ්ණං සංයොජනානං පරික්ඛයා සොතාපන්නා අවිනිපාතධම්මා නියතා සම්බොධිපරායණා’ති. තෙන ච නාතිකියා පරිචාරකා අත්තමනා අහෙසුං පමුදිතා පීතිසොමනස්සජාතා භගවතො පඤ්හවෙය්‍යාකරණං (පඤ්හාවෙය්‍යාකරණං (ස්‍යා. ක.)) සුත්වා.",pli,nadil,pali,pali
"‘‘සුකල්ලරූපො සුමනස්ස ඣායතං (ඣායිතං (ස්‍යා. ක.)), සුනික්කමො සාධු සුබුද්ධසාසනෙ; සුසුක්කසුක්කං නිපුණං සුදුද්දසං, ඵුසාහි තං උත්තමමච්චුතං පද’’න්ති.",pli,nadil,pali,pali
"‘‘කච්චි අමජ්ජපො (කච්චිස්ස’මජ්ජපො (සී. පී.)) තාත, කච්චි තෙ සුරමප්පියං; කච්චි සච්චෙ ච ධම්මෙ ච, දානෙ තෙ රමතෙ මනො’’.",pli,nadil,pali,pali
"“යමෙක් මහණ බමුණන්ට පෙර දුන් දානය නොපිරිහෙළන්නේද, දෙන්නාවූ කල්හි ආවාවූ යාචකයන්ට දෙන කිසිවකුත් නොවලක්වන්නේද, හෙතෙම රජ ගෙදර විසීමට සුදුසු වන්නේය.",sin,nadil,sinhala,sinhala
"‘‘භරියා මෙ කාලඞ්කතා, පුත්තො සීවථිකං ගතො; මාතා පිතා මතා භාතා, එකචිතම්හි (මාතා පිතා ච භාතා ච, එකචිතකම්හි (සී. ස්‍යා.)) ඩය්හරෙ.",pli,nadil,pali,pali
"‘‘දිවාවිහාරා නික්ඛන්තො, විපස්සී ලොකනායකො; ලහුං සුපටකං (සුපටිකං (ස්‍යා.), පූපපවං (පී.)) දත්වා, කප්පං සග්ගම්හි මොදහං.",pli,nadil,pali,pali
"[43] මෙබඳු සීලයෝ චිත්තයාගේ නොවිපිළිසර බව පිණිස පවතිත්, ප්‍රමොද්‍යය පිණිස පවතිත්, ප්‍රීතිය පිණිස පවතිත්, සංසිඳීම් පිණිස පවතිත්, සොම්නස් බව පිණිස පවතිත්, සෙවනය පිණිස පවතිත්, වැඩීම පිණිස පවතිත්, බොහෝ කොට කිරීම පිණිස පවතිත්, අලංකාරය පිණිස පවතිත්, අවයව පිණිස පවතිත්, පිරිවර පිණිස පවතිත්, සම්පූර්ණවීම පිණිස පවතිත්, එකාන්තයෙන් කලකිරීම පිණිස, නොඇලීම් නිරෝධය පිණිස, සංසිඳීම පිණිස, අවබෝධය පිණිස, නිවන් පිණිස පවතිත්. මෙවැනි සීලයන්ගේ සංවරයෙන් පිරිසිදුවීම අධිසීල නමි. සංවරයෙන් පිරිසිදුවීමෙහි පිහිටි සිත නොවිසිර යයි. නොවිසරයාමෙන් පිරිසිදුවීම අධිචිත්ත නමි. සංවරයෙන් පිරිසිදුවීම මනාව දක්නේය. සමාධියෙන් පිරිසිදුවීම මනාව දක්නේය. මනාව දැක්මෙන් පිරිසිදු වීම අධිපඤ්ඤා නමි. ඒ සංවර සීලයෙහි යම් සංවර ස්වභාවයක් වේද, මෙය අධිශීල ශික්ෂාවයි. ඒ සංවර සීලයෙහි යම් නොවිසිරයාම් ස්වභාවයක් වේද, මෙය අධිචිත්ත ශික්ෂාවයි. ඒ සංවර සීලයෙහි යම් දැකීම් ස්වභාවයක් වේද, මෙය අධිප්‍රඥා ශික්ෂාවයි. [44] මේ ත්‍රිවිධ ශික්ෂාවන් ආවර්ජනා කිරීම වශයෙන් හික්මෙයි. දකිමින් හික්මෙයි. ප්‍රත්‍යවෙක්ෂා කරමින් හික්මෙයි. සිත පිහිටුවමින් හික්මෙයි. ශ්‍රද්ධාවෙන් බැසගනිමින් හික්මෙයි, වීර්යයෙන් ඔසවමින් හික්මෙයි, සිහිය එළවමින් හික්මෙයි. සිත එකඟකිරීමෙන් හික්මෙයි. ප්‍රඥාවෙන් දනිමින් හික්මෙයි. විශිෂ්ට ඥානයෙන් දතයුත්ත දනිමින් හික්මෙයි. පිරිසිඳ දතයුත්ත පිරිසිඳ දනිමින් හික්මෙයි. දුරුකටයුත්ත දුරුකරමින් හික්මෙයි. වැඩියුත්ත වඩමින් හික්මෙයි. ප්‍රත්‍යක්ෂ කටයුත්ත ප්‍රත්‍යක්ෂ කරමින් හික්මෙයි. එය දැනීම් අර්ථයෙන් ඤාණය නම් වෙයි, ප්‍රකාරයෙන් දැනීම් අර්ථයෙන් ප්‍රඥා නම් වෙයි. එහෙයින් අසා සංවර වීමෙහි ප්‍රඥාව සීලමය ඤාණයයි කියනු ලැබේ.",sin,nadil,sinhala,sinhala
"සාවත්ථිනිදානං. යෙ හි කෙචි, භික්ඛවෙ, අතීතමද්ධානං අරහන්තො සම්මාසම්බුද්ධා යථාභූතං අභිසම්බුජ්ඣිංසු, සබ්බෙ තෙ චත්තාරි අරියසච්චානි යථාභූතං අභිසම්බුජ්ඣිංසු. යෙ හි (යෙපි හි (බහූසු)) කෙචි, භික්ඛවෙ, අනාගතමද්ධානං අරහන්තො සම්මාසම්බුද්ධා යථාභූතං අභිසම්බුජ්ඣිස්සන්ති, සබ්බෙ තෙ චත්තාරි අරියසච්චානි යථාභූතං අභිසම්බුජ්ඣිස්සන්ති. යෙ හි කෙචි, භික්ඛවෙ, එතරහි අරහන්තො සම්මාසම්බුද්ධා යථාභූතං අභිසම්බුජ්ඣන්ති, සබ්බෙ තෙ චත්තාරි අරියසච්චානි යථාභූතං අභිසම්බුජ්ඣන්ති. ‘‘කතමානි චත්තාරි? දුක්ඛං අරියසච්චං, දුක්ඛසමුදයං අරියසච්චං, දුක්ඛනිරොධං අරියසච්චං, දුක්ඛනිරොධගාමිනී පටිපදා අරියසච්චං. යෙ හි, කෙචි, භික්ඛවෙ, අතීතමද්ධානං අරහන්තො සම්මාසම්බුද්ධා යථාභූතං අභිසම්බුජ්ඣිංසු...පෙ.... අභිසම්බුජ්ඣිස්සන්ති...පෙ.... අභිසම්බුජ්ඣන්ති, සබ්බෙ තෙ ඉමානි චත්තාරි අරියසච්චානි යථාභූතං අභිසම්බුජ්ඣන්ති. ‘‘තස්මාතිහ, භික්ඛවෙ, ‘ඉදං දුක්ඛ’න්ති යොගො කරණීයො...පෙ.... ‘අයං දුක්ඛනිරොධගාමිනී පටිපදා’ති යොගො කරණීයො’’ති. චතුත්ථං.",pli,nadil,pali,pali
නීයො හොති තප්පටිසරණත්තා තෙසං පබ්බජ්ජුපසම්පද වත්තපටි,pli,nadil,pali,pali
"එවිට භාග්‍යවතුන් වහන්සේ අම්බට්ඨ තරුණයාට මෙසේ කීයේය: “අම්බට්ඨය, ඔබ යම්සේ සක්මන් කරමිනුත් නැවතී සිටිමිනුත් හුන්නාවූ මා සමග යම් යම් නොවැදගත් කරුණු කථාව කරයිද, වයසින් වැඩිවූ මහලුවූ බ්‍රාහ්මණයන් හා ගුරුවරුන්, ගුරුවරුන්ගේ ගුරුවරුන් සමග ඔබගේ කථාව මෙබඳු වේද?",sin,nadil,sinhala,sinhala
"සමුද්දන්තොගාධ සූත්‍රය “මහණෙනි, යම්කිසිවෙකුගේ සිතින් මහා සමුද්‍රය තෙම ස්පර්ශකරණ ලද්දේ වේද ඔහුගේ සිතට සමුද්‍රය කරා ගලායන්නාවූ යම්කිසි කුඩා නදීහු වෙත්නම් ඔවුහු ඇතුළත් වෙතිද, මහණෙනි, එපරිද්දෙන්ම යම්කිසිවෙකු විසින් කායගතානුස්මෘතිය වඩන ලදද බහුල වශයෙන් කරණලදද ඔහුගේ ඒ භාවනාවට විද්‍යාව භජනය කරන්නාවූ (එහි කොටස්වූ) යම්කිසි කුශලධර්මයෝ වෙත් නම් ඔවුහුද ඇතුළත් වෙති”",sin,nadil,sinhala,sinhala
"‘‘චීවරං පිණ්ඩපාතඤ්ච, පච්චයං සයනාසනං; අදංසු උජුභූතෙසු, විප්පසන්නෙන චෙතසා.",pli,nadil,pali,pali
"‘‘තාවතිංසා ඉධාගන්ත්වා, මඞ්ගලො නාම මාණවො; මන්දාරවං ගහෙත්වාන, විපස්සිස්ස මහෙසිනො.",pli,nadil,pali,pali
යම් ප්රතිපත්තියකින් අවිද්යාව නැති වේ නම් ඒ ප්රතිපත්තිය පිරිම යි,sin,nadil,sinhala,sinhala
"“මහණෙනි, කරුණු පසකින් යුක්තව බණ අසන්නේද, කුශල ධර්මයන්හි සම්පූර්‍ණ කරණ ලද මාර්ග නියමයට බැසගන්ට නුසුදුසු වේ. “කවර පසකින්ද යත්? ගුණමකු වූයේ, ගුණමකු බැවින් මඩනා ලද සිත් ඇත්තේ, ධර්මය අසාද, හෙළා දක්නා සිත් ඇත්තේ, සිදුරු සොයමින් ධර්මය අසාද, ධර්ම දේශකයා කෙරෙහි ගටනා සිත් ඇත්තේ, හටගත් ක්‍රොධ හුල් ඇත්තේ වේද, ජඩවූ, කෙළතොලුවූ, දුෂ්ප්‍රාඥයෙක් වේද, නොදන්නා ලද්දෙහි දන්නා ලද්දේ වෙමි යන සිත් ඇත්තේ වේද, (යන පසිනි.) “මහණෙනි, කරුණු පසකින් යුක්තව බණ අසන්නේද, කුශල ධර්මයන්හි සම්පූර්‍ණ කරණ ලද මාර්ග නියමයට බැසගන්ට නුසුදුසු වේ. “මහණෙනි, කරුණු පසකින් යුක්තව බණ අසන්නේ, කුශල ධර්මයන්හි සම්පූර්‍ණ කරණ ලද මාර්ග නියමයට බැසගන්ට සුදුසු වේ. “කවර පසකින්ද යත? ගුණමකු නොවූයේ, ගුණමකු බැවින් නොමඩනා ලද්දේ, ධර්මය අසාද, හෙළා දක්නා සිත් නැත්තේ, සිදුරු සෙවීම නැත්තේ ධර්මය අසාද, ධර්ම දේශකයා කෙරෙහි නොගටනා සිත් ඇත්තේ, හටගත් ක්‍රොධ හුල් රහිත වේද, ජඩ නොවූයේ කෙළතොළු නොවූයේ, ප්‍රඥා ඇත්තේ වේද, නොදන්නා ලද්දෙහි දන්නා ලද්දේ වෙමි යන සිත් ඇති නොවේද, යන පසිනි.” “මහණෙනි, කරුණු පසකින් යුක්තව බණ අසන්නේ, කුශල ධර්මයන්හි සම්පූර්‍ණ කරණ ලද මාර්ග නියමයට බැසගන්ට සුදුසු වේ.",sin,nadil,sinhala,sinhala
"කොධං ජහෙ විප්පජහෙය්‍ය මානං, සංයොජනං සබ්බමතික්කමෙය්‍ය; තං නාමරූපස්මිමසජ්ජමානං, අකිඤ්චනං නානුපතන්ති දුක්ඛා.",pli,nadil,pali,pali
"“යමක් මාගේ අතට අසුවූ වේදේහ නම් සතුරා මුදා හැරියේද, ඒ මොහුගේ අත් පාද කන් නාස්ද කපව්.",sin,nadil,sinhala,sinhala
"“ස්වාමීනි, ඔහු දැක සංවේගවීමි. ඒ හේතුවෙන් මම නුඹ වහන්සේට වස්ත්‍ර දානය දෙමි. ස්වාමීනි වස්ත්‍ර යුග්ම අට පිළිගනු මැනව. මේ පින් ප්‍රෙතයාට පැමිණෙත්වා.”",sin,nadil,sinhala,sinhala
"එවං වුත්තෙ, එසුකාරී බ්‍රාහ්මණො භගවන්තං එතදවොච - ‘‘බ්‍රාහ්මණා, භො ගොතම, චත්තාරි ධනානි පඤ්ඤපෙන්ති - බ්‍රාහ්මණස්ස සන්ධනං පඤ්ඤපෙන්ති, ඛත්තියස්ස සන්ධනං පඤ්ඤපෙන්ති, වෙස්සස්ස සන්ධනං පඤ්ඤපෙන්ති, සුද්දස්ස සන්ධනං පඤ්ඤපෙන්ති. තත්‍රිදං, භො ගොතම, බ්‍රාහ්මණා බ්‍රාහ්මණස්ස සන්ධනං පඤ්ඤපෙන්ති භික්ඛාචරියං; භික්ඛාචරියඤ්ච පන බ්‍රාහ්මණො සන්ධනං අතිමඤ්ඤමානො අකිච්චකාරී හොති ගොපොව අදින්නං ආදියමානොති. ඉදං ඛො, භො ගොතම, බ්‍රාහ්මණා බ්‍රාහ්මණස්ස සන්ධනං පඤ්ඤපෙන්ති. තත්‍රිදං, භො ගොතම, බ්‍රාහ්මණා ඛත්තියස්ස සන්ධනං පඤ්ඤපෙන්ති ධනුකලාපං; ධනුකලාපඤ්ච පන ඛත්තියො සන්ධනං අතිමඤ්ඤමානො අකිච්චකාරී හොති ගොපොව අදින්නං ආදියමානොති. ඉදං ඛො, භො ගොතම, බ්‍රාහ්මණා ඛත්තියස්ස සන්ධනං පඤ්ඤපෙන්ති. තත්‍රිදං, භො ගොතම, බ්‍රාහ්මණා වෙස්සස්ස සන්ධනං පඤ්ඤපෙන්ති කසිගොරක්ඛං; කසිගොරක්ඛඤ්ච පන වෙස්සො සන්ධනං අතිමඤ්ඤමානො අකිච්චකාරී හොති ගොපොව අදින්නං ආදියමානොති. ඉදං ඛො, භො ගොතම, බ්‍රාහ්මණා වෙස්සස්ස සන්ධනං පඤ්ඤපෙන්ති. තත්‍රිදං, භො ගොතම, බ්‍රාහ්මණා සුද්දස්ස සන්ධනං පඤ්ඤපෙන්ති අසිතබ්‍යාභඞ්ගිං; අසිතබ්‍යාභඞ්ගිඤ්ච පන සුද්දො සන්ධනං අතිමඤ්ඤමානො අකිච්චකාරී හොති ගොපොව අදින්නං ආදියමානොති. ඉදං ඛො, භො ගොතම, බ්‍රාහ්මණා සුද්දස්ස සන්ධනං පඤ්ඤපෙන්ති. බ්‍රාහ්මණා, භො ගොතම, ඉමානි චත්තාරි ධනානි පඤ්ඤපෙන්ති. ඉධ භවං ගොතමො කිමාහා’’ති?",pli,nadil,pali,pali
පිරිසිදු සුදුපාට පියාපත් ඇති පක්ෂීහු යම් කලෙක්හි කළු පැහැ ඇති වලාකුලට බියෙන් තැතිගත්තාහු තමාගේ කූඩුව සොයා යති. එකල්හි අජකරණි නදිය මගේ සිත සතුටු කරයි.,sin,nadil,sinhala,sinhala
සො යං නිකායො අජ්ජාපි-උද්ධරට්ඨම්හි භාසතෙ,pli,nadil,pali,pali
"‘‘චතූහි , භික්ඛවෙ, ධම්මෙහි සමන්නාගතො යථාභතං නික්ඛිත්තො එවං නිරයෙ. කතමෙහි චතූහි? අත්තනා ච පාණාතිපාතී හොති, පරඤ්ච පාණාතිපාතෙ සමාදපෙති, පාණාතිපාතෙ ච සමනුඤ්ඤො හොති, පාණාතිපාතස්ස ච වණ්ණං භාසති - ඉමෙහි ඛො, භික්ඛවෙ, චතූහි ධම්මෙහි සමන්නාගතො යථාභතං නික්ඛිත්තො එවං නිරයෙ. ‘‘චතූහි, භික්ඛවෙ, ධම්මෙහි සමන්නාගතො යථාභතං නික්ඛිත්තො එවං සග්ගෙ. කතමෙහි චතූහි? අත්තනා ච පාණාතිපාතා පටිවිරතො හොති, පරඤ්ච පාණාතිපාතා වෙරමණියා සමාදපෙති, පාණාතිපාතා වෙරමණියා ච සමනුඤ්ඤො හොති, පාණාතිපාතා වෙරමණියා ච වණ්ණං භාසති - ඉමෙහි ඛො, භික්ඛවෙ, චතූහි ධම්මෙහි සමන්නාගතො යථාභතං නික්ඛිත්තො එවං සග්ගෙ’’ති. පඨමං.",pli,nadil,pali,pali
"මා විසින් මෙසේ අසනලදී. එක් කලෙක භාග්‍යවතුන් වහන්සේ සැවැත්නුවර සමීපයෙහිවූ අනේපිඬු සිටාණන් විසින් කරවනලද ජේතවනාරාමයෙහි වැඩවසන සේක. එහිදී භාග්‍යවතුන් වහන්සේ ‘මහණෙනි’යි කියා භික්ෂූන් ඇමතූහ. “ස්වාමීනියි,” කියා ඒ භික්ෂූහු බුදුන්ට උත්තර දුන්හ. (එවිට) භාග්‍යවතුන් වහන්සේ මෙය වදාළ සේක. “මහණෙනි, බුද්ධත්වයට පෙරම බුදුනොවූ, බෝසත්වූම, භාග්‍යවත්වූ, අර්හත්වූ, සිඛී නම් සම්මාසම්බුදුන්ට මේ සිත පහළවිය. ‘මේ සත්වලෝකයා (මේ සත්වලෝකයට) දුකසේ පැමිණියේ උපදීද, ජරාවට පත්වීද, මැරේද, චුතවේද, පිළිසිඳ ගනීද එතකුදු වුවත් ජරාමරණයෙන් යුත් මේ දුක නැති කිරීම නොදනී. කවර කලක ජරාමරණයෙන් යුත් මේ දුක නැති කිරීම දකින්නේද?’ කියායි. ඉක්බිති සිඛී නම් බෝසතුන්ට මේ අදහස පහළ විය. ‘කුමක් ඇති කල්හි ජරාව සහ මරණය ඇති වේද, කුමක් නිසා ජරාව සහ මරණය ඇති වේද?’ කියායි. “මහණෙනි, ඉක්බිති සිඛී නම් බෝසතුන්ට ඇති තතු මෙනෙහි කිරීමෙන් සහ නුවණින් මෙනෙහි කිරීමෙන් ඉපදීම ඇති කල වනාහි ජරාව සහ මරණය ඇතිවෙයි. ඉපදීම නිසා ජරාව සහ මරණය ඇති වෙයි කියා (නුවණින්) අවබෝධ විය. “මහණෙනි, ඉක්බිති සිඛී නම් බෝසතුන්ට මේ සිත පහළ විය. ‘කුමක් ඇති කල්හි ඉපදීම ඇති වේද, කුමක් නිසා ඉපදීම ඇතිවේද?’ කියායි. මහණෙනි, ඉක්බිති සිඛී නම් බෝසතුන්ට ඇති තතු මෙනෙහි කිරීමෙන් භවය ඇති කල්හි වනාහි ඉපදීම ඇතිවෙයි කියා (නුවණින්) අවබෝධ විය. “මහණෙනි, ඉක්බිති සිඛී නම් බෝසතුන්ට මේ අදහස පහළ විය. ‘කුමක් ඇති කල්හි වනාහි භවය ඇති වේද, කුමක් නිසා භවය ඇතිවේද?’ කියායි. මහණෙනි, ඉක්බිති සිඛී නම් බෝසතුන්ට ඇති තතු මෙනෙහි කිරීමෙන් ‘උපාදානය (තදින් ඇලීම) ඇති කල්හි වනාහි භවය ඇති වෙයි. උපාදානය නිසා භවය ඇති වෙයි’ කියා නුවණින් අවබෝධ විය. “මහණෙනි, ඉක්බිති සිඛී නම් බෝසතුන්ට මේ අදහස පහළ විය. ‘කුමක් ඇති කල්හි වනාහි උපාදානය ඇතිවේද, කුමක් නිසා උපාදානය ඇතිවේද?’ කියායි. මහණෙනි, ඉක්බිති සිඛී නම් බෝසතුන්ට ඇති තතු මෙනෙහි කිරීමෙන් තණ්හාව ඇති කල්හි වනාහි උපාදානය ඇතිවෙයි’ තණ්හාව නිසා උපාදානය ඇතිවෙයි කියා (නුවණින්) අවබෝධ විය. “මහණෙනි, ඉක්බිති සිඛී නම් බෝසතුන්ට මේ අදහස පහළ විය. ‘කුමක් ඇති කල්හි තණ්හාව ඇතිවේද කුමක් නිසා තණ්හාව ඇතිවේද?’ කියායි. මහණෙනි, ඉක්බිති සිඛී නම් බෝසතුන්ට ඇති තතු මෙනෙහි කිරීමෙන් ‘වේදනාව ඇති කල්හි වනාහි තණ්හාව ඇතිවෙයි කියා (නුවණින්) අවබෝධ විය. “මහණෙනි, ඉක්බිති සිඛී නම් බෝසතුන්ට මේ අදහස පහළ විය. ‘කුමක් ඇති කල්හි වේදනාව ඇතිවේද, කුමක් නිසා වේදනාව ඇතිවේද?’ කියායි. මහණෙනි, ඉක්බිති සිඛී නම් බෝසතුන්ට ඇති තතු මෙනෙහි කිරීමෙන් ‘ස්පර්ශය ඇති කල්හි වනාහි වේදනාව ඇති වෙයි. ස්පර්ශය නිසා වේදනාව ඇතිවෙයි’ කියා (නුවණින්) අවබෝධ විය. “මහණෙනි; ඉක්බිති සිඛී නම් බෝසතුන්ට මේ අදහස පහළවිය. ‘කුමක් ඇති කල්හි වනාහි ස්පර්ශය ඇති වේද, කුමක් නිසා ස්පර්ශය ඇතිවේද?’ කියායි. මහණෙනි, ඉක්බිති සිඛී නම් බෝසතුන්ට ඇති තතු මෙනෙහි කිරීමෙන් ‘සළායතනයන් ඇති කල්හි වනාහි ස්පර්ශය ඇතිවෙයි, සළායතනය නිසා ස්පර්ශය ඇති වෙයි, කියා (නුවණින්) අවබෝධ විය. “මහණෙනි; ඉක්බිති සිඛී නම් බෝසතුන්ට මේ අදහස පහළවිය. ‘කුමක් ඇතිකල්හි වනාහි සළායතනයන් ඇතිවේද, කුමක් නිසා සළායතනයන් ඇතිවේද?’ මහණෙනි; සිඛී නම් බෝසතුන්ට ඇතිතතු මෙනෙහි කිරීමෙන් ‘නාමරූපයන් ඇති කල්හි වනාහි සළායතනයන් ඇතිවෙයි. නාමරූපයන් නිසා සළායතනයන් ඇතිවෙයි’ කියා (නුවණින්) අවබෝධ විය. මහණෙනි; ඉක්බිති සිඛී නම් බෝසතුන්ට මේ අදහස පහළවිය. ‘කුමක් ඇති කල්හි වනාහි නාමරූපයන් ඇතිවේද, කුමක් නිසා නාමරූපයන් ඇතිවේද?’ කියායි. මහණෙනි; සිඛී නම් බෝසතුන්ට ඇතිතතු මෙනෙහි කිරීමෙන් ‘විඤ්ඤාණය ඇති කල්හි නාමරූප ඇතිවෙයි. විඤ්ඤාණය නිසා නාමරූප ඇතිවෙයි’ කියා (නුවණින්) අවබෝධ විය. “මහණෙනි; ඉක්බිති සිඛී නම් බෝසතුන්ට මේ අදහස පහළවිය. ‘කුමක් ඇතිකල්හි වනාහි විඤ්ඤාණය ඇතිවේද?, කුමක් නිසා විඤ්ඤාණය ඇතිවේද?’ කියායි. මහණෙනි; සිඛී නම් බෝසතුන්ට ඇතිතතු මෙනෙහි කිරීමෙන් ‘සංස්කාරයන් ඇති කල්හි වනාහි විඤ්ඤාණය ඇතිවෙයි. සංස්කාරයන් නිසා විඤ්ඤාණය ඇති වෙයි කියා’ (නුවණින්) අවබෝධ විය. “මහණෙනි, සිඛී නම් බෝසතුන්ට මේ අදහස පහළවිය. ‘කුමක් ඇති කල්හි වනාහි සංස්කාරයන් ඇතිවේද?, කුමක් නිසා සංස්කාරයන් ඇතිවේද?’ කියායි. මහණෙනි; ඉක්බිති සිඛී නම් බෝසතුන්ට ඇතිතතු මෙනෙහි කිරීමෙන් ‘අවිද්‍යාව ඇතිකල්හි වනාහි සංස්කාරයන් ඇති වෙයි. අවිද්‍යාව නිසා සංස්කාරයන් ඇතිවෙයි. කියා (නුවණින්) අවබෝධ විය. ‘මෙසේ මෙය වනාහි අවිද්‍යාව නිසා සංස්කාරද, සංස්කාර නිසා විඤ්ඤාණයද, විඤ්ඤාණය නිසා නාමරූපද, නාමරූප නිසා සළායතනද, සළායතන නිසා ස්පර්ශයද, ස්පර්ශය නිසා වේදනාවද, වේදනාව නිසා තණ්හාවද, තණ්හාව නිසා උපාදානයද, උපාදානය නිසා භවයද, භවය නිසා ජාතිය (ඉපදීම) ද, ජාතිය (ඉපදීම) නිසා ජරා, මරණ, සෝක, පරිදේව, දුක්, දොම්නස් සහ උපායාසයෝද ඇතිවෙත්. මෙසේ මේ සියලු (එකම) දුක් ගොඩ ඇතිවීම වෙයි. මහණෙනි; සිඛී නම් බෝසතුන්ට වනාහි ඇතිවීම, ඇතිවීම යයි පෙර නොඇසූ මේ කාරණයෙහි නුවණැස පහළ විය. ඤාණය පහළවිය. ප්‍රඥාව පහළවිය. විද්‍යාව පහළවිය. ආලෝකය පහළවිය. මහණෙනි; සිඛී නම් බෝසතුන්ට මේ අදහස පහළවිය. ‘කුමක් නැති කල්හි වනාහි ජරාමරණය නැතිවේද, කවරක් නැතිවීමෙන් ජරාමරණය නැතිවේද?’ කියායි. මහණෙනි; ඉක්බිති සිඛී නම් බෝසතුන්ට ඇතිතතු මෙනෙහි කිරීමෙන් සහ ‘ඉපදීම නැති කල්හි වනාහි ජරාමරණය ඇති නොවේ. ඉපදීම නැති කිරීමෙන් ජරාව සහ මරණය නැතිවේ’යයි (නුවණින්) අවබෝධ විය. “මහණෙනි; ඉක්බිති සිඛී නම් බෝසතුන්ට මේ සිත පහළවිය. ‘කුමක් නැති කල්හි වනාහි ඉපදීම නැතිවේද, කවරක් නැතිවීමෙන් ඉපදීම නැතිවේද?’ කියායි. මහණෙනි; ඉක්බිති සිඛී නම් බෝසතුන්ට, ඇතිතතු මෙනෙහි කිරීමෙන් භවය නැති කල්හි වනාහි ඉපදීම ඇති නොවේ. භවය නැති කිරීමෙන් ඉපදීම නැතිවේය’යි (නුවණින්) අවබෝධවිය. “මහණෙනි; සිඛී නම් බෝසතුන්ට මේ සිත පහළ විය. ‘කුමක් නැති කල්හි වනාහි භවය නැතිවේද, කවරක් නැතිවීමෙන් භවය නැතිවේද?’ කියායි. මහණෙනි; ඉක්බිති සිඛී නම් බෝසතුන්ට ඇතිතතු මෙනෙහි කිරීමෙන් ‘උපාදානය නැති කල්හි වනාහි භවය ඇතිනොවේ. උපාදානය නැති කිරීමෙන් භවය නැතිවේයයි’ (නුවණින්) අවබෝධ විය. “මහණෙනි, ඉක්බිති සිඛී නම් බෝසතුන්ට මේ සිත පහළ විය. ‘කුමක් නැති කල්හි වනාහි උපාදානය නැති වේද, කවරක් නැති වීමෙන් උපාදානය නැතිවේද?’ කියායි. මහණෙනි, ඉක්බිති සිඛී නම් බෝසතුන්ට ඇති තතු මෙනෙහි කිරීමෙන් තණ්හාව නැති කල්හි වනාහි උපාදානය ඇති නොවේ. තණ්හාව නැති කිරීමෙන් උපාදානය නැති වේයයි’ (නුවණින්) අවබෝධ විය. “මහණෙනි, ඉක්බිති සිඛී නම් බෝසතුන්ට මේ සිත පහළ විය. ‘කුමක් නැති කල්හි වනාහි තණ්හාව නැතිවේද, කවරක් නැතිවීමෙන් තණ්හාව නැතිවේද?’ කියායි. මහණෙනි, ඉක්බිති සිඛී නම් බෝසතුන්ට ඇති තතු මෙනෙහි කිරීමෙන් ‘වේදනාව නැති කල්හි වනාහි තණ්හාව ඇති නොවේ. වේදනාව නැති කිරීමෙන් තණ්හාව නැති වේයයි’ (නුවණින්) අවබෝධ විය. “මහණෙනි, ඉක්බිති සිඛී නම් බෝසතුන්ට මේ සිත පහළ විය. ‘කුමක් නැති කල්හි වනාහි වේදනාව නැති වේද, කවරක් නැතිවීමෙන් වේදනාව නැතිවේද?’ කියායි. මහණෙනි, ඉක්බිති සිඛී නම් බෝසතුන්ට ඇතිතතු මෙනෙහි කිරීමෙන් ‘ස්පර්ශය නැති කල්හි වනාහි වේදනාව ඇතිනොවේ. ස්පර්ශය නැති කිරීමෙන් වේදනාව නැතිවේයයි’ (නුවණින්) අවබෝධ විය. “මහණෙනි, ඉක්බිති සිඛී නම් බෝසතුන්ට මේ සිත පහළ විය. ‘කුමක් නැති කල්හි වනාහි ස්පර්ශය නැති වේද, කවරක් නැති වීමෙන් ස්පර්ශය නැතිවේද?’ කියායි. මහණෙනි, ඉක්බිති සිඛී නම් බෝසතුන්ට ඇතිතතු මෙනෙහි කිරීමෙන් ‘සළායතනයන් නැති කල්හි වනාහි ස්පර්ශය ඇති නොවේ. සළායතනයන් නැති කිරීමෙන් ස්පර්ශය නැති වේයයි’ (නුවණින්) අවබෝධ විය. “මහණෙනි, ඉක්බිති සිඛී නම් බෝසතුන්ට මේ සිත පහළ විය. ‘කුමක් නැතිකල්හි වනාහි සළායතනයන් නැතිවේද, කවරක් නැතිවීමෙන් සළායතනයන් නැති වේද?’ කියායි. මහණෙනි, ඉක්බිති සිඛී නම් බෝසතුන්ට ඇතිතතු මෙනෙහි කිරීමෙන් ‘නාමරූපයන් නැති කල්හි වනාහි සළායතනයන් ඇති නොවේ. නාමරූපයන් නැති කිරීමෙන් සළායතනයන් නැතිවේයි’ (නුවණින්) අවබෝධ විය. “මහණෙනි, ඉක්බිති සිඛී නම් බෝසතුන්ට මේ සිත පහළ විය. ‘කුමක් නැතිකල්හි වනාහි නාමරූපයන් නැතිවේ, කවරක් නැතිවීමෙන් නාමරූපයන් නැතිවේද?’ කියායි. මහණෙනි, ඉක්බිති සිඛී නම් බෝසතුන්ට ඇති තතු මෙනෙහි කිරීමෙන් විඤ්ඤාණය නැති කල්හි වනාහි නාමරූපයන් ඇති නොවේ විඤ්ඤාණය නැති කිරීමෙන් නාමරූපයන් නැති වේය’යි (නුවණින්) අවබෝධ විය. “මහණෙනි, ඉක්බිති සිඛී නම් බෝසතුන්ට මේ සිත පහළ විය. ‘කුමක් නැති කල්හි වනාහි විඤ්ඤාණය ඇති නොවේද, කවරක් නැති වීමෙන් විඤ්ඤාණය නැති වේද?’ කියායි. මහණෙනි, ඉක්බිති සිඛී නම් බෝසතුන්ට ඇති තතු මෙනෙහි කිරීමෙන් ‘සංස්කාර නැති කල්හි වනාහි විඤ්ඤාණය ඇති නොවේ. සංස්කාර නැතිකිරීමෙන් විඤ්ඤාණය නැතිවේය’යි (නුවණින්) අවබෝධ විය. “මහණෙනි, ඉක්බිතිව සිඛී නම් බෝසතුන්ට මේ අදහස පහළ විය. ‘කුමක් නැති කල්හි වනාහි සංස්කාර නැතිවේද, කවරක් නැති කිරීමෙන් සංස්කාර නැති වේද?’ කියායි. මහණෙනි, ඉක්බිති සිඛී නම් බෝසතුන්ට ඇති තතු මෙනෙහි කිරීමෙන් අවිද්‍යාව නැති කල්හි වනාහි සංස්කාර ඇති නොවේ. අවිද්‍යාව නැතිකිරීමෙන් සංස්කාර නැතිවේයයි’ (නුවණින් අවබෝධ විය. මෙසේ අවිද්‍යාව නැතිවීමෙන් සංස්කාර නැතිවේ. සංස්කාර නැතිවීමෙන් විඤ්ඤාණය නැතිවේ. විඤ්ඤාණය නැතිවීමෙන් නාමරූප නැතිවෙයි. නාමරූප නැති වීමෙන් සළායතන නැතිවෙයි. සළායතන නැතිවීමෙන් ස්පර්ශය නැතිවෙයි. ස්පර්ශය නැතිවීමෙන් වේදනාව නැති වෙයි. වේදනාව නැතිවීමෙන් තණ්හාව නැතිවෙයි. තණ්හාව නැතිවීමෙන් උපාදානය නැතිවෙයි. උපාදානය නැතිවීමෙන් භවය නැතිවෙයි. භවය නැතිවීමෙන් ජාතිය (උප්පත්තිය) නැතිවෙයි. ජාතිය (උප්පත්තිය) නැතිවීමෙන් ජරා, මරණ, ශෝක, පරිදේව, දුක්, දොම්නස් සහ උපායාසයෝ නැතිවෙත්. මෙසේ මේ සියලු දුක් ගොඩ නැති වෙයි. මහණෙනි, සිඛී නම් බෝසතුන්ට වනාහි නැතිවීම නැතිවීම යයි පෙර නො ඇසූ විරූ ධර්මය විෂයෙහි නුවණැස පහළ විය. විද්‍යාව පහළ විය. ආලෝකය පහළ විය.” (පස්වන සිඛී සූත්‍රය නිමි)",sin,nadil,sinhala,sinhala
"මා විසින් මෙසේ අසන ලදී. එක් සමයෙක්හි භාග්‍යවතුන් වහන්සේ බුද්ධත්වය ලැබූ අළුත උරුවේලාවෙහි නෙරඤ්ජා නදී තෙර අජපාල නුගරුක මුල වැඩ සිටි සේක. එකල්හි රහසිගතව විවේක සැපයෙන් සිටියාවූ භාග්‍යවතුන් වහන්සේට මෙබඳු අදහසක් පහළවීය. ‘සත්වයන්ගේ පිරිසිදු වීම පිණිසද ශෝක කිරීම වැළපීම යන මොවුන්ගේ ඉක්මවීම පිණිසද දුක් දොම්නස් පහකිරීම පිණිසද ආර්‍ය්‍යඅෂ්ටාංගික මාර්ගයට පැමිණීම පිණිසද නිර්වාණය ප්‍රත්‍යක්ෂකර ගැනීම පිණිසද පවත්නාවූ යම් මේ සතර සතිපට්ඨාන කෙනෙක් වෙත්ද, මෙය එකම මාර්ගය වන්නේය’ යනුයි. “සතර සතිපට්ඨානයෝ කවරහුද? මහණතෙම කෙලෙස්තවන වීර්‍ය්‍යය ඇතිව යහපත් නුවණ ඇතිව සිහියෙන් යුක්තව මේ ලෝකයෙහි ලෝභයද ක්‍රෝධයද සංසිඳවා කයෙහි කය නැවත නැවත බලමින් වාසය කෙරේද, “මහණතෙම කෙලෙස් තවන වීර්‍ය්‍යය ඇතිව යහපත් නුවණ ඇතිව සිහියෙන් යුක්තව මේ ලෝකයෙහි ලෝභයද ක්‍රෝධයද සංසිඳවා වේදනාවෙහි වේදනාව නැවත නැවත බලමින් වාසය කෙරේද, “මහණතෙම කෙලෙස් තවන වීර්‍ය්‍යය ඇතිව යහපත් නුවණ ඇතිව සිහියෙන් යුක්තව මේ ලෝකයෙහි ලෝභයද ක්‍රෝධයද සංසිඳවා චිත්තයන්හි චිත්තයන් නැවත නැවත බලමින් වාසය කෙරේද, “මහණතෙම කෙලෙස් තවන වීර්‍ය්‍යය ඇතිව යහපත් නුවණ ඇතිව වීර්‍ය්‍යයෙන් යුක්තව මේ ලෝකයෙහි ලෝභයද ක්‍රෝධයද සංසිඳවා නීවරණාදී ධර්මයන් කෙරෙහි ධර්මයන් නැවත නැවත බලමින් වාසය කෙරේද, ‘සත්වයන්ගේ පිරිසිදු බව පිණිසද ශෝකකිරීම වැළපීම යන මොවුන්ගේ ඉක්මවීම පිණිසද දුක් දොම්නස් පහකිරීම පිණිසද ආර්‍ය්‍යඅෂ්ටාංගික මාර්ගයට පැමිණීම පිණිසද නිර්වාණය ප්‍රත්‍යක්ෂ කිරීම පිණිසද යම් ඒ සතර සතිපට්ඨාන කෙනෙක් වෙත්ද මෙය එකම මාර්ගයවෙයි. එකල්හි සහම්පතී මහා බ්‍රහ්මතෙමේ භාග්‍යවතුන් වහන්සේගේ අදහස තමාගේ සිතින් දැන යම්සේ බලවත් පුරුෂයෙක් හැකුලු අතක් දිග හරින්නේද, දික්කළ අතක් හකුලන්නේද, එපරිද්දෙන් බඹලොවෙහි අතුරුදහන්වූයේ භාග්‍යවතුන් වහන්සේගේ ඉදිරියෙහි පහළවිය. ඉක්බිති සහම්පතී මහාබ්‍රහ්මතෙමේ උතුරු සළුව එක් අංශයක කොට භාග්‍යවතුන් වහන්සේට ඇඳිලි බැඳ මෙසේ කීය. “භාග්‍යවතුන් වහන්ස, එය එසේය. සුගතයන් වහන්ස, එය එසේය. සත්වයන්ගේ පිරිසිදුවීම පිණිස ශෝක කිරීම වැළපීම යන මොවුන්ගේ ඉක්මවීම පිණිස දුක් දොම්නස් පහකිරීම පිණිස ආර්‍ය්‍යඅෂ්ටාංගික මාර්ගයට පැමිණීම පිණිස නිර්වාණය ප්‍රත්‍යක්ෂ කිරීම පිණිස යම් ඒ සතර සතිපට්ඨාන කෙනෙක් වෙත්ද, මෙය එකම මාර්ගය වන්නේය. “ඒ සතර සතිපට්ඨානයෝ කවරහුද? ස්වාමීනි, මහණතෙම කෙලෙස් තවන වීර්‍ය්‍යය ඇතිව යහපත් නුවණ ඇතිව සිහියෙන් යුක්තව මේ ලෝකයෙහි ලෝභයද ක්‍රෝධයද සංසිඳවා කයෙහි කය නැවත නැවත බලමින් වාසය කෙරේද, “ස්වාමීනි, මහණතෙම කෙලෙස් තවන වීර්‍ය්‍යය ඇතිව යහපත් නුවණ ඇතිව සිහියෙන් යුක්තව මේ ලෝකයෙහි ලෝභයද ක්‍රෝධයද සංසිඳවා වේදනාවෙහි වේදනාව නැවත නැවත බලමින් වාසය කෙරේද, “ස්වාමීනි, මහණතෙම කෙලෙස් තවන වීර්‍ය්‍යය ඇතිව යහපත් නුවණ ඇතිව සිහියෙන් යුක්තව මේ ලෝකයෙහි ලෝභයද ක්‍රෝධයද සංසිඳවා චිත්තයන්හි චිත්තයන් නැවත නැවත බලමින් වාසය කෙරේද, “ස්වාමීනි, මහණතෙමේ කෙලෙස් තවන වීර්‍ය්‍යය ඇතිව යහපත් නුවණ ඇතිව සිහියෙන් යුක්තව මේ ලෝකයෙහි ලෝභයද ක්‍රෝධයද සංසිඳවා නීවරණාදී ධර්මයන් කෙරෙහි ධර්මයන් නැවත නැවත බලමින් වාසය කෙරේද, “ස්වාමීනි, සත්වයන්ගේ පිරිසිදු බව පිණිස ශෝක කිරීම වැළපීම යන මොවුන්ගේ ඉක්මවීම පිණිස දුක් දොම්නස් පහකිරීම පිණිස ආර්‍ය්‍යඅෂ්ටාංගික මාර්ගයට පැමිණීම පිණිස නිර්වාණය ප්‍රත්‍යක්ෂ කිරීම පිණිස යම් ඒ සතර සතිපට්ඨාන කෙනෙක් වෙත්ද, මෙය එකම මාර්ගය වන්නේය යනුයි.” සහම්පතී බ්‍රහ්මතෙම මෙසේ කීය. මෙසේ කියා නැවත මෙසේ කීය. “හිතානුකම්පීවූ ඉපදීම ක්ෂය කිරීමයයි කියන ලද නිර්වාණය දන්නාවූ බුදුරජාණන් වහන්සේ නිවනට යා යුතු එකම මාර්ගය වන්නාවූ මාර්ගය දක්නා සේක. අතීතයෙහි යම් කෙනෙක් සතර ඕඝයන් එතෙර කළාහු නම් ඔව්හුද මේ මාර්ගයෙන්ම එතෙරවූහ. අනාගතයෙහි යම් කෙනෙක් එතෙර වන්නාහු නම් ඔව්හුද මේ මාර්ගයෙන්ම එතෙර වන්නාහ. මේ කාලයෙහි යම් කෙනෙක් එතෙර වෙත්නම් ඔව්හුද මේ මාර්ගයෙන්ම එතෙර වෙත්.”",sin,nadil,sinhala,sinhala
කරොති වසතිං තුට්ඨො-තත්‍රට්ඨෙහි සුපූජිතො,pli,nadil,pali,sinhala
"‘‘තං මෙ බුද්ධො වියාකාසි, පියදස්සී මහාමුනි; සහස්සකණ්ඩො සතභෙණ්ඩු (සතගෙණ්ඩු (ස්‍යා. ක.)), ධජාලු හරිතාමයො.",pli,nadil,pali,pali
“ලෝකයාගේ පූජාවන් පිළිගත්තාවූ පදුමුත්තර බුදුරජ තෙම මාගේ දානය පසසමින් මට අනුමෝදනාවක් කළ සේක. (කෙසේදයත්),sin,nadil,sinhala,sinhala
"‘‘යස්ස නස්ස (නත්ථි (සී. පී.)) ඝරෙ දාසො, අස්සො චස්සතරීරථො; හත්ථී ච කුඤ්ජරො නාගො, කිං සො දජ්ජා පිතාමහ’’.",pli,nadil,pali,pali
"‘‘අභිත්ථවිත්වා සිඛිනං, නිමිත්තකරණෙනහං; ආසනං අභිවාදෙත්වා, පක්කාමිං උත්තරාමුඛො.",pli,nadil,pali,pali
"“කෙළෙස් ගැහැවීයන් හා සමානවූ ඔව්හුද, බ්‍රාහ්මණයෝයයි කියනු ලැබෙත්. මහරජ, ඒ කෙළෙඹි ගැහැවියන් සමාන බ්‍රාහ්මණයෝ මා විසින් කියන ලදහ. එබඳු වූවන් වෙත පැමිණ ආරාධනා කරමුයි කීයේය.",sin,nadil,sinhala,sinhala
"“සුමුඛය, ඒ ස්ත්‍රීන් කෙරෙහි ක්‍රීඩාවෝද පිහිටියාහුය. ඒ ස්ත්‍රීන් කෙරෙහි පස්කම් ගුණයෙහි ආලයෝද පිහිටියාහුය. යම් මේ සත්ව කෙනෙක් උපදිත් නම් ඒ බීජයෝද ඔවුන් කෙරෙහිම හටගනිත්. “තමන්ගේ ප්‍රාණයෙන් ඔවුන්ගේ ප්‍රාණය ආසාදනය කොට හෙවත් දිවිහරිමින්ද කවරනම් පුරුෂයෙක් ඔවුන් කෙරෙහි කලකිරෙන්නේද?",sin,nadil,sinhala,sinhala
“ඒ මම මගේ නුවරම දන්දෙන්නේ නගරවාසීන් විසින් පෙළනුලැබීමි. සිවිරට වාසීන්ගේ වචනයෙන් තම රටින් මම නික්මෙන්නෙමි.,sin,nadil,sinhala,sinhala
"“මහණෙනි, දෙවියන් කෙරෙහි කලින් කල දෙවියන්ගේ මේ තුන් ශබ්දයෝ පවතිත්. කවර තුන් හඬද යත්? මහණෙනි, යම්කලෙක්හි ආර්ය ශ්‍රාවකතෙමේ කෙස් රැවුල් බා සිවුරු හැඳ පොරොවා ගිහිගෙන් නික්ම ශාසනයෙහි පැවිදිවීම පිණිස සිතාද, එම ආර්ය ශ්‍රාවකතෙමේ (ක්ලෙශ) මාරයා සමග සටන් කරනු පිණිස සිතා”යයි එකල්හි දෙවියන් කෙරෙහි දෙවියන්ගේ ශබ්දය කලින් කල පැතිරෙයි. මහණෙනි, දෙවියන් කෙරෙහි කලින් කල මේ පළමුවන දෙව්හඬ පැතිරෙයි. “නැවතද මහණෙනි, යම්කලෙක්හි ආර්ය ශ්‍රාවක තෙමේ සත්තිස් බෝධිපාක්ෂික ධර්මයන්හි භාවනානු යොගයෙහි නැවත නැවත යෙදුනේ වේද, එකල්හි “එම ආර්ය ශ්‍රාවක තෙමේ (කෙලෙස් නමැති) මරුවා සමග යුද කෙරේ”යයි දෙවියන් කෙරෙහි දෙවියන්ගේ හඬ කලින් කල පැතිරෙයි. මහණෙනි, දෙවියන් කෙරෙහි කලින් කල මේ දෙවන දෙව් හඬ පැතිරෙයි. “නැවතද මහණෙනි, ආර්ය ශ්‍රාවකතෙමේ (කාමාදී) ආශ්‍රවයන්ගේ ක්ෂයකිරීම හේතුකොටගෙන ආශ්‍රව රහිතවූ අර්හත්ඵල සමාධියද අර්හත්ඵලය හා යෙදුන ප්‍රඥාවද මේ ආත්ම භාවයේදීම තෙමේම විශිෂ්ට ඥානයෙන් දැන ප්‍රත්‍යක්ෂ කොට පැමිණ වාසය කෙරේද, මහණෙනි, එකල්හි අර ආර්ය ශ්‍රාවක තෙමේ දිනන ලද ක්ලෙස යුද්ධ ඇත්තේ වෙසේයයි දෙවියන් කෙරෙහි කලින් කල දෙවියන්ගේ හඬ පැතිරෙයි. මහණෙනි, දෙවියන් කෙරෙහි කලින් කල මේ තුන්වන දෙව් හඬ පැතිරෙයි. මහණෙනි, දෙවියන් කෙරෙහි කලින් කල මේ තුන් හඬවල් වනාහි පැතිරෙත් යයි.” මේ අර්ථය භාග්‍යවතුන් වහන්සේ වදාළසේක. එහි මේ අර්ථය මෙසේ කියනු ලැබේ. “දිනන ලද (ක්ලෙශ) යුද්ධය ඇත්තාවූ (ගුණයෙන් මහත්වූ හෝ පූජ්‍යවූ පහවගිය (කෙලෙස්) බිය ඇත්තාවූ සම්‍යක් සම්බුදුහුගේ ශ්‍රාවකයා දැක දෙවියෝද වඳිත්. “යම් බඳුවූ නුඹවහන්සේ වැළකීමක් නැත්තාවූ මරහුගේ සේනාව ආර්ය මාර්ගයෙන් ජයගෙන දුෂ්කරවූ දිනීම ලබාගත්තේද, එහෙයින් ඔබට නමස්කාර වේවා”යි “යම් හෙයකින් ඒ ශ්‍රේෂ්ඨ පුරුෂයාගේ ප්‍රාර්ථනාව සොයන්නේද දෙවියෝ ස්වල්ප මාත්‍රයකුදු ඒ කාරණය නොදනිත්ද, යම්හෙයකින් හෙතෙම මරුවාගේ වසඟයට යන්නේද, එහෙයින් මේ ප්‍රකාරයෙන් පැමිණි අර්හත් ඵලය ඇති මේ ක්ෂීණාශ්‍රවවූ විශුද්ධ දෙවියාට දෙවියෝ නමස්කාර කෙරෙත්යයි.”",sin,nadil,sinhala,sinhala
මේ චංචක ධර්ම පොත බොහෝ උගතුන්ගේ ප්රශංසාවට ලක් වූ බවත් මා දන්නවා,sin,nadil,sinhala,sinhala
"“වැන්දඹුවගේ ඉඳුල් කෑමට අප්‍රියය. යමෙක් ඈ අතින් නොකැමැත්තෙන් අදියි. වැන්දඹුව ලෝකයෙහි කටුකය. උතුමාණනි, යන්නෙම්මය.",sin,nadil,sinhala,sinhala
"“ඇවැත්වූ ඡන්නය, ඇසය, ඇසෙහි උපදින විඤ්ඤාණය, ඇසෙහි උපදින විඤ්ඤාණයෙන් දතයුතු ධර්මයන්ය යන මෙය මාගේය, මෙතෙම මම වෙමි, මෙතෙම මාගේ ආත්මයයි දක්නෙහිද, ඇවැත්වූ ඡන්නය, කණය, කණෙහි උපදින විඤ්ඤාණය කණ පිළිබඳවූ විඤ්ඤාණයෙන් දතයුතු ධර්මයන්ය. (යන මොවුන්) මෙය මාගේය මෙතෙම මම වෙමි. මෙතෙම මාගේ ආත්මයයි දක්නෙහිද? ඇවැත්වූ ඡන්නය, නාසය, නාසයෙහි උපදින විඤ්ඤාණය, (නාසය පිළිබඳවූ විඤ්ඤාණයෙන් දතයුතු ධර්මයන්ය (යන මොවුන්) මෙය මාගේය, මෙතෙම මම වෙමි. මෙතෙම මාගේ ආත්මයයි දක්නෙහිද, ඇවැත්වූ ඡන්නය, දිවය, දිවෙහි උපදින විඤ්ඤාණය දිව පිළිබඳවූ විඤ්ඤාණයෙන් දතයුතු ධර්මයන්ය, (යන මොවුන්) මෙය මාගේය. මෙතෙම මම වෙමි. මෙතෙම මාගේ ආත්මයයි දක්නෙහිද, ඇවැත්වූ ඡන්නය කයය, කයෙහි උපදින විඤ්ඤාණය, කය පිළිබඳවූ විඤ්ඤාණයෙන් දතයුතු ධර්මයන්ය, (යන මොවුන්) මෙය මාගේය, මෙතෙම මම වෙමි. මෙතෙම මාගේ ආත්මයයි දක්නෙහිද, ඇවැත්වූ ඡන්නය, මනොවිඤ්ඤාණය, මනො විඤ්ඤාණයෙන් දතයුතු ධර්මයන්ය යන මෙය මාගේය, මෙතෙම මම වෙමි. මෙතෙම මාගේ ආත්මයයි, දක්නෙහිදැයි?” (ඇසුවේය.) “ආයුෂ්මත්වූ ශාරීපුත්‍ර ස්ථවිරයන් වහන්ස, ඇසය, ඇස පිළිබඳවූ විඤ්ඤාණය ඇස පිළිබඳ විඤ්ඤාණයෙන් දත යුතු ධර්මයන්ය යන මෙය මාගේ නොවෙයි. මෙතෙම මම නොවෙමි. මෙතෙම මාගේ ආත්මයයි නොදක්නෙමි. ආයුෂ්මත්වූ ශාරීපුත්‍ර ස්ථවිරයන් වහන්ස, කණය කණ පිළිබඳවූ විඤ්ඤාණය කණ පිළිබඳවූ විඤ්ඤාණයෙන් දතයුතු ධර්මයන්ය (යන මොවුන්) මෙය මාගේ නොවෙයි. මෙතෙම මම නොවෙමි. මෙතෙම මාගේ ආත්මයයි නොදකිමි. ආයුෂ්මත් ශාරීපුත්‍ර ස්ථවිරයන් වහන්ස නාසය, නාසය පිළිබඳවූ විඥානය නාසය පිළිබඳවූ විඤ්ඤාණයෙන් දතයුතු ධර්මයන්ය. (යන මොවුන්) මෙය මාගේ නොවෙයි. මෙතෙම මම නොවෙමි. මෙතෙම මාගේ ආත්මයයි නොදකිමි. ආයුෂ්මත්වූ ශාරීපුත්‍ර ස්ථවිරයන් වහන්ස, දිවය දිව පිළිබඳවූ විඥානය දිව පිළිබඳ වූ විඤ්ඤාණයෙන් දතයුතු ධර්මයන්ය (යන මොවුන්) මෙය මාගේ නොවෙයි. මෙතෙම මම නොවෙමි. මෙතෙම මාගේ ආත්මයයි නොදකිමි. ආයුෂ්මත්වූ ශාරීපුත්‍ර ස්ථවිරයන් වහන්ස, කයය කය පිළිබඳවූ විඤ්ඤාණය කය පිළිබඳවූ විඤ්ඤාණයෙන් දතයුතු ධර්මයන්ය (යන මොවුන්) මෙය මාගේ නොවෙයි. මෙතෙම මම නොවෙමි. මෙතෙම මාගේ ආත්මයයි නොදකිමි. ආයුෂ්මත් ශාරීපුත්‍ර ස්ථවිරයන්වහන්ස, මනසය මනස පිළිබඳවූ විඥානය මනස පිළිබඳ විඥානයෙන් දතයුතුවූ ධර්මයන්ය, යන මෙය මාගේ නොවෙයි. මෙතෙම මම නොවෙමි. මෙතෙම මාගේ ආත්මය නොවේයයි දක්නෙමියි” (කීයේය.)",sin,nadil,sinhala,sinhala
"ඔහු මෙසේ සිත එකඟවූ කල්හි, පිරිසිදුවූ කල්හි, දීප්තිමත්වූ කල්හි, කාමහිත් රහතවූ කල්හි, ක්ලෙශයන් පහව ගිය කල්හි, මෘදුවූ කල්හි, කටයුත්තට යොග්‍යවූ කල්හි, හිත ස්ථිරවූ කල්හි, කම්පා නොවන භාවයට පැමිණි කල්හි, දිව්‍ය කණ සම්බන්ධ ඥානය පිණිස සිත ඉදිරිපත් කෙරෙයි. ඉදිරිපත් කොට නමයි. ඒ භික්ෂුව පිරිසිදුවූ මිනිස් බව ඉක්මවූ දිව්‍යමය කණ සම්බන්ධ ඥාණයෙන් දිව්‍යමයවූද, මනුෂ්‍යමයවූද, දුරෙහිවූද, සමීපයෙහිවූද, දෙයාකාර ශබ්දයන් අසයි. “මාණවකය, දික් මගට පැමිණි පුරුෂයෙක් බෙර හඬද මිහිඟු බෙර හඬද, සක්, පණාබෙර, ගැටබෙර හඬද, යම්සේ අසාද, ඔහුට මේ බෙරහඬ යයිද, මිහිඟු බෙරහඬයයිද, සක්, පණාබෙර, ගැටබෙර හඬයයිද සිතෙන්නේය. තරුණය, එලෙසින්ම භික්ෂුව මෙසේ සිත එකඟවූ කල්හි, පිරිසිදුවූ කල්හි, දීප්තිමත්වූ කල්හි, කාම හිත් රහිතවූ කල්හි, ක්ලෙශ පහවූ ක්ලේශයන් ඇති කල්හි, මෘදුවූ කල්හි, ස්ථිර බවට පැමිණි කල්හි, කම්පා නොවන බවට පැමිණි කල්හි, දිව්‍ය කණෙන් ලබන ඥානය පිණිස සිත ඉදිරිපත් කෙරෙයි, ඉදිරිපත් කොට නමයි. ඔහු මෙසේ පිරිසිදුවූ මිනිස් කණ ඉක්මවූ දිව්‍ය කණ සම්බන්ධ ඥානයෙන් දිව්‍යමයවූද, මනුෂ්‍යමයවූද දුරෙහිවූද, සමීපයෙහි වූද, දෙයාකාර ශබ්දයන් අසයි. මෙයද ඔහුගේ ප්‍රඥාවකි.",sin,nadil,sinhala,sinhala
"“තෘතීයධ්‍යානය තෘතීයධ්‍යානයයයි කියනු ලැබේ. තෘතීයධ්‍යානය කවරේද? “ඇවැත්නි, ඒ මට මෙසේ සිත් විය: ‘මේ ශාසනයෙහි මහණතෙම ප්‍රීතියෙන් වෙන්ව උපේක්ෂාවෙන් යුක්තවූයේ වාසය කරයිද, සිහි ඇත්තේ සම්‍යක් ප්‍රඥාවෙන් යුක්තවූයේ කයින් සැපය විඳියිද, යමෙකුට උපේක්ෂා සිහි ඇත්තේ සැපසේ වාසය කෙරේයයි ආර්යයෝ කියත් නම් ඒ තෘතීයධ්‍යානයට පැමිණ වාසය කරයිද, මේ තෘතීයධ්‍යානයයි කියනු ලැබේ. “ඇවැත්නි, ඒ මම ප්‍රීතියෙන් වෙන්වීමෙන් උපේක්ෂාවෙන් යුක්තව වාසය කරමි. සිහියෙන් හා ප්‍රඥාවෙන් යුක්තවූ කයින් සැපය විඳිමි. උපේක්ෂා ඇත්තේ සිහි ඇත්තේ සැප සේ වාසය කෙරේයයි යමෙකුට ආර්යයෝ කියත් නම් ඒ තෘතීයධ්‍යානයට පැමිණ වාසය කරමි. “ඇවැත්නි, ඒ විහරණයෙන් වාසය කරන්නාවූ මට ප්‍රීති සහගතවූ හැඟීම් මෙනෙහි කිරීම් පහළ වෙති. ඇවැත්නි එකල්හි භාග්‍යවතුන් වහන්සේ ඍද්ධියෙන් මාවෙත පැමිණ මෙසේ වදාළ සේක: මොග්ගල්ලානය, මොග්ගල්ලානය, බ්‍රාහ්මණය, තෘතීයධ්‍යානයෙහි ප්‍රමාද නොවව. තෘතීයධ්‍යානයෙහි සිත පිහිටුව. තෘතීයධ්‍යානයෙහි සිත එකඟ කරව. තෘතීයධ්‍යානයෙහි සිත තබව කියායි. “ඇවැත්නි, ඒ මම පසුව ප්‍රීතියෙන් වෙන්වීමෙන් උපේක්ෂාවෙන් යුක්තව වාසය කෙළෙමි. සිහියෙන් යුක්තව ප්‍රඥාවෙන් යුක්තව කයින් සැපයද වින්දෙමි. උපේක්ෂාවෙන් යුක්තව සිහියෙන් යුක්තව සැපසේ වාසය කෙරේ යයි යමෙකුට ආර්යයෝ කියත්නම් ඒ තෘතීයධ්‍යානයට පැමිණ වාසය කෙළෙමි. “ඇවැත්නි, යම් ශ්‍රාවකයෙකුට ශාස්තෲන් වහන්සේ විසින් අනුග්‍රහ කරනලද ශ්‍රාවක තෙම මහත් නුවණැති බවට පැමිණියේයයි කියන්නේනම්, ශාස්තෲන් වහන්සේ විසින් අනුග්‍රහ කරනලද ශ්‍රාවක තෙම මහත් නුවණැති බවට පැමිණියේයයි ඒ මා උදෙසා මනාකොට කියන්නේය.”",sin,nadil,sinhala,sinhala
“රට වර්ධනය කරන්නාවූ දීඝාවූ නම් කුමාරයා වහා ගෙනෙව්. ඔහු රාජ්‍යයෙහි අභිෂෙක කරන්නෙමි. හෙතෙම තොපගේ රජවන්නේයයි” රජතෙම කීයේය.,sin,nadil,sinhala,sinhala
"‘‘කුම්භීලා මකරා චෙත්ථ, සුසුමාරා (සුංසුමාරා (සී. ස්‍යා. )) ච කච්ඡපා; චරන්ති නදියා තත්ථ, සොභයන්තා මමස්සමං.",pli,nadil,pali,pali
"‘‘අනිච්චෙ දුක්ඛසඤ්ඤා, භික්ඛවෙ...පෙ.... ඡට්ඨං.",pli,nadil,pali,pali
"‘‘සම්මජ්ජනිං ගහෙත්වාන, සම්මජ්ජිත්වාන අස්සමං; චතුදණ්ඩෙ ඨපෙත්වාන, අකාසිං මණ්ඩපං තදා.",pli,nadil,pali,pali
"(17-3) 1. “ඔවුන්ට බුදුරජාණන් වහන්සේ ප්‍රකාශ කළසේක’ යන්නෙහි “ඔවුන්ට” යනු සොළොස් පාරායනීය බ්‍රාහ්මණයන්ට යනුයි. ‘බුද්ධ’ යනු යම් ඒ භාග්‍යවතුන් වහන්සේයි. (17-2) 1 බුදුන් යන තැන සිට යෙදිය යුතුයි.) ඔවුන්ට බුදුරජාණන් වහන්සේ ප්‍රකාශ කළසේක. කීසේක, දේශනා කළසේක, පැනවූසේක, තැබූසේක, විවෘත කළසේක, බෙදූසේක, යනුයි. ප්‍රශ්න විචාරණ ලද්දේ යනු ඉල්ලන ලද්දේ ආරාධනා කරණ ලද්දේ යනුයි. 2. “කීම පරිදි” යනු යම්සේ කිය යුතුද, එසේ කීසේක. යම්සේ දෙසිය යුතුද එසේ දෙසූ සේක, යම්සේ පැනවිය යුතු නම් එසේ පැනවූසේක, යම්සේ තැබිය යුතු නම් එසේ තැබූ සේක, යම්සේ බෙදිය යුතු නම් එසේ බෙදූසේක. යම්සේ ප්‍රකට කළ යුතු නම් එසේ ප්‍රකට කළ සේක. යම්සේ ප්‍රකාශ කළ යුතු නම් එසේ ප්‍රකාශ කළ සේක. ‘ප්‍රශ්නයන්ගේ විස්තර ප්‍රකාශ කිරීමෙන්’ යනු ප්‍රශ්නයන්ගේ ව්‍යාකරණයෙන් යනු කීමෙන්, දේශනා කිරීමෙන්, දැක්වීමෙන්, විවෘත කිරීමෙන්, බෙදීමෙන් ප්‍රකාශනයෙන් යනුයි. 3. “සතුටු කළසේක” යනු පැහැදවූසේක යනුයි. ‘බ්‍රාහ්මණයින්’ යනු සොළොස් පාරායනීය බ්‍රාහ්මණයින් යනුයි. 4. “මොන” යයි ඥානයට කියයි. (මහා නිද්දේසයේ (3-1) 3 යෙදිය යුතුයි. 1572 පිට) 5. “පංච චක්ෂූන් වහන්සේ විසින් ඔවුහු සතුටු කරවන ලදහ” යන්නෙහි ඔවුහු යනු සොළොස් පාරායන බ්‍රාහ්මණයෝ සතුටු කරවන ලදහ, ප්‍රශංසා කරවන ලදහ, ආරාධනය කරවන ලදහ. සතුටු කරවන ලදහ, යනුයි.",sin,nadil,sinhala,sinhala
"මා විසින් මෙසේ අසන ලදී. එක් කලෙක්හි භාග්‍යවතුන් වහන්සේ සැවැත් නුවර සමීපයෙහිවූ, අනේපිඬු සිටාණන් විසින් කරවන ලද, ජේතවනාරාමයෙහි වාසයකරන සේක. ඉක්බිති භාග්‍යවතුන් වහන්සේ නිය පිට පස් ස්වල්පයක් තබාගෙන භික්ෂූන් ඇමතූසේක. “මහණෙනි, ඒ කුමකැයි සිතන්නහුද? මා විසින් යම් මේ නිය පිට තබන ලද පස් ස්වල්පයද, මේ මහ පොළොවද යන දෙකින් කුමක් වනාහි වඩා ලොකු වෙයිද” “ස්වාමීනි, යම් මේ මහ පොළොවක් වේද, එයම වඩා ලොකුවෙයි. භාග්‍යවතුන් වහන්සේ විසින් නිය පිටට ගන්නා ලද, මේ පස් ස්වල්පය ඉතා සුළුය. භාග්‍යවතුන් වහන්සේ විසින් නිය පිටට ගන්නා ලද, පස් ස්වල්පය මහ පොළොව හා සමග සසඳා බලන කල්හි, සියයෙන් කොටසකටද නොපැමිණෙයි. දහසින් කොටසකටද නොපැමිණෙයි. ලක්ෂයෙන් කොටසකටද නොපැමිණෙයි.’ “මහණෙනි, එසේම වනාහි සෝවාන් මාර්ග සම්‍යක්දෘෂ්ටියෙන් යුක්තවූ, නුවණින් ආර්යසත්‍යය අවබෝධ කළාවූ, ආර්යශ්‍රාවක පුද්ගලයාගේ යම් මේ දුකක් ක්ෂයවූයේද, කෙළවරවූයේද ඒ ක්ෂයවූ කෙළවරවූ දුකම ඉතා වැඩිය. ඉතිරිවූ දුක ඉතා ස්වල්පය. ක්ෂයවූ කෙළවරවූ, දුක්ගොඩ හා සමග සැසඳීමේදී යම් මේ සත්වරක් (ඉපදීම) පරමකොට ඇති, මේ දුක සියයෙන් කොටසටද නොපැමිණෙයි. දහසින් කොටසටද නොපැමිණෙයි. ලක්ෂයෙන් කොටසටද නොපැමිණෙයි. “මහණෙනි, ධර්මාවබෝධය වනාහි මේසා මහත්වූ අර්ථ ඇත්තේය. දහම් ඇස ලැබීම මේසා මහත්වූ අර්ථ ඇත්තේය.” (පළමුවෙනි නඛසිඛා සූත්‍රය නිමි.)",sin,nadil,sinhala,sinhala
"‘‘පුන චපරං, භික්ඛවෙ, භික්ඛු සද්ධාය සමන්නාගතො හොති, සීලෙන සමන්නාගතො හොති, සුතෙන... චාගෙන... පඤ්ඤාය සමන්නාගතො හොති. තස්ස සුතං හොති - ද්විසහස්සො බ්‍රහ්මා...පෙ.... තිසහස්සො බ්‍රහ්මා... චතුසහස්සො බ්‍රහ්මා... පඤ්චසහස්සො බ්‍රහ්මා දීඝායුකො වණ්ණවා සුඛබහුලොති. පඤ්චසහස්සො, භික්ඛවෙ, බ්‍රහ්මා පඤ්චසහස්සිලොකධාතුං ඵරිත්වා අධිමුච්චිත්වා විහරති. යෙපි තත්ථ සත්තා උපපන්නා තෙපි ඵරිත්වා අධිමුච්චිත්වා විහරති. සෙය්‍යථාපි, භික්ඛවෙ, චක්ඛුමා පුරිසො පඤ්ච ආමණ්ඩානි හත්ථෙ කරිත්වා පච්චවෙක්ඛෙය්‍ය; එවමෙව ඛො, භික්ඛවෙ, පඤ්චසහස්සො බ්‍රහ්මා පඤ්චසහස්සිලොකධාතුං ඵරිත්වා අධිමුච්චිත්වා විහරති. යෙපි තත්ථ සත්තා උපපන්නා තෙපි ඵරිත්වා අධිමුච්චිත්වා විහරති. තස්ස එවං හොති - ‘අහො වතාහං කායස්ස භෙදා පරං මරණා පඤ්චසහස්සස්ස බ්‍රහ්මුනො සහබ්‍යතං උපපජ්ජෙය්‍ය’න්ති. සො තං චිත්තං දහති, තං චිත්තං අධිට්ඨාති, තං චිත්තං භාවෙති. තස්ස තෙ සඞ්ඛාරා ච විහාරා ච එවං භාවිතා එවං බහුලීකතා තත්‍රුපපත්තියා සංවත්තන්ති. අයං, භික්ඛවෙ, මග්ගො අයං පටිපදා තත්‍රුපපත්තියා සංවත්තති.",pli,nadil,pali,pali
"“මම අග්ගජ නම්වු මල් ගෙන බුදුරජුන් වෙත එළඹියෙමි. පහන් සිත් ඇත්තේ, සොම්නස්වූයේ, (එය) බුදුරජුන්හට පිදීමි.",sin,nadil,sinhala,sinhala
178,sin,nadil,sinhala,sinhala
“තමහට පීඩා කරන්නේ තමා කෘශවූයේ දුර්වර්ණයෙක් වේ. ඒ හැඬීමෙන් පරලොව ගියාහු නොරැකෙත්. වැළපීම් නිරර්ථක වෙත්.,sin,nadil,sinhala,sinhala
“කාරණා කාරණා දන්නාවූ හංසයෝ යම් සේ විනීලකවූ මා උසුලත්ද එපරිද්දෙන්ම වේදේහ නම්වූ මියුළු නුවර වටකොට වසන්නාවූ රජුන්ගේ අශ්වයෝ උසුලන්නාහුය”යි සිතමි.,sin,nadil,sinhala,sinhala
"“මහණෙනි, ඇසත් රූපයනුත් නිසා චක්ඛුවිඤ්ඤාණය උපදියි. ඒ තිදෙනාගේ එක්වීම ඵස්සයයි. ඵස්සය නිසා සැපවූ හෝ දුක්වූ හෝ මැදහත්වූ හෝ යම් විඳීමක් උපදියිද, සැප වේදනාවක් ලැබුණු හෙතෙම සතුටු වෙයි. හොඳය හොඳයයි කියයි. එහි බැසගෙණ සිටියි. ඔහුගේ රාගානුසය වැඩෙයි. හෙතෙම දුක් වේදනාවක් ලැබුයේ ශෝක වෙයි, ක්ලාන්තවෙයි, වැළපෙයි. පපුවේ අත් ගසමින් හඬයි. මුළාවට පැමිණෙයි. ඔහුගේ පටිඝානුසය වැඩෙයි. මැදහත් වේදනාවක් ලැබුයේ ඒ වේදනාවේ හටගැනීමද, විනාශයද, ආශ්වාදයද, ආදීනවයද, නිස්සරණයද, තත්වාකාරයෙන් නොදකියි. ඔහුගේ අවිජ්ජානුසය වැඩෙයි. මහණෙනි, හෙතෙමේ සුඛ වේදනාවෙහි රාගානුසය පහ නොකොට දුක්ඛ වේදනාවෙහි පටිඝානුසය දුරු නොකොට අදුක්ඛමසුඛ වේදනාවෙහි අවිජ්ජානුසය නූදුරා අවිද්‍යාව දුරුකොට විද්‍යාව නූපදවා මේ ආත්මයෙහි දුක් කෙළවර කරන්නේය යන කාරණය සිදු නොවන්නේය. “මහණෙනි, කණත් ශබ්දයනුත් නිසා සොත විඤ්ඤාණය උපදියි. ඒ තිදෙනාගේ එක්වීම ඵස්සයයි. ඵස්සය නිසා සැපවූ හෝ දුක්වූ හෝ මැදහත්වූ හෝ යම් විඳීමක් උපදියිද, සැප වේදනාවක් ලැබුණු හෙතෙම සතුටු වෙයි. හොඳය, හොඳයයි කියයි. එහි බැසගෙණ සිටියි. ඔහුගේ රාගානුසය වැඩෙයි. හෙතෙම දුක් වේදනාවක් ලැබුයේ ශෝකවෙයි, ක්ලාන්තවෙයි, වැළපෙයි. පපුවේ අත් ගසමින් හඬයි. මුළාවට පැමිණෙයි. ඔහුගේ පටිඝානුසය වැඩෙයි. මැදහත් වේදනාවක් ලැබුයේ ඒ වේදනාවේ හටගැනීමද, විනාශයද, ආශ්වාදයද, ආදීනවයද, නිස්සරණයද, තත්වාකාරයෙන් නොදකියි. ඔහුගේ අවිජ්ජානුසය වැඩෙයි. මහණෙනි, හෙතෙමේ සැප වේදනාවෙහි රාගානුසය පහ නොකොට දුක්ඛ වේදනාවෙහි පටිඝානුසය දුරු නොකොට අදුක්ඛමසුඛ වේදනාවෙහි අවිජ්ජානුසය නූදුරා අවිද්‍යාව දුරුකොට විද්‍යාව නූපදවා මේ ආත්මයෙහි දුක් කෙළවර කරන්නේය යන කාරණය සිදු නොවන්නේය. ‘මහණෙනි, නාසයත් ගන්ධයනුත් නිසා ඝාණවිඤ්ඤාණය උපදියි ඒ තිදෙනාගේ එක්වීම ඵස්සයයි. ඵස්සය නිසා සැපවූ හෝ දුක්වූ හෝ මැදහත්වූ හෝ යම් විඳීමක් උපදියිද, සැප වේදනාවක් ලැබුණු හෙතෙම සතුටු වෙයි. හොඳය හොඳයයි කියයි. එහි බැසගෙණ සිටියි. ඔහුගේ රාගානුසය වැඩෙයි. හෙතෙම දුක් වේදනාවක් ලැබුයේ ශෝකවෙයි, ක්ලාන්තවෙයි, වැළපෙයි. පපුවේ අත් ගසමින් හඬයි මුළාවට පැමිණෙයි. ඔහුගේ පටිඝානුසය වැඩෙයි. මැදහත් වේදනාවක් ලැබුයේ ඒ වේදනාවේ හටගැනීමද, විනාශයද, ආශ්වාදයද, ආදීනවයද, නිස්සරණයද, තත්වාකාරයෙන් නොදකියි. ඔහුගේ අවිජ්ජානුසය වැඩෙයි. මහණෙනි, හෙතෙමේ සැප වේදනාවෙහි රාගානුසය පහ නොකොට දුක්ඛ වේදනාවෙහි පටිඝානුසය දුරු නොකොට අදුක්ඛමසුඛ වේදනාවෙහි අවිජ්ජානුසය නූදුරා අවිද්‍යාව දුරුකොට විද්‍යාව නූපදවා මේ ආත්මයෙහි දුක් කෙළවර කරන්නේය යන කාරණය සිදු නොවන්නේය. “මහණෙනි, දිවත් රසයත් නිසා ජිව්හා විඤ්ඤාණය උපදියි. ඒ තිදෙනාගේ එක්වීම ඵස්සයයි. ඵස්සය නිසා සැපවූ හෝ දුක්වූ හෝ මැදහත්වූ හෝ යම් විඳීමක් උපදියිද, සැප වේදනාවක් ලැබුණු හෙතෙම සතුටු වෙයි. හොඳය හොඳයයි කියයි. එහි බැසගෙණ සිටියි. ඔහුගේ රාගානුසය වැඩෙයි. හෙතෙම දුක් වේදනාවක් ලැබුයේ ශෝක වෙයි, ක්ලාන්තවෙයි, වැළපෙයි. පපුවේ අත් ගසමින් හඬයි. මුළාවට පැමිණෙයි. ඔහුගේ පටිඝානුසය වැඩෙයි. මැදහත් වේදනාවක් ලැබුයේ ඒ වේදනාවේ හටගැනීමද, විනාශයද, ආශ්වාදයද, ආදීනවයද, නිස්සරණයද, තත්වාකාරයෙන් නොදකියි. ඔහුගේ අවිජ්ජානුසය වැඩෙයි. මහණෙනි, හෙතෙමේ සැප වේදනාවෙහි රාගානුසය පහ නොකොට දුක්ඛ වේදනාවෙහි පටිඝානුසය දුරු නොකොට අදුක්ඛමසුඛ වේදනාවෙහි අවිජ්ජානුසය නූදුරා අවිද්‍යාව දුරුකොට විද්‍යාව නූපදවා මේ ආත්මයෙහි දුක් කෙළවර කරන්නේය යන කාරණය සිදු නොවන්නේය. “මහණෙනි, කයත් ප්‍රශ්ටව්‍යයත් නිසා කායවිඤ්ඤාණය උපදියි. ඒ තිදෙනාගේ එක්වීම ඵස්සයයි. ඵස්සය නිසා සැපවූ හෝ දුක්වූ හෝ මැදහත්වූ හෝ යම් විඳීමක් උපදියිද, සැප වේදනාවක් ලැබුණු හෙතෙම සතුටු වෙයි. හොඳය හොඳයයි කියයි. එහි බැසගෙන සිටියි. ඔහුගේ රාගානුසය වැඩෙයි. හෙතෙම දුක් වේදනාවක් ලැබුයේ ශෝක වෙයි, ක්ලාන්තවෙයි, වැළපෙයි. පපුවේ අත් ගසමින් හඬයි. මුළාවට පැමිණෙයි. ඔහුගේ පටිඝානුසය වැඩෙයි. මැදහත් වේදනාවක් ලැබුයේ ඒ වේදනාවේ හටගැනීමද, විනාශයද, ආශ්වාදයද, ආදීනවයද, නිස්සරණයද, තත්වාකාරයෙන් නොදකියි. ඔහුගේ අවිජ්ජානුසය වැඩෙයි. මහණෙනි, හෙතෙමේ සැප වේදනාවෙහි රාගානුසය පහ නොකොට දුක්ඛ වේදනාවෙහි පටිඝානුසය දුරු නොකොට අදුක්ඛම සුඛ වේදනාවෙහි අවිජ්ජානුසය නූදුරා අවිද්‍යාව දුරුකොට විද්‍යාව නූපදවා මේ ආත්මයෙහි දුක් කෙළවර කරන්නේය යන කාරණය සිදු නොවන්නේය. “මහණෙනි, සිතත් ධර්මාරම්මණයනුත් නිසා මනො විඤ්ඤාණය උපදියි. ඒ තිදෙනාගේ එක්වීම ඵස්සයයි. ඵස්සය නිසා සැපවූ හෝ දුක්වූ හෝ නිදුක් නොසැපවූ හෝ විඳීම උපදියි. හෙතෙමේ සැප වේදනාවක් ලැබුයේ සතුටුවෙයි. හොඳය හොඳයයි කියයි. එහි ගිලී සිටියි. ඔහුගේ රාගානුසය වැඩෙයි. දුක් වේදනාවක් ලැබුයේ ශොක කරයි, ක්ලාන්තවෙයි. වැළපෙයි. පපුවට අතගසමින් හඬයි. මුළාවට පැමිණෙයි. ඔහුගේ පටිඝානුසය වැඩෙයි. නිදුක් නොසැප වේදනාවක් ලැබුයේ ඒ වේදනාවගේ හටගැනීමද, විනාශයද, ආශ්වාදයද, ආදීනවයද, නිස්සරණයද ඇති සැටියෙන් නොදනියි. ඔහුගේ අවිජ්ජානුසය වැඩෙයි. මහණෙනි, හෙතෙමේ සැප වේදනාවෙහි රාගානුසය පහනොකොට දුක්ඛවේදනාවෙහි පටිඝානුසය දුරු නොකොට මොහානුසය මුලින් නූපුටා අවිද්‍යාව දුරු නොකොට විද්‍යාව නූපදවා මේ ආත්මයෙහිම දුක් කෙළවර කරන්නේය යන කාරණය සිදු නොවන්නේය.",sin,nadil,sinhala,sinhala
"‘‘එතදග්ගං , භික්ඛවෙ, මම සාවිකානං භික්ඛුනීනං රත්තඤ්ඤූනං යදිදං මහාපජාපතිගොතමී’’.",pli,nadil,pali,pali
"“ඒ අතිදානය නම් කුමක්ද? මේලෝකයෙහි නොනැසිය යුත්තෝ කවරහුද, මෙයද අපට කියව. යාගය කරන්නෙමු. දන්දෙමුයි” රජතෙම කීයේය.",sin,nadil,sinhala,sinhala
"“(රහත්බවට නොපැමිණි බැවින්) අවීතරාගීවූ බුද්ධපුත්‍රයෝ එම වචනය අසා සොවින් පෙළුනාහු, “අහෝ අපගේ පින් මඳ බවකැ” යි කියමින් හැඬූහ.",sin,nadil,sinhala,sinhala
"“එකල්හි මේඝ ගර්ජනයකට බඳු මනාවූ (ගම්භීර) ස්වර ඇති, කුරවි කෙවිල් හඬකට බඳු (ස්වකීය) ස්වර ඇති ශාස්තෘ තෙමේ පිරිසට (අමතා) මෙසේ කීහ. “ස්වර්‍ණ වර්‍ණවූ මහා බාහු ඇති, පියුමකට බඳුවූ මුහුණු හා ඇස් ඇති, ඌධවාග්‍රවූ රෝම ඇති, ප්‍රීතිමත්වූ, මාගේ ගුණයෙහි සැදැහැවත්වූ මෙම බමුණා (දෙස) බලව්. මේ තෙමේ සීහඝොෂ භික්‍ෂුවගේ තනතුර ප්‍රාර්ත්‍ථනා කරයි. අනාගත කාලයෙහි ඒ අදහස ඉටුවන්නේය.",sin,nadil,sinhala,sinhala
"‘‘තඤ්ච දිස්වාන ආයන්තං, මාතරං පුත්තගිද්ධිනිං; වෙස්සන්තරො ච මද්දී ච, පච්චුග්ගන්ත්වා අවන්දිසුං.",pli,nadil,pali,pali
"‘‘අප්පානුභාවා තං මහානුභාවං, තෙජස්සිනං හන්ති අතෙජවන්තො; කිමෙව දාඨාවුධ කිං පටිච්ච, හත්ථත්ත (හත්ථත්ථ (සී. ස්‍යා. පී.)) මාගච්ඡි වනිබ්බකානං (වණිබ්බකානං (සී.)).",pli,nadil,pali,pali
"‘‘සත්තිමානි, භික්ඛවෙ, ධනානි. කතමානි සත්ත? සද්ධාධනං, සීලධනං, හිරීධනං, ඔත්තප්පධනං, සුතධනං, චාගධනං, පඤ්ඤාධනං. ‘‘කතමඤ්ච, භික්ඛවෙ, සද්ධාධනං? ඉධ, භික්ඛවෙ, අරියසාවකො සද්ධො හොති, සද්දහති තථාගතස්ස බොධිං - ‘ඉතිපි සො භගවා අරහං සම්මාසම්බුද්ධො...පෙ.... බුද්ධො භගවා’ති. ඉදං වුච්චති, භික්ඛවෙ, සද්ධාධනං. ‘‘කතමඤ්ච , භික්ඛවෙ, සීලධනං? ඉධ, භික්ඛවෙ, අරියසාවකො පාණාතිපාතා පටිවිරතො හොති...පෙ.... සුරාමෙරයමජ්ජපමාදට්ඨානා පටිවිරතො හොති. ඉදං වුච්චති, භික්ඛවෙ, සීලධනං. ‘‘කතමඤ්ච, භික්ඛවෙ, හිරීධනං? ඉධ, භික්ඛවෙ, අරියසාවකො හිරීමා හොති, හිරීයති කායදුච්චරිතෙන වචීදුච්චරිතෙන මනොදුච්චරිතෙන, හිරීයති පාපකානං අකුසලානං ධම්මානං සමාපත්තියා. ඉදං වුච්චති, භික්ඛවෙ, හිරීධනං. ‘‘කතමඤ්ච, භික්ඛවෙ, ඔත්තප්පධනං? ඉධ, භික්ඛවෙ, අරියසාවකො ඔත්තප්පී හොති, ඔත්තප්පති කායදුච්චරිතෙන වචීදුච්චරිතෙන මනොදුච්චරිතෙන, ඔත්තප්පති පාපකානං අකුසලානං ධම්මානං සමාපත්තියා. ඉදං වුච්චති, භික්ඛවෙ, ඔත්තප්පධනං. ‘‘කතමඤ්ච , භික්ඛවෙ, සුතධනං? ඉධ , භික්ඛවෙ, අරියසාවකො බහුස්සුතො හොති සුතධරො සුතසන්නිචයො. යෙ තෙ ධම්මා ආදිකල්‍යාණා මජ්ඣෙකල්‍යාණා පරියොසානකල්‍යාණා සාත්ථං සබ්‍යඤ්ජනං, කෙවලපරිපුණ්ණං පරිසුද්ධං බ්‍රහ්මචරියං අභිවදන්ති. තථාරූපාස්ස ධම්මා බහුස්සුතා හොන්ති ධාතා වචසා පරිචිතා මනසානුපෙක්ඛිතා දිට්ඨියා සුප්පටිවිද්ධා. ඉදං වුච්චති, භික්ඛවෙ, සුතධනං. ‘‘කතමඤ්ච, භික්ඛවෙ, චාගධනං? ඉධ, භික්ඛවෙ, අරියසාවකො විගතමලමච්ඡෙරෙන චෙතසා අගාරං අජ්ඣාවසති මුත්තචාගො පයතපාණි වොස්සග්ගරතො යාචයොගො දානසංවිභාගරතො. ඉදං වුච්චති, භික්ඛවෙ, චාගධනං. ‘‘කතමඤ්ච, භික්ඛවෙ, පඤ්ඤාධනං? ඉධ, භික්ඛවෙ, අරියසාවකො පඤ්ඤවා හොති...පෙ.... සම්මා දුක්ඛක්ඛයගාමිනියා. ඉදං වුච්චති, භික්ඛවෙ, පඤ්ඤාධනං. ඉමානි ඛො, භික්ඛවෙ, සත්තධනානීති. ‘‘සද්ධාධනං සීලධනං, හිරී ඔත්තප්පියං ධනං; සුතධනඤ්ච චාගො ච, පඤ්ඤා වෙ සත්තමං ධනං. ‘‘යස්ස එතෙ ධනා අත්ථි, ඉත්ථියා පුරිසස්ස වා; අදලිද්දොති තං ආහු, අමොඝං තස්ස ජීවිතං. ‘‘තස්මා සද්ධඤ්ච සීලඤ්ච, පසාදං ධම්මදස්සනං; අනුයුඤ්ජෙථ මෙධාවී, සරං බුද්ධාන සාසන’’න්ති. ඡට්ඨං;",pli,nadil,pali,pali
""" චතුබ්බිධං භිවිනයං - මහාථෙරා මහිද්ධිකා",pli,nadil,pali,pali
"‘‘අභිසත්තොව නිපතති, වයො රූපං අඤ්ඤමිව තථෙව සන්තං; තස්සෙව සතො අවිප්පවසතො, අඤ්ඤස්සෙව සරාමි අත්තාන’’න්ති.",pli,nadil,pali,pali
"සුඛඤ්ච රුක්ඛං කොළාපං, ඔපත්තමඵලං දුමං; ඔහාය සකුණා යන්ති, කිං දොසං පස්සසෙ දිජ.",pli,nadil,pali,pali
‘‘පටිසම්භිදා චතස්සො...පෙ.... කතං බුද්ධස්ස සාසනං’’. ඉත්ථං සුදං ආයස්මා සෙනාසනදායකො ථෙරො ඉමා ගාථායො අභාසිත්ථාති.,pli,nadil,pali,pali
"මා විසින් මෙසේ අසනලදී. එක් කලෙක භාග්‍යවතුන් වහන්සේ සැවැත්නුවර සමීපයෙහිවූ අනේපිඬු සිටාණන් විසින් කරවන ලද ජේතවනාරාමයෙහි වාසය කරන සේක. එහිදී භාග්‍යවතුන් වහන්සේ ‘මහණෙනි’යි කියා භික්ෂූන් ඇමතූසේක. ‘ස්වාමීනියි’ කියා ඒ භික්ෂූහු භාග්‍යවතුන් වහන්සේට උත්තර දුන්හ. (එවිට) භාග්‍යවතුන් වහන්සේ මෙය වදාළ සේක. “මහණෙනි, රූපය අනිත්‍යයි. යමක් අනිත්‍යනම් එය දුකය. යමක් දුක නම් එය අනාත්මය. යමක් අනාත්ම නම් එය මාගේ නොවෙයි. ඒ මම නොවෙමි. ඒ මාගේ ආත්මය නොවේයයි.” මෙසේ එය තත්වාකාරයෙන් යහපත් නුවණින් දතයුතුයි. වේදනාව අනිත්‍යයි. යමක් අනිත්‍ය නම් එය දුකය, යමක් දුකනම් එය අනාත්මය, යමක් අනාත්ම නම් “එය මාගේ නොවෙයි. ඒ මම නොවෙමි. එය මාගේ ආත්මය නොවේය. මෙසේ එය තත්වාකාරයෙන් යහපත් නුවණින් දතයුතුයි. සඤ්ඤාව අනිත්‍යයි. යමක් අනිත්‍ය නම් එය දුකය. යමක් දුක නම් එය අනාත්මය. යමක් අනාත්ම නම් එය මාගේ නොවෙයි. මෙසේ එය තත්වාකාරයෙන් යහපත් නුවණින් දතයුතුයි. සංස්කාර අනිත්‍යයි. යමක් අනිත්‍ය නම් එය දුකය. යමක් දුකනම් එය අනාත්මය. යමක් අනාත්ම නම් එය මාගේ නොවෙයි ඒ මම නොවෙමි. ඒ මාගේ ආත්මය නොවේයයි මෙසේ එය තත්වාකාරයෙන් යහපත් නුවණින් දතයුතුයි. විඤ්ඤාණය අනිත්‍යයි. යමක් අනිත්‍ය නම් එය දුකය. යමක් දුකනම් එය අනාත්මය. යමක් අනාත්ම නම් එය මාගේ නොවෙයි. ඒ මම නොවෙමි. ඒ මාගේ ආත්මය නොවේයයි මෙසේ එය තත්වාකාරයෙන් යහපත් නුවණින් දතයුතුයි. “මහණෙනි, මෙසේ දක්නාවූ බොහෝ ඇසූ පිරූ තැන් ඇති ආර්‍ය්‍යශ්‍රාවකතෙමේ රූපයෙහිද කළකිරෙයි. සංඥාවෙහිද කලකිරෙයි, සංස්කාරයෙහිද කලකිරෙයි, විඤ්ඤාණයෙහිද කලකිරෙයි, කලකිරීමෙන් නොඇලෙයි, නොඇලීමෙන් මිදෙයි, මිදුනු කල්හි මිදුනේය යන දැනීම ඇතිවෙයි. ජාතිය (ඉපදීම) ක්ෂය විය. බ්‍රහ්මචරියාවෙහි හැසිර නිමවන ලදී. කළයුත්ත කරනලදී. මේ ආත්ම භාවය පිණිස කළයුතු අනිකක් නැතැයි දැනගනියි. (හතරවෙනි යදනිච්ච සූත්‍රය නිමි.)",sin,nadil,sinhala,sinhala
"“කවර කලෙක්හි මම සියලු අලංකාරයෙන් සැරසුනාවූ විසිතුරු සැට්ට දරන්නාවූ ස්වර්ණමය හිස් වෙළුම් දරන්නාවූ ශූරවූ රාජකුමාරයන් හැර පැවිදි වන්නෙම්ද, ඒ මෙබඳුවූ පැවිද්ද කවර කලෙක්හි වන්නේද?",sin,nadil,sinhala,sinhala
"අථ ඛො ආයස්මා අනුරුද්ධො භික්ඛූ ආමන්තෙසි - ‘‘අලං, ආවුසො, මා සොචිත්ථ මා පරිදෙවිත්ථ. නනු එතං, ආවුසො, භගවතා පටිකච්චෙව අක්ඛාතං - ‘සබ්බෙහෙව පියෙහි මනාපෙහි නානාභාවො විනාභාවො අඤ්ඤථාභාවො’. තං කුතෙත්ථ, ආවුසො, ලබ්භා. ‘යං තං ජාතං භූතං සඞ්ඛතං පලොකධම්මං, තං වත මා පලුජ්ජී’ති, නෙතං ඨානං විජ්ජති . දෙවතා, ආවුසො, උජ්ඣායන්තී’’ති. ‘‘කථංභූතා පන, භන්තෙ, ආයස්මා අනුරුද්ධො දෙවතා මනසි කරොතී’’ති (භන්තෙ අනුරුද්ධ දෙවතා මනසි කරොන්තීති (ස්‍යා. ක.))? ‘‘සන්තාවුසො ආනන්ද, දෙවතා ආකාසෙ පථවීසඤ්ඤිනියො කෙසෙ පකිරිය කන්දන්ති, බාහා පග්ගය්හ කන්දන්ති, ඡින්නපාතං පපතන්ති, ආවට්ටන්ති, විවට්ටන්ති - ‘අතිඛිප්පං භගවා පරිනිබ්බුතො, අතිඛිප්පං සුගතො පරිනිබ්බුතො, අතිඛිප්පං චක්ඛුං ලොකෙ අන්තරහිතො’ති. සන්තාවුසො ආනන්ද, දෙවතා පථවියා පථවීසඤ්ඤිනියො කෙසෙ පකිරිය කන්දන්ති, බාහා පග්ගය්හ කන්දන්ති, ඡින්නපාතං පපතන්ති, ආවට්ටන්ති, විවට්ටන්ති - ‘අතිඛිප්පං භගවා පරිනිබ්බුතො , අතිඛිප්පං සුගතො පරිනිබ්බුතො, අතිඛිප්පං චක්ඛුං ලොකෙ අන්තරහිතො’ති. යා පන තා දෙවතා වීතරාගා, තා සතා සම්පජානා අධිවාසෙන්ති - ‘අනිච්චා සඞ්ඛාරා, තං කුතෙත්ථ ලබ්භා’ති. අථ ඛො ආයස්මා ච අනුරුද්ධො ආයස්මා ච ආනන්දො තං රත්තාවසෙසං ධම්මියා කථාය වීතිනාමෙසුං.",pli,nadil,pali,pali
“තෝම මේ මැණිකට සුදුසුය. මනාව කරණ ලද රැවුල් කැපීමටද තෝම සුදුසුය. යහළුව තාගේ නොදැනීම මට ප්‍රියවේ. එහෙයින් තට ආමන්ත්‍රණය කොට යෙමියි” කීයේය.,sin,nadil,sinhala,sinhala
"එවං මෙ සුතං - එකං සමයං භගවා රාජගහෙ විහරති වෙළුවනෙ කලන්දකනිවාපෙ. තත්‍ර ඛො භගවා...පෙ.... එතදවොච - ‘‘අප්පමිදං, භික්ඛවෙ, මනුස්සානං ආයු. ගමනීයො සම්පරායො, කත්තබ්බං කුසලං, චරිතබ්බං බ්‍රහ්මචරියං. නත්ථි ජාතස්ස අමරණං. යො, භික්ඛවෙ, චිරං ජීවති, සො වස්සසතං අප්පං වා භිය්‍යො’’ති. අථ ඛො මාරො පාපිමා යෙන භගවා තෙනුපසඞ්කමි; උපසඞ්කමිත්වා භගවන්තං ගාථාය අජ්ඣභාසි - ‘‘නාච්චයන්ති අහොරත්තා, ජීවිතං නූපරුජ්ඣති; ආයු අනුපරියායති, මච්චානං නෙමීව රථකුබ්බර’’න්ති. ‘‘අච්චයන්ති අහොරත්තා, ජීවිතං උපරුජ්ඣති; ආයු ඛීයති මච්චානං, කුන්නදීනංව ඔදක’’න්ති. අථ ඛො මාරො පාපිමා ‘‘ජානාති මං භගවා, ජානාති මං සුගතො’’ති දුක්ඛී දුම්මනො තත්ථෙවන්තරධායීති.",pli,nadil,pali,pali
"“මම දැන් (මේ) අන්තිම ජාතියෙහි පිරිවැජි කුලයෙහි උපන්නේ, උපතින් සත් හැවිරිදි වූයේ වීමි.",sin,nadil,sinhala,sinhala
"“පසේ බුදුවරුන්ගේ සුභාෂිත වචනයෝ දෙවියන් සහිත ලෝකයෙහි පවතිත්. යමෙක් තුමූ එම ධර්‍මය අසා ඒ පරිදි නොකරන්නේ නම්, ඔවුහු සංසාර දුක්ඛයෙහි නැවත නැවත හැසිරෙති.",sin,nadil,sinhala,sinhala
"46. (1) සමාධියට සුදුසු කර්මස්ථානයන්හි හා පිණ්ඩපාතයෙහි සමත් වෙයි. සමාධිය අර්පණාවට පැමිණවීමෙහි සමත් නොවෙයි. (2) සමාධිය අර්පණාවට පැමිණවීමෙහි සමත්වෙයි. සමාධියට සුදුසු කර්මස්ථානයන්හි හා පිණ්ඩපාතයෙහි සමත් නොවෙයි. (3) සමාධියට සුදුසු කර්මස්ථානයන්හි හා පිණ්ඩපාතයෙහි සමත් නොවෙයි, සමාධිය අර්පණාවට පැමිණවීමෙහි සමත් නොවෙයි. (4) සමාධියට සුදුසු කර්මස්ථානයන්හි හා පිණ්ඩපාතයෙහි සමත් වෙයි, සමාධිය අර්පණාවට පැමිණවීමෙහි සමත් වෙයි.",sin,nadil,sinhala,sinhala
"කුසලානුයොග සූත්‍රය “මහණෙනි, අද්ධ්‍යාත්මික වූ කරුණු වසයෙන් සලකනවිට යම්සේ කුසලයන්හි යෙදීම හා අකුසලයන්හි නොයෙදීම මහත් අර්ථය පිණිස පවතීද, එබඳුවූ අනික් එක කාරණයකුදු මහණෙනි. මම නොම දකිමි. මහණෙනි, කුශලධර්මයන්හි යෙදීමද අකුශලධර්මයන්හි නොයෙදීමද මහත්වූ අර්ථය පිණිස පවතී.’",sin,nadil,sinhala,sinhala
“ඉදින් දෙව්ලොවින් ව්‍යුතව මිනිසත් බවට එම් නම් මට මාහැඟි සයනයෝ තෙමේම පහළවෙත්.,sin,nadil,sinhala,sinhala
"“සුදුවූද, කහවන්වූද, ලෙහෙවන්වූද, සියළු රෝගයන්ගෙන් වූද, නොකැලන් පහන් ඇස් ඇත්තේ, විසල්වූ ඇස් ඇත්තේද වෙමි.",sin,nadil,sinhala,sinhala
"‘‘ආකාසම්හි හලිද්දියා, යො මඤ්ඤෙථ රජෙතවෙ; අඤ්ඤෙන වාපි රඞ්ගෙන, විඝාතුදයමෙව තං.",pli,nadil,pali,pali
"අන්තඃපුර ස්ත්‍රීහුද, කුමාරයෝද, වෛශ්‍යයෝද, බ්‍රාහ්මණයෝද යන වෙස්සන්තර රජුගේ භවනයෙහි හැම දෙනම දෙඅත් හිස බැඳ ඇඬුවාහුය.",sin,nadil,sinhala,sinhala
“සීලය මහත් බල ඇති සේතුවක් (ඒදණ්ඩක්) වැනිය. සීලය ඉතා උතුම් සුවඳක් වැනිය. දිශානු දිශාවන්ට පැතිරී යන සුවඳ විලේපනයක් වැනිය.,sin,nadil,sinhala,sinhala
"“එක් සමයෙක්හි භාග්‍යවතුන් වහන්සේ විශාලා නගරය සමීපයෙහිවූ මහාවනයෙහි කූටාගාර ශාලාවෙහි වැඩ වසන සේක. එකල්හි වනාහි සීහ නම් සේනාපති තෙම භාග්‍යවතුන් වහන්සේ යම් තැනකද, එතැන්හි පැමිණියේය. පැමිණ භාග්‍යවතුන් වහන්සේ වැඳ එකත්පසෙක හුන්නේය. එකත්පසෙක හුන්නාවූ සීහ සේනාපති තෙම භාග්‍යවතුන් වහන්සේට මෙය සැළ කළේය. “ස්වාමිනි, සාන්දෘෂ්ටික (මෙලොවදී පෙනෙන) දාන ඵලය ප්‍රකාශ කරන්නට හැකි සේක්ද?” “එසේ නම් සීහය, එයම මෙහිදී වාචාරන්නෙමි. යම් සේ ඔබට රුචිවන්නේ නම් ප්‍රකාශ කරව. සීහය මේ ලෝකයෙහි පුරුෂයෝ දෙදෙනෙකි. “එක් පුරුෂයෙක් අශ්‍රද්‍ධාවත්ය. මසුරුය. තද මසුරුය. අපහාස කරන්නේය. එක් පුරුෂයෙක් සැදැහැවත්ය, දානපතිය, දීමෙහි ඇළුනේය. සීහය කුමක් සිතන්නෙහිද? (2) රහතුන් වහන්සේලා යම් ඒ පුරුෂයෙක් අශ්‍රද්‍ධාවත්ද, මසුරුද, තද මසුරුද, අපහාස කරන්නේද, (3) යම් ඒ පුරුෂයෙක් ශ්‍රද්‍ධාවත්ද, දානපතිද, දීමෙහි ඇළුනේද, (2) මින් කවරනම් පුරුෂයෙකුට අනුකම්පා කරන්නාහු අනුකම්පා කෙරෙත්ද?” (1) “ස්වාමිනි, යම් ඒ පුරුෂයෙක් අශ්‍රද්‍ධාවත්ද, මසුරුද, තද මසුරුද, අපහාස කරන්නේද, (2) කිමෙක්ද, ස්වාමින් වහන්සේලා ඔහුට අනුකම්පා කරන්නාහු අනුකම්පා කෙරෙත්ද, (3) යම් ඒ පුරුෂයෙක් ශ්‍රද්‍ධාවත්ද, දානපතිද, දීමෙහි ඇළුනේද,)සඩ’ ඔහුටම රහතුන් වහන්සේලා පළමුව අනුකම්පා කරන්නාහු අනුකම්පා කරන්නහුය.” (1) සීහය, කුමකැයි සිතන්නෙහිද? යම් ඒ පුරුෂයෙක් අශ්‍රද්‍ධාවත්ද, මසුරුද, තද මසුරුද, අපහාස කරන්නේද, යම් ඒ පුරුෂයෙක් ශ්‍රද්‍ධාවත්ද, දානපතිද, දීමෙහි ඇළුනේද, (2) කවරකු වෙත රහතුන් වහන්සේලා පැමිණෙන්නාහු පැමිණෙද්ද?” (1) “ස්වාමිනි, යම් ඒ පුරුෂයෙක් අශ්‍රද්‍ධාවත්ද, මසුරුද, තද මසුරුද, අපහාස කරන්නේද, (2) කිමෙක්ද, රහතුන් වහන්සේලා ඔහු වෙත පළමුව පැමිණෙන්නාහු පැමිණෙත්ද? (3) යම් ඒ පුරුෂයෙක් ශ්‍රද්‍ධාවත්ද, දානපතිද, දීමෙහි ඇළුනේද, ඔහු වෙතම රහතුන් වහන්සේලා පළමුව පැමිණෙන්නාහු පැමිණෙත්. (1) සීහය, කුමකැයි සිතන්නෙහිද? යම් ඒ පුරුෂයෙක් අශ්‍රද්‍ධාවත්ද, මසුරුද, තද මසුරුද, අපහාස කරන්නේද, යම් ඒ පුරුෂයෙක් ශ්‍රද්‍ධාවත්ද, දානපතිද, දීමෙහි ඇළුනේද, සීහය, රහතුන් වහන්සේලා පළමුව කාගේ දානය පිළිගන්නාහු පිළිගනිද්ද? “ස්වාමිනි, (1) යම් ඒ පුරුෂයෙක් අශ්‍රද්‍ධාවත්ද, මසුරුද, තද මසුරුද, අපහාස කරන්නේද, කිමෙක්ද, ඔහුගේ (දානය) රහතුන් වහන්සේලා පලමු පිළිගන්නාහු පිළිගනිද්ද? (3) යම් ඒ පුරුෂයෙක් ශ්‍රද්‍ධාවත්ද, දානපතිද, දීමෙහි ඇළුනේද, ඔහුගේම (දානය) රහතුන් වහන්සේලා පළමුව පිළිගන්නාහු පිළිගනිත්.” (1) සීහය, කුමකැයි සිතන්නෙහිද? යම් ඒ පුරුෂයෙක් අශ්‍රද්‍ධාවත්ද, මසුරුද, තද මසුරුද, අපහාස කරන්නේද, යම් ඒ පුරුෂයෙක් ශ්‍රද්‍ධාවත්ද, දානපතිද, දීමෙහි ඇළුනේද, සීහය, රහතුන් වහන්සේලා කවරෙකුට පළමුව ධර්‍මය දේශනා කරන්නාහු දේශනා කරද්ද? (1) “ස්වාමිනි, යම් ඒ පුරුෂයෙක් අශ්‍රද්‍ධාවත්ද, මසුරුද, තද මසුරුද, අපහාස කරන්නේද, කිමෙක්ද ඔහුට රහතුන් වහන්සේලා පළමුව ධර්‍මය දේශනා කරන්නාහු දේශන කෙරද්ද ස්වාමිනි, යම් ඒ පුරුෂයෙක් ශ්‍රද්‍ධාවත්ද, දානපතිද, දීමෙහි ඇළුනේද, ඔහුටම රහතුන් වහන්සේලා පළමුව ධර්‍මය දේශනා කරන්නාහු දේශනා කරත්. (1) සීහය, කුමකැයි සිතන්නෙහිද? යම් ඒ පුරුෂයෙක් අශ්‍රද්‍ධාවත්ද, මසුරුද, තද මසුරුද, අපහාස කරන්නේද, යම් ඒ පුරුෂයෙක් ශ්‍රද්‍ධාවත්ද, දානපතිද, දීමෙහි ඇළුනේද, කවරෙකුගේ යහපත් කීර්ති ශබ්දය නැගී යේද?” (1) “ස්වාමිනි, යම් ඒ පුරුෂයෙක් අශ්‍රද්‍ධාවත්ද, මසුරුද, තද මසුරුද, අපහාස කරන්නේද, ස්වාමීනි, ඔහුගේ යහපත් කීර්ති ශබ්දය නැගී යන්නේද? (3) යම් ඒ පුරුෂයෙක් ශ්‍රද්‍ධාවත්ද, දානපතිද, දීමෙහි ඇළුනේද,)සඩ’ ඔහුටම රහතුන් වහන්සේලා පළමුව අනුකම්පා කරන්නාහු අනුකම්පා කරන්නහුය. ඔහුගේම යහපත් කීර්ති ශබ්දය නැගී යන්නේය.” (1) සීහය, කුමකැයි සිතන්නෙහිද? යම් ඒ පුරුෂයෙක් අශ්‍රද්‍ධාවත්ද, මසුරුද, තද මසුරුද, අපහාස කරන්නේද, යම් ඒ පුරුෂයෙක් ශ්‍රද්‍ධාවත්ද, දානපතිද, දීමෙහි ඇළුනේද, කවරෙක් වනාහි ඉදින් ක්‍ෂත්‍රිය පිරිසකටද, ඉදින් බ්‍රාහ්මණ පිරිසකටද, ඉදින් ගෘහපති පිරිසකටද, යන යම් යම්ම පිරිසක් වෙත පැමිණෙන්නේ නම් නොහැකිලී, නිර්භයව පැමිණෙන්නේද?” “කිමෙක්ද ස්වාමිනි, (1) “ස්වාමිනි, යම් ඒ පුරුෂයෙක් අශ්‍රද්‍ධාවත්ද, මසුරුද, තද මසුරුද, අපහාස කරන්නේද, ඔහු වනාහි ඉදින් ක්‍ෂත්‍රිය පිරිසකටද, ඉදින් බ්‍රාහ්මණ පිරිසකටද, ඉදින් ගෘහපති පිරිසකටද, යන යම් යම්ම පිරිසක් වෙත පැමිණෙන්නේ නම් නොහැකිලී, නිර්භයව පිරිස් වෙත පැමිණේද?” (3) යම් ඒ පුරුෂයෙක් ශ්‍රද්‍ධාවත්ද, දානපතිද, දීමෙහි ඇළුනේද, නොහැකිලී, නිර්භයව, පිරිස් වෙත පැමිණෙන්නේ වේ.” (1) සීහය, කුමකැයි සිතන්නෙහිද? යම් ඒ පුරුෂයෙක් අශ්‍රද්‍ධාවත්ද, මසුරුද, තද මසුරුද, අපහාස කරන්නේද, යම් ඒ පුරුෂයෙක් ශ්‍රද්‍ධාවත්ද, දානපතිද, දීමෙහි ඇළුනේද, සීහය කුමකැයි සිතන්නෙහිද? කවරෙක් කායයාගේ බිඳීමෙන් මරණින් මතු ස්වර්‍ග ලෝකයෙහි උපදින්නේද?” (1) “ස්වාමිනි, යම් ඒ පුරුෂයෙක් අශ්‍රද්‍ධාවත්ද, මසුරුද, තද මසුරුද, අපහාස කරන්නේද, කිමෙක්ද, ස්වාමිනි හෙතෙම කායයාගේ බිඳීමෙන් මරණින් මතු සුගති නම්වූ ස්වර්‍ග ලෝකයෙහි උපදින්නේද?” (3) යම් ඒ පුරුෂයෙක් ශ්‍රද්‍ධාවත්ද, දානපතිද, දීමෙහි ඇළුනේද, හෙතෙම කායයාගේ බිඳීමෙන් මරණින් මතු සුගති නම්වූ ස්වර්‍ග ලෝකයෙහි උපදින්නේය.” “ස්වාමිනි, භාග්‍යවතුන් වහන්සේ විසින් යම් ඒ සය වැදෑරුම් සාන්දෘෂ්ටික දානඵලයෝ දේශනා කරණ ලදුද, මම මෙහිලා භාග්‍යවතුන් වහන්සේට ඇදහීමෙන් නොයමි. මමද මෙය දනිමි. ස්වාමීනි, මම දායකවුයෙම්, දානපතිවු මාවෙත රහතුන් වහන්සේලා පළමුව අනුකම්පා කරන්නාහු අනුකම්පා කරත්. ස්වාමීනි, මම දායකවූයෙම් දානපතිවූ මා වෙත රහතුන් වහන්සේලා පළමුව පැමිණෙන්නාහු පැමිණෙත්. ස්වාමීනි, මම දායකවුයෙම්, දානපතිවුයෙම්, (මාගේ දානය රහතුන් වහන්සේලා පළමුව පිළිගන්නාහු පිළිගනිත්. ස්වාමිනි, මම දායකවූයෙම්, දානපති වූයෙම්, රහතුන් වහන්සේලා ධර්‍මය දේශනා කරන්නාහු, මට පළමුව ධර්‍මය දේශනා කරත්. ස්වාමිනි, මම දායකවූයෙම්, දානපති වූයෙම්, ‘සීහ සේනාපති දායකය, කාරකය, සංඝයාට උපස්ථාන කරන්නෙකැ’ යි මාගේ යහපත් කීර්ති ඝෝෂාව නැගී ගියේ වෙයි. ස්වාමිනි, මම දායකවූයෙම්, දානපති වූයෙම්, මම ක්‍ෂත්‍රිය, බ්‍රාහ්මණ, ගෘහපති, ශ්‍රමණ යන යම් යම් ඒ පිරිසක් වෙත එළඹෙම්ද, නිර්භයව, නොහැකිලී එළඹෙමි. ස්වාමිනි, භාග්‍යවතුන් වහන්සේ විසින් යම් මේ සාන්දෘෂ්ටික දාන ඵල සයක් දේශනා කරණ ලද්දේද, ඒවා පිළිබදව, මෙහිලා මම භාග්‍යවතුන් වහන්සේට ශ්‍රද්‍ධාවෙන් යමි. මමද එය දනිමි.” “සීහය, දායකවූ, දානපතිවූ තැනැත්තේ කායයාගේ බිඳීමෙන් මරණින් මතු සුගති නම්වු ස්වර්‍ග ලෝකයෙහි උපදනේයයි. ස්වාමිනි, යමක් මට භාග්‍යවතුන් වහන්සේ දේශනා කළේද, මම එය නොදනිමි. මෙහි වනාහි ඇදහීමෙන් යම්.” “සීහය, දායකවූ දානපති තෙමේ කායයාගේ බිඳීමෙන් මරණින් මතු සුගති නම්වු ස්වර්‍ග ලෝකයෙහි උපදනේය. එය එසේමය.”",sin,nadil,sinhala,sinhala
"‘‘සීතං උණ්හං න ජානාමි, රජොජල්ලං න ලිම්පති; අනුපද්දවො අනීති ච, හොමි අපචිතො සදා.",pli,nadil,pali,pali
"‘‘ධම්මතා එසා, භික්ඛවෙ, යදා බොධිසත්තො මාතුකුච්ඡිං ඔක්කන්තො හොති, න බොධිසත්තමාතු පුරිසෙසු මානසං උප්පජ්ජති කාමගුණූපසංහිතං, අනතික්කමනීයා ච බොධිසත්තමාතා හොති කෙනචි පුරිසෙන රත්තචිත්තෙන. අයමෙත්ථ ධම්මතා.",pli,nadil,pali,pali
“බහුශ්‍රැතයෙක්වද විසිතුරු කථිකයෙක්වද බුදුන්ට උපස්ථාන කරන්නෙක්වද සියලු යෝගයන්ගෙන් වෙන්ව බහා තබන ලද බර ඇත්තේ සයනය කරන්නෙමි.,sin,nadil,sinhala,sinhala
"‘‘සො වත, භික්ඛවෙ, භික්ඛු කඤ්චි සඞ්ඛාරං සුඛතො සමනුපස්සන්තො...පෙ.... සබ්බසඞ්ඛාරෙ දුක්ඛතො සමනුපස්සන්තො...පෙ.... ඨානමෙතං විජ්ජති’’. චතුත්ථං.",pli,nadil,pali,pali
"‘‘තිණ්ණො හිය්‍යො රාජා ගඞ්ගං, සාමච්චො සපරිජ්ජනො; හංසරාජං යථා ධඞ්කො, අනුජ්ජවං පතිස්සසි’’.",pli,nadil,pali,pali
"‘‘සීලඤ්ච බාහුසච්චඤ්ච, ධම්මානං පවිචයො යථාභූතං; සච්චානං අභිසමයො, එතං සමණස්ස පතිරූපං.",pli,nadil,pali,pali
"‘‘සකුණීව තථාකාසෙ, පල්ලඞ්කෙන කමී තදා; වසං වත්තෙසි කායෙන, යාව බ්‍රහ්මනිවෙසනං.",pli,nadil,pali,pali
"සමා ගොපනිසාදෙහි, තෙපි වුච්චන්ති බ්‍රාහ්මණා; අක්ඛාතා තෙ මහාරාජ, තාදිසෙ නිපතාමසෙ.",pli,nadil,pali,pali
"‘‘න සො රජ්ජති රූපෙසු, රූපං දිස්වා පතිස්සතො; විරත්තචිත්තො වෙදෙති, තඤ්ච නාජ්ඣොස්ස තිට්ඨති.",pli,nadil,pali,pali
"“කල්ප එක් දහස් අටසියයකට පෙරවූ එකල්හි යම් දනක් දුනිම්ද, (ඒ හේතුවෙන්) දුගතියක් නොදනිමි. උක් දනෙහි මේ විපාකයයි.",sin,nadil,sinhala,sinhala
"‘‘දසෙත්ථ පණ්ඩිතා ආහු, භූරිපඤ්ඤා රහොගමා (රහොගතා (ස්‍යා. ක.)); මාතා එකාදසී රඤ්ඤො, පඤ්චාලියං පසාසති.",pli,nadil,pali,pali
ද්වීහි වාඤ්ඤෙහි සමණු - ද්දෙසෙහි ථිරමානසො,pli,nadil,pali,pali
“ඍෂීන්ගෙන් යහපතැයි සම්මතවූ දායපස්ස නම් උයනෙහි වැඩඋන්නාවූ ඍෂි සමූහයා විසින් පෙරටුකරණ ලද්දාවූ සංකිච්ච නම් ඍෂීන් වහන්සේ මම විචාරමි.,sin,nadil,sinhala,sinhala
"“මිහිරි වදන් කියන කල්හි, බෙර වයන කල්හි, සක් පිඹින කල්හි මම ස්වකීය ගෘහයෙහි සිත් අලවා වෙසෙමි.",sin,nadil,sinhala,sinhala
"“දුවණියෙනි, යමෙක් විධුර පණ්ඩිතයා මෙහි ගෙණෙන්නේද, එබඳු ස්වාමිපුරුෂයෙකු සෙවීමෙහි හැසිරෙවයි” කීයේය. ඒ නාග මානවිකාතොමෝ පියාගේ කීම අසා රාත්‍රියෙහි නාගභවනයෙන් නික්ම ස්වාමියෙකු සෙවීමෙහි හැසුරුණේය",sin,nadil,sinhala,sinhala
"“සිව් පිළිසිඹියාවෝද, අෂ්ට විමොක්‍ෂයෝද, ෂඩභිඥාවෝද සාක්‍ෂාත් කරණ ලදී. බුදුරජාණන් වහන්සේගේ සසුනද කරණලදී. මෙහි මේ අයුරින් ආයුෂ්මත් පුප්ඵධාරක තෙරුන් වහන්සේ මෙම ගාථාවන් වදාළ සේක.”",sin,nadil,sinhala,sinhala
"‘‘එවං අභික්කන්තදස්සාවිං, අත්ථි පඤ්හෙන ආගමං; කථං ලොකං අවෙක්ඛන්තං, මච්චුරාජා න පස්සති’’.",pli,nadil,pali,pali
"තතො ජානපදා සබ්බෙ, වික්කන්දිංසු සමාගතා; පුත්තො ත්‍යායං මහාරාජ, ජනං හෙඨෙත්‍යදූසකං.",pli,nadil,pali,pali
"‘‘න චම්හි බ්‍යම්හිතො නාගි, න ච මච්චුභයට්ටිතො; න වජ්ඣො අභිවාදෙය්‍ය, වජ්ඣං වා නාභිවාදයෙ.",pli,nadil,pali,pali
"‘‘ඉධ , භික්ඛවෙ, එකච්චො සමණො වා බ්‍රාහ්මණො වා පුබ්බන්තානුදිට්ඨීනඤ්ච පටිනිස්සග්ගා, අපරන්තානුදිට්ඨීනඤ්ච පටිනිස්සග්ගා, සබ්බසො කාමසංයොජනානං අනධිට්ඨානා, පවිවෙකං පීතිං උපසම්පජ්ජ විහරති - ‘එතං සන්තං එතං පණීතං යදිදං පවිවෙකං පීතිං උපසම්පජ්ජ විහරාමී’ති. තස්ස සා පවිවෙකා පීති නිරුජ්ඣති. පවිවෙකාය පීතියා නිරොධා උප්පජ්ජති දොමනස්සං, දොමනස්සස්ස නිරොධා උප්පජ්ජති පවිවෙකා පීති. සෙය්‍යථාපි, භික්ඛවෙ, යං ඡායා ජහති තං ආතපො ඵරති, යං ආතපො ජහති තං ඡායා ඵරති; එවමෙව ඛො, භික්ඛවෙ, පවිවෙකාය පීතියා නිරොධා උප්පජ්ජති දොමනස්සං, දොමනස්සස්ස නිරොධා උප්පජ්ජති පවිවෙකා පීති. තයිදං, භික්ඛවෙ, තථාගතො අභිජානාති. අයං ඛො භවං සමණො වා බ්‍රාහ්මණො වා පුබ්බන්තානුදිට්ඨීනඤ්ච පටිනිස්සග්ගා , අපරන්තානුදිට්ඨීනඤ්ච පටිනිස්සග්ගා, සබ්බසො කාමසංයොජනානං අනධිට්ඨානා, පවිවෙකං පීතිං උපසම්පජ්ජ විහරති - ‘එතං සන්තං එතං පණීතං යදිදං පවිවෙකං පීතිං උපසම්පජ්ජ විහරාමී’ති. තස්ස සා පවිවෙකා පීති නිරුජ්ඣති. පවිවෙකාය පීතියා නිරොධා උප්පජ්ජති දොමනස්සං, දොමනස්සස්ස නිරොධා උප්පජ්ජති පවිවෙකා පීති. ‘තයිදං සඞ්ඛතං ඔළාරිකං අත්ථි ඛො පන සඞ්ඛාරානං නිරොධො අත්ථෙත’න්ති - ඉති විදිත්වා තස්ස නිස්සරණදස්සාවී තථාගතො තදුපාතිවත්තො.",pli,nadil,pali,pali
"“වෙරළු මිණි අතුරනලද භූමිය විචිත්‍රය, මනරම්ය, කළුගෙවල් ශුභය, රම්‍යය, තොපට ප්‍රාසාදයක් මැවුණේය.",sin,nadil,sinhala,sinhala
"“මහණෙනි, එපරිද්දෙන්ම යම් කෙනෙක් රන්රිදී මසු, කහවණු පිළිගැන්මෙන් වැළකුණාහු වෙත්ද ඒ සත්වයෝ තුමූ ඉතා ස්වල්පවෙත්. යම් කෙනෙක් රන්, රිදී, මසු කහවණු පිළිගැන්මෙන් නොවැළකුණාහුද, ඒ සත්වයෝම ඉතා බොහෝ වෙත්. ඊට හේතු කවරේද යත්, මහණෙනි සතර ආර්‍ය්‍යසත්‍යයන්ගේ නොදක්නාලද බවය. කවර සතරකගේද යත්?",sin,nadil,sinhala,sinhala
"‘‘තිස්සො ඉමා, භික්ඛවෙ, තසිනා. කතමා තිස්සො? කාමතසිනා, භවතසිනා, විභවතසිනා. ඉමාසං ඛො, භික්ඛවෙ, තිස්සන්නං තසිනානං අභිඤ්ඤාය පරිඤ්ඤාය පරික්ඛයාය පහානාය...පෙ.... රාගවිනයපරියොසානං දොසවිනයපරියොසානං මොහවිනයපරියොසානං...පෙ.... අමතොගධං අමතපරායනං අමතපරියොසානං...පෙ.... නිබ්බානනින්නං නිබ්බානපොණං නිබ්බානපබ්භාරං. ඉමාසං ඛො, භික්ඛවෙ, තිස්සන්නං තසිනානං අභිඤ්ඤාය පරිඤ්ඤාය පරික්ඛයාය පහානාය...පෙ.... අයං අරියො අට්ඨඞ්ගිකො මග්ගො භාවෙතබ්බො’’ති. එකාදසමං.",pli,nadil,pali,pali
"“යම්සේ ජීර්‍ණවූ සර්පයෙක් තෙම ස්වකීය සැවය හැර දමා ගියේද, එසේම තාගේ දෙමාපියෝද සිය සිරුර මෙලොවෙහි හැර දමත්.",sin,nadil,sinhala,sinhala
"‘‘කිංසු සංයොජනො ලොකො, කිංසු තස්ස විචාරණං; කිස්සස්ස විප්පහානෙන, නිබ්බානං ඉති වුච්චති’’.",pli,nadil,pali,pali
"“මහරජ, මොව්හු ධ්‍රතරාෂ්ට නම්වූ හංසයන්ගේ අධිපතීහු වෙත්. මෙතෙම වනාහි හංසයන්ගේ රජවේ. මේ අනික් තැනැත්තා සේනාපති වේ.”",sin,nadil,sinhala,sinhala
"“යම් යම් තැනක (උත්පත්ති වශයෙන්) ගිය මට යම් කිසිවෙක් ස්වාමියා වේද, (හෙතම මාගේ) ප්‍රතිපත්ති ඵලය කරණකොට ගෙන අවමන් නොකරයි.",sin,nadil,sinhala,sinhala
“පෙණ පිඩක් බඳුවූ අසාර කාය නම්වූ රූපය සිහි කරව. අනිත්‍යවූ ස්කන්ධයන් දකුව. නරකයෙහි බොහෝ දුක් සිහි කරව.,sin,nadil,sinhala,sinhala
"“කොණ්ඩඤ්ඤ ගොත්‍ර ඇති පුත්‍රය, දන්දෙව. ඇතිවූද ඇතිවිය යුතුවූද සියලු සත්වයන්ට අවිහිංසාකරව. මෙතෙම සුගතියට යන මාර්ගයවේ. දරුවන් මරා කරණ යාගයෙන් ස්වර්ගයට යන මාර්ගයක් නැත්තේයයි” මව කීය.",sin,nadil,sinhala,sinhala
“කළපව්කම් ඇති සත්ව තෙම යම් යම් තැනකට යේද ඒ ඒ තන්හි (ඔහුට) ශොක කිරීම හා වැලපීමද වදයද බන්ධනයද කියන ලද අයහපත් දේ ඇති වෙයි. කිසි කලෙකත් දුගතියෙන් නොමිදෙයි.,sin,nadil,sinhala,sinhala
“බඩගිනිවූ සා පිපාසා දුකින් ක්ලාන්තවූ අපි කැරකෙන්නාහු බිම (දැමූ මැටි පිඬක් මෙන්) ඇද වැටෙන්නෝ වෙමු. උඩුකුරුව වැටුනාහු විසුරුණු අවයව ඇත්තෝ වෙමු. යටිකුරුව වැටුනෙමු.,sin,nadil,sinhala,sinhala
"‘‘අට්ඨ අභිභායතනානි. අජ්ඣත්තං රූපසඤ්ඤී එකො බහිද්ධා රූපානි පස්සති පරිත්තානි සුවණ්ණදුබ්බණ්ණානි, ‘තානි අභිභුය්‍ය ජානාමි පස්සාමී’ති එවංසඤ්ඤී හොති. ඉදං පඨමං අභිභායතනං. ‘‘අජ්ඣත්තං රූපසඤ්ඤී එකො බහිද්ධා රූපානි පස්සති අප්පමාණානි සුවණ්ණදුබ්බණ්ණානි, ‘තානි අභිභුය්‍ය ජානාමි පස්සාමී’ති - එවංසඤ්ඤී හොති. ඉදං දුතියං අභිභායතනං. ‘‘අජ්ඣත්තං අරූපසඤ්ඤී එකො බහිද්ධා රූපානි පස්සති පරිත්තානි සුවණ්ණදුබ්බණ්ණානි, ‘තානි අභිභුය්‍ය ජානාමි පස්සාමී’ති එවංසඤ්ඤී හොති. ඉදං තතියං අභිභායතනං. ‘‘අජ්ඣත්තං අරූපසඤ්ඤී එකො බහිද්ධා රූපානි පස්සති අප්පමාණානි සුවණ්ණදුබ්බණ්ණානි, ‘තානි අභිභුය්‍ය ජානාමි පස්සාමී’ති එවංසඤ්ඤී හොති. ඉදං චතුත්ථං අභිභායතනං. ‘‘අජ්ඣත්තං අරූපසඤ්ඤී එකො බහිද්ධා රූපානි පස්සති නීලානි නීලවණ්ණානි නීලනිදස්සනානි නීලනිභාසානි. සෙය්‍යථාපි නාම උමාපුප්ඵං නීලං නීලවණ්ණං නීලනිදස්සනං නීලනිභාසං, සෙය්‍යථා වා පන තං වත්ථං බාරාණසෙය්‍යකං උභතොභාගවිමට්ඨං නීලං නීලවණ්ණං නීලනිදස්සනං නීලනිභාසං. එවමෙව (එවමෙවං (ක.)) අජ්ඣත්තං අරූපසඤ්ඤී එකො බහිද්ධා රූපානි පස්සති නීලානි නීලවණ්ණානි නීලනිදස්සනානි නීලනිභාසානි, ‘තානි අභිභුය්‍ය ජානාමි පස්සාමී’ති එවංසඤ්ඤී හොති. ඉදං පඤ්චමං අභිභායතනං. ‘‘අජ්ඣත්තං අරූපසඤ්ඤී එකො බහිද්ධා රූපානි පස්සති පීතානි පීතවණ්ණානි පීතනිදස්සනානි පීතනිභාසානි. සෙය්‍යථාපි නාම කණිකාරපුප්ඵං (කණ්ණිකාරපුප්ඵං (ස්‍යා. කං.)) පීතං පීතවණ්ණං පීතනිදස්සනං පීතනිභාසං, සෙය්‍යථා වා පන තං වත්ථං බාරාණසෙය්‍යකං උභතොභාගවිමට්ඨං පීතං පීතවණ්ණං පීතනිදස්සනං පීතනිභාසං. එවමෙව අජ්ඣත්තං අරූපසඤ්ඤී එකො බහිද්ධා රූපානි පස්සති පීතානි පීතවණ්ණානි පීතනිදස්සනානි පීතනිභාසානි, ‘තානි අභිභුය්‍ය ජානාමි පස්සාමී’ති එවංසඤ්ඤී හොති. ඉදං ඡට්ඨං අභිභායතනං. ‘‘අජ්ඣත්තං අරූපසඤ්ඤී එකො බහිද්ධා රූපානි පස්සති ලොහිතකානි ලොහිතකවණ්ණානි ලොහිතකනිදස්සනානි ලොහිතකනිභාසානි. සෙය්‍යථාපි නාම බන්ධුජීවකපුප්ඵං ලොහිතකං ලොහිතකවණ්ණං ලොහිතකනිදස්සනං ලොහිතකනිභාසං, සෙය්‍යථා වා පන තං වත්ථං බාරාණසෙය්‍යකං උභතොභාගවිමට්ඨං ලොහිතකං ලොහිතකවණ්ණං ලොහිතකනිදස්සනං ලොහිතකනිභාසං. එවමෙව අජ්ඣත්තං අරූපසඤ්ඤී එකො බහිද්ධා රූපානි පස්සති ලොහිතකානි ලොහිතකවණ්ණානි ලොහිතකනිදස්සනානි ලොහිතකනිභාසානි, ‘තානි අභිභුය්‍ය ජානාමි පස්සාමී’ති එවංසඤ්ඤී හොති. ඉදං සත්තමං අභිභායතනං. ‘‘අජ්ඣත්තං අරූපසඤ්ඤී එකො බහිද්ධා රූපානි පස්සති ඔදාතානි ඔදාතවණ්ණානි ඔදාතනිදස්සනානි ඔදාතනිභාසානි. සෙය්‍යථාපි නාම ඔසධිතාරකා ඔදාතා ඔදාතවණ්ණා ඔදාතනිදස්සනා ඔදාතනිභාසා, සෙය්‍යථා වා පන තං වත්ථං බාරාණසෙය්‍යකං උභතොභාගවිමට්ඨං ඔදාතං ඔදාතවණ්ණං ඔදාතනිදස්සනං ඔදාතනිභාසං. එවමෙව අජ්ඣත්තං අරූපසඤ්ඤී එකො බහිද්ධා රූපානි පස්සති ඔදාතානි ඔදාතවණ්ණානි ඔදාතනිදස්සනානි ඔදාතනිභාසානි , ‘තානි අභිභුය්‍ය ජානාමි පස්සාමී’ති එවංසඤ්ඤී හොති. ඉදං අට්ඨමං අභිභායතනං.",pli,nadil,pali,pali
"“ලොහිච්චය, මේ ලෝකයෙහි චොදනාකිරීම සුදුසුවූ (ශාස්තෘවරයෝ) අනුශාසකයෝ තුන්දෙනෙක් ඇත්තාහ. යමෙක් මෙබඳුවූ ශාස්තෘවරයන්ට චොදනා කෙරේද, ඒ චොදනාව ඇත්තක්මය, සැබවක්මය, ධර්මයට එකඟය, නිවරදය, කවර තුන් දෙනෙක්ද? ලොහිච්චය, මේ ලෝකයෙහි ඇතැම් අනුශාසකයෙක් යම් ප්‍රයෝජනයක් සඳහා ගිහිගෙන් නික්ම අනගාරික (ගිහි ජීවිතයෙන් තොර) ශාසනයෙහි මහණවේද, ඔහු විසින් ඒ ශ්‍රමණ භාවයේ ඵලය වන රහත් බව නොලබන ලද්දේ වේද, ඔහු ඒ රහත් බවට නොපැමිණ (ශ්‍රාවකයන්ට) තොපට මේ හිත පිණිසය, තොපට මේ සැප පිණිසයයි ගෝලයින්ට ධර්ම දේශනා කරයිද, ඔහුගේ ඒ ගෝලයෝ එය නොඅසත්ද, ඒ ධර්මය ඇසීම පිණිස කන් නොනමත්ද, ඒ ධර්මය දැනගැනීම පිණිස සිත එළඹ නොපිහිටුවත්ද, අනුශාසකයාගේ අනුශාසනයෙන් ඉවත්ව පවතිත්ද, ඔහු මෙසේ චෝදනා කටයුතු වන්නේය. ‘ආයුෂ්මත්තෙම යම් ප්‍රයෝජනයක් පිණිස ගිහිගෙන් නික්ම අනගාරික ගිහි (ජීවිතයෙන් තොර) ශාසනයෙහි පැවිදිවූයේද, ඔබ විසින් ඒ අර්හත්ඵලය නොලබන ලද්දේය. ඔබ ඒ මහණ අර්ථයට නොපැමිණ තොපට මේ හිත පිණිසය, තොපට මේ සැප පිණිසයයි ගෝලයන්ට ධර්මදේශනා කෙරෙහිද, ඔබගේ ඒ ගෝලයෝ ඒ ධර්මය නොඅසත්, ඒ ධර්මය ඇසීමට කන් නොනමත්. ඒ ධර්මය දැනගැනීම පිණිස සිත එළඹ නොසිටුවත්, ගුරුවරයාගේ අනුශාසනයෙන් පිටත පවතිත්. යම්සේ අහක්ව යන ස්ත්‍රියක් වෙතට පැමිණෙන්නේ හෝ වේද, යම්සේ පිටිපෑ එකියක් වැළඳගන්නේද මෙයද එවැනිවූ ලාමක ලෝභ ධර්මයකැයි කියමි. අනිකෙක් අනිකෙකුට කුමක් කරන්නේද? ලොහිච්චය, මේ ලෝකයෙහි චෝදනා කිරීමට සුදුසුවූ ඒ පළමුවෙනි අනුශාසකයායි. යමෙක් මෙවැනි අනුශාසකයාට චෝදනා කෙරේද, ඒ චෝදනාව ඇත්තක්මය, සැබවක්මය, ධර්මයට එකඟද වේ. නිවරදය.",sin,nadil,sinhala,sinhala
"න සන්ථවස්මා පරමත්ථි පාපියො, යො සන්ථවො (සන්ධවො (ක.)) කාපුරිසෙන හොති; සන්තප්පිතො සප්පිනා පායසෙන (පායාසෙන (ක.)), කිච්ඡාකතං පණ්ණකුටිං අදය්හි (අදඩ්ඪහි (සී. ස්‍යා.), අදට්ඨහි (පී.), අදද්දහි (?)).",pli,nadil,pali,pali
‘‘පටිසම්භිදා චතස්සො...පෙ.... කතං බුද්ධස්ස සාසනං’’. ඉත්ථං සුදං ආයස්මා නන්දකො ථෙරො ඉමා ගාථායො අභාසිත්ථාති.,pli,nadil,pali,pali
"‘‘විපස්සිං තත්ථ අද්දක්ඛිං, පීතරංසිංව භාණුමං; යං මෙ අත්ථි ඵලං සබ්බං, අදාසිං සත්ථුනො අහං.",pli,nadil,pali,pali
"‘‘සීසං න්හාතො සුචිවත්ථො, සබ්බාභරණභූසිතො; පච්චයං නාගමාරුය්හ, ඛග්ගං බන්ධි පරන්තපං.",pli,nadil,pali,pali
"‘‘සෙය්‍යථාපි, භික්ඛු, තෙලඤ්ච පටිච්ච වට්ටිඤ්ච පටිච්ච තෙලප්පදීපො ඣායති; තස්සෙව තෙලස්ස ච වට්ටියා ච පරියාදානා අඤ්ඤස්ස ච අනුපහාරා (අනුපාහාරා (සී. පී.), අනුපාදානා (ක.)) අනාහාරො නිබ්බායති; එවමෙව ඛො, භික්ඛු, කායපරියන්තිකං වෙදනං වෙදයමානො ‘කායපරියන්තිකං වෙදනං වෙදයාමී’ති පජානාති, ජීවිතපරියන්තිකං වෙදනං වෙදයමානො ‘ජීවිතපරියන්තිකං වෙදනං වෙදයාමී’ති පජානාති, ‘කායස්ස භෙදා පරං මරණා උද්ධං ජීවිතපරියාදානා ඉධෙව සබ්බවෙදයිතානි අනභිනන්දිතානි සීතීභවිස්සන්තී’ති පජානාති. තස්මා එවං සමන්නාගතො භික්ඛු ඉමිනා පරමෙන පඤ්ඤාධිට්ඨානෙන සමන්නාගතො හොති. එසා හි, භික්ඛු, පරමා අරියා පඤ්ඤා යදිදං - සබ්බදුක්ඛක්ඛයෙ ඤාණං.",pli,nadil,pali,pali
විඛ්‍යාතො - දුතියො පතිභූභුජො,pli,nadil,pali,pali
"‘‘යාමා දෙවා ඉධාගන්ත්වා, ගොතමං සිරිවච්ඡසං; කක්කාරුමාලං (ගොක්ඛනුමාලං (සී.)) පග්ගය්හ, බුද්ධස්ස අභිරොපයිං.",pli,nadil,pali,pali
උග්ගණ්හී දාසකත්ථෙරො අත්තනො උපජ්ඣායස්ස උපාලිත්ථෙරස්ස,pli,nadil,pali,pali
"“මහරජ, එකල්හි නාසයෙන් විද කරණලද යම් බැමි වූවාහුද, ඔව්හු ඒ නාගයා බන්ධනයෙන් මිදුවාහුය. බන්ධනයෙන් මිදුනාවූ ඒ නාරජතෙමේද පෙරදිගට අභිමුඛව මොහොතක්කල් ගියේය.",sin,nadil,sinhala,sinhala
නමෙවවිසයං නාඤ්ඤෙසං යොකොචි සාමඤ්ඤවිසෙසවසෙන විනය,pli,nadil,pali,sinhala
"එකල්හි බුදුබව මෝරවන ධර්‍ම සොයන්නේ, පෙර ඇතිවූ, මහර්ෂිවූ බුදුවරයන් විසින් ආදරයෙන් සෙව්නා ලද, නිති සෙව්නා ලද පස්වැනි විරිය පාරමිතාව දුටුයෙමි.",sin,nadil,sinhala,sinhala
සුත්තතො අනුව්‍යංජනසොති පාළිතොච පරිපුච්ඡතොච අට්ඨ කථා,pli,nadil,pali,sinhala
"සාවත්ථියං විහරති...පෙ.... ‘‘යෙ හි කෙචි, භික්ඛවෙ, සමණා වා බ්‍රාහ්මණා වා ලාභසක්කාරසිලොකස්ස අස්සාදඤ්ච ආදීනවඤ්ච නිස්සරණඤ්ච යථාභූතං නප්පජානන්ති, න මෙ තෙ, භික්ඛවෙ, සමණා වා බ්‍රාහ්මණා වා සමණෙසු වා සමණසම්මතා බ්‍රාහ්මණෙසු වා බ්‍රාහ්මණසම්මතා, න ච පන තෙ ආයස්මන්තා සාමඤ්ඤත්ථං වා බ්‍රහ්මඤ්ඤත්ථං වා දිට්ඨෙව ධම්මෙ සයං අභිඤ්ඤා සච්ඡිකත්වා උපසම්පජ්ජ විහරන්ති. යෙ ච ඛො කෙචි, භික්ඛවෙ, සමණා වා බ්‍රාහ්මණා වා ලාභසක්කාරසිලොකස්ස අස්සාදඤ්ච ආදීනවඤ්ච නිස්සරණඤ්ච යථාභූතං පජානන්ති, තෙ ච ඛො මෙ, භික්ඛවෙ, සමණා වා බ්‍රාහ්මණා වා සමණෙසු චෙව සමණසම්මතා බ්‍රාහ්මණෙසු ච බ්‍රාහ්මණසම්මතා, තෙ ච පනායස්මන්තො සාමඤ්ඤත්ථඤ්ච බ්‍රහ්මඤ්ඤත්ථඤ්ච දිට්ඨෙව ධම්මෙ සයං අභිඤ්ඤා සච්ඡිකත්වා උපසම්පජ්ජ විහරන්තී’’ති. පඤ්චමං.",pli,nadil,pali,pali
"යස්මා ච මෙ අනධිමනොසි සාමි, න චාපි මෙ මනසා අප්පියොසි; එතෙන සච්චෙන සරන්තු දෙවා, අනුඤ්ඤාතො සොත්ථි පච්චෙහි සාමි.",pli,nadil,pali,pali
"උත්‍රස්තං දුක්ඛිතං දිස්වා, දෙවතා අත්ථකාමිනී; බාවරිං උපසඞ්කම්ම, ඉදං වචනමබ්‍රවි.",pli,nadil,pali,pali
"‘‘චීවරං පිණ්ඩපාතඤ්ච, පච්චයං සයනාසනං; තමහං පරිභාසාමි, මච්ඡෙරෙන උපද්දුතා.",pli,nadil,pali,pali
"‘‘තතො දෙවා පිතරො ච (තතො ච දෙවා පිතරො (සී. ස්‍යා.)), ඉන්දො අසුරරක්ඛසා; අධම්මො ඉති පක්කන්දුං, යං සත්ථං නිපතී ගවෙ.",pli,nadil,pali,pali
"අනිට්ඨිතෙ මමොකාසෙ, දීපඞ්කරො මහාමුනි; චතූහි සතසහස්සෙහි, ඡළභිඤ්ඤෙහි තාදිහි; ඛීණාසවෙහි විමලෙහි, පටිපජ්ජි අඤ්ජසං ජිනො.",pli,nadil,pali,pali
"‘‘‘යාවතා පරිසා තස්ස, ගන්ධගන්ධී භවිස්සති; සාලස්ස පුප්ඵවස්සො ච, පවස්සිස්සති තාවදෙ.",pli,nadil,pali,pali
"‘‘පටිසල්ලානෙ, භික්ඛවෙ, යොගමාපජ්ජථ. පටිසල්ලීනො, භික්ඛවෙ, භික්ඛු යථාභූතං පජානාති. කිඤ්ච යථාභූතං පජානාති? ‘ඉදං දුක්ඛ’න්ති යථාභූතං පජානාති, ‘අයං දුක්ඛසමුදයො’ති යථාභූතං පජානාති, ‘අයං දුක්ඛනිරොධො’ති යථාභූතං පජානාති, ‘අයං දුක්ඛනිරොධගාමිනී පටිපදා’ති යථාභූතං පජානාති. පටිසල්ලානෙ , භික්ඛවෙ, යොගමාපජ්ජථ. පටිසල්ලීනො, භික්ඛවෙ, භික්ඛු යථාභූතං පජානාති. ‘‘තස්මාතිහ , භික්ඛවෙ, ‘ඉදං දුක්ඛ’න්ති යොගො කරණීයො, ‘අයං දුක්ඛසමුදයො’ති යොගො කරණීයො, ‘අයං දුක්ඛනිරොධො’ති යොගො කරණීයො, ‘අයං දුක්ඛනිරොධගාමිනී පටිපදා’ති යොගො කරණීයො’’ති. දුතියං.",pli,nadil,pali,pali
"“වනක්‍ෂමවූ එම ශිෂ්‍යයනට මෙසේ අනුශාසනා කොට එකල්හි මම අප්‍රමාදී ගුණයෙහි යෙදුනේ, කළුරිය කළේ වෙමි.",sin,nadil,sinhala,sinhala
"මා විසින් මෙසේ අසනලදී. එක් සමයෙක්හි භාග්‍යවතුන් වහන්සේ සැවැත්නුවර සමීපයෙහිවූ, ‘කලන්දක නිවාප’ නම් ලත් වේළුවනයෙහි (හුණවනයෙහි) වාසය කරන සේක. ඉක්බිති ‘සෝණ’ නම් ගෘහපති පුත්‍රතෙම භාග්‍යවතුන් වහන්සේ යම්තැනෙක්හිද, එතැන්හි පැමිණියේය. පැමිණ, භාග්‍යවතුන් වහන්සේට වැඳ, එක් පැත්තක හුන්නේය. එක්පැත්තක හුන්නාවූ, ‘සෝණ’ නම් ගෘහපති පුත්‍රයාහට භාග්‍යවතුන් වහන්සේ මෙය වදාළසේක. “සෝණය, යම්කිසි ශ්‍රමණයෝ හෝ බ්‍රාහ්මණයෝ හෝ රූපය නොදනිත්ද, රූපයේ ඇතිවීම නොදනිත්ද, රූපයේ නැතිවීම නොදනිත්ද, රූපය නැතිකිරීමට ගමන්කළයුතු මාර්ගය නොදනිත්ද, වේදනාව නොදනිත්ද, වේදනාවේ ඇතිවීම නොදනිත්ද, වේදනාවේ නැතිවීම නොදනිත්ද, වේදනාව නැතිකිරීමට ගමන්කළයුතු මාර්ගය නොදනිත්ද, සංඥාව නොදනිත්ද, සංඥාවේ ඇතිවීම නොදනිත්ද, සංඥාවේ නැතිවීම නොදනිත්ද, සංඥාව නැතිකිරීමට ගමන්කළයුතු මාර්ගය නොදනිත්ද, සංස්කාර නොදනිත්ද, සංස්කාරයන්හි ඇතිවීම නොදනිත්ද, සංස්කාරයන්හි නැතිවීම නොදනිත්ද, සංස්කාරයන් නැතිකිරීමට ගමන්කළයුතු මාර්ගය නොදනිත්ද, විඤ්ඤාණය නොදනිත්ද, විඤ්ඤාණය ඇතිවීම නොදනිත්ද, විඤ්ඤාණය නැතිවීම නොදනිත්ද, විඤ්ඤාණය නැතිකිරීමට ගමන්කළයුතු මාර්ගය නොදනිත්ද, සෝණය, ඒ ශ්‍රමණයෝ හෝ බ්‍රාහ්මණයෝ හෝ ශ්‍රමණයන් අතුරෙහි ශ්‍රමණ සම්මත හෝ බ්‍රාහ්මණයන් අතුරෙහි බ්‍රාහ්මණ සම්මත හෝ නොවෙති. ඒ ආයුෂ්මත්හු වනාහි ශ්‍රමණ භාවයේ ඵලය හෝ බ්‍රාහ්මණ භාවයේ ඵලය හෝ මේ ආත්මයෙහි තෙමේ දැන, අවබෝධ කොට ඊට පැමිණ, වාසය නොකෙරෙත්. “සෝණය, යම්කිසි ශ්‍රමණයෝ හෝ බ්‍රාහ්මණයෝ හෝ රූපය දනිත්ද, රූපයේ ඇතිවීම දනිත්ද, රූපයේ නැතිවීම දනිත්ද, රූපය නැතිකිරීමට ගමන්කළයුතු මාර්ගය දනිත්ද, වේදනාව දනිත්ද, වේදනාවේ ඇතිවීම දනිත්ද, වේදනාවේ නැතිවීම දනිත්ද, වේදනාව නැතිකිරීමට ගමන්කළයුතු මාර්ගය දනිත්ද, සංඥාව දනිත්ද, සංඥාවේ ඇතිවීම දනිත්ද, සංඥාවේ නැතිවීම දනිත්ද, සංඥාව නැතිකිරීමට ගමන්කළ යුතු මාර්ගය දනිත්ද, සංස්කාර දනිත්ද, සංස්කාරයන් ඇතිවීම දනිත්ද, සංස්කාරයන් නැතිවීම දනිත්ද, සංස්කාරයන් නැතිකිරීමට ගමන්කළයුතු මාර්ගය දනිත්ද, විඤ්ඤාණය දනිත්ද, විඤ්ඤාණයේ ඇතිවීම දනිත්ද, විඤ්ඤාණයේ නැතිවීම දනිත්ද, විඤ්ඤාණය නැතිකිරීමට ගමන්කළයුතු මාර්ගය දනිත්ද, සෝණය, ඒ ශ්‍රමණයෝ හෝ බ්‍රාහ්මණයෝ හෝ ශ්‍රමණයන් අතුරෙහි ශ්‍රමණ සම්මතද, බ්‍රාහ්මණයන් අතුරෙහි බ්‍රාහ්මණ සම්මතද වෙති. ඒ ආයුෂ්මත්හු වනාහි ශ්‍රමණ භාවයේ ඵලයද, බ්‍රාහ්මණ භාවයේ ඵලයද මේ ආත්මයෙහි තෙමේ දැන, අවබෝධකොට, ඊට පැමිණ, වාසයකෙරෙත්.” (අටවෙනි සෝණ සූත්‍රය නිමි.)",sin,nadil,sinhala,sinhala
"මහාගොතමො ජිනවරො, කුසිනාරම්හි නිබ්බුතො; ධාතුවිත්ථාරිකං ආසි, තෙසු තෙසු පදෙසතො.",pli,nadil,pali,pali
"‘‘යස්ස කස්සචි, භික්ඛවෙ, ඉමෙහි ආකාරෙහි ඉමෙහි පදෙහි ඉමෙහි බ්‍යඤ්ජනෙහි තථාගතෙ සද්ධා නිවිට්ඨා හොති මූලජාතා පතිට්ඨිතා, අයං වුච්චති, භික්ඛවෙ, ආකාරවතී සද්ධා දස්සනමූලිකා, දළ්හා; අසංහාරියා සමණෙන වා බ්‍රාහ්මණෙන වා දෙවෙන වා මාරෙන වා බ්‍රහ්මුනා වා කෙනචි වා ලොකස්මිං. එවං ඛො, භික්ඛවෙ, තථාගතෙ ධම්මසමන්නෙසනා හොති. එවඤ්ච පන තථාගතො ධම්මතාසුසමන්නිට්ඨො හොතී’’ති. ඉදමවොච භගවා. අත්තමනා තෙ භික්ඛූ භගවතො භාසිතං අභිනන්දුන්ති.",pli,nadil,pali,pali
වාලුකාතිත්ථංගාමෙබං -,pli,nadil,pali,pali
"‘‘සත්තරසෙ (සත්තවීසෙ (සී. ස්‍යා.)) ඉතො කප්පෙ, එකො සින්ධවසන්ධනො; සත්තරතනසම්පන්නො, චතුදීපම්හි ඉස්සරො.",pli,nadil,pali,pali
"ධම්මපීති සුඛං සෙති, විප්පසන්නෙන චෙතසා; අරියප්පවෙදිතෙ ධම්මෙ, සදා රමති පණ්ඩිතො.",pli,nadil,pali,pali
"‘‘යෙසං පුබ්බෙ ඛන්ධෙසු, චිත්තා මාලාගුණා විවත්තිංසු; තෙසජ්ජපි සුනිසිතො, නෙත්තිංසො විවත්තිස්සති ඛන්ධෙසු.",pli,nadil,pali,pali
"“ඒ පෞරාණික රජහු නගරයන්ද ගෘහයන්ද නොයෙක් ප්‍රාසාදයන්ද කරවන්නාහු මා නොඉක්මවූහ. ඔහු තුමූ යම්සේම මා පිදුවාහුද, එසේම නුඹ වහන්සේද පුදව,",sin,nadil,sinhala,sinhala
"පතිලීනචරස්ස භික්ඛුනො, භජමානස්ස විවිත්තමාසනං; සාමග්ගියමාහු තස්ස තං, යො අත්තානං භවනෙ න දස්සයෙ.",pli,nadil,pali,pali
"“උඩඟු බැව් නැත්තාවූද, චපල බැව් නැත්තාවූද, කල්‍යාණ මිත්‍රයන් ඇත්තාවුද, සංවරකළ ඉඳුරන් ඇත්තාවූද, ප්‍රඥාවෙන් යුක්තවූවාවූද භික්ෂුව දුක් කෙළවර කරයි.",sin,nadil,sinhala,sinhala
"‘‘‘යථාසකෙන ථාමෙන, පුඤ්ඤක්ඛෙත්තෙ අනුත්තරෙ; අධිකාරං කරෙය්‍යාථ, පස්සයිස්සථ නිබ්බුතිං.",pli,nadil,pali,pali
"“කුශල මුලයෙන් මෙහෙයන ලදුයේ, හෙතෙම පසුව පැවිදිව නම්න් රට්ඨපාලයයි ප්‍රසිද්ධ බුද්ධ ශ්‍රාවකයෙක් වන්නේය.",sin,nadil,sinhala,sinhala
"සම්පන්නවිජ්ජාචරණස්ස තාදිනො, ජුතින්ධරස්සන්තිමදෙහධාරිනො; තථාගතස්සප්පටිපුග්ගලස්ස, උප්පජ්ජි කාරුඤ්ඤතා සබ්බසත්තෙ.",pli,nadil,pali,pali
"“භවත් ගෞතමයන් වහන්ස, මෙසේ මිදුනාවූ සිත් ඇති භික්ෂුතෙම වනාහි කොහි උපදීද? “වච්ඡය, උපදී යනු නොයෙදෙයි. “භවත් ගෞතමයන් වහන්ස, එසේවීනම් නූපදීද?” “වච්ඡය, නූපදී යනුද නොයෙදෙයි (සුදුසු නොවෙයි)” “භවත් ගෞතමයන් වහන්ස, එසේවීනම් උපදීද, නූපදීද?” “වච්ඡය, උපදීද, නූපදීද යනුද නොයෙදෙයි.” “භවත් ගෞතමයන් වහන්ස, එසේවීනම්, නොමඋපදියි, නූපදින්නේත් නොවේද?” “වච්ඡය, නොම උපදියි නූපදින්නේත් නොවෙයි යනුද නොයෙදේයයි වදාළේය. “භවත් ගෞතමයන් වහන්ස, මෙසේ මිදුනු සිත් ඇති භික්ෂුතෙම වනාහි කොහි උපදීද?’ මෙසේ විචාරණ ලද්දේද, “වච්ඡය, උපදියි යනු නොයෙදේ යයි” කීයෙහිය. “භවත් ගෞතමයන් වහන්ස, එසේවීනම් නූපදීද? මෙසේ විචාරණ ලද්දේද “වච්ඡය, නූපදියි යනු නොයෙදේයයි” කීයෙහිය. “භවත් ගෞතමයන් වහන්ස, එසේවීනම් උපදීද නූපදීද?” මෙසේ විචාරණ ලද්දේද “වච්ඡය, උපදීද නූපදීද යනු නොයෙදේයයි” කීයෙහිය. “භවත් ගෞතමයන් වහන්ස, නොම උපදියි, නූපදින්නේත් නොවේද?” මෙසේ විචාරණ ලද්දේ “වච්ඡය, නොම උපදියි නූපදින්නේත් නොවේය යනු නොයෙදේයයි” කීයෙහිය. “භවත් ගෞතමයන් වහන්ස, මෙහි මම නොදැනීමට පැමිණියෙමි. මෙහි මුළාවට පැමිණියෙමි. භවත් ගෞතමයන් වහන්සේගේ පළමු කථාවෙන් මා හට යම් ප්‍රසාද මාත්‍රයක් ඇතිවීද, එයද දැන් මට නැතිවිය.” “වච්ඡය, තාගේ නොදැනීමට සුදුසුය. මුළාවීමට සුදුසුය. වච්ඡය, මේ ධර්මය තෙමේ ගැඹුරුය. දැකීම දුෂ්කරය අවබෝධ කිරීම දුෂ්කරය, ශාන්තය, ප්‍රණීතය, තර්කයෙන් බැසගත නොහැක්කේය. සියුම්ය. පණ්ඩිතයන් විසින් දත යුතුය. අන්‍ය දෘෂ්ටිකවූ අනික් දෘෂ්ටියක් පිළිගන්නාවූ අනික් දෘෂ්ටියක් කැමතිවන්නාවූ අනික් දෘෂ්ටියෙක්හි යෙදෙන්නාවූ අනික් දෘෂ්ටියක ගුරුවරුන් ඇත්තාවූ තා විසින් ඒ ධර්මය දැනගැණීම දුෂ්කරය.",sin,nadil,sinhala,sinhala
"දුනු ගණිව්, අඩයටිද තෝමරද ගණිව්. මේ පඤ්චාල රජතෙම යන්නේය. ජීවත්වන්නාවූ ඔහු තොපි මුදා නොහරිව්යයි සත්තිගුම්බයා කීයේය.",sin,nadil,sinhala,sinhala
"මොඝා ජාති ච වණ්ණො ච, සීලමෙව කිරුත්තමං; සීලෙන අනුපෙතස්ස, සුතෙනත්ථො න විජ්ජති.",pli,nadil,pali,pali
“සියළු ජනයෝ එක්ව එකල්හි වනයට ගියාහුය. එකල්හි ඵල සොයන්නාවූ ඔවුහු ඵල වර්‍ග ලැබුවාහුය.,sin,nadil,sinhala,sinhala
"“බැමිණියෙනි, ඔබ මට මාර්ගොපකරණ කරව, යහපත්වූ සකස් කළ හකුරු සහිත කැවුම්ද මී පිඬු ද ගුලි කළ අත්සුනුද ගුලි නොකළ අත්සුනුද සකස් කරව.",sin,nadil,sinhala,sinhala
"“මන්ත්‍රයන්හි පරතෙරට ගිය, වේද හදාරන්නාවූ, යාග කිරීමෙහි යෙදුන, නම්න් සුනන්ද නම් බමුණු තෙමේ මහා යාගයක් කෙළේය.",sin,nadil,sinhala,sinhala
"...පෙ.... ‘‘එවමෙව ඛො, භික්ඛවෙ, අප්පකා තෙ සත්තා යෙ ඉත්ථිකුමාරිකපටිග්ගහණා (ඉත්ථිකුමාරිකාපටිග්ගහණා (ක.)) පටිවිරතා; අථ ඛො එතෙව බහුතරා සත්තා යෙ ඉත්ථිකුමාරිකපටිග්ගහණා අප්පටිවිරතා...පෙ..... ඡට්ඨං.",pli,nadil,pali,pali
අලංකාරයෙන් සැරසුනු සරසනලද හිසකේ රැවුල් ඇති පූර්ණක නම් යක්ෂතෙම දේවවාහ වහ නම් අශ්ව යානයට නැග අන්තරීක්ෂ නම් අහසින් ගියේය.,sin,nadil,sinhala,sinhala
"“සුමඞ්ගල” ද, “ඝටීකාර” ද යන අග්‍ර උපස්ථායකයෝ දෙදෙනෙක් වුහ. “විජිතසේනා” ද, “භද්‍ර” ද යන අග්‍ර උපස්ථායිකාවෝ දෙදෙනෙක් වුහ.",sin,nadil,sinhala,sinhala
"“සසර හැසිරීම නිමවා, නැවත ඉපදීම දැන මේ දිවියේම සෑහී සන්සුන්ව වාසය කරව.”",sin,nadil,sinhala,sinhala
"කච්චි තෙ බහවො පුත්තා, සුජාතා රට්ඨවඩ්ඪන; පඤ්ඤාජවෙන සම්පන්නා, සම්මොදන්ති තතො තතො.",pli,nadil,pali,pali
"‘‘ඉධ, භික්ඛවෙ, එකච්චො සමණො වා බ්‍රාහ්මණො වා ආතප්පමන්වාය පධානමන්වාය අනුයොගමන්වාය අප්පමාදමන්වාය සම්මාමනසිකාරමන්වාය තථාරූපං චෙතොසමාධිං ඵුසති, යථාසමාහිතෙ චිත්තෙ අන්තසඤ්ඤී ලොකස්මිං විහරති. ‘‘සො එවමාහ - ‘අන්තවා අයං ලොකො පරිවටුමො. තං කිස්ස හෙතු? අහඤ්හි ආතප්පමන්වාය පධානමන්වාය අනුයොගමන්වාය අප්පමාදමන්වාය සම්මාමනසිකාරමන්වාය තථාරූපං චෙතොසමාධිං ඵුසාමි, යථාසමාහිතෙ චිත්තෙ අන්තසඤ්ඤී ලොකස්මිං විහරාමි. ඉමිනාමහං එතං ජානාමි - යථා අන්තවා අයං ලොකො පරිවටුමො’ති. ඉදං, භික්ඛවෙ, පඨමං ඨානං, යං ආගම්ම යං ආරබ්භ එකෙ සමණබ්‍රාහ්මණා අන්තානන්තිකා අන්තානන්තං ලොකස්ස පඤ්ඤපෙන්ති.",pli,nadil,pali,pali
"සො ච බුද්ධො අසමසමො, තෙපි සාවකා බලප්පත්තා; සබ්බං තමන්තරහිතං, නනු රිත්තා සබ්බසඞ්ඛාරා.",pli,nadil,pali,pali
"‘‘සහ ගාථං සුණිත්වාන, පුබ්බකම්මං අනුස්සරිං; එකාසනෙ නිසීදිත්වා, අරහත්තමපාපුණිං.",pli,nadil,pali,pali
“අභිවෘද්ධි කැමැත්තාවූ හිතයෙන් අනුකම්පා කරන්නහුගේ අනුශාසනය අවවාද කරණු ලබන්නාවූ යමෙක් තෙම නොකෙරේද? හෙතෙම එළුදෙනගේ පය එල්බගෙණ (ශොකකළාවූ) මිත්ත වින්දකයා මෙන් ශොක කරන්නේයයි” කීයේය.,sin,nadil,sinhala,sinhala
"‘‘ඛන්ධධාතුආයතනං, සඞ්ඛතං ජාතිමූලකං දුක්ඛං; යොනිසො අනුවිචිනන්තී, වාරෙය්‍යං කිස්ස ඉච්ඡෙය්‍යං.",pli,nadil,pali,pali
"“සමර්ථවූද ව්‍යක්ත භාවයට පැමිණියාවූද මේ රාජ්‍ය කරන්නෝ කොහිවෙද්ද, රාජ්‍ය පාවාදෙන්නෙමි. මම රාජ්‍යයෙන් ප්‍රයෝජන ඇත්තෙක් නොවෙමි.",sin,nadil,sinhala,sinhala
... ඉද්ධිමන්තානං යදිදං මහාමොග්ගල්ලානො.,pli,nadil,pali,pali
"‘‘න තෙ කට්ඨානි භින්නානි, න තෙ උදකමාභතං; අග්ගීපි තෙ න හාපිතො (හාසිතො (සී. ස්‍යා.)), කිං නු මන්දොව ඣායසි.",pli,nadil,pali,pali
ප්‍රයොගයයි කියන ලද වුට්ඨානයාගේ සංසිඳීම් වශයෙන් පවත්නාවූ ප්‍රඥාව ඵලඤාණ නමි.,sin,nadil,sinhala,sinhala
"“මින් තිස් දහස් කපකින් පෙරවූ එකල්හි යම් දනක් දුනිම්ද, (ඒ හේතුවෙන්) දුගතියක් නොදනිමි. මධු දානයාගේ මේ විපාකයයි.",sin,nadil,sinhala,sinhala
"“බිය නොවන්නාවූ, බිය ඉක්මවන්නාවූ, භවයාගේ කෙළවර කරන්නාවූ, මොනෙය්‍ය ගුණ යුත්වූ, සිහ රජෙකු වැනි, මහා වීරවූ එම බුදුරජතෙම මවිසින් පවරණ ලදී.",sin,nadil,sinhala,sinhala
"“ඒ (මම) දැන් අමෘතවූ, ශාන්තවූ, නිරුත්තර පදයවූ නිවනට පැමිණියේ (මෙම) සියළු ආශ්‍රවයන් (ප්‍රහාණ පරිඥා වශයෙන්) දැන ආශ්‍රව රහිතව වෙසෙමි.",sin,nadil,sinhala,sinhala
"‘‘න හායතෙ ඛාදිතං (ඛාදිතුං (සී. ස්‍යා. පී.)) මය්හං පච්ඡා, චිතකා අයං තාව සධූමිකාව (සධූමකා ච (ස්‍යා.)); නිද්ධූමකෙ පචිතං සාධුපක්කං, සුණොම (සුණොමි (සී.), සුණාම (පී.)) ගාථායො සතාරහායො’’.",pli,nadil,pali,pali
ධම්මරක්ඛිතතිස්සො ති- ලද්ධනාමො විසාරදො,pli,nadil,pali,sinhala
"‘‘උදග්ගචිත්තා සුමනා, වෙදජාතා කතඤ්ජලී; තත්ථ චිත්තං පසාදෙත්වා, තාවතිංසමගච්ඡහං.",pli,nadil,pali,pali
"“මෙම කල්පයෙහිම යම් පුෂ්ප පූජාවක් කෙළෙම්ද, (ඒ හේතුවෙන්) දුගතියක් නොදනිමි. බෝධි පූජාවෙහි මේ විපාකයයි.",sin,nadil,sinhala,sinhala
"“ඉල්වීම් අතුරෙන් මාගේ මේ ඉල්වීම උතුම්වේ. ඉල්ලනලද්දේ මට ඇස් දුනමැනව. මිනිසා විසින් දීමට දුෂ්කරයයි යමක් කියද්ද, එබඳුවූ ඇසක් මට දුනමැනව.",sin,nadil,sinhala,sinhala
"වන්දිත්වා සිරසා පාදෙ, කත්වාන තං පදක්ඛිණං; තික්ඛත්තුං අභිනාදිත්වා, සත්තාහං ජිනමුපට්ඨහං.",pli,nadil,pali,pali
"‘‘‘වස්සිකෙ පුප්ඵමානම්හි, සන්තිකෙ උපවායති; ත්වං වීර ගුණගන්ධෙන, දිසා සබ්බා පවායසි.",pli,nadil,pali,pali
"වුත්තඤ්හෙතං භගවතා, වුත්තමරහතාති මෙ සුතං - ‘‘තිස්සො ඉමා, භික්ඛවෙ, වෙදනා. කතමා තිස්සො? සුඛා වෙදනා, දුක්ඛා වෙදනා, අදුක්ඛමසුඛා වෙදනා - ඉමා ඛො, භික්ඛවෙ, තිස්සො වෙදනා’’ති. එතමත්ථං භගවා අවොච. තත්ථෙතං ඉති වුච්චති - ‘‘සමාහිතො සම්පජානො, සතො බුද්ධස්ස සාවකො; වෙදනා ච පජානාති, වෙදනානඤ්ච සම්භවං. ‘‘යත්ථ චෙතා නිරුජ්ඣන්ති, මග්ගඤ්ච ඛයගාමිනං; වෙදනානං ඛයා භික්ඛු, නිච්ඡාතො පරිනිබ්බුතො’’ති. අයම්පි අත්ථො වුත්තො භගවතා, ඉති මෙ සුතන්ති. තතියං.",pli,nadil,pali,pali
"“මහණෙනි, මුළාවූ සිහි ඇතිව, මනා දැනීම නැතිව නින්දට බැසගන්නහුගේ මේ දෝෂ පසක් වෙත්. “කවර පසක්ද යත්? දුකසේ නිදයි. දුකසේ පිබිදෙයි. ලාමකවූ සිහින දකියි. දෙවියෝ නොරකිත්. අශූචි මෝචනය වේ, යන පසයි. “මහණෙනි, මුළාවූ සිහි ඇතිව, මනා දැනීම නැතිව නින්දට බැසගන්නහුගේ මේ දෝෂ පසක් වෙත්. “මහණෙනි, එළඹ සිටි සිහි ඇතිව, මනා දැනුම් ඇතිව නින්දට බැසගන්නහුගේ මේ අනුසස් පසක් වෙත්. “කවර පසක්ද යත්? සුවසේ නිදයි. සුවසේ පිබිදෙයි. ලාමකවූ සිහින නොදකියි. දෙවියෝ රකිත්. අශූචි මෝචනය නොවේ, යන පසයි. “මහණෙනි, එළඹ සිටි සිහි ඇතිව, මනා දැනුම් ඇතිව නින්දට බැසගන්නහුගේ මේ අනුසස් පසක් වෙත්.",sin,nadil,sinhala,sinhala
"දෙවා මුසාවාදමුපාතිවත්තා, සච්චං ධනං පරමං තෙසු (තථං පෙමකරං නු (ක.), තථං පරමං කරං නු (ස්‍යා.)) සක්ක; තං තෙ මුසා භාසිතං දෙවරාජ, කිං වා පටිච්ච මඝවා මහින්ද.",pli,nadil,pali,pali
"අකුශලයන් දුරු කෙරේද, හෙතෙම එයින් මුනි නම් වේ. යමෙක් තෙම උභය ලෝකයන් (නුවණින්) පිරිසිඳ දනීද ඒ කාරණයෙන් හෙතෙම මුනියයි කියනු ලැබේ.",sin,nadil,sinhala,sinhala
"“මනාව බුහුමන් කරණලද, පුදනලද හැමකල්හි ආදරකරණලද මේ මැණික මනාව දරණලද්දේ මනාව බහා තබනලද්දේ සියලු සම්පත් සිද්ධකර දෙන්නේය.",sin,nadil,sinhala,sinhala
"‘‘නාහං අලක්ඛ්‍යා අහිරික්කතාය වා, න චිත්තහෙතූ න ච දූරකන්තනා; ආජීවහෙතූ ච අහං න නික්ඛමිං, කතො ච තෙ චිත්ත පටිස්සවො මයා.",pli,nadil,pali,pali
සත්වයාගේ මෙලොව පරලොව යහපතටත් නිවන් ලැබීමටත් උපකාර වන ධර්ම විස්තර ඇතුළත් පොතක් තමයි මා විසින් සම්පාදනය කළ 'බුද්ධ නිති සංග්රහය',sin,nadil,sinhala,sinhala
“රජතෙම රාගාදීවූ ක්ලේශ පංකය ඉක්ම වූයේය. රජතෙම පැවිද්ද නම්වූ ගොඩබිම පිහිටියේය. රාගාදී කටු නැත්තාවූ මිථ්‍යාදෘෂ්ටි ආදී කැලෑ නැත්තාවූ ස්වර්ගමොක්ෂගාමීවූ මහාමාර්ගයට රජතෙම පැමිණියේය.,sin,nadil,sinhala,sinhala
"(මේ ඡේද මේ වර්ගයේ 1 වෙනි සූත්‍රයේ 1, 2 වෙනි ඡේද මෙනි.) [3] “මහණෙනි, මේ පංචෙන්ද්‍රියයන් සම්පූර්ණ කිරීමෙන් පිරීමෙන් රහත් වෙයි. ඊට වඩා මෘදුවූ ඉන්ද්‍රියයන්ගෙන් අනාගාමි වෙයි. ඊට වඩා මෘදුවූ ඉන්ද්‍රියයන්ගෙන් සකෘදාගාමි වෙයි. ඊට වඩා මෘදුවූ ඉන්ද්‍රියයන්ගෙන් සෝවාන් වෙයි. ඊට වඩා මෘදුවූ ඉන්ද්‍රියයන්ගෙන් ධම්මානුසාරී නම් සෝවාන් මාර්ගස්ථයා වෙයි. ඊට වඩා මෘදුවූ ඉන්ද්‍රියයන්ගෙන් සද්ධානුසාරී නම් මාර්ගස්ථයා වෙයි. [4] “මහණෙනි, මෙසේ වනාහි සම්පූර්ණවූ ඉන්ද්‍රිය ඇති අර්හත් මාර්ගය සම්පූර්ණ කිරීමෙන් අර්හත් ඵලයට පැමිණෙයි. කොටසක්වූ ඉන්ද්‍රියයන් ඇති ඉතිරි මාර්ග තුන සම්පූර්ණ කිරීමෙන් ඉතිරි ඵල තුනට පැමිණෙයි. මහණෙනි, මම මෙසේ පංචෙන්ද්‍රියයෝ වඳ නොවෙත්යයි” කියමි.",sin,nadil,sinhala,sinhala
"මා විසින් මෙසේ අසන ලදී. එක් කලෙක භාග්‍යවතුන් වහන්සේ සැවැත් නුවර සමීපයෙහිවූ ජේතවනයෙහි අනේපිඬු සිටාණන් විසින් කරවන ලද ආරාමයෙහි වැඩවසන සේක. එකල්හි වනාහි රෑ පෙරයම ඉක්ම ගිය කල්හි එක් දෙවියෙක් බබළන වර්‍ණ ඇත්තේ මුළු ජේතවනය බබුළුවා භාග්‍යවතුන් වහන්සේ කරා පැමිණියේය. පැමිණ, භාග්‍යවතුන් වහන්සේ වැඳ, එක් පසෙක උන්නේය. එක් පසෙක සිටි ඒ දෙවියා භාග්‍යවතුන් වහන්සේ ඉදිරියෙහි මේ ගාථාව කීය. “එක් මුලක් (තණ්හාව) ඇති, දියසුළි (දෘෂ්ටි) දෙකක් ඇති, මල (රාග, ද්වේෂ, මොහ) තුනක්, ශාස්වත උච්ඡේද ඇති, පැතිරීම් (කාම වස්තු) පසක් ඇති, ආවර්‍ත (අධ්‍යාත්මික බාහිර ආයතන) දොළොසක්ද ඇති, පතුළක් නැති සමුද්‍රය (බුද්ධ) මහ ඉර්ෂිතෙම එතර කෙළේය.”",sin,nadil,sinhala,sinhala
"“යම් පිරිසිදුවූ සෝතාපන්න මාර්‍ග පලයනට පැමිණියේද, සකෘදාගාමීහුද, අනාගාමීහුද, රහත්හුද වෙත්නම් ඔවුහු හැමකල්හි හේ පිරිවරත්.",sin,nadil,sinhala,sinhala
"සාවත්ථියං විහරති...පෙ.... ‘‘ධාතුසොව, භික්ඛවෙ, සත්තා සංසන්දන්ති සමෙන්ති. මිච්ඡාදිට්ඨිකා මිච්ඡාදිට්ඨිකෙහි සද්ධිං සංසන්දන්ති සමෙන්ති; මිච්ඡාසඞ්කප්පා...පෙ.... මිච්ඡාවාචා... මිච්ඡාකම්මන්තා... මිච්ඡාආජීවා... මිච්ඡාවායාමා... මිච්ඡාසතිනො ... මිච්ඡාසමාධිනො මිච්ඡාසමාධීහි සද්ධිං සංසන්දන්ති සමෙන්ති; මිච්ඡාඤාණිනො මිච්ඡාඤාණීහි සද්ධිං සංසන්දන්ති සමෙන්ති; මිච්ඡාවිමුත්තිනො මිච්ඡාවිමුත්තීහි සද්ධිං සංසන්දන්ති සමෙන්ති’’. ‘‘සම්මාදිට්ඨිකා සම්මාදිට්ඨිකෙහි සද්ධිං සංසන්දන්ති සමෙන්ති; සම්මාසඞ්කප්පා...පෙ.... සම්මාවාචා... සම්මාකම්මන්තා... සම්මාආජීවා... සම්මාවායාමා... සම්මාසතිනො... සම්මාසමාධිනො... සම්මාඤාණිනො සම්මාඤාණීහි සද්ධිං සංසන්දන්ති සමෙන්ති; සම්මාවිමුත්තිනො සම්මාවිමුත්තීහි සද්ධිං සංසන්දන්ති සමෙන්තී’’ති. සත්තමං. සත්තන්නං සුත්තන්තානං උද්දානං - අසමාහිතං දුස්සීලං, පඤ්ච සික්ඛාපදානි ච; සත්ත කම්මපථා වුත්තා, දසකම්මපථෙන ච; ඡට්ඨං අට්ඨඞ්ගිකො වුත්තො, දසඞ්ගෙන ච සත්තමං.",pli,nadil,pali,pali
"“එම්බා මහෞෂධ පණ්ඩිතය, ඇත්තුය, අශ්වයෝය, රථය පාබල සෙනඟය යන සැරසුනාවූ මේ සේනාවෝ සිටිත්. දල්වනලද පන්දම්ද ඇවිලෙත්. මේ සේනාවෝ අපට කුමක් කරන්නාහුදැයි” වේදේහ රජතෙම ඇසීය.",sin,nadil,sinhala,sinhala
"‘‘තුලා යථා පග්ගහිතා, සමදණ්ඩා සුධාරිතා; අජ්ඣිට්ඨො න විකම්පෙය්‍ය, ස රාජවසතිං වසෙ.",pli,nadil,pali,pali
“යමෙකු සබ්‍රම්සරුන් කෙරෙහි ගරු කිරීමක් නොමැත්තේද හෙතෙම සදහම්හි දියුණුවක් නොලබයි. කෙතෙහි වපුල කුණු බිජු වටක් මෙනි.,sin,nadil,sinhala,sinhala
"‘‘ධීරො විගතසම්මොහො, අනෙජො අකථංකථී; තුසිතො (වුසිතො (සී.)) වන්තදොසොසි, නිම්මලො සංයතො සුචි.",pli,nadil,pali,pali
"කොසජ්ජ සූත්‍රය. “මහණෙනි, යම් අලසබවක් කරණ කොටගෙණ නූපන්නාවූ අකුශල ධර්මයෝත් උපදිත්ද, උපන්නාවූ කුශල ධර්මයෝත් පිරිහෙත්ද, මහණෙනි, මේ බඳුවූ අනෙක් එක ධර්මයකුදු මම නොම දකිමි මහණෙනි, අලසයා තුළ නූපන් අකුශල ධර්මයෝත් උපදිත්. උපන්නාවූ කුශල ධර්මයෝත් පිරිහෙත්.”",sin,nadil,sinhala,sinhala
"‘‘පුප්ඵානි අභිරොපෙත්වා, විපස්සිස්ස මහෙසිනො; සගාරවො භවිත්වාන (ගමිත්වාන (සී.), නමිත්වාන (ක.)), පක්කාමිං උත්තරාමුඛො.",pli,nadil,pali,pali
මම මුදල් පරිහරණය කරන්නේ නැති නිසා එහෙ මෙහෙ එන්න යන්න කොලවෙක් මෙහෙ හිටියා,sin,nadil,sinhala,sinhala
"‘‘ඡයිමානි, භික්ඛවෙ, අභබ්බට්ඨානානි. කතමානි ඡ? අභබ්බො දිට්ඨිසම්පන්නො පුග්ගලො මාතරං ජීවිතා වොරොපෙතුං, අභබ්බො දිට්ඨිසම්පන්නො පුග්ගලො පිතරං ජීවිතා වොරොපෙතුං, අභබ්බො දිට්ඨිසම්පන්නො පුග්ගලො අරහන්තං ජීවිතා වොරොපෙතුං, අභබ්බො දිට්ඨිසම්පන්නො පුග්ගලො තථාගතස්ස දුට්ඨෙන චිත්තෙන ලොහිතං උප්පාදෙතුං, අභබ්බො දිට්ඨිසම්පන්නො පුග්ගලො සඞ්ඝං භින්දිතුං, අභබ්බො දිට්ඨිසම්පන්නො පුග්ගලො අඤ්ඤං සත්ථාරං උද්දිසිතුං. ඉමානි ඛො, භික්ඛවෙ, ඡ අභබ්බට්ඨානානී’’ති. දසමං.",pli,nadil,pali,pali
පටිපත්තී කාමානං සද්ධම්මට්ඨිතිකාමානං බුද්ධිමන්තානං මාතාපි තුට්ඨා,pli,nadil,pali,sinhala
"“පිරිසිදුවූ මාංශ රශයෙන් යුක්තවූ ඇල්සාලේ බත අනුභව කෙළේය. ලුනු නැති බොඩහමු හූරුහැල් කෙසේ නම් සතුටු කෙරේද,",sin,nadil,sinhala,sinhala
“මම එකල්හි රජුගේ සම්මතවූ අන්තඃපුර පාලකයා වීමි. පහයෙහි හුන් මම (එම) ලෝකනායකයන් වහන්සේ දුටිමි.,sin,nadil,sinhala,sinhala
"“මහණෙනි, යම් හේතුවකින් තථාගතතෙමේ පෙර ජාතියෙහි පෙර භවයෙහි ඉපද පෙර වාසයෙහි මනුෂ්‍යයෙක් වූයේ පිසුණුබස් (කේලාම්) දුරුකොට පිසුණු බසින් වෙන්වූයේ විය. මොවුන්ගේ භෙදය පිණිස මෙයින් අසා අන්තැනෙක නොකියන්නෙක්, අසවලුන්ගේ භෙදය පිණිස අසවල් තැනින් අසා මොවුන්ට නොකියන්නෙක් මෙසේ භින්නවූවන් ගලපන්නෙක් හෝ සමගි වූවන්ට අනුබලදෙන්නෙක් හෝ සමගියෙහි ඇලුනේ සමගියෙහි යුක්ත වූයේ, සමගියෙහි සතුටු වූවෙක්, සමගි කරන වචන කියන්නෙක් වූයේය. හෙතෙම ඒ කර්මය කළ බැවින් ශරීරයාගේ බිඳීමෙන් මරණින් මතු යහපත් ගති ඇති ස්වර්ගලෝකයෙහි උපදියි, හෙතෙම එහි අන්‍ය දෙවි වරුන්ට වඩා කරුණු දහයකින් වැඩිවෙයි. දිව්‍යමයවූ ආයුෂයෙන්ද, දිව්‍යමයවූ පාටෙන්ද, දිව්‍යමයවූ සැපයෙන්ද, දිව්‍යමයවූ පිරිවරින්ද, දිව්‍යමයවූ අධිපතිභාවයෙන්ද, දිව්‍යමයවූ රූපයෙන්ද, දිව්‍යමයවූ ශබ්දයෙන්ද, දිව්‍යමයවූ ගන්ධයෙන්ද, දිව්‍යමයවූ රසයෙන්ද, දිව්‍යමයවූ ස්පර්ශයෙන්ද යන කරුණු දහයෙන් වැඩිවෙයි. “හෙතෙම එතැනින් චුතව මිනිස් බවට පැමිණියේ මේ දෙයාකාර මහපුරුෂ ලක්ෂණ ලබයි. සමසතළිස් දත් ඇත්තේද වෙයි, අතර විවර නැති දත් ඇත්තේ වෙයි. හෙතෙම ඒ ලකුණින් යුක්තවූයේ ඉදින් ගිහිගෙයි වසාද සක්විති රජවෙයි. “ඔහුට මේ රත්න හත පහළවෙත්. (ඒ කවරේද?) චක්‍ර රත්නය, ඇත් රත්නය, අස්ව රත්නය, මැණික් රත්නය, ස්ත්‍රී රත්නය, ගෘහපති රත්නය, සත්වැනිවූ පුත්‍ර රත්නය යන මොවුහුය. ඔහුට පර සේනාවන් මැඩලිය හැකි සූරවූ දෙව් පුතුන් හා සමාන ශරීර ඇති දහසකට වැඩිවූ පුත්‍රයෝ වෙත්, හෙතෙම සයුර හිම් කොට ඇති මේ පෘථිවිය සොරුන් නැතිවූ, සඵලවූ සියලු සැපතින් පිරීගිය, නිර්භයවූ, අනතුරු රහිතවූ, උවදුරු රහිත වූවක් කොට, දඬුවම් රහිතව, ආයුධ රහිතව ධර්මයෙන් සමාදානයෙන් දිනා වාසය කරයි. රජවූයේ කුමක් ලබාද? නොබිඳුනු පිරිස ඇත්තෙක් වෙයි. ඔහුගේ පිරිස නොබිඳුනේ වෙයි. බමුණු ගෘහපතියෝ නියම්ගම් දනව් වැස්සෝ, ගණකයෝ, මහ ඇමතියෝ, යුද්ධ සේනාවෝ, දොරටුපාලයෝ, ඇමැතියෝ, පිරිවර ජනයෝ, රජවරු, සේවකයෝ, කුමරුවෝ (යන මොවුහුයි.) රජ වූයේ මෙය ලබයි. ඉඳින් ගිහි ගෙන් නික්ම පැවිදි වන්නේ නම් කෙලෙස් නමැති වැස්ම සිඳදමා අර්හත් සම්මාසම්බුදු වන්නේය. බුදු වූයේ කුමක් ලබාද? නොබිඳුනු පිරිස ඇත්තේ වෙයි. උන්වහන්සේගේ පිරිස නොබිඳුනෝ වෙති. භික්ෂූහු, භික්ෂුණීහු, උපාසකයෝ, උපාසිකාවෝ, දෙවියෝ, මිනිස්සු, අසුරයෝ, නාගයෝ, ගන්ධර්වයෝ (යන මොවුහුයි.) බුදු වූයේ මෙය ලබයි. මෙකරුණ භාග්‍යවතුන් වහන්සේ කීවාහුය.",sin,nadil,sinhala,sinhala
"“ස්වාමීනි, මේ දුකටද ඊට වඩා ලාමකවූ අනිකුදු දුකටත් (අපි) සුදුස්සෝ වෙමු. දිය යුතුදේ විද්‍යමාන කල්හි තම හට පිහිටක් නොකෙළෙමු.",sin,nadil,sinhala,sinhala
"‘‘රූපෙ සීලෙ සමාධිම්හි, පඤ්ඤාය ච අසාදිසො; විමුත්තියා අසමසමො, ධම්මචක්කප්පවත්තනෙ.",pli,nadil,pali,pali
"එවං මෙ සුතං - එකං සමයං භගවා කොසලෙසු චාරිකං චරති මහතා භික්ඛුසඞ්ඝෙන සද්ධිං. තෙන ඛො පන සමයෙන ධනඤ්ජානී (ධානඤ්ජානී (සී. පී.)) නාම බ්‍රාහ්මණී චඤ්චලිකප්පෙ (මණ්ඩලකප්පෙ (සී.), පච්චලකප්පෙ (ස්‍යා. කං.), චණ්ඩලකප්පෙ (පී.)) පටිවසති අභිප්පසන්නා බුද්ධෙ ච ධම්මෙ ච සඞ්ඝෙ ච. අථ ඛො ධනඤ්ජානී බ්‍රාහ්මණී උපක්ඛලිත්වා තික්ඛත්තුං උදානං උදානෙසි - ‘‘නමො තස්ස භගවතො අරහතො සම්මාසම්බුද්ධස්ස. නමො තස්ස භගවතො අරහතො සම්මාසම්බුද්ධස්ස. නමො තස්ස භගවතො අරහතො සම්මාසම්බුද්ධස්සා’’ති . තෙන ඛො පන සමයෙන සඞ්ගාරවො නාම මාණවො චඤ්චලිකප්පෙ පටිවසති තිණ්ණං වෙදානං පාරගූ සනිඝණ්ඩුකෙටුභානං සාක්ඛරප්පභෙදානං ඉතිහාසපඤ්චමානං , පදකො, වෙය්‍යාකරණො, ලොකායතමහාපුරිසලක්ඛණෙසු අනවයො. අස්සොසි ඛො සඞ්ගාරවො මාණවො ධනඤ්ජානියා බ්‍රාහ්මණියා එවං වාචං භාසමානාය. සුත්වා ධනඤ්ජානිං බ්‍රාහ්මණිං එතදවොච - ‘‘අවභූතාව අයං (අවභූතා චයං (සී. ස්‍යා. කං. පී.)) ධනඤ්ජානී බ්‍රාහ්මණී, පරභූතාව අයං (පරාභූතා චයං (සී. ස්‍යා. කං. පී.)) ධනඤ්ජානී බ්‍රාහ්මණී, විජ්ජමානානං (තෙවිජ්ජානං) (( ) සී. ස්‍යා. කං. පී. පොත්ථකෙසු නත්ථි) බ්‍රාහ්මණානං, අථ ච පන තස්ස මුණ්ඩකස්ස සමණකස්ස වණ්ණං භාසිස්සතී’’ති (භාසතීති (සී. ස්‍යා. කං. පී)). ‘‘න හි පන ත්වං, තාත භද්‍රමුඛ, තස්ස භගවතො සීලපඤ්ඤාණං ජානාසි. සචෙ ත්වං, තාත භද්‍රමුඛ, තස්ස භගවතො සීලපඤ්ඤාණං ජානෙය්‍යාසි, න ත්වං, තාත භද්‍රමුඛ, තං භගවන්තං අක්කොසිතබ්බං පරිභාසිතබ්බං මඤ්ඤෙය්‍යාසී’’ති. ‘‘තෙන හි, භොති, යදා සමණො ගොතමො චඤ්චලිකප්පං අනුප්පත්තො හොති අථ මෙ ආරොචෙය්‍යාසී’’ති. ‘‘එවං, භද්‍රමුඛා’’ති ඛො ධනඤ්ජානී බ්‍රාහ්මණී සඞ්ගාරවස්ස මාණවස්ස පච්චස්සොසි. අථ ඛො භගවා කොසලෙසු අනුපුබ්බෙන චාරිකං චරමානො යෙන චඤ්චලිකප්පං තදවසරි. තත්‍ර සුදං භගවා චඤ්චලිකප්පෙ විහරති තොදෙය්‍යානං බ්‍රාහ්මණානං අම්බවනෙ. අස්සොසි ඛො ධනඤ්ජානී බ්‍රාහ්මණී - ‘‘භගවා කිර චඤ්චලිකප්පං අනුප්පත්තො, චඤ්චලිකප්පෙ විහරති තොදෙය්‍යානං බ්‍රාහ්මණානං අම්බවනෙ’’ති. අථ ඛො ධනඤ්ජානී බ්‍රාහ්මණී යෙන සඞ්ගාරවො මාණවො තෙනුපසඞ්කමි ; උපසඞ්කමිත්වා සඞ්ගාරවං මාණවං එතදවොච - ‘‘අයං, තාත භද්‍රමුඛ, සො භගවා චඤ්චලිකප්පං අනුප්පත්තො, චඤ්චලිකප්පෙ විහරති තොදෙය්‍යානං බ්‍රාහ්මණානං අම්බවනෙ. යස්සදානි, තාත භද්‍රමුඛ, කාලං මඤ්ඤසී’’ති.",pli,nadil,pali,pali
"“රූපයාදී දශවිධ අංගයන් කරණකොටගෙනද, සෙස්සන් අභිභවනයකොට මහත් සම්පත් අනුභවකොට දිවි ඇතිතාක් වැස,",sin,nadil,sinhala,sinhala
"නිග්‍රොධ පරිබ්‍රාජකයා සමග පවත්වන ලද සන්ධාන ගෘහපතියාගේ මේ කථාසංලාපය භාග්‍යවතුන් වහන්සේ අතිශයින් පිරිසිදුවූ, මිනිස් කණ ඉක්මවූ දිවකණින් ඇසූහ. එවිට භාග්‍යවතුන් වහන්සේ ගිජ්ජකූට පර්වතයෙන් බැස, ‘සුමාගධා’ නම් පොකුණු ඉවුරෙහි මොරනිවාපය (මොනරුන්ගේ අභය ස්ථානය) යම් තැනකද එතනට පැමිණියෝය. පැමිණ, ‘සුමාගධා’ පොකුණු ඉවුරෙහිවූ මොරනිවාපයෙහි එලිමහනේ සක්මන් කළෝය. නිග්‍රොධ පරිබ්‍රාජක තෙමේ සුමාගධා පොකුණු ඉවුරෙහිවූ මොරනිවාපයෙහි එලිමහනේ සක්මන් කරන භාග්‍යවතුන්වහන්සේ දුටුයේය. දැක පින්වත්නි, නිශ්ශබ්ද වව්, පින්වත්නි, ශබ්ද නොකරව්, මේ ශ්‍රමණ ගෞතම තෙමේ සුමාගධා පොකුණු ඉවුරෙහිවූ මොරනිවාපයෙහි එළිමහනේ සක්මන් කරයි. ඒ ආයුෂ්මත් තෙමේ නිශ්ශබ්දතාවය කැමැත්තේය. නිශ්ශබ්දතාවයේ ගුණ කියන්නෙක. නිශ්ශබ්ද පිරිසක් බව දැන මෙහි පැමිණිය යුතු කොට සිතන්නේය. ඉඳින් ශ්‍රමණ ගෞතම තෙමේ මේ පිරිසට පැමිණියොත් ඉතා යහපතියි තම පිරිස හසුරුවාලීය. ඉඳින් ශ්‍රමණභවත් ගෞතම තෙමේ මේ පිරිසට එන්නේ නම් ‘ස්වාමීනි, යම් ධර්මයකින් භාග්‍යවතුන් වහන්සේ ශ්‍රාවකයන් හික්මවාද භාග්‍යවතුන් වහන්සේ විසින් හික්මවනලද ශ්‍රාවකයෝ සතුටට පැමිණ තමහට පිහිටවූ මුල් ප්‍රතිපත්තියවූ ආර්‍ය්‍ය මාර්ගයයි යම් ධර්මයක් ප්‍රකාශ කරත්ද භාග්‍යවතුන් වහන්සේගේ ඒ ධර්මය කවරේද යන මේ ප්‍රශ්නය අසන්නෙමුයි කීය. මෙසේ කී කල්හි ඒ පරිබ්‍රාජකයෝ නිශ්ශබ්ද වූවාහුය.",sin,nadil,sinhala,sinhala
“අපි යම් පව් කමකින් රාජ කුලයෙන් චුතව සා පිපාසා දුකින් මඩනාලද ප්‍රේත ලෝකයෙහි උපන්නෙමු. ඊට වඩා ලාමක දෙයක් නම් කුමක් වන්නේද?,sin,nadil,sinhala,sinhala
"“මම සියල්ල දත් තිස්ස බුදුරජුන්හට තුටුවූයේ, තුටු සිතින්ම (සිලිටි දැව මුවා අනගි) පිරිසිදු පුටුවක් පිදීමි.",sin,nadil,sinhala,sinhala
"‘‘සෙය්‍යථාපි, මහාරාජ, පුරිසො මුඤ්ජම්හා ඊසිකං පවාහෙය්‍ය (පබ්බාහෙය්‍ය (ස්‍යා. ක.)). තස්ස එවමස්ස - ‘අයං මුඤ්ජො, අයං ඊසිකා, අඤ්ඤො මුඤ්ජො, අඤ්ඤා ඊසිකා, මුඤ්ජම්හා ත්වෙව ඊසිකා පවාළ්හා’ති (පබ්බාළ්හාති (ස්‍යා. ක.)). සෙය්‍යථා වා පන, මහාරාජ, පුරිසො අසිං කොසියා පවාහෙය්‍ය. තස්ස එවමස්ස - ‘අයං අසි, අයං කොසි, අඤ්ඤො අසි, අඤ්ඤා කොසි, කොසියා ත්වෙව අසි පවාළ්හො’’ති. සෙය්‍යථා වා පන, මහාරාජ, පුරිසො අහිං කරණ්ඩා උද්ධරෙය්‍ය. තස්ස එවමස්ස - ‘අයං අහි, අයං කරණ්ඩො. අඤ්ඤො අහි, අඤ්ඤො කරණ්ඩො, කරණ්ඩා ත්වෙව අහි උබ්භතො’ති (උද්ධරිතො (ස්‍යා. කං.)). එවමෙව ඛො, මහාරාජ, භික්ඛු එවං සමාහිතෙ චිත්තෙ පරිසුද්ධෙ පරියොදාතෙ අනඞ්ගණෙ විගතූපක්කිලෙසෙ මුදුභූතෙ කම්මනියෙ ඨිතෙ ආනෙඤ්ජප්පත්තෙ මනොමයං කායං අභිනිම්මානාය චිත්තං අභිනීහරති අභිනින්නාමෙති. සො ඉමම්හා කායා අඤ්ඤං කායං අභිනිම්මිනාති රූපිං මනොමයං සබ්බඞ්ගපච්චඞ්ගිං අහීනින්ද්‍රියං. ඉදම්පි ඛො, මහාරාජ, සන්දිට්ඨිකං සාමඤ්ඤඵලං පුරිමෙහි සන්දිට්ඨිකෙහි සාමඤ්ඤඵලෙහි අභික්කන්තතරඤ්ච පණීතතරඤ්ච.",pli,nadil,pali,pali
"‘‘අජ්ඣුපගච්ඡෙ ඝාතං, යො විඤ්ඤායෙවං සත්ථුනො වචනං; ‘දීඝො තෙසං (වො (ක.)) සංසාරො, පුනප්පුනං හඤ්ඤමානානං’.",pli,nadil,pali,pali
"“විශාල පවුරු හා තොරන් ඇති දිගින් (යොදුන්ද) පන්සියයක්වූද, පුළුලින් ඉන් අඩක්වූද, තව්තිසා වාසීන්ගේ දෙව්පුරය වැනි, ජන සමූහයාගෙන් ගැවසීගත් රම්මක නම් නගරයක් විය.",sin,nadil,sinhala,sinhala
"‘‘පාණාතිපාතා විරමස්සු ඛිප්පං, ලොකෙ අදින්නං පරිවජ්ජයස්සු; අමජ්ජපො මා ච මුසා භණාහි, සකෙන දාරෙන ච හොහි තුට්ඨො’’ති.",pli,nadil,pali,pali
"“ආනන්දය, දැන් අද චාපාල නම් චෛත්‍යයෙහිදී පවිටුවූ මාරතෙම මම යම් තැනෙක්හිද එතැනට පැමිණියේය. පැමිණ එකත්පසෙක සිටියේය. ආනන්දය, එකත්පසෙක සිටියාවූ පාපීවූ මාරයා මට මෙසේ කීයේය. “ස්වාමීන් වහන්ස, භාග්‍යවතුන් වහන්සේ දැන් පිරිනිවන් පා වදාරන සේක්වා සුගතයන් වහන්සේ පිරිනිවන් පා වදාරන සේක්වා ස්වාමීන් වහන්ස, භාග්‍යවතුන් වහන්සේගේ පිරිනිවන් පෑමට දැන් කල් වන්නේය. ස්වාමීන්වහන්ස, භාග්‍යවතුන් වහන්සේ විසින් මේ වචනය වදාරණ ලද්දේමය. ‘පවිටුවූ මාරය, මාගේ භික්ෂු ශ්‍රාවකයෝ යම්තාක් කල් දක්ෂ නොවෙද්ද, නොහික්මුණාහු වෙද්ද, විශාල දැනුමක් ඇත්තෝ නොවෙද්ද, බොහෝ දේ ගැන (දන්නෝ) ඇසූ ඇත්තෝ නොවෙද්ද, ධර්මය දරන්නෝ නොවෙද්ද, ධර්මයට අනුව පිළිපදින්නෝ නොවෙද්ද, යහපත් පිළිවෙතින් යුක්ත නොවෙද්ද, ධර්මයට අනුව හැසිරීම් ඇත්තෝ නොවෙද්ද, ස්වකීය ආචාර්‍ය්‍ය ධර්මය ඉගෙන නොකියද්ද, දේශනා නොකරද්ද, නොපණවද්ද, නොපිහිටුවද්ද, විවෘත නොකෙරෙද්ද, විභාග නොකෙරෙද්ද, ප්‍රකට නොකෙරෙද්ද උපන්නාවූ අන්‍ය වාදයන් හේතු සහිතව සකාරණ වශයෙන් හොඳින් නිග්‍රහ කොට නිවන් මග පෙන්වන ධර්මය දේශනා නොකරද්ද, ඒතාක් කල් පිරිනිවන් නොපාන්නෙමි. ‘ස්වාමීන් වහන්ස දැන් මේ කාලයෙහි භාග්‍යවතුන් වහන්සේගේ භික්ෂු ශ්‍රාවකයෝ විනීත වූවාහුය. විසාරද වූවාහුය, (බහුශ්‍රැත වූවාහුය) බොහෝ දේ දැනගත්තාහුය, ධර්මධර වූවාහුය, ආර්‍ය්‍ය ධර්මයට අනුව පිළිපන්නාහුය. සුදුසු ප්‍රතිපත්තියෙහි පිළිපන්නාහුය. ධර්මයට අනුව හැසිරෙන බැවින් අනුධර්මචාරී වූවාහුය. ස්වකීය ආචාර්‍ය්‍යවාද ඉගෙණ ප්‍රකාශකොට කියන්නාහු වෙති. දේශනා කරන්නෝ වෙති පණවන්නාහු වෙති පිහිටුවා තබන්නාහු වෙති. විවෘතකොට දක්වන්නාහු වෙති. විභාග වශයෙන් බෙදන්නාහු වෙති (උත්තානි) ප්‍රකට කරන්නාහු වෙති. උපන්නාවූ අන්‍ය දෘෂ්ටික වාදයන් යහපත් වශයෙන් අතිශයින්ම නිග්‍රහකොට උත්තර සහිතවූ ධර්ම දේශනාකරන්ට සමර්ථ වූවාහුය. ‘ස්වාමීන් වහන්ස, දැන් වනාහි භාග්‍යවතුන් වහන්සේ පිරිනිවන්පාන සේක්වා. සුගතයන් වහන්සේ පිරිනිවන්පාන සේක්වා. ස්වාමීන්වහන්ස, දැන් භාග්‍යවතුන් වහන්සේගේ පිරිනිවන්පෑමට කල් වන්නේයයි’ කියා යාඥා කෙළේය. ‘යම්තාක් කල් මාගේ භික්ෂුණී ශ්‍රාවිකාවෝ දක්ෂ නොවෙද්ද, නොහික්මුණාහු වෙද්ද, විශාල දැනුමක් ඇත්තියෝ නොවෙද්ද, බොහෝ දේ ගැන (දන්නෝ) ඇසූ ඇත්තියෝ නොවෙද්ද, ධර්මය දරන්නියෝ නොවෙද්ද, ධර්මයට අනුව පිළිපදින්නියෝ නොවෙද්ද, යහපත් පිළිවෙතින් යුක්ත නොවෙද්ද, ධර්මයට අනුව හැසිරීම් ඇත්තියෝ නොවෙද්ද, තමන්ගේ ආචාර්‍ය්‍ය ධර්මය ඉගෙන නොකියද්ද, දේශනා නොකෙරෙත්ද, නොපණවද්ද, නොපිහිටුවද්ද, විවෘත නොකෙරෙද්ද, විභාග නොකෙරෙද්ද, ප්‍රකට නොකෙරෙද්ද, උපන්නාවූ අන්‍ය වාදයන් හේතු කවර කාරණ වශයෙන් හොඳින් නිග්‍රහකොට නිවන්මග පෙන්වන ධර්මය දේශනා නොකරද්ද, ඒතාක් කල් පිරිනිවන් නොපාන්නෙමි’ යන වචනය කීහ. ‘ස්වාමීන් වහන්ස, දැන් මේ කාලයෙහි භාග්‍යවතුන් වහන්සේගේ භික්ෂුණී ශ්‍රාවිකාවෝ විනීතවූවාහුය, විසාරද වූවාහුය (බහුශ්‍රැත වූවාහුය, බොහෝ දේ දැනගත්තාහුය, ධර්මධර වූවාහුය, ආර්‍ය්‍ය ධර්මයට අනුව පිළිපන්නාහුය, සුදුසු ප්‍රතිපත්තියෙහි පිළිපන්නාහුය. ධර්මය අනුව හැසිරෙන බැවින් අනුධර්මචාරී වූවාහුය, ස්වකීය ආචාර්‍ය්‍යවාද ඉගෙණ ප්‍රකාශ කොට කියන්නියෝ වෙති. දේශනා කරන්නියෝ වෙති. පනවන්නියෝ වෙති. පිහිටුවා තබන්නියෝ වෙති. මතු කොට දක්වන්නියෝ වෙති. විභාග වශයෙන් බෙදන්නියෝ වෙති (උත්තානි) ප්‍රකටකරන්නියෝ වෙති. උපන්නාවූ අන්‍ය දෘෂ්ටික වාදයන් යහපත් වශයෙන් අතිශයින්ම නිග්‍රහ කොට උත්තර සහිතවූ ධර්මදේශනා කරන්ට සමර්ථ වූවාහුය. ස්වාමින් වහන්ස, දැන් භාග්‍යවතුන් වහන්සේගේ පිරිනිවන් පෑමට කල් වන්නේයයි’ කියා යාඥා කෙළේය ‘යම්තාක් කල් මාගේ උපාසක ශ්‍රාවකයෝ දක්ෂ නොවෙද්ද, නොහික්මුණාහු වෙද්ද, විශාල දැනුමක් ඇත්තෝ නොවෙද්ද, බොහෝ දේ දන්නෝ ඇසූ ඇත්තෝ නොවෙද්ද, ධර්මය දරන්නෝ නොවෙද්ද, ධර්මයට අනුව පිළිපදින්නෝ නොවෙද්ද, යහපත් පිළිවෙතින් යුක්ත නොවෙද්ද, ධර්මයට අනුව හැසිරීම් ඇත්තෝ නොවෙද්ද, තමන්ගේ ආචාර්‍ය්‍ය ධර්මය ඉගෙන නොකියද්ද, දේශනා නොකරද්ද, නොපණවද්ද, නොපිහිටුවද්ද, විවෘත නොකෙරෙද්ද, විභාග නොකෙරෙද්ද, ප්‍රකට නොකෙරෙද්ද, උපන්නාවූ අන්‍ය වාදයන් සහේතුකව සකාරණ වශයෙන් හොඳින් නිග්‍රහකොට නිවන් මාර්ගය පෙන්වන ධර්මය දේශනා නොකරද්ද, ඒතාක් කල් පිරිනිවන් නොපාන්නෙමියි’ යන වචනය කීහ. ‘ස්වාමීන් වහන්ස, දැන් මේ කාලයෙහි භාග්‍යවතුන් වහන්සේගේ උපාසක ශ්‍රාවකයෝ විනීතවූවාහුය, විසාරද වූවාහුය (බහුශ්‍රැත වූවාහුය), බොහෝ දේ දැනගත්තාහුය, ධර්මධර වූවාහුය. ආර්‍ය්‍ය ධර්මයට අනුව පිළිපන්නාහුය. සුදුසු පිළිවෙතෙහි පිළිපන්නාහුය. ධර්මය අනුව හැසිරෙන බැවින් අනුධර්මචාරී වූවාහුය. ස්වකීය ආචාර්‍ය්‍යවාද ඉගෙන ප්‍රකාශ කොට කියන්නෝ වෙති. දේශනා කරන්නෝ වෙති. පනවන්නාහු වෙති. පිහිටුවා තබන්නාහු වෙති. විවෘතකොට දක්වන්නාහු වෙති. විභාග වශයෙන් බෙදන්නාහු වෙති. (උත්තානි) ප්‍රකට කරන්නාහු වෙති. උපන්නාවූ අන්‍ය දෘෂ්ටික වාදයන් යහපත් වශයෙන් අතිශයින්ම නිග්‍රහ කොට උත්තර සහිතවූ ධර්මදේශනා කරන්ට සමර්ථවූවාහුය. දැන් භාග්‍යවතුන් වහන්සේගේ පිරිනිවන් පෑමට කල් වන්නේයයි’ කියා යාඥා කෙළේය. “යම්තාක් කල් මාගේ උපාසිකා ශ්‍රාවිකාවෝ දක්ෂ නොවෙද්ද, නොහික්මුණාහුවෙද්ද, විශාල දැනුමක් ඇත්තියෝ නොවෙද්ද, බොහෝ දේ දන්නියෝ (ඇසූ ඇත්තියෝ) නොවෙද්ද, ධර්මය දරන්නියෝ නොවෙද්ද, ධර්මයට අනුව පිළිපදින්නියෝ නොවෙද්ද, යහපත් පිළිවෙතින් යුක්ත නොවෙද්ද, ධර්මයට අනුව හැසිරීම් ඇත්තියෝ නොවෙද්ද, තමන්ගේ ආචාර්‍ය්‍ය ධර්මයන් ඉගෙන නොකියද්ද, දේශනා නොකරද්ද, නොපණවද්ද, නොපිහිටුවද්ද, විවෘත නොකෙරෙද්ද, විභාග නොකෙරෙද්ද, ප්‍රකට නොකෙරෙද්ද, උපන්නාවූ අන්‍ය වාදයන් සහේතුකව සකාරණ වශයෙන් හොඳින් (නිග්‍රහකොට) ධර්මය දේශනා නොකරද්ද, ඒතාක් කල් පිරිනිවන් නොපාන්නෙමි’ යන වචනය කීහ. ‘ස්වාමීන් වහන්ස, දැන් මේ කාලයෙහි භාග්‍යවතුන් වහන්සේගේ උපාසිකා ශ්‍රාවිකාවෝ විනීත වූවාහුය, විසාරද වූවාහුය, බොහෝ දේ දැනගත්තාහුය, ධර්මයර වූවාහුය, ආර්‍ය්‍ය ධර්මයට අනුව පිළිපන්නාහුය, සුදුසු පිළිවෙතෙහි පිළිපන්නාහුය. ධර්මයට අනුව හැසිරෙණ බැවින් අනුධර්මචාරීණි වූවාහුය, ස්වකීය ආචාර්‍ය්‍යවාද ඉගෙණ ප්‍රකාශකොට කියන්නියෝ වෙති. දේශනා කරන්නියෝ වෙති. පණවන්නියෝ වෙති. පිහිටුවා තබන්නියෝ වෙති. මතුකොට දක්වන්නියෝ වෙති. විභාග වශයෙන් බෙදන්නියෝ වෙති (උත්තානි) ප්‍රකට කරන්නියෝ වෙති. උපන්නාවූ අන්‍ය දෘෂ්ටික වාදයන් යහපත් වශයෙන් අතිශයින් නිග්‍රහකොට උත්තර සහිතවූ ධර්මදේශනා කරන්ට සමර්ථ වූවාහුය. ස්වාමීන් වහන්ස, දැන් භාග්‍යවතුන් වහන්සේගේ පිරිනිවන් පෑමට කල් වන්නේයයි’ කියා යාඥා කෙළේය. ‘යම්තාක් කල් මාගේ මේ සියලු ශාසන මාර්ග බ්‍රහ්මචර්‍ය්‍යාව සමෘද්ධ භාවයට නොපැමිණියේ වේද, දියුණු නොවූයේවේද, පැතිර නොගියේවේද, බොහෝ දෙනා විසින් නොදැන ගන්නාලද්දේ වේද, මහත්බවට නොපැමිණියේ වේද, දෙව් මිනිසුන් විසින් සුප්‍රකාශිත නොවූයේ වේද, ඒතාක් කල් පිරිනිවන් නොපාන්නෙමි’ යන වචනය කීහ. ස්වාමීන්වහන්ස, දැන් වනාහි භාග්‍යවතුන් වහන්සේගේ ශාසන මාර්ග බ්‍රහ්මචර්‍ය්‍යාව සමෘද්ධ වූයේය. දියුණුවට පැමිණියේය. පැතිර පවත්නේය. බොහෝදෙනා විසින් දැනගන්නාලදුව සර්වප්‍රකාරයෙන්ම මහත්බවට පැමිණියේය. දිව්‍ය මනුෂ්‍යාදීන් විසින් සුප්‍රකාශිත වූයේය ස්වාමීන්වහන්ස, දැන් භාග්‍යවතුන් වහන්සේ පිරිනිවන්පා වදාරණ සේක්වා, ස්වාමීන්වහන්ස, සුගතයන් වහන්සේ පිරිනිවන්පා වදාරණසේක්වා, ස්වාමීන් වහන්ස, දැන් භාග්‍යවතුන් වහන්සේගේ පිරිනිවන්පෑමට කල් වන්නේයයි’ කීවේය.",sin,nadil,sinhala,sinhala
"එවං වුත්තෙ නිග්‍රොධො පරිබ්බාජකො සන්ධානං ගහපතිං එතදවොච - ‘‘යග්ඝෙ ගහපති, ජානෙය්‍යාසි, කෙන සමණො ගොතමො සද්ධිං සල්ලපති, කෙන සාකච්ඡං සමාපජ්ජති, කෙන පඤ්ඤාවෙය්‍යත්තියං සමාපජ්ජති? සුඤ්ඤාගාරහතා සමණස්ස ගොතමස්ස පඤ්ඤා අපරිසාවචරො සමණො ගොතමො නාලං සල්ලාපාය. සො අන්තමන්තානෙව සෙවති (අන්තපන්තානෙව (ස්‍යා.)). සෙය්‍යථාපි නාම ගොකාණා පරියන්තචාරිනී අන්තමන්තානෙව සෙවති. එවමෙව සුඤ්ඤාගාරහතා සමණස්ස ගොතමස්ස පඤ්ඤා; අපරිසාවචරො සමණො ගොතමො; නාලං සල්ලාපාය. සො අන්තමන්තානෙව සෙවති. ඉඞ්ඝ, ගහපති, සමණො ගොතමො ඉමං පරිසං ආගච්ඡෙය්‍ය, එකපඤ්හෙනෙව නං සංසාදෙය්‍යාම (සංහරෙය්‍යාම (ක.)), තුච්ඡකුම්භීව නං මඤ්ඤෙ ඔරොධෙය්‍යාමා’’ති.",pli,nadil,pali,pali
"“එපරිද්දෙන් යම් රජෙක් මහත්වූ අඹගසකට බඳු රට අධර්මයෙන් අගතිගාමීව අනුශාසනා කෙරේද, හෙතෙම ඔහුගේ රසයද නොදනියි. හෙවත් අයබදු නොලබයි. ඔහුගේ රටද විනාශවේ.",sin,nadil,sinhala,sinhala
"‘‘තං කිං මඤ්ඤසි, රාජකුමාර, ඉධ පුරිසො ආගච්ඡෙය්‍ය - ‘බොධි රාජකුමාරො හත්ථාරූළ්හං අඞ්කුසගය්හං සිප්පං ජානාති; තස්සාහං සන්තිකෙ හත්ථාරූළ්හං අඞ්කුසගය්හං සිප්පං සික්ඛිස්සාමී’ති. සො චස්ස සද්ධො; යාවතකං සද්ධෙන පත්තබ්බං තං සම්පාපුණෙය්‍ය. සො චස්ස අප්පාබාධො; යාවතකං අප්පාබාධෙන පත්තබ්බං තං සම්පාපුණෙය්‍ය. සො චස්ස අසඨො අමායාවී; යාවතකං අසඨෙන අමායාවිනා පත්තබ්බං තං සම්පාපුණෙය්‍ය. සො චස්ස ආරද්ධවීරියො; යාවතකං ආරද්ධවීරියෙන පත්තබ්බං තං සම්පාපුණෙය්‍ය. සො චස්ස පඤ්ඤවා; යාවතකං පඤ්ඤවතා පත්තබ්බං තං සම්පාපුණෙය්‍ය. තං කිං මඤ්ඤසි, රාජකුමාර, අපි නු සො පුරිසො තව සන්තිකෙ හත්ථාරූළ්හං අඞ්කුසගය්හං සිප්පං සික්ඛෙය්‍යා’’ති? ‘‘එකමෙකෙනාපි, භන්තෙ, අඞ්ගෙන සමන්නාගතො සො පුරිසො මම සන්තිකෙ හත්ථාරූළ්හං අඞ්කුසගය්හං සිප්පං සික්ඛෙය්‍ය, කො පන වාදො පඤ්චහඞ්ගෙහී’’ති! ‘‘එවමෙව ඛො, රාජකුමාර, පඤ්චිමානි පධානියඞ්ගානි. කතමානි පඤ්ච? ඉධ, රාජකුමාර, භික්ඛු සද්ධො හොති; සද්දහති තථාගතස්ස බොධිං - ‘ඉතිපි සො භගවා අරහං සම්මාසම්බුද්ධො විජ්ජාචරණසම්පන්නො සුගතො ලොකවිදූ අනුත්තරො පුරිසදම්මසාරථි සත්ථා දෙවමනුස්සානං බුද්ධො භගවා’ති; අප්පාබාධො හොති අප්පාතඞ්කො සමවෙපාකිනියා ගහණියා සමන්නාගතො නාතිසීතාය නාච්චුණ්හාය මජ්ඣිමාය පධානක්ඛමාය; අසඨො හොති අමායාවී යථාභූතං අත්තානං ආවිකත්තා සත්ථරි වා විඤ්ඤූසු වා සබ්‍රහ්මචාරීසු ; ආරද්ධවීරියො විහරති අකුසලානං ධම්මානං පහානාය කුසලානං ධම්මානං උපසම්පදාය, ථාමවා දළ්හපරක්කමො අනික්ඛිත්තධුරො කුසලෙසු ධම්මෙසු; පඤ්ඤවා හොති උදයත්ථගාමිනියා පඤ්ඤාය සමන්නාගතො අරියාය නිබ්බෙධිකාය සම්මාදුක්ඛක්ඛයගාමිනියා. ඉමානි ඛො, රාජකුමාර, පඤ්ච පධානියඞ්ගානි.",pli,nadil,pali,pali
"‘‘අද්ධිකා පථිකා සබ්බෙ, යාචකා වරකා බහූ; උපගච්ඡන්ති තෙ නිච්චං, භික්ඛයන්තා මමං ඝරං.",pli,nadil,pali,pali
"“යම් ස්ත්‍රියක් තාගේ අඹ පැහැරගත්තීද, ඕතොමෝ මනාව හැඳි වස්ත්‍ර ඇත්තී පැළැඳි මල්දම් ඇත්තී ගැල්වූ සඳුන් කල්ක ඇත්තී සැරසුනී හුදකලාව යහනෙහි සයනය කෙරේවායි” කීයේය.",sin,nadil,sinhala,sinhala
"‘‘අසස්සතං සස්සතං නු තවයිදං, ඉද්ධීජුතීබලවීරියූපපත්ති (ඉද්ධිං ජුතිං බලං වීරියූපපත්ති (ක.)); පුච්ඡාමි තං නාගරාජෙතමත්ථං, කථං නු තෙ ලද්ධමිදං විමානං.",pli,nadil,pali,pali
"“මහණෙනි, කරුණු පසකින් යුක්තවූ භික්‍ෂුණී තොමෝ ගෙනෙන ලද බරක් බහා තබන ලද්දී යම්සේද, එමෙන් නරකයෙහි උපදී. “කවර පසකින්ද යත්? ආවාසයන්හි මසුරුකම් ඇත්තී වේද, කුලයන්හි මසුරුකම් ඇත්තී වේද, ලාභයන්හි මසුරුකම් ඇත්තී වේද, ගුණ වර්‍ණනායෙහි මසුරුකම් ඇත්තී වේද, ධර්‍මයෙහි මසුරුකම් ඇත්තී වේද, යන පසිනි. “මහණෙනි, කරුණු පසකින් යුක්තවූ භික්‍ෂුණී තොමෝ ගෙනෙන ලද බරක් බහා තබන ලද්දී යම්සේද, එමෙන් නරකයෙහි උපදී. “මහණෙනි, කරුණු පසකින් යුක්තවූ භික්‍ෂුණී තොමෝ ගෙනෙන ලද බරක් බහා තබන ලද්දී යම්සේද, එමෙන් ස්වර්‍ගයෙහි උපදී. “කවර පසකින්ද යත්? ආවාසයන්හි මසුරුකම් ඇත්තී නොවේද, කුලයන්හි මසුරුකම් ඇත්තී නොවේද, ලාභයන්හි මසුරුකම් ඇත්තී නොවේද, ගුණ වර්‍ණනායෙහි මසුරුකම් ඇත්තී නොවේද, ධර්‍මයෙහි මසුරුකම් ඇත්තී නොවේද, යන පසිනි. “මහණෙනි, කරුණු පසකින් යුක්තවූ භික්‍ෂුණී තොමෝ ගෙනෙන ලද බරක් බහා තබන ලද්දී යම්සේද, එමෙන් ස්වර්‍ගයෙහි උපදී.",sin,nadil,sinhala,sinhala
“මින් සිව් අනුවන කපෙහි යම් පුෂ්ප පූජාවක් කරණ ලදද (ඒ හේතුවෙන්) දුගතියක් නොදනිමි. පුෂ්ප පූජාවෙහි මේ විපාකයයි.,sin,nadil,sinhala,sinhala
"‘‘ඉදං නෙසං කීළානකං, පතිතං පණ්ඩුබෙළුවං; ත්‍යජ්ජ පුත්තෙ න පස්සාමි, ජාලිං කණ්හාජිනං චුභො.",pli,nadil,pali,pali
"‘‘අනොමදස්සිමුනිනො, නිසභො නාම සාවකො; පරිවුතො සතසහස්සෙහි, සන්තචිත්තෙහි තාදිභි.",pli,nadil,pali,pali
"‘‘කඞ්කණං ව සුකතං සුනිට්ඨිතං, සොභරෙ සු මම කණ්ණපාළියො; තා ජරාය වලිභිප්පලම්බිතා, සච්චවාදිවචනං අනඤ්ඤථා.",pli,nadil,pali,pali
“ඉක්බිති තථාගත තෙමේ මට මෙසේ වදාළ සේක. “තිගේ පැතුම් සිදුවේවා. තී විසින් සඞ්ඝයා සහිතවූ මා කෙරෙහි කරණ ලද සත්කාරය අපමණ විපාක ඇත්තකි.,sin,nadil,sinhala,sinhala
“එකල්හි මම වනයට වැද හුණලීයක් කපා එල්බෙන දණ්ඩක් (සැරයටියක්) සංඝයාට දුනිමි.,sin,nadil,sinhala,sinhala
"‘‘නමො තෙ පුරිසාජඤ්ඤ, නමො තෙ පුරිසුත්තම; ඤාණෙන තෙ සමො නත්ථි, යාවතා ඤාණමුත්තමං.",pli,nadil,pali,pali
"ඒ “ඛෙම” නගරයෙහි මිනිසුන්ට උතුම්වූ ප්‍රධාන උසස් ජාති ඇති, මහත් පිරිවර ඇත්තාවූ සම්බුදුරජුන්ගේ මහත් නෑ කුලය විසී.",sin,nadil,sinhala,sinhala
"‘‘වීරො සූරො ච වික්කන්තො (ධීරො ච (සී. පී.)), පඤ්ඤො කාරුණිකො වසී; විජිතාවී ච ස ජිනො, අප්පගබ්බො අනාලයො.",pli,nadil,pali,pali
"කෙනෙස යඤ්ඤො විපුලො මහග්ඝතො (මහග්ගතො (සං. නි. 1.32)), සමෙන දින්නස්ස න අග්ඝමෙති; කථං සතං සහස්සානං (කථං සහස්සානං (සී. ස්‍යා. පී.)) සහස්සයාගිනං, කලම්පි නාග්ඝන්ති තථාවිධස්ස තෙ.",pli,nadil,pali,pali
‘‘පටිසම්භිදා චතස්සො...පෙ.... කතං බුද්ධස්ස සාසනං’’. ඉත්ථං සුදං ආයස්මා පුප්ඵචඞ්කොටියො ථෙරො ඉමා ගාථායො අභාසිත්ථාති.,pli,nadil,pali,pali
"එවං වුත්තෙ, සඞ්ගාරවො මාණවො භගවන්තං එතදවොච - ‘‘අභික්කන්තං, භො ගොතම, අභික්කන්තං, භො ගොතම! සෙය්‍යථාපි, භො ගොතම, නික්කුජ්ජිතං වා උක්කුජ්ජෙය්‍ය, පටිච්ඡන්නං වා විවරෙය්‍ය, මූළ්හස්ස වා මග්ගං ආචික්ඛෙය්‍ය, අන්ධකාරෙ වා තෙලපජ්ජොතං ධාරෙය්‍ය - චක්ඛුමන්තො රූපානි දක්ඛන්තීති - එවමෙවං භොතා ගොතමෙන අනෙකපරියායෙන ධම්මො පකාසිතො. එසාහං භවන්තං ගොතමං සරණං ගච්ඡාමි ධම්මඤ්ච භික්ඛුසඞ්ඝඤ්ච. උපාසකං මං භවං ගොතමො ධාරෙතු අජ්ජතග්ගෙ පාණුපෙතං සරණං ගත’’න්ති.",pli,nadil,pali,pali
"“මාගේ පියාපත් ඇත්තාහ. අහසින් යන්ට නොහැක්කාහ, පාදයෝ ඇත්තාහ, පියවර නඟා යන්ට නොහැක්කාහ, මාගේ මව්පියෝද මාහැර ගියහ. ජාත වේදය (හෙවත්) මේ ගින්න පහව යවයි” කීයේය.",sin,nadil,sinhala,sinhala
"‘‘‘සකං චිත්තං පසාදෙත්වා, බිළාලිං මෙ අදා තුවං; කප්පානං සතසහස්සං, දුග්ගතිං නුපපජ්ජසි’.",pli,nadil,pali,pali
කාමොහුත්වා විනයධරෙන තීණි ලක්ඛණානි ඉච්ඡිතබ්බානි තිසල්ල,pli,nadil,pali,pali
පතිරාජෙ ගතෙ තස්මිං-යුද්ධසෙනාධිපො ඉහ,pli,nadil,pali,sinhala
"‘‘අසප්පුරිසඤ්ච වො, භික්ඛවෙ, දෙසෙස්සාමි, අසප්පුරිසෙන අසප්පුරිසතරඤ්ච ; සප්පුරිසඤ්ච, සප්පුරිසෙන සප්පුරිසතරඤ්ච. තං සුණාථ...පෙ..... ‘‘කතමො ච, භික්ඛවෙ, අසප්පුරිසො? ඉධ, භික්ඛවෙ, එකච්චො පාණාතිපාතී හොති, අදින්නාදායී හොති, කාමෙසුමිච්ඡාචාරී හොති, මුසාවාදී හොති, පිසුණවාචො හොති, ඵරුසවාචො හොති, සම්ඵප්පලාපී හොති, අභිජ්ඣාලු හොති, බ්‍යාපන්නචිත්තො හොති, මිච්ඡාදිට්ඨිකො හොති. අයං වුච්චති, භික්ඛවෙ, අසප්පුරිසො. ‘‘කතමො ච, භික්ඛවෙ, අසප්පුරිසෙන අසප්පුරිසතරො? ඉධ, භික්ඛවෙ, එකච්චො අත්තනා ච පාණාතිපාතී හොති, පරඤ්ච පාණාතිපාතෙ සමාදපෙති...පෙ.... අත්තනා ච අභිජ්ඣාලු හොති, පරඤ්ච අභිජ්ඣාය සමාදපෙති; අත්තනා ච බ්‍යාපන්නචිත්තො හොති, පරඤ්ච බ්‍යාපාදෙ සමාදපෙති, අත්තනා ච මිච්ඡාදිට්ඨිකො හොති, පරඤ්ච මිච්ඡාදිට්ඨියා සමාදපෙති. අයං වුච්චති, භික්ඛවෙ, අසප්පුරිසෙන අසප්පුරිසතරො. ‘‘කතමො ච, භික්ඛවෙ, සප්පුරිසො ? ඉධ, භික්ඛවෙ, එකච්චො පාණාතිපාතා පටිවිරතො හොති...පෙ.... අනභිජ්ඣාලු හොති, අබ්‍යාපන්නචිත්තො හොති, සම්මාදිට්ඨිකො හොති. අයං වුච්චති, භික්ඛවෙ, සප්පුරිසො. ‘‘කතමො ච, භික්ඛවෙ, සප්පුරිසෙන සප්පුරිසතරො? ඉධ, භික්ඛවෙ, එකච්චො අත්තනා ච පාණාතිපාතා පටිවිරතො හොති, පරඤ්ච පාණාතිපාතා වෙරමණියා සමාදපෙති...පෙ.... අත්තනා ච අනභිජ්ඣාලු හොති, පරඤ්ච අනභිජ්ඣාය සමාදපෙති; අත්තනා ච අබ්‍යාපන්නචිත්තො හොති, පරඤ්ච අබ්‍යාපාදෙ සමාදපෙති; අත්තනා ච සම්මාදිට්ඨිකො හොති, පරඤ්ච සම්මාදිට්ඨියා සමාදපෙති. අයං වුච්චති, භික්ඛවෙ, සප්පුරිසෙන සප්පුරිසතරො’’ති. චතුත්ථං.",pli,nadil,pali,pali
“පුරුෂයෙකු විසින් යම් මෙබඳු දුකක් නොලැබිය හැකිද මේ මට ලැබුනු එබඳුවූ දුකකි. යම්හෙයකින් මෑණියන් නොදකිම්ද එය මට මීටත් වඩා දුකකි.,sin,nadil,sinhala,sinhala
"‘‘පච්චන්තෙ කුපිතෙ ඛිප්පං, සන්නිපාතෙසිරින්දමො; භටෙ චෙව බලත්ථෙ ච, අරිං නිග්ගාහයි තදා.",pli,nadil,pali,pali
"උන්වහන්සේ සාගරය මෙන් නොකැළඹිය හැක්කේය. අහස මෙන් කෙළවරක් නැත්තේය. (මහාමේරු) පර්‍වතය මෙන් නොළංවිය හැක්කේය. දෙතිස් මහා පුරුෂ ලක්‍ෂණ, අසූ අනූ ව්‍යඤජන ආදියෙන් මල් පිපුණු සල්ගසක් මෙන් බබලයි.",sin,nadil,sinhala,sinhala
“මෝතොමෝ මා කැමතිවේයයි පුරුෂතෙම ස්ත්‍රිය විශ්වාස නොකරන්නේය. මා සමීපයෙහි හඬායයි ස්ත්‍රිය විශ්වාස නොකරන්නේය. මෙගොඩ ඉව්රද එගොඩ ඉව්රද සේවනය කරන්නාවූ ඔරුව මෙන් මේ ස්ත්‍රීහු ප්‍රියවූවහුද අප්‍රියවූවහුද සේවනය කෙරෙත්.,sin,nadil,sinhala,sinhala
"‘‘රූපං දිස්වා සති මුට්ඨා, පියං නිමිත්තං මනසිකරොතො; සාරත්තචිත්තො වෙදෙති, තඤ්ච අජ්ඣොස තිට්ඨති; තස්ස වඩ්ඪන්ති ආසවා, භවමූලොපගාමිනො’’ති (භවමූලා භවගාමිනොති (සී. ක.)).",pli,nadil,pali,pali
"කේවට්ටය, මා විසින් විශේෂ ඥානයෙන් දැන අවබෝධ කොට ප්‍රකාශ කරනලද මේ ප්‍රාතිහාර්යයෝ තුන් දෙනෙක් වෙත්. එනම් (ඍද්ධි) නොයෙක් මැවීම් ආදිය කිරීමේ ප්‍රාතිහාර්යය (ආදේශනා) අනුන්ගේ සිත් දැක්වීමේ ප්‍රාතිහාර්යය (අනුසාසනී) අනුශාසනා කිරීමේ ප්‍රාතිහාර්යය යන තුනයි.",sin,nadil,sinhala,sinhala
ගෙදර ඉඳලා එක්කරන් ගියේ ලස්සන පෙරහැරකින්,sin,nadil,sinhala,sinhala
"“මින් තිස්එක්වන කපෙහි මම යම් ඛාද්‍යයක් දුනිම්ද, (ඒ හේතුවෙන්) දුගතියක් නොදනිමි. හල්පූ දානයෙහි මේ විපාකයයි.",sin,nadil,sinhala,sinhala
"තෙන පායාසි සොරට්ඨො, සෙනාය චතුරඞ්ගිනියා; උබ්බිග්ගරූපො පුරිසො, සොරට්ඨං එතදබ්‍රවි.",pli,nadil,pali,pali
"‘‘තොසිතොහං අස්සජිනා, පත්වාන අචලං පදං; සහායකං ගවෙසන්තො, අස්සමං අගමාසහං.",pli,nadil,pali,pali
"එකං සමයං භගවා බාරාණසියං විහරති ඉසිපතනෙ මිගදායෙ. තත්‍ර ඛො භගවා පඤ්චවග්ගියෙ භික්ඛූ ආමන්තෙසි - ‘‘භික්ඛවො’’ති. ‘‘භදන්තෙ’’ති තෙ භික්ඛූ භගවතො පච්චස්සොසුං. භගවා එතදවොච - ‘‘රූපං, භික්ඛවෙ, අනත්තා. රූපඤ්ච හිදං, භික්ඛවෙ, අත්තා අභවිස්ස, නයිදං රූපං ආබාධාය සංවත්තෙය්‍ය, ලබ්භෙථ ච රූපෙ - ‘එවං මෙ රූපං හොතු, එවං මෙ රූපං මා අහොසී’ති. යස්මා ච ඛො, භික්ඛවෙ, රූපං අනත්තා, තස්මා රූපං ආබාධාය සංවත්තති, න ච ලබ්භති රූපෙ - ‘එවං මෙ රූපං හොතු, එවං මෙ රූපං මා අහොසී’’’ති. ‘‘වෙදනා අනත්තා. වෙදනා ච හිදං, භික්ඛවෙ, අත්තා අභවිස්ස, නයිදං වෙදනා ආබාධාය සංවත්තෙය්‍ය, ලබ්භෙථ ච වෙදනාය - ‘එවං මෙ වෙදනා හොතු, එවං මෙ වෙදනා මා අහොසී’ති. යස්මා ච ඛො, භික්ඛවෙ, වෙදනා අනත්තා, තස්මා වෙදනා ආබාධාය සංවත්තති , න ච ලබ්භති වෙදනාය - ‘එවං මෙ වෙදනා හොතු, එවං මෙ වෙදනා මා අහොසී’’’ති. ‘‘සඤ්ඤා අනත්තා...පෙ.... සඞ්ඛාරා අනත්තා. සඞ්ඛාරා ච හිදං, භික්ඛවෙ, අත්තා අභවිස්සංසු, නයිදං සඞ්ඛාරා ආබාධාය සංවත්තෙය්‍යුං, ලබ්භෙථ ච සඞ්ඛාරෙසු - ‘එවං මෙ සඞ්ඛාරා හොන්තු, එවං මෙ සඞ්ඛාරා මා අහෙසු’න්ති. යස්මා ච ඛො, භික්ඛවෙ, සඞ්ඛාරා අනත්තා, තස්මා සඞ්ඛාරා ආබාධාය සංවත්තන්ති, න ච ලබ්භති සඞ්ඛාරෙසු - ‘එවං මෙ සඞ්ඛාරා හොන්තු, එවං මෙ සඞ්ඛාරා මා අහෙසු’’’න්ති. ‘‘විඤ්ඤාණං අනත්තා. විඤ්ඤාණඤ්ච හිදං, භික්ඛවෙ, අත්තා අභවිස්ස, නයිදං විඤ්ඤාණං ආබාධාය සංවත්තෙය්‍ය, ලබ්භෙථ ච විඤ්ඤාණෙ - ‘එවං මෙ විඤ්ඤාණං හොතු, එවං මෙ විඤ්ඤාණං මා අහොසී’ති. යස්මා ච ඛො, භික්ඛවෙ, විඤ්ඤාණං අනත්තා, තස්මා විඤ්ඤාණං ආබාධාය සංවත්තති, න ච ලබ්භති විඤ්ඤාණෙ - ‘එවං මෙ විඤ්ඤාණං හොතු, එවං මෙ විඤ්ඤාණං මා අහොසී’’’ති. ‘‘තං කිං මඤ්ඤථ, භික්ඛවෙ, රූපං නිච්චං වා අනිච්චං වා’’ති? ‘‘අනිච්චං, භන්තෙ’’. ‘‘යං පනානිච්චං දුක්ඛං වා තං සුඛං වා’’ති? ‘‘දුක්ඛං, භන්තෙ’’. ‘‘යං පනානිච්චං දුක්ඛං විපරිණාමධම්මං, කල්ලං නු තං සමනුපස්සිතුං - ‘එතං මම, එසොහමස්මි, එසො මෙ අත්තා’’’ති? ‘‘නො හෙතං, භන්තෙ’’. ‘‘වෙදනා... සඤ්ඤා... සඞ්ඛාරා... විඤ්ඤාණං නිච්චං වා අනිච්චං වා’’ති? ‘‘අනිච්චං, භන්තෙ’’. ‘‘යං පනානිච්චං දුක්ඛං වා තං සුඛං වා’’ති? ‘‘දුක්ඛං , භන්තෙ’’. ‘‘යං පනානිච්චං දුක්ඛං විපරිණාමධම්මං, කල්ලං නු තං සමනුපස්සිතුං - ‘එතං මම, එසොහමස්මි, එසො මෙ අත්තා’’’ති? ‘‘නො හෙතං, භන්තෙ’’. ‘‘තස්මාතිහ, භික්ඛවෙ, යං කිඤ්චි රූපං අතීතානාගතපච්චුප්පන්නං අජ්ඣත්තං වා බහිද්ධා වා ඔළාරිකං වා සුඛුමං වා හීනං වා පණීතං වා යං දූරෙ සන්තිකෙ වා, සබ්බං රූපං - ‘නෙතං මම, නෙසොහමස්මි, න මෙසො අත්තා’ති එවමෙතං යථාභූතං සම්මප්පඤ්ඤාය දට්ඨබ්බං. යා කාචි වෙදනා අතීතානාගතපච්චුප්පන්නා අජ්ඣත්තා වා බහිද්ධා වා...පෙ.... යා දූරෙ සන්තිකෙ වා, සබ්බා වෙදනා - ‘නෙතං මම, නෙසොහමස්මි, න මෙසො අත්තා’ති එවමෙතං යථාභූතං සම්මප්පඤ්ඤාය දට්ඨබ්බං. ‘‘යා කාචි සඤ්ඤා...පෙ.... යෙ කෙචි සඞ්ඛාරා අතීතානාගතපච්චුප්පන්නා අජ්ඣත්තං වා බහිද්ධා වා...පෙ.... යෙ දූරෙ සන්තිකෙ වා, සබ්බෙ සඞ්ඛාරා - ‘නෙතං මම, නෙසොහමස්මි, න මෙසො අත්තා’ති එවමෙතං යථාභූතං සම්මප්පඤ්ඤාය දට්ඨබ්බං. ‘‘යං කිඤ්චි විඤ්ඤාණං අතීතානාගතපච්චුප්පන්නං අජ්ඣත්තං වා බහිද්ධා වා ඔළාරිකං වා සුඛුමං වා හීනං වා පණීතං වා යං දූරෙ සන්තිකෙ වා, සබ්බං විඤ්ඤාණං - ‘නෙතං මම, නෙසොහමස්මි, න මෙසො අත්තා’ති එවමෙතං යථාභූතං සම්මප්පඤ්ඤාය දට්ඨබ්බං. ‘‘එවං පස්සං, භික්ඛවෙ, සුතවා අරියසාවකො රූපස්මිම්පි නිබ්බින්දති, වෙදනායපි නිබ්බින්දති, සඤ්ඤායපි නිබ්බින්දති, සඞ්ඛාරෙසුපි නිබ්බින්දති, විඤ්ඤාණස්මිම්පි නිබ්බින්දති. නිබ්බින්දං විරජ්ජති; විරාගා විමුච්චති. විමුත්තස්මිං විමුත්තමිති ඤාණං හොති. ‘ඛීණා ජාති, වුසිතං බ්‍රහ්මචරියං, කතං කරණීයං, නාපරං ඉත්ථත්තායා’ති පජානාතී’’ති. ඉදමවොච භගවා. අත්තමනා පඤ්චවග්ගියා භික්ඛූ භගවතො භාසිතං අභිනන්දුං (අභිනන්දුන්ති (ක.)). ඉමස්මිඤ්ච පන වෙය්‍යාකරණස්මිං භඤ්ඤමානෙ පඤ්චවග්ගියානං භික්ඛූනං අනුපාදාය ආසවෙහි චිත්තානි විමුච්චිංසූති. සත්තමං.",pli,nadil,pali,pali
"‘‘ථනඛීරෙන (ථනක්ඛීරෙන (සී.)) ගීතෙන, අඞ්ගපාවුරණෙන (අඞ්ගපාපුරණෙන (පී.)) ච; රොදන්තං පුත්තං (එව (පී.)) තොසෙති, තොසෙන්තී තෙන වුච්චති.",pli,nadil,pali,pali
"‘‘සො එවං සමාහිතෙ චිත්තෙ පරිසුද්ධෙ පරියොදාතෙ අනඞ්ගණෙ විගතූපක්කිලෙසෙ මුදුභූතෙ කම්මනියෙ ඨිතෙ ආනෙඤ්ජප්පත්තෙ ආසවානං ඛයඤාණාය චිත්තං අභිනීහරති අභිනින්නාමෙති. සො ඉදං දුක්ඛන්ති යථාභූතං පජානාති, අයං දුක්ඛසමුදයොති යථාභූතං පජානාති, අයං දුක්ඛනිරොධොති යථාභූතං පජානාති, අයං දුක්ඛනිරොධගාමිනී පටිපදාති යථාභූතං පජානාති; ඉමෙ ආසවාති යථාභූතං පජානාති, අයං ආසවසමුදයොති යථාභූතං පජානාති, අයං ආසවනිරොධොති යථාභූතං පජානාති , අයං ආසවනිරොධගාමිනී පටිපදාති යථාභූතං පජානාති. තස්ස එවං ජානතො එවං පස්සතො කාමාසවාපි චිත්තං විමුච්චති, භවාසවාපි චිත්තං විමුච්චති, අවිජ්ජාසවාපි චිත්තං විමුච්චති, විමුත්තස්මිං විමුත්තමිති ඤාණං හොති. ‘ඛීණා ජාති, වුසිතං බ්‍රහ්මචරියං, කතං කරණීයං, නාපරං ඉත්ථත්තායා’ති පජානාති. ‘‘සෙය්‍යථාපි, මාණව, පබ්බතසඞ්ඛෙපෙ උදකරහදො අච්ඡො විප්පසන්නො අනාවිලො. තත්ථ චක්ඛුමා පුරිසො තීරෙ ඨිතො පස්සෙය්‍ය සිප්පිකසම්බුකම්පි සක්ඛරකථලම්පි මච්ඡගුම්බම්පි චරන්තම්පි තිට්ඨන්තම්පි. තස්ස එවමස්ස - ‘අයං ඛො උදකරහදො අච්ඡො විප්පසන්නො අනාවිලො. තත්‍රිමෙ සිප්පිකසම්බුකාපි සක්ඛරකථලාපි මච්ඡගුම්බාපි චරන්තිපි තිට්ඨන්තිපී’ති. එවමෙව ඛො, මාණව, භික්ඛු...පෙ.... යම්පි, මාණව, භික්ඛු එවං සමාහිතෙ චිත්තෙ...පෙ.... ආනෙඤ්ජප්පත්තෙ ආසවානං ඛයඤාණාය චිත්තං අභිනීහරති අභිනින්නාමෙති. සො ඉදං දුක්ඛන්ති යථාභූතං පජානාති...පෙ.... ආසවනිරොධගාමිනී පටිපදාති යථාභූතං පජානාති. තස්ස එවං ජානතො එවං පස්සතො කාමාසවාපි චිත්තං විමුච්චති, භවාසවාපි චිත්තං විමුච්චති, අවිජ්ජාසවාපි චිත්තං විමුච්චති, විමුත්තස්මිං විමුත්තමිති ඤාණං හොති, ‘ඛීණා ජාති, වුසිතං බ්‍රහ්මචරියං, කතං කරණීයං, නාපරං ඉත්ථත්තායා’ති පජානාති . ඉදම්පිස්ස හොති පඤ්ඤාය.",pli,nadil,pali,pali
"තෙ තං කන්තාරමාගම්ම, අප්පභක්ඛං අනොදකං; මහානිග්‍රොධමද්දක්ඛුං, සීතච්ඡායං මනොරමං.",pli,nadil,pali,pali
"‘‘ඨානං ඛො පනෙතං, චුන්ද, විජ්ජති යං අඤ්ඤතිත්ථියා පරිබ්බාජකා එවං වදෙය්‍යුං - ‘අට්ඨිතධම්මා සමණා සක්‍යපුත්තියා විහරන්තී’ති. එවංවාදිනො, චුන්ද, අඤ්ඤතිත්ථියා පරිබ්බාජකා එවමස්සු වචනීයා - ‘අත්ථි ඛො, ආවුසො, තෙන භගවතා ජානතා පස්සතා අරහතා සම්මාසම්බුද්ධෙන සාවකානං ධම්මා දෙසිතා පඤ්ඤත්තා යාවජීවං අනතික්කමනීයා. සෙය්‍යථාපි, ආවුසො, ඉන්දඛීලො වා අයොඛීලො වා ගම්භීරනෙමො සුනිඛාතො අචලො අසම්පවෙධී. එවමෙව ඛො, ආවුසො, තෙන භගවතා ජානතා පස්සතා අරහතා සම්මාසම්බුද්ධෙන සාවකානං ධම්මා දෙසිතා පඤ්ඤත්තා යාවජීවං අනතික්කමනීයා. යො සො, ආවුසො, භික්ඛු අරහං ඛීණාසවො වුසිතවා කතකරණීයො ඔහිතභාරො අනුප්පත්තසදත්ථො පරික්ඛීණභවසංයොජනො සම්මදඤ්ඤා විමුත්තො, අභබ්බො සො නව ඨානානි අජ්ඣාචරිතුං. අභබ්බො, ආවුසො, ඛීණාසවො භික්ඛු සඤ්චිච්ච පාණං ජීවිතා වොරොපෙතුං; අභබ්බො ඛීණාසවො භික්ඛු අදින්නං ථෙය්‍යසඞ්ඛාතං ආදියිතුං; අභබ්බො ඛීණාසවො භික්ඛු මෙථුනං ධම්මං පටිසෙවිතුං; අභබ්බො ඛීණාසවො භික්ඛු සම්පජානමුසා භාසිතුං; අභබ්බො ඛීණාසවො භික්ඛු සන්නිධිකාරකං කාමෙ පරිභුඤ්ජිතුං සෙය්‍යථාපි පුබ්බෙ ආගාරිකභූතො; අභබ්බො ඛීණාසවො භික්ඛු ඡන්දාගතිං ගන්තුං; අභබ්බො ඛීණාසවො භික්ඛු දොසාගතිං ගන්තුං; අභබ්බො ඛීණාසවො භික්ඛු මොහාගතිං ගන්තුං; අභබ්බො ඛීණාසවො භික්ඛු භයාගතිං ගන්තුං. යො සො, ආවුසො, භික්ඛු අරහං ඛීණාසවො වුසිතවා කතකරණීයො ඔහිතභාරො අනුප්පත්තසදත්ථො පරික්ඛීණභවසංයොජනො සම්මදඤ්ඤා විමුත්තො, අභබ්බො සො ඉමානි නව ඨානානි අජ්ඣාචරිතු’’න්ති.",pli,nadil,pali,pali
"“යමෙක් තෙමේ ප්‍රාණ නම් වූ භූතයන් නොපෙළමින් හැසිරෙන්නේ අනුන්ට නින්දා නිමිත්තෙන් පව් නොකෙරේද, පවට භය ඇත්තාහට ප්‍රශංසා කරත්ද, එහි දක්ෂවූවහුට ප්‍රශංසා නොකෙරෙද්ද, සත්පුරුෂයෝ බියෙන් පව් නොකෙරෙත්.",sin,nadil,sinhala,sinhala
අනුන්ගේ ස්වල්ප මාත්‍රවූ වරද සුවසේ දැක්ක හැකි. තමාගේ වූකලී (මහත් වරදද) නොදැක්ක හැකි (අනුන්ගේ වරද සොයන) ඒ පුද්ගලතෙම (ස්වල්පවූද) අනුන්ගේ දෝෂයක් (උසස් තැනෙක සිට) රොඩු බොල් මෙන් පොලන්නේය. තමාගේ වූකලි (මහත් වරදද කොළ කැලෑ වලින්) ශරීරය මුවහ කරන්නාවූ කපටි ලිහිණි වැද්දා මෙන් වසන්නේය.,sin,nadil,sinhala,sinhala
“සියලු මත්ස්‍යයන්ට ජ්‍යෙෂ්ඨවූ මස් කෑමෙහි ගිජුවූ ආනන්ද නම් මත්ස්‍යතෙම තමන්ගේ පිරිස අනුභවකොට පිරිස පිරිහුනු කල්හි පසුව තමාද අනුභවකොට මළේය.,sin,nadil,sinhala,sinhala
"වුත්තඤ්හෙතං භගවතා, වුත්තමරහතාති මෙ සුතං - ‘‘තයොමෙ, භික්ඛවෙ, ආසවා. කතමෙ තයො? කාමාසවො, භවාසවො, අවිජ්ජාසවො - ඉමෙ ඛො, භික්ඛවෙ, තයො ආසවා’’ති. එතමත්ථං භගවා අවොච. තත්ථෙතං ඉති වුච්චති - ‘‘යස්ස කාමාසවො ඛීණො, අවිජ්ජා ච විරාජිතා; භවාසවො පරික්ඛීණො, විප්පමුත්තො නිරූපධි; ධාරෙති අන්තිමං දෙහං, ජෙත්වා මාරං සවාහිනි’’න්ති (සවාහනන්ති (බහූසු)). අයම්පි අත්ථො වුත්තො භගවතා, ඉති මෙ සුතන්ති. අට්ඨමං.",pli,nadil,pali,pali
"‘‘මජ්ජඤ්ච පානං න සමාචරෙය්‍ය, ධම්මං ඉමං රොචයෙ යො ගහට්ඨො; න පායයෙ පිවතං නානුජඤ්ඤා, උම්මාදනන්තං ඉති නං විදිත්වා.",pli,nadil,pali,pali
"මහණෙනි, දුඃඛනිරෝධගාමිනි ප්‍රතිපදා ආර්‍ය්‍ය සත්‍යය නම් කවරේද? මේ ආර්‍ය්‍ය අෂ්ටාංගික මාර්ගයමයි. ඒ කවරේද? සත්‍යය ඇති සැටියෙන් දක්නා ප්‍රඥාවය, යහපත් වචනය, හෙවත් වාග් දුශ්චරිතයෙන් වැළකීමය, යහපත් කල්පනාවය, හෙවත් මනො දුශ්චරිතයෙන් වැළකීමය යහපත් කර්මාන්තය හෙවත් කාය දුශ්චරිතයෙන් වැළකීමය, යහපත් ජීවිකාව හෙවත් දුශ්චරිතයෙන් වැළකුණ දිවි පැවැත්වීමය, යහපත් උත්සාහය හෙවත් අකුසල් නොකිරීමෙහිත් කුසල්කිරීමෙහිත් උත්සාහය, යහපත් සිහිය, යහපත් සමාධිය, යනුයි. [1] මහණෙනි, යහපත් ප්‍රඥාව නම් කවරේද, මහණෙනි, දුක පිළිබඳ යම් දැනීමක් වේද, දුකට හේතුව පිළිබඳ යම් දැනීමක් වේද, දුක නිරුද්ධ කිරීම පිළිබඳ යම් දැනීමක් වේද, දුක් නැති කිරීමට පමුණුවන මාර්ගය පිළිබඳ යම් දැනීමක් වේද, මහණෙනි, මේ සම්මා දිට්ඨි (යහපත් ප්‍රඥාව) යයි කියනු ලැබේ. [2] මහණෙනි, සම්‍යක් සංකල්පය (යහපත් කල්පනාව) නම් කවරේද? නෛෂ්ක්‍රම්‍ය (ගිහි සැප අත්හැරීමේ) සංකල්පනාවය, අව්‍යාපාද (ක්‍රොධ නොකිරීමේ) සංකල්පනාවය, අවිහිංසා (හිංසා නොකිරීමේ) සංකල්පනාවය යන මෙය සම්‍යක් සංකල්ප (යහපත් කල්පනාව) යයිකියනු ලැබේ. [3] මහණෙනි, සම්‍යක් වචනය කවරේද? බොරු කීමෙන් වැළකීමය, කේළාම් කීමෙන් වැළකීමය, රළු වචන කීමෙන් වැළකීමය, හිස් කථා කීමෙන් වැළකීමය, යන මේ සම්‍යක් වචනයයි කියනු ලැබේ. [4] මහණෙනි, සම්‍යක් කර්මාන්තය නම් කවරේද යත්? සතුන් මැරීමෙන් වැළකීමය, අන්සතුවූ නුදුන්දෙය ගැනීමෙන් වැළකීමය, කාමයන්හි වරදවා හැසිරීමෙන් වැළකීමය, යන මේ සම්‍යක්කර්මාන්තයයි කියනු ලැබේ. [5] මහණෙනි, සම්‍යක්ආජීවය නම් කවරේද? මහණෙනි, මේ ශාසනයෙහි ආර්‍ය්‍යශ්‍රාවක තෙම වරද සහිතවූ ජීවත්වීම හැර නිවරදවූ අන්දමින් ජීවිකාව කෙරේද, මහණෙනි, මේ සම්‍යක් ආජීවයයි කියනුලැබේ. [6] මහණෙනි, සම්‍යක් ව්‍යායාමය (යහපත් උත්සාහය) නම් කවරේද? මහණෙනි, මේ ශාසනයෙහි භික්ෂුතෙම නූපන් අකුසල ධර්මයන්ගේ නොඉපදීම පිණිස කැමැත්ත උපදවාද උත්සාහකෙරේද, වීර්ය ආරම්භ කෙරේද, සිත දැඩි කොට ඔසවයිද, බලවත්සේ උත්සාහ කෙරේද, උපන්නාවූ අකුසල ධර්මයන්ගේ දුරුකිරීම පිණිස කැමැත්ත උපදවාද, උත්සාහ කෙරේද, වීර්යය පටන්ගනීද, සිත දැඩිකොට ඔසවයිද, බලවත් උත්සාහ කෙරේද, නූපන්කුසල ධර්මයන්ගේ ඉපදීම පිණිස කැමැත්ත උපදවාද, වීර්යය පටන්ගනීද, සිත දැඩිකොට ඔසවයිද, බලවත් ලෙස උත්සාහ කෙරේද, උපන් කුසල ධර්මයන්ගේ පැවතීම පිණිසද, මුළා නොවීම පිණිසද වැඩීම පිණිසද, මහත්බව පිණිසද භාවනාවන් සම්පූර්ණ කිරීම පිණිසද කැමැත්ත උපදවාද, උත්සාහ කෙරේද, වීර්යය පටන්ගනීද, සිත දැඩි කොට ඔසවයිද, බලවත් ලෙස උත්සාහ කෙරේද, මහණෙනි, මෙය යහපත් උත්සාහයයි (සම්මා වායාමයයි) කියනු ලැබේ. [7] මහණෙනි, සම්‍යක්ස්මෘතිය (යහපත් සිහිය) කවරේදයත්? මහණෙනි, මේ ශාසනයෙහි භික්ෂුව මේ ශරීරයෙහි ශරීරය අනුව දක්නේ කෙලෙස් තවන වීර්යය ඇතිව නුවණින් යුක්තව සිහියෙන් යුක්තව මේ ශරීර නම්වූ ලෝකයෙහි ලෝභයද ද්‍වෙෂයද සංසිඳුවාගෙන වාසය කෙරේද, විඳීම් කෙරෙහි විඳීම් අනුව දක්නේ කෙලෙස් තවන වීර්යය ඇතිව නුවණින් යුක්තව සිහියෙන් යුක්තව මේ වේදනාස්කන්ධනම්වූ ලෝකයෙහි ලෝභයද ද්වේෂයද සංසිඳුවාගෙන වාසය කෙරේද, සිතෙහි සිත අනුව දක්නේ කෙලෙසුන් තවන වීර්යය ඇතිව නුවණින් යුතුව සිහියෙන් යුක්තව මේ විඥානස්කන්ධ නම් ලෝකයෙහි ලෝභයද ද්වේෂයද සංසිඳුවාගෙන වාසය කෙරේද, ධර්මයන් කෙරෙහි ධර්මයන් අනුව දක්නේ කෙලෙස් තවන වීර්යය ඇතිව සිහියෙන් යුක්තව නුවණින් යුක්තව මේ සංස්කාර ස්කන්ධ නම් ලෝකයෙහි ලෝභයද ද්වේෂයද සංසිඳුවාගෙන වාසයකෙරේද මහණෙනි, මෙය සම්‍යක් ස්මෘතියයි (යහපත් සිහියයයි) කියනු ලැබේ. [8] මහණෙනි, සම්‍යක් සමාධිය කවරේද? මහණෙනි, මේ ශාසනයෙහි භික්ෂුව පංචකාම ගුණයන්ගෙන් වෙන්වම අකුසලයන්ගෙන් දුරුව විතර්ක සහිතවූ, විචාර සහිතවූ විවේකයෙන් ඇතිවන ප්‍රීතිය හා සැප ඇත්තාවූ පළමුවන ධ්‍යානයට පැමිණ වාසය කෙරේද, විතර්ක විචාර දෙදෙනාගේ සංසිඳීමෙන් සිත පහදවන්නාවූ සිත එකඟ කරන්නාවූ විතර්ක රහිතවූ විචාර රහිතවූ සමාධියෙන් උපන් ප්‍රීති සැප ඇත්තාවූ දෙවැනි ධ්‍යානයට පැමිණ වාසය කරයිද, යම් ධ්‍යානයක් පිළිබඳව ආර්‍ය්‍යයෝ උපෙක්ෂාවෙන් යුක්තව සිහියෙන් යුක්තව සැපයෙන් වාසය කෙරේයයි කියත්ද ප්‍රීතියෙන් වෙන්ව සිහියෙන් යුක්ත වූයේ නුවණින් යුක්ත වූයේ සැපය කයින් විඳිමින් ඒ තුන්වැනි ධ්‍යානයට පැමිණ වාසය කෙරේද, සුඛය පහ කිරීමෙන්ද දුඃඛය පහකිරීමෙන්ද සොම්නස් දොම්නස් දෙදෙනා දුරුකිරීමෙන් දුක්ද නොවූ සැපද නොවූ උපෙක්ෂාවගේද සිහියගේද පිරිසිදු භාවය ඇති සතරවන ධ්‍යානයට පැමිණ වාසය කෙරේද මහණෙනි, මෙය සම්‍යක් සමාධියයි කියනු ලැබේ. මහණෙනි, මෙය (දුක් නැතිකිරීම සඳහා පිළිපැදීම නම්වූ) දුඃඛ නිරෝධ ගාමිනී ප්‍රතිපදාර්‍ය්‍ය සත්‍යයයි කියනු ලැබේ.",sin,nadil,sinhala,sinhala
"‘‘පහීනජාතිමරණං අසෙසං, නිග්ගය්හ ධොනං (ධොතං (සී.)) වදෙස්සාමි ධම්මං; න කාමකාරො හි පුථුජ්ජනානං, සඞ්ඛෙය්‍යකාරො ච (සඞ්ඛය්‍යකාරොව (ක.)) තථාගතානං.",pli,nadil,pali,pali
"[1] මා විසින් මෙසේ අසනලදී. එක් කලෙක ආයුෂ්මත් ශාරිපුත්‍ර ස්ථවිරයන් වහන්සේ රජගහනුවර කලන්දකනිවාප නම්වූ වේළුවනාරාමයෙහි වාසය කරන සේක. එකල්හි වනාහි ආයුෂ්මත් සැරියුත් තෙරුන්වහන්සේ උදය කාලයෙහි හැඳ පොරවා පාත්‍ර සිවුරු ගෙන රජගහ නුවරට පිඬු පිණිස පැමිණියහ. රජගහනුවර ගෙපිළිවලින් පිඬු පිණිස හැසිර ඒ පිණ්ඩපාතය එක්තරා බිත්ති අද්දරක හිඳ වළඳති. [2] එකල්හි වනාහි සුචිමුඛී නම් පරිබ්‍රාජිකාවක් ආයුෂ්මත් සැරියුත් තෙරුන් යම් තැනකද එතැනට පැමිණියාය. පැමිණ ආයුෂ්මත් සැරියුත් තෙරුන්ට මේ කාරණය කීය. ‘ශ්‍රමණය කුමක් නිසා බිම බලාගෙන අනුභව කරන්නෙහිද?” “නැගනියෙනි, මම බිම බලාගෙන නොවළඳමි.” “එසේනම් ශ්‍රමණය, උඩ බලාගෙන වළඳන්නෙහිද?” “නැගනියනි, මම උඩ බලාගෙන නොවළඳමි.” “එසේ නම් ශ්‍රමණය, සතර දිශාවන් බලමින් වළඳන්නෙහිද?” “නැගනියනි, මම සතර දිශාවන් බලමින් නොවළඳමි” “එසේ නම් ශ්‍රමණය, අනු දිශාවන් බලමින් වළඳන්නෙහිද?” “නැගනියනි, මම අනු දිශාවන් බලමින් නොවළඳමි.” [3] “කිමෙක්ද ශ්‍රමණය, බිම බලාගෙන වළඳන්නෙහිදැයි අසන ලද්දේ, ‘නැගනියනි, මම බිම බලාගෙන නොවළඳමි’යි කීයෙහිය. එසේනම් ශ්‍රමණය, උඩ බලාගෙන වළඳහි දැයි අසන ලද්දේ, ‘නැගනියනි, මම උඩ බලාගෙන නොවළඳමි’යි කීයෙහිය. ‘එසේනම් ශ්‍රමණය, සතර දිශාවන් බලමින් වළඳහි දැයි අසන ලද්දේ, ‘නැගනියනි, මම සතර දිශාවන් බලමින් නොවළඳමි’යි කීයෙහිය කිමෙක්ද ශ්‍රමණය, අනු දිශාවන් බලමින් වළඳහිදැයි විචාරන ලද්දෙම්, “මම අනුදිශාවන් බලමින් නොවළඳමියි’ කීයෙහිය. ශ්‍රමණය, කෙසේ අනුභව කරහිදැයි ඇසුවාය.” [4] “නැගනියනි, යම්කිසි ශ්‍රමණ කෙනෙක් හෝ බ්‍රාහ්මණ කෙනෙක් හෝ වාස්තු විද්‍යාවයයි (පොළොවෙහි හොඳ නරක කියන ශාස්ත්‍රය) කියන ලද තිරිසන් විද්‍යාවවූ වැරදි දිවි පැවැත්මෙන් ජීවිකාව කරත්ද, නැගනියනි, මේ මහණ බමුණෝ බිම බලාගෙන වළඳන්නෝ වෙත්. නැගනියෙනි, යම්කිසි මහණ බමුණු කෙනෙක් නක්ෂත්‍ර විද්‍යාවයි කියන ලද තිරිසන් විද්‍යාවවූ වැරදි දිවි පැවැත්මෙන් ජීවිකාව කරත්ද, ‘නැගනියනි, මේ මහණ බමුණෝ උඩ බලාගෙන කන්නෝ වෙත්’ ‘නැගනියනි යම්කිසි ශ්‍රමණ බ්‍රාහ්මණ කෙනෙක් පණිවිඩපනත් ගෙන යෑමයයි කියන ලද තිරිසන් විද්‍යාවවූ වැරදි දිවි පැවැත්මෙන් ජීවිකාව කරත්ද, නැගනියනි, මේ මහණ බමුණෝ සතර දිශාවන් බලමින් අනුභව කරත්. “නැගනියනි, යම්කිසි මහණ බමුණු කෙනෙක් අංග ලක්ෂණ විද්‍යාවයයි කියන ලද තිරිසන් විද්‍යාවවූ වැරදි දිවි පැවැත්මෙන් ජීවිකාව කරත්ද, නැගනියනි, මේ මහණ බමුණෝ අනුදිශාවන් බලමින් අනුභව කරත්. ‘නැගනියෙනි, වාස්තු විද්‍යාවයයි කියන ලද තිරිසන් විද්‍යාවවූ වැරදි දිවි පැවැත්මෙන් ජීවිකාව නොකරමි. නක්ෂත්‍ර විද්‍යාවයයි කියන ලද වැරදි දිවි පැවැත්මෙන් ජීවිකාව නොකරමි. පණිවිඩ පණත් ගෙන යෑමයයි කියන ලද වැරදි දිවි පැවැත්මෙන් ජීවිකාව නොකරමි. අංගවිද්‍යාවයයි කියන ලද තිරිසන් විද්‍යාවූ වැරදි දිවි පැවැත්මෙන් ජීවිකාව නොකරමි. දැහැමින් භික්ෂාව සොයමි. දැහැමින් භික්ෂාව සොයා අනුභව කරමි” යනුයි. [5] ඉක්බිති සූචිමුඛී පරිබ්‍රාජිකාව රජගහනුවර වීථියෙන් වීථියට සතරමං සන්ධියෙන් සතරමං සන්ධියට ගොස් මෙසේ දැන්වූවාය. “ශ්‍රමණ ශාක්‍ය පුත්‍රයෝ දැහැමින් ආහාර වළඳත්. ශ්‍රමණ ශාක්‍ය පුත්‍රයෝ නිවැරැදිව ආහාර වළඳත්. ශ්‍රමණ ශාක්‍ය පුත්‍රයන්ට ආහාර දෙවු” යනුයි.",sin,nadil,sinhala,sinhala
"‘‘පුන චපරං, සාරිපුත්ත, භික්ඛුනා ඉති පටිසඤ්චික්ඛිතබ්බං - ‘පහීනා නු ඛො මෙ පඤ්ච නීවරණා’ති? සචෙ, සාරිපුත්ත, භික්ඛු පච්චවෙක්ඛමානො එවං ජානාති - ‘අප්පහීනා ඛො මෙ පඤ්ච නීවරණා’ති, තෙන, සාරිපුත්ත, භික්ඛුනා පඤ්චන්නං නීවරණානං පහානාය වායමිතබ්බං. සචෙ පන, සාරිපුත්ත, භික්ඛු පච්චවෙක්ඛමානො එවං ජානාති - ‘පහීනා ඛො මෙ පඤ්ච නීවරණා’ති, තෙන, සාරිපුත්ත, භික්ඛුනා තෙනෙව පීතිපාමොජ්ජෙන විහාතබ්බං අහොරත්තානුසික්ඛිනා කුසලෙසු ධම්මෙසු.",pli,nadil,pali,pali
"“සදහම් ඇසුමෙහි යෙදුනාවූ, ගුණ වැඩිදියුණු කළ සිත් ඇති, සොඳුරුවූ තැනැත්තියත ප්‍රමුදිත වන්න. පැතුමෙහි විපාකය ලබන්නෙහිය.",sin,nadil,sinhala,sinhala
"තං මං න තපතෙ බන්ධො, මතො (වධො (සී. ස්‍යා. පී.)) මෙ න තපෙස්සති; සුඛමාහරිතං තෙසං, යෙසං රජ්ජමකාරයිං.",pli,nadil,pali,pali
"“මින් සියක් දහස්වන කපෙහි (මම) යම් වේදිකාවක් කරවූයෙම්ද, (ඒ හේතුවෙන්) දුගතියක් නොදනිමි. වේදිකා දනෙහි මේ විපාකයයි.",sin,nadil,sinhala,sinhala
"“සිංහයෝය, ව්‍යාඝ්‍රයෝය, දිවියෝය, වලස්සුය, කොක්නහවෝය, කරබානා වලස්සුය, යන මොවුහු මහ වෙනෙහි හැසිරෙන්නාහු, මාගේ අසපුව හොබවත්.",sin,nadil,sinhala,sinhala
"“නවත්වා හෙමිහිට කියන්නේය. ඉක්මනින් නොකියන්නේය. මෙසේ වනාහි මෙය කියන ලදී. මෙය කුමක් සඳහා කියන ලදද? මහණෙනි, එහි ඉක්මනින් කියන්නහුගේ සිරුරද වෙහෙසෙයි. සිතද පීඩාවෙයි. ස්වරයද බිඳෙයි. උගුරද ලෙඩවෙයි. ඉක්මනින් කියන්නහුගේ වචනය නොපැහැදිලි වෙයි. නොදත හැකි වේ. මහණෙනි, හෙමිහිට කියන්නහුගේ කයද නොවෙහෙසෙයි, සිතද නොපෙළෙයි, ස්වරයද නොබිඳෙයි, උගුරද ලෙඩ නොවෙයි. හෙමිහිට කියන්නහුගේ වචනය පැහැදිලි වෙයි, දතහැකිද වෙයි, හෙමිහිට කියන්නේය, ඉක්මනින් නොකියන්නේයයි මෙසේ ඒ යමක් කියන ලදද, එය මේ සඳහා කියන ලදී.",sin,nadil,sinhala,sinhala
"“සුමුඛය, අනිකෙක් නොවේ. නුඹම ස්ත්‍රීන්ගේ කටයුතුවල යෙදෙන්නෙහිය. ඒ නුඹට අද බිය ඇතිවූ කල්හි මේ මරණ බියෙන් තියුණු නුවණක් ඇතිවීයයි” හඟිමි.",sin,nadil,sinhala,sinhala
"‘‘ක්‍යාස්ස බ්‍යප්පථයො අස්සු, ක්‍යාස්සස්සු ඉධ ගොචරා; කානි සීලබ්බතානාස්සු, පහිතත්තස්ස භික්ඛුනො.",pli,nadil,pali,pali
"එවං මෙ සුතං - එකං සමයං භගවා වෙසාලියං විහරති මහාවනෙ කූටාගාරසාලායං. තත්‍ර ඛො භගවා භික්ඛූ ආමන්තෙසි ‘‘භික්ඛවො’’ති. ‘‘භදන්තෙ’’ති තෙ භික්ඛූ භගවතො පච්චස්සොසුං. භගවා එතදවොච - ‘‘කලිඞ්ගරූපධානා , භික්ඛවෙ, එතරහි ලිච්ඡවී විහරන්ති අප්පමත්තා ආතාපිනො උපාසනස්මිං. තෙසං රාජා මාගධො අජාතසත්තු වෙදෙහිපුත්තො න ලභති ඔතාරං න ලභති ආරම්මණං. භවිස්සන්ති, භික්ඛවෙ , අනාගතමද්ධානං ලිච්ඡවී සුඛුමාලා (සුකුමාලා (සී.), සුඛුමා (ක.)) මුදුතලුනහත්ථපාදා (මුදුතලාහත්ථපාදා (ස්‍යා. කං.)) තෙ මුදුකාසු සෙය්‍යාසු තූලබිම්බොහනාසු (තූලබිම්බොහනාසු (ස්‍යා. කං. පී.), තූලබිම්බොහනාදීසු (සී.), තූලබිබ්බොහනාදීසු (ක.)) යාවසූරියුග්ගමනා සෙය්‍යං කප්පිස්සන්ති. තෙසං රාජා මාගධො අජාතසත්තු වෙදෙහිපුත්තො ලච්ඡති ඔතාරං ලච්ඡති ආරම්මණං. ‘‘කලිඞ්ගරූපධානා, භික්ඛවෙ, එතරහි භික්ඛූ විහරන්ති අප්පමත්තා ආතාපිනො පධානස්මිං. තෙසං මාරො පාපිමා න ලභති ඔතාරං න ලභති ආරම්මණං. භවිස්සන්ති, භික්ඛවෙ, අනාගතමද්ධානං භික්ඛූ සුඛුමා මුදුතලුනහත්ථපාදා. තෙ මුදුකාසු සෙය්‍යාසු තූලබිම්බොහනාසු යාවසූරියුග්ගමනා සෙය්‍යං කප්පිස්සන්ති. තෙසං මාරො පාපිමා ලච්ඡති ඔතාරං ලච්ඡති ආරම්මණං. තස්මාතිහ, භික්ඛවෙ, එවං සික්ඛිතබ්බං - ‘කලිඞ්ගරූපධානා විහරිස්සාම අප්පමත්තා ආතාපිනො පධානස්මි’න්ති. එවඤ්හි වො, භික්ඛවෙ, සික්ඛිතබ්බ’’න්ති. අට්ඨමං.",pli,nadil,pali,pali
"‘අදු පඤ්ඤා කිමත්ථියා, අමච්චො වාපි තාදිසො; යො තං සම්බාධපක්ඛන්දං (සම්බාධපක්ඛන්තං (සී. පී.)), දුක්ඛා න පරිමොචයෙ’’’.",pli,nadil,pali,pali
"(13 - 19) 1 “පෙරවූ පව් දුරුකොට, දැන් නොකරන්නේ” යන්නෙහි අතීත රූප, වේදනා සඤ්ඤා සංඛාර විඤ්ඤාණයෝ පෙරවූ පව් යයි කියත්, අතීත සංස්කාරයන් නිසා යම් කෙලෙස් උපදින්නාහුද ඒ කෙලෙස්හැර දුරුකොට පරිත්‍යාග කොට නූපදනා බවට පමුණුවා යනුයි දැන් පවත්නා කල රූප වේදනා සංඥා, සංස්කාර විඤ්ඤාණයෝ කියත්. පවත්නාකල සංස්කාරයන් නිසා කැමැත්ත නොකරන්නේ ප්‍රේමය නොකරන්නේ ඇලීම නොකරන්නේ නූපදවන්නේ ඇතිනොකරන්නේ යනුයි. 2 “ඡන්දයෙන් අගතියට නොයන්නේ බැසගත් මිථ්‍යා වාද ඇත්තේ නොවේ” යනු ඡන්දයෙන් අගතියට නොයයි, ද්වේෂයෙන් අගතියට නොයයි, මෝහයෙන් අගතියට නොයයි, භයෙන් අගතියට නොයයි, රාග වශයෙන් නොයයි. ද්වේෂ වශයෙන් නොයයි. මෝහ වශයෙන් නොයයි. මාන වශයෙන් නොයයි. දෘෂ්ටි වශයෙන් නොයයි. සිතේ නොසන්සුන් බව වශයෙන් නොයයි, විචිකිච්ඡා වශයෙන් නොයයි. අනුසය (අප්‍රකට කෙලෙස්) වශයෙන් නොයයි. වර්ගවූ ධර්මයන්ගෙන් නොයයි. නොපමුණුවයි, පා නොවෙයි, එකතු නොකරයි, යනුයි. “බැසගත් මිථ්‍යාවාද ඇත්තේ නොවේ” යනු ලෝකය ශාස්වතය මෙයම සත්‍යය අනික් වාද හිස්යයි ශාස්වතවාදී නොවූයේ ((3-6) (ii) ඡේදය යෙදිය යුතුයි) සත්වයා මරණින් මතු නොමවෙයි, නොම නොවෙයි, මෙයම සත්‍යය අනික් වාද හිස්යයි බැසගත් වාද ඇත්තේ නොවූයේ යනුයි. 3 “ඒ පණ්ඩිත තෙම දෘෂ්ටිගැණීම් වලින් වෙන්වූයේ” යනු ඔහුගේ දෙසැට දෘෂ්ටි ගැණීම් ප්‍රහීන වූයේය, මුලින් සිඳුනේය, ශාන්තය, ඉපදීමට අයෝග්‍ය වූයේය, ඥානය නමැති ගින්නෙන් දැවුනේය, හෙතෙම දෘෂ්ටිගැණීම් වලින් වෙන් වූයේ සීමා නොකරණ ලද සිතින් වාසය කරයි “ඒ පණ්ඩිත තෙම” යනු නුවණැත්තේ බුද්ධි ඇත්තේ ඥාන ඇත්තේ යනුයි. 4 “තමාට නොගරහන්නේ ලෝකයෙහි නොඇලෙයි’ යන්නෙහි ලෙපයෝ (ඇලීම්) නම් ඇලීම් දෙකකි. තෘෂ්ණාවෙහි ඇලීම හා දෘෂ්ටියෙහි ඇලීමද යනුයි. ((2-6) 1 (ii) (iii) ඡේද “මමත්වය” වෙනුවට “ඇලීම” යයි, වෙනස්කර යොදාගත යුතුයි) ඔහුගේ තෘෂ්ණා ඇලීම ප්‍රහීණය, දෘෂ්ටි ඇලීම සංසිඳුනේය තෘෂ්ණා ඇලීම ප්‍රහීණවූ බැවින් දෘෂ්ටි ඇලීම සංසිඳුන බැවින් නොඇලුනාවූ හෙතෙම අපාය ලෝකයෙහි නොඇලෙයි. මනුෂ්‍ය ලෝකයෙහි නොඇලෙයි. දිව්‍ය ලෝකයෙහි නො ඇලෙයි ස්කන්ධ ලෝකයෙහි නොඇලෙයි ධාතු ලෝකයෙහි නොඇලෙයි. ආයතන ලෝකයෙහි නොඇලෙයි. නොඇළුනේ නික්මුනේ, අත්හළේ වෙන්වූයේ සීමා නොකරණ ලද සිතින් වාසය කරයි. 6 “තමාට නොගරහන්නේ” යනු කරුණු දෙකකින් තමාට ගරහයි. කරණ ලද බැවින්ද නොකරණ ලද බැවින්ද යනුයි. ((2-7) (7) යලිදු හෝ යන තැනට පමණක් යොදා ගත යුතුයි.) යලිදු හෝ ශීලයන් නොපිරුයේයයි තමාට ගරහයි. ඉන්ද්‍රියයන්හි නොවසන ලද දොරවල් ඇත්තේයයි භෝජනයෙහි ප්‍රමාණය නොදන්නේයයි, නිදි දුරුකිරීමෙහි නොයෙදුනේයයි, සිහි නුවණින් යුක්ත නුවූයේයයි, මවිසින් සතර සතිපට්ඨාන නොවඩන ලද්දේයයි, මවිසින් සතර සම්‍යක් ප්‍රධාන නොවඩන ලද්දේයයි, මවිසින් සතර ඍද්ධිපාද නොවඩන ලද්දේයයි මවිසින් පඤ්චෙන්ද්‍රියයන් නොවඩන ලද්දේයයි, මවිසින් පඤ්චබලයන් නොවඩන ලද්දේයයි, මවිසින් සප්ත බොධ්‍යංගයන් නොවඩන ලද්දේයයි මවිසින් ආර්‍ය්‍යඅෂ්ටාංගික මාර්ගය නොවඩන ලද්දේයයි, මවිසින් දුක්ඛ සත්‍යය මනාව නොදන්නා ලද්දේයයි, මවිසින් දුක් ඇතිවීමේ හේතුව ප්‍රහීණ නොකළේයයි, මවිසින් මාර්ගය නොවඩන ලද්දේයයි නිර්වාණය මවිසින් ප්‍රත්‍යක්ෂ නොකරණ ලද්දේයයි තමාට නින්දා කරයි මෙසේ කරණ ලද බැවින්ද නොකරණ ලද බැවින්ද තමාට ගරහයි මෙසේ තමාට නින්දා කරන්නාවූ මේ කර්මයන් නොකරනු ලබන්නේ නූපදවනු ලබන්නේ ඇතිනොකරවනු ලබන්නේ නුයි තමාට නින්දා කරන්නේ නොවේ.",sin,nadil,sinhala,sinhala
"“මින් (පෙර) සියක් දහස්වන කපෙහි සියලු දහම්හි පරතෙරට ගිය, කෙළෙස් සතුරන් දිනූ, පදුමුත්තර බුදුරජතෙම ලොව පහළවිය.",sin,nadil,sinhala,sinhala
"“කිමෙක්ද දියණියෙනි, මා විසින් කරවා දෙන ලද ප්‍රාසාදයෙහි ඇලෙන්නෙහිද, ගෘහ වස්තුව ඇතුළතවූ පොකුණෙහි සිත් අලවන්නෙහිද, කිම අනෙක ප්‍රකාරවූ ඛාද්‍යය හැමකල්හි තිට පමුණුවත්ද?",sin,nadil,sinhala,sinhala
"“(ඉක්බිති) මනා නුවණැති, මහා ප්‍රඥාවත් සර්‍වඥ තෙම අහසින් බැස, සඟල සිව්ර අතුරා, පර්‍ය්‍යඞ්කයෙන් (එරමිණිය ගොතාගෙන) වැඩ හුන් සේක.",sin,nadil,sinhala,sinhala
"“මේ සත්වයෝ කුමකට ග්‍රීවයෙන් බඳනා ලද්දාහුද, නැවත අන් සමහරු කඩ කඩකොට කපන ලද්දාහුද, තවද සමහරු මස් ගොඩවල් කරණ ලද්දාහුද, සාරථිය, මේ දැක මට වනාහි භය උපදියි. එම්බා මාතලී නම් දේවසාරථිය, ඔබ විචාරමි. යම් මේ ජනයෝ මස් ගොඩවල් කරණ ලද්දාහු සයනය කෙරෙද්ද, මේ සත්වයෝ කිනම් පාපකර්මයක් කළාහු දැයි” ඇසීය.",sin,nadil,sinhala,sinhala
‘‘යො එතමභිජානාති...පෙ.... කණ්හ දුක්ඛං නිගච්ඡසි.,pli,nadil,pali,pali
"‘‘යං යං යොනුපපජ්ජාමි, දෙවත්තං අථ මානුසං; සබ්බෙ සත්තෙ අභිභොමි, ජාතිපූජායිදං ඵලං.",pli,nadil,pali,pali
"“ඉදින් යම් සුරාවක් පානය කොට පුරුෂතෙම ධර්මයෙහි සිටියාවූ ශ්‍රමණයෙකුට හෝ බ්‍රාහ්මණයෙකුට හෝ හිංසා කරන්නේද, හෙතෙම ඒ හේතුවෙන් අපායටත් යන්නේද, එබඳු සුරාවෙන් පිරුණු මේ කළය මිලදී ගනිව්,",sin,nadil,sinhala,sinhala
“පා සෝදා සිට උස් බිමින් මිටි බිමට ගලා ආ පා සේදූ දිය දැකැ ඒ ජලය කෙරෙහි භාවනා කෙළෙමි.,sin,nadil,sinhala,sinhala
"මා විසින් මෙසේ අසන ලදී. එක් කලෙක ආයුෂ්මත් ආනන්ද ස්ථවිරයන් වහන්සේ විශාලා මහනුවර සමීපයෙහි බෙලුව නම් ගම වැඩ වාසය කරති. එකල්හි අට්ඨකනම් නුවර වැසිවූ දසම නම් ගෘහපති තෙම කිසියම් කටයුත්තක් සඳහා පැලළුප් නුවරට පැමිණියේ වෙයි. ඉක්බිති අට්ඨකනම් නුවර වැසි දසම නම් ගෘහපතිතෙම කුක්කුටාරාමය (කුක්කුට නම් සිටුහු විසින් කරවන ලද හෙයින් එනම්වූ ආරාමය) යම් තැනෙක් හිද, එක්තරා භික්ෂු නමක් යම් තැනෙකද එතනට ගියේය. ගොස් ඒ භික්ෂුවට වැඳ එක් පැත්තක උන්නේය. එක් පැත්තක උන්නාවූ දසම නම් අට්ඨක නුවර වැසි ගෘහපති තෙම ඒ භික්ෂුවට මෙසේ කීයේය. “ස්වාමීනි, ආයුෂ්මත් ආනන්ද ස්ථවිරයන් වහන්සේ මෙකල්හි වාසය කරන්නේ කොහිද? අපි ඒ ආයුෂ්මත් ආනන්ද ස්ථවිරයන් වහන්සේ දකිනු කැමැත්තම්හ” (යනුයි.) “ගෘහපතිය, මේ ආයුෂ්මත් ආනන්ද ස්ථවිරයන් වහන්සේ විශාලාමහනුවර සමීපයෙහිවූ බෙලුවනම් ගමෙහි වැඩවාසය කරති.” (කීහ)",sin,nadil,sinhala,sinhala
අධිකරණ විභාග සංගහො.,pli,nadil,pali,sinhala
"‘‘‘දසසහස්සී ලොකධාතූ, නිස්සද්දා හොන්ති නිරාකුලා; තානි අජ්ජ පදිස්සන්ති, ධුවං බුද්ධො භවිස්සසි.",pli,nadil,pali,pali
"“ආශ්චර්‍ය්‍යවූ, ලොමු දැහැ ගන්නාවූ, එම විෂ්මය දැක, තාදී ගුණ ඇති, විපදෝත්තමවූ බුදුරජාණන් වහන්සේ කෙරෙහි සිත පැහැදවීමි.",sin,nadil,sinhala,sinhala
"‘‘අහඤ්හි ජානාමි ජනින්ද එතං, මත්‍යා ච පෙත්‍යා ච අථොපි අස්සා; තවෙව සො පුරිසො භූමිපාල, රත්තින්දිවං අප්පමත්තො තවත්ථෙ.",pli,nadil,pali,pali
"“යම්කෙනෙක් මෙබඳු යාගයක් සිහිකරමින් ප්‍රීතියෙන් ලෝකයෙහි හැසිරෙත්ද, මසුරු මල මුල් සහිතව හික්මවා නින්දා නොලැබුවාහු ස්වර්ගලෝකයට යත්.",sin,nadil,sinhala,sinhala
“මේ ශරීරය යම්සේද අන්‍ය ශරීරත් එසේමැයි අන්‍ය ශරීර යම්සේද මේ ශරීරයත් එසේමැයි. යට කොටස යම්සේද උඩ කොටසත් එසේමැයි. උඩ කොටස යම්සේද යට කොටසත් එසේමැයි.,sin,nadil,sinhala,sinhala
"“ඇත් සේනාවද, අස් සේනාවද, රථ සේනාවද, පාබල සේනාවද (යන) මේ සිව්රඟ සෙනඟ නිරතුරුවම මොහු පිරිවරන්නාහුය. මෙය සංඝාරාම දානයෙහි විපාකයයි.",sin,nadil,sinhala,sinhala
"පොට්ඨපාදය මාවිසින් ඒකාන්ත (ස්ථිර) කොට දේශනා කරණ ලද්දාවූ පණවන ලද්දාවූ ධර්ම කවරහුද? පොට්ඨපාදය, මා විසින් දුක මෙයයි ස්ථිරකොට ධර්මය දේශනාකරණ ලද්දේ පණවන ලද්දේ වෙයි. පොට්ඨපාදය, මා විසින් දුක හටගැනීම මෙයයි ස්ථිරකොට ධර්මය දේශනාකරණ ලද්දේ පණවන ලද්දේ වෙයි. පොට්ඨපාදය, දුක් නැතිකිරීම මෙයයි මා විසින් ස්ථිරකොට ධර්මය දේශනාකරණ ලද්දේ පණවන ලද්දේ වෙයි. පොට්ඨපාදය, දුක් නැතිකිරීමේ පිළිපැදීම මේයයි ස්ථිරකොට මා විසින් ධර්මය දේශනාකරණ ලද්දේ පණවන ලද්දේ වෙයි. පොට්ඨපාදය, කවර කාරණයකින් ඒ ධර්ම ස්ථිරකොට මා විසින් දේශනාකරණ ලද්දාහුද පණවන ලද්දාවූද පොට්ඨපාදය, මේ ධර්ම තමන්ගේත් අනුන්ගේත් යහපත පිණිස වෙත්. මේ ධර්ම උතුම් ධර්මයෙන් යුක්ත වෙත්. මේ (බ්‍රහ්මචර්යාව) උතුම් හැසිරීමෙන් යුක්ත වෙත්. මේ සංසාරයෙහි කලකිරීම පිණිසද, නොඇලීම පිණිසද, සංසිඳීම පිණිසද, විශේෂයෙන් දැනගැනීම පිණිසද, අවබෝධය පිණිසද, නිවන් ලැබීම පිණිසද පවතිත්. පොට්ඨපාදය, එබැවින් මා විසින් ඒ ධර්ම ස්ථිරකොට දේශනා කරණ ලද්දාහු පණවන ලද්දාහු වෙත්.",sin,nadil,sinhala,sinhala
"අථ ඛො ආයස්මා සාරිපුත්තො යෙනායස්මා මහාමොග්ගල්ලානො තෙනුපසඞ්කමි; උපසඞ්කමිත්වා ආයස්මතා මහාමොග්ගල්ලානෙන සද්ධිං සම්මොදි. සම්මොදනීයං කථං සාරණීයං වීතිසාරෙත්වා එකමන්තං නිසීදි . එකමන්තං නිසින්නො ඛො ආයස්මා සාරිපුත්තො ආයස්මන්තං මහාමොග්ගල්ලානං එතදවොච - ‘‘චතස්සො ඉමා, ආවුසො මොග්ගල්ලාන, පටිපදා. කතමා චතස්සො? දුක්ඛා පටිපදා දන්ධාභිඤ්ඤා, දුක්ඛා පටිපදා ඛිප්පාභිඤ්ඤා, සුඛා පටිපදා දන්ධාභිඤ්ඤා, සුඛා පටිපදා ඛිප්පාභිඤ්ඤා. ඉමා ඛො, ආවුසො, චතස්සො පටිපදා . ඉමාසං, ආවුසො, චතුන්නං පටිපදානං (චතස්සන්නං පටිපදානං (සී. ස්‍යා. කං.)) කතමං තෙ පටිපදං ආගම්ම අනුපාදාය ආසවෙහි චිත්තං විමුත්ත’’න්ති? ‘‘චතස්සො ඉමා, ආවුසො සාරිපුත්ත, පටිපදා. කතමා චතස්සො? දුක්ඛා පටිපදා දන්ධාභිඤ්ඤා, දුක්ඛා පටිපදා ඛිප්පාභිඤ්ඤා, සුඛා පටිපදා දන්ධාභිඤ්ඤා, සුඛා පටිපදා ඛිප්පාභිඤ්ඤා. ඉමා ඛො, ආවුසො, චතස්සො පටිපදා . ඉමාසං, ආවුසො, චතුන්නං පටිපදානං යායං පටිපදා දුක්ඛා ඛිප්පාභිඤ්ඤා, ඉමං මෙ පටිපදං ආගම්ම අනුපාදාය ආසවෙහි චිත්තං විමුත්ත’’න්ති. සත්තමං.",pli,nadil,pali,pali
"“මේ සිව් පිළිසිඹියාවෝද, අෂ්ට විමොක්‍ෂයෝද, ෂඩභිඥාවෝද සාක්‍ෂාත් කරණ ලදී. බුදුරජාණන් වහන්සේගේ සසුනද කරණලදී. මෙහි මේ අයුරින් ආයුෂ්මත් පායාසදායක තෙරුන් වහන්සේ මෙම ගාථාවන් වදාළ සේක.”",sin,nadil,sinhala,sinhala
"“දැක දිය බෙරලිය මල් ගෙන බුදුරජුන්හට පිදීමි. සියළු මල් එක එක සමව ලං ලංව හැපුනාහු, නටු උඩුකුරුවූවාහු, පෙති යටිකුරු වූවාහු,",sin,nadil,sinhala,sinhala
"° තත්වයෙන් වැඩ ඉන්න මහා නායක හාමුදුරුවන්ගෙන් මං ඇහුවා මේ දිරාපත්ව ඇති අවාස ගෙයත්, දාන ශාලාවත් හදන්න ද කියලා",sin,nadil,sinhala,sinhala
"‘‘එකො මණී මාණව කිං කරිස්සති, ආජානියෙකො පන කිං කරිස්සති; බහූනි රඤ්ඤො මණිරතනානි අත්ථි, ආජානියා වාතජවා අනප්පකා’’.",pli,nadil,pali,pali
"“සිව් පිළිසිඹියාවෝද, අෂ්ට විමොක්‍ෂයෝද, ෂඩභිඥාවෝද සාක්‍ෂාත් කරණ ලදී. බුදුරජාණන් වහන්සේගේ සසුනද කරණලදී. මෙහි මේ අයුරින් ආයුෂ්මත් සත්තපදුමිය තෙරුන් වහන්සේ මෙම ගාථාවන් වදාළ සේක.”",sin,nadil,sinhala,sinhala
"මහණෙනි, නැවතද භික්ෂුව මේ ශරීරය යම්සේ සිටියේද යම්සේ පිහිටුවන ලදද, එසේ ධාතු වශයෙන් සිහි කරන්නේය. මේ ශරීරයෙහි පෘථිවිධාතුය, (තදගතිය) ආපෝ ධාතුය, (දියවන ගතිය) තේජෝ ධාතුය, (උණු ගතිය) වායො ධාතුය, (විහිදෙන ගතිය) (යන ධාතූහු) ඇත්තේය කියායි. මහණෙනි, දක්ෂවූ ගවයන් මරන්නෙක් හෝ, ගවයන් මරන්නෙකුගේ අතවැසියෙක් හෝ ගවයෙකු මරා සතර මං සන්ධියෙක්හි කොටස් වශයෙන් වෙන් වෙන් කොට බෙදා යම්සේ උන්නේද, එපරිද්දෙන්ම මහණෙනි, භික්ෂුව මේ ශරීරය යම්සේ සිටියේද යම්සේ පිහිටුවන ලදද, එසේ ධාතු වශයෙන් සිහිකරන්නේය. කෙසේදයත්, මේ ශරීරයෙහි පඨවි ධාතුය, අපෝ ධාතුය, තෙජො ධාතුය, වායොධාතුය, (යනමේ ධාතුහු) ඇතැයි කියායි. මෙසේ තමාගේ ශරීරයෙහි හෝ ශරීරය අනුව බලමින් වාසය කරන්නේය. අනුන්ගේ ශරීරයෙහි හෝ ශරීරය අනුව බලමින් වාසය කරන්නේය. තමාගේ හා අනුන්ගේ ශරීරයෙහි හෝ ශරීරය අනුව බලමින් වාසය කරන්නේය. ශරීරයාගේ ඇතිවීම් ස්වභාව දක්නේ හෝ ශරීරය අනුව බලමින් වාසය කරන්නේය. ශරීරයාගේ නැතිවීම් ස්වභාව දක්නේ හෝ ශරීරය අනුව බලමින් වාසය කරන්නේය. කලෙක ශරීරයෙහි ඇතිවීම් ස්වභාව දක්නේ හෝ කලෙක ශරීරයෙහි නැතිවීම් ස්වභාව දක්නේ හෝ ශරීරය අනුව බලමින් වාසය කරන්නේය. ඒ භික්ෂුව (සත්ව පුද්ගල වශයෙන් නොව) ධාතු මාත්‍රව ශරීරය පමණක් ඇත්තේය යන සිහිය හොඳින් පිහිටුවන ලද්දේය. ඒ සිහිය ඥානයාගේ වැඩීම පිණිසද, සිහිය වැඩීම පිණිසද පවතී. කෙලෙස් කරණ කොට කිසිවක් ආශ්‍රය කොට නොගෙන වාසය කරන්නේය. ලෝකයෙහි කිසිවක් (ආත්ම වශයෙන්) නොගනී. මහණෙනි, භික්ෂුව මෙසේද ශරීරයෙහි හෝ ශරීරය අනුව බලමින් වාසය කරන්නේය.",sin,nadil,sinhala,sinhala
"‘‘රථෙ චාජඤ්ඤසංයුත්තෙ, සුකතෙ චිත්තසිබ්බනෙ; නිවෙසනෙ නිවෙසෙ ච, විභත්තෙ භාගසො මිතෙ.",pli,nadil,pali,pali
"“චේතිය නම් රජ, ඉදින් වනාහී ඇත්ත කීයෙහිනම් පෙර මෙන් වෙව, මහරජ, ඉදින් බොරු කීයෙහිනම් භූමියට ප්‍රවිෂ්ට වෙව,",sin,nadil,sinhala,sinhala
"‘‘කායෙන වාචාය ච යො’ධ (යො ච (පී.)) සඤ්ඤතො, මනසා ච කිඤ්චි න කරොති පාපං; න අත්තහෙතූ අලිකං භණෙති (භණාති (සී. ස්‍යා. පී.)), තථාවිධං සීලවන්තං වදන්ති.",pli,nadil,pali,pali
"“නරොත්තමයන් වහන්ස, තෘෂ්ණා සිඳී බුදුරජාණන් වහන්ස, බාවාරිගේ ලක්ෂණ විස්තරය ප්‍රකාශ කරණු මැනව, එවිට අපට සැකයන් නොවන්නාහ.”",sin,nadil,sinhala,sinhala
"එකල්හි භාග්‍යවතුන් වහන්සේ නැගිට ආයුෂ්මත් ශාරීපුත්‍ර ස්ථවිරයන් වහන්සේට කථාකර මෙසේ වදාළහ. ‘ශාරීපුත්‍රය, යහපත, යහපත, ශාරීපුත්‍රය, නුඹ භික්ෂූන්ට යහපත් කොට සංගීති පර්‍ය්‍යායය ප්‍රකාශ කෙළෙහියයි” (වදාළහ.) ආයුෂ්මත් ශාරීපුත්‍ර ස්ථවිරයන් වහන්සේ මෙය ප්‍රකාශ කළහ. ශාස්තෲන් වහන්සේ එය අනුමත කළහ. සතුටු සිත් ඇති ඒ භික්ෂුහුද ශාරීපුත්‍ර ස්ථවිරයන් වහන්සේගේ දේශනාව සතුටින් පිළිගත්තාහුය.",sin,nadil,sinhala,sinhala
"තස්සාපි අතුලතෙජස්ස, සමකං ආසි ජීවිතං; වස්සසතසහස්සානි, ලොකෙ අට්ඨාසි චක්ඛුමා.",pli,nadil,pali,pali
"‘‘තෙත්තිංසක්ඛත්තුං දෙවින්දො, දෙවරජ්ජමකාරයිං; සත්තසත්තතික්ඛත්තුඤ්ච, චක්කවත්තී අහොසහං.",pli,nadil,pali,pali
"‘‘‘තදා තතො නික්ඛමිත්වාන සත්ථුනො (නික්ඛමිතුන සත්ථුවරං (සී.)), සදා ජිනං පස්සාමි විමලානනං (පරාජිනං පස්සාමි කමලානනං (ක.)); උපෙච්ච රම්මං විජිතව්හයං වනං, දිජෙ අපුච්ඡිං කුහිං ලොකනන්දනො.",pli,nadil,pali,pali
“එකෙණෙහි දිගින් සූවිසි යොදුන්වූ පුළුලින් තුදුස් යොදුන්වූ මැනවින් කරණ ලද විමානයක් පහළ විය.,sin,nadil,sinhala,sinhala
"‘‘නෙතා හිතා (නෙතාභි තා (සී.)) උග්ගතො රට්ඨපාලො, ධම්මං සිවීනං අපචායමානො; සො ධම්මමෙවානුවිචින්තයන්තො, තස්මා සකෙ චිත්තවසෙ න වත්තො’’.",pli,nadil,pali,pali
"(මේ සූත්‍රයද මේ වර්ගයේ 1 වෙනි සූත්‍රය මෙන් ජේතවනාරාමයේදී දේශනාකරනලදී.) “මහණෙනි, චක්ඛුසම්ඵස්සයෙන් උපන් වේදනාවේ යම් ඉපදීමක් පැවැත්මක් හටගැනීමක් පහලවීමක් වේද, එය දුඃඛයාගේ ඉපදීම, රෝගයන්ගේ පැවැත්ම ජරාමරණයාගේ පහලවීම වෙයි. සොත සම්ඵස්සයෙන් උපන් වේදනාවේ යම් ඉපදීක් පැවැත්මක් හටගැනීමක් පහළවීමක් වේද, එය දුඃඛයාගේ ඉපදීම, රෝගයන්ගේ පැවැත්ම ජරා මරණයාගේ පහළවීම වෙයි. ඝානසම්ඵස්සයෙන් උපන් වේදනාවේ යම් ඉපදීමක් පැවැත්මක් හටගැනීමක් පහලවීමක් වේද, එය දුඃඛයාගේ ඉපදීම, රෝගයාගේ පැවැත්ම ජරාමරණයාගේ පහලවීම වෙයි. ජිහ්වා සම්පස්සයෙන් උපන් වේදනාවේ යම් ඉපදීමක් පැවැත්මක් හටගැනීමක් පහළවීමක් වේද, එය දුඃඛයාගේ ඉපදීම, රෝගයන්ගේ පැවැත්ම ජරාමරණයාගේ පහලවීම වෙයි. කාය සම්ඵස්සයෙන් උපන් වේදනාවේ යම් ඉපදීමක් පැවැත්මක් හටගැනීමක් පහලවීමක් වේද, එය දුඃඛයාගේ ඉපදීම, රෝගයන්ගේ පැවැත්ම ජරා මරණයාගේ පහලවීම වෙයි. මනෝ සම්ඵස්සයෙන් උපන් වේදනාවේ යම් ඉපදීමක් පැවැත්මක් හටගැනීමක් පහලවීමක් වේද එය දුඃඛයාගේ ඉපදීම, රෝගයාගේ පැවැත්ම ජරාමරණයාගේ පහලවීම වෙයි. “මහණෙනි, චක්ඛුසම්ඵස්සයෙන් උපන් වේදනාවේ යම් නිරෝධයක් සන්සිඳීමක්, විනාශයට යාමක් වේද එය දුඃඛයාගේ නිරෝධය රෝගයන්ගේ සන්සිඳීම ජරාමරණයාගේ විනාශයට යාම වෙයි. සොත සම්ඵස්සයෙන් උපන් වේදනාවේ යම් නිරෝධයක් සන්සිඳීමක්. විනාශයට යාමක් වේද එය දුක්ඛයාගේ නිරෝධය රෝගයන්ගේ සන්සිඳීම ජරා මරණයාගේ විනාශයට යාම වෙයි. ඝාණ සම්ඵස්සයෙන් උපන් වේදනාවේ යම් නිරෝධයක් සන්සිඳීමක්, විනාශයට යාමක් වේද, එය දුක්ඛයාගේ නිරෝධය රෝගයන්ගේ සන්සිඳීම ජරාමරණයාගේ විනාශයට යාම වෙයි ජිහ්වා සම්ඵස්සයෙන් උපන් වේදනාවේ යම් නිරෝධයක් සන්සිඳීමක් විනාශයට යාමක් වේද, එය දුක්ඛයාගේ නිරෝධය රෝගයන්ගේ සන්සිඳීම ජරාමරණයාගේ විනාශයට යාම වෙයි. කාය සම්ඵස්සයෙන් උපන් වේදනාවේ යම් නිරෝධයක් සන්සිඳීමක් විනාශයට යාමක් වේද, එය දුඃඛයාගේ නිරෝධය රෝගයන්ගේ සන්සිඳීම ජරා මරණයාගේ විනාශයට යාම වෙයි. මනො සම්ඵස්සයෙන් උපන් වේදනාවේ යම් නිරෝධයක් විනාශයක් සංසිඳීමක් විනාශයට යාමක් වේද, එය දුක්ඛයාගේ විනාශය රෝගයන්ගේ සංසිඳීම ජරාමරණයේ විනාශයට යාම වෙයි.",sin,nadil,sinhala,sinhala
"‘‘සත්ථිං ආකොටයිත්වාන, වහ සම්මාති චබ්‍රවි; අහං ලොකං තාරයිස්සං, පත්තො සම්බොධිමුත්තමං.",pli,nadil,pali,pali
"“මහණෙනි, මත්තෙහි කටයුතු නම් කුමක්ද? ‘අපගේ කයින් හැසිරීම පිරිසිදු වන්නේය. ප්‍රකටය. නොවැසුනේය. සිදුරු නැත්තේය. සංවර වූයේය. ඒ කයින් පිරිසුදු බව ඇතිකම නිසා තමන් උසස්කොට නොදකින්නෙමු, අනුන් පහත් කොට නොදකින්නෙමු’යි මහණෙනි, තොප විසින් මෙසේ හික්මිය යුතුයි. “මහණෙනි, තොපට මෙබඳු අදහසක් වියහැකිය. ‘අපි හිරි ඔතප් දෙකින් යුක්තවූවෝ වෙමු. අපගේ කයින් හැසිරීම පිරිසිදුය. මෙපමණක් ඇත. මෙපමණකින් කටයුතු කළෝ වෙමු. අප විසින් මහණ කමෙහි ඵලය ලබනලදී. අපට මත්තෙහි කළයුතු කිසිවක් නැතැ’යි තෙපි මෙපමණකින් සතුටට පැමිණිය හැකිය. “මහණෙනි, තොපට කියමි. මහණෙනි, තොපට දන්වමි. මහණෙනි, මත්තෙහි කටයුතු ඇතිකල්හි මහණකමින් පල ලබනු කැමති තොපගේ මහණකමෙහි පලය නොපිරිහේවා",sin,nadil,sinhala,sinhala
"නායං නෙරු විභජති, හීනඋක්කට්ඨමජ්ඣිමෙ; අවිසෙසකරො නෙරු, හන්ද නෙරුං ජහාමසෙති.",pli,nadil,pali,pali
"එව (එත (සී. පී.)) මාදීනවං ඤත්වා, තණ්හා දුක්ඛස්ස සම්භවං; වීතතණ්හො අනාදානො, සතො භික්ඛු පරිබ්බජෙති.",pli,nadil,pali,pali
"‘‘යෙ කෙචි කූපා ඉධ ජීවලොකෙ, ලොණූදකා කූපඛණෙහි ඛාතා; න බ්‍රාහ්මණජ්ඣොහරණෙන (බ්‍රාහ්මණජ්ඣොහරි තෙන (ක.)) තෙසු, ආපො අපෙය්‍යො ද්විරසඤ්ඤු මාහු.",pli,nadil,pali,pali
“තවද මෙහි දිව්‍ය සූත්‍රයන් පොළඹවන්නාවූ දිව්‍ය කන්‍යාවන් බැළුව මැනව. එහි හැසිරෙනු ලබන දිව්‍ය පුත්‍රයන්ද මේ මැණිකෙහි නිර්මිතව පෙණෙන ආකාරය බැළුව මැනවයි” කීයේය.,sin,nadil,sinhala,sinhala
අප්පකං සෙන මාදාය - යුද්ධසජ්ජො භිනික්ඛමි,pli,nadil,pali,pali
උගුල්ලා දමනලද ශොක හුල් ඇත්තේ තෘෂ්ණාදීන් නිශ්‍රය නොවූයේ සිතේ ශාන්තියට පැමිණ සියලු ශොක ඉක්මවූයේ ශෝක නැත්තේවේ.”,sin,nadil,sinhala,sinhala
"මා විසින් මෙසේ අසන ලදී. එක් කලෙක භාග්‍යවතුන් වහන්සේ සැවැත් නුවර සමීපයෙහිවූ අනේපිඬු සිටාණන් විසින් කරවන ලද ජේතවනාරාමයෙහි වැඩවසන සේක. එකල වනාහි මාගධ දෙව්පුත් තෙම රෑ පළමු දසපැය ඉක්ම ගිය කල්හි බබළන ශරීර ශෝභා ඇත්තේ සියලු ජේතවනය බබුළුවා භාග්‍යවතුන් වහන්සේ යම් තැනෙකද එතැනට පැමිණියේය. පැමිණ, භාග්‍යවතුන් වහන්සේ වැඳ, එකත්පසෙක සිටියේය. එකත්පසෙක සිටි මාගධ දෙව්පුත් භාග්‍යවතුන් වහන්සේ සමීපයෙහි ගාථායෙන් (මෙසේ) කීය: “යමෙකින් ලොව ආලෝකවත් වේ නම්, එසේ වූ පහන් කීයෙක් ලොව වෙත්ද? භාග්‍යවතුන් වහන්සේගෙන් විචාරන්නට අවුක් සිටිමු. එය අපි කෙසේ දැනගත හැක්කෙමුද?” (භාග්‍යවතුන් වහන්සේ මෙසේ වදාළසේක.) ලොව පහන් සතරෙකි. මෙහි පස්වැන්නෙක් නැත. දහවල් හිරු බබළයි. රෑ සඳු බබළයි. තවද ගින්න රෑ දවල් දෙක්හිම ඒ ඒ තැන බබළයි. බබළන්නවුන් අතුරෙන් සම්‍යක් සම්බුද්‍ධ තෙම ශ්‍රෙෂඨයි. මෙම නිරුත්තර ආලෝකයයි.”",sin,nadil,sinhala,sinhala
"‘‘ඣායිං විරජමාසීනං, (ඉච්චායස්මා උදයො) කතකිච්චං අනාසවං; පාරගුං සබ්බධම්මානං, අත්ථි පඤ්හෙන ආගමං; අඤ්ඤාවිමොක්ඛං පබ්‍රූහි, අවිජ්ජාය පභෙදනං’’.",pli,nadil,pali,pali
"‘‘අයමස්ස පොක්ඛරණී, සඤ්ඡන්නා අණ්ඩජෙහි වීතිකිණ්ණා; යහිමනුවිචරි රාජා, පරිකිණ්ණො ඉත්ථාගාරෙහි.",pli,nadil,pali,pali
"‘‘සො ඩය්හති සූලෙහි තුජ්ජමානො, එකෙන වත්ථෙන (එතෙන ගත්ථෙන (ක.)) පහාය භොගෙ; න මීයමානස්ස භවන්ති තාණා, ඤාතී ච මිත්තා අථ වා සහායා.",pli,nadil,pali,pali
මන්තෙත්වාන යථාරුචි,pli,nadil,pali,sinhala
"“මෙම භදු කල්පයෙහි කථා කරන්නවුන් අතුරෙන් ශ්‍රේෂ්ඨවූ, මහත් යසස් ඇති, බ්‍රාහ්මණ වංශයෙහිවූ, නම්න් කාශ්‍යප නම් බුදුරජතෙම ලොව පහළ විය.",sin,nadil,sinhala,sinhala
"“දෙවි වූයේද, මිනිස් වූයේද, අල්පාබාධවූ (නීරෝගී) කෙනෙක් වන්නේය. (රෝග භයින්) අල්වා ගැනුමක් නොමැතිව, ලෝකයෙහි (ව්‍යාධි) සාගරය තරණය කරන්නේය.",sin,nadil,sinhala,sinhala
"භාර්ගවය, එක් කලෙක මම විසාලා මහනුවර සමීපයේ මහා වනයෙහිවූ කුටාගාර සාලාවෙහි වාසය කෙළෙමි. ඒ කාලයෙහි කෝරමට්ටක නම් නිගණ්ඨයෙක් ලාභයෙන් හා යසසින් අගතැන් පැමිණියේ විසාලා මහ නුවර වජ්ජි ග්‍රාමයෙහි වාසය කරයි. ඔහු විසින් සමාදන්ව පිළිපදින්නාවූ සත් වැදෑරුම් ව්‍රත පද කෙනෙක් වෙත්, එනම්: දිවි ඇතිතෙක් අචෙලකයෙක් වන්නෙමි වස්ත්‍රයක් නොහඳින්නෙමියීද, දිවි ඇති තෙක් බ්‍රහ්මචාරියෙක් වන්නෙම් මෙවුන්දම් සේවනය නොකරන්නෙම්යීද, ජීවිතාන්තය දක්වා සුරාවෙන් සහ මාංසයෙන්ම යැපෙන්නෙමි බත් පිටි ආහාර අනුභව නොකරන්නෙම්යීද, පෙර දිගින් විසාලාමහනුවර උදේනි නම් චෛත්‍යයෙක් වේද එය නොයික්මවන්නෙම්යීද, දකුණුදිගින් විසාලාමහනුවර ගෞතම නම් චෛත්‍යයෙක් වේද එය නොයික්මවන්නෙම්යීද, බටහිරදිගින් විසාලාමහනුවර සත්තම්බ නම් චෛත්‍යයෙක් වේද එය නොයික්මවන්නෙම්යීද, උතුරු දිගින් විසාලාමහනුවර බහුපුත්තක නම් චෛත්‍යයෙක් වේද එය නොයික්මවන්නෙම්යීද යන මේ ව්‍රත (පැවතුම්) සත සමාදන්වීම හේතු කොට ගෙන හෙතෙමේ ලාභයෙන් හා යසසින් අග්‍රබවට පැමිණියේ විසාලාමහනුවර වාසය කරයි.",sin,nadil,sinhala,sinhala
"“මහා වීරයන් වහන්ස, එසේම ඔබ නසන ලද සතුරන් ඇති රජෙකු මෙන් දෙවියන් සහිත ලෝකයෙහි ධර්‍ම රාජ (දහම් රජ) යයි කියනු ලැබේ.",sin,nadil,sinhala,sinhala
"“එම්බල ප්‍රභාවතිය, ඒ කුශ රජතුමා තිගේ ලක්ෂණ රූපයෙන්ද උස මහතින්ද ප්‍රමාණ නොකරව, ප්‍රිය දර්ශන ඇත්තිය, හෙතෙම සිංහයන්ගේ ශබ්දයට සමාන ශබ්ද ඇත්තෙකැයි සිතෙහි කොට ඔහුට ප්‍රිය කරව.",sin,nadil,sinhala,sinhala
"‘‘අභිප්පසාදෙහි මනං, අරහන්තම්හි තාදිනි (තාදිනෙ (ස්‍යා. ක.)); ඛිප්පං පඤ්ජලිකා වන්ද, පරිත්තං තව ජීවිත’’න්ති.",pli,nadil,pali,pali
"මා විසින් මෙසේ අසන ලදී. එක් සමයෙක්හි භාග්‍යවතුන් වහන්සේ සැවැත්නුවර සමීපයෙහිවූ අනේපිඬු සිටාණන් විසින් කරවනලද ජේතවනාරාමයෙහි වාසය කරණ සේක. එකල්හි ආයුෂ්මත් රාධ භික්ෂුව භාග්‍යවතුන් වහන්සේ යම් තැනෙකද එතැනට පැමිණියේය. පැමිණ භාග්‍යවතුන් වහන්සේ වැඳ එක්පසෙක හුන්නේය. එක්පසෙක හුන් රාධ භික්ෂුව භාග්‍යවතුන් වහන්සේට මෙසේ කීය. “ස්වාමීනි ‘මාරයා, මාරයායයි’ කියනු ලැබේ. ස්වාමීනි, මාරයා නම් කවරෙක්ද?” “රාධය, රූපය මාර නම්වේ. වේදනාව මාර නම්වේ. සඤ්ඤාව මාර නම්වේ. සංස්කාරයෝ මාර නම්වේ. විඤ්ඤාණය මාර නම්වේ. රාධය, මෙසේ දකින්නාවූ බොහෝ ඇසූ පිරූ තැන් ඇති ආර්යශ්‍රාවක තෙමේ රූපයෙහිද කලකිරෙයි. වේදනාවෙහිද කලකිරෙයි. සංඥාවෙහිද කලකිරෙයි. සංස්කාරයෙහිද කලකිරෙයි. විඤ්ඤාණයෙහිද කලකිරෙයි. කලකිරීමෙන් (මාර්ගයට පැමිණීමෙන්) නොඇලෙයි. (ඵලයට පැමිණීමෙන්) මිදෙයි. මිදුනු කල්හි මිදුනේයයි නුවණ (පහල) වෙයි. ජාතිය කෙළවර විය. බ්‍රහ්මචර්යාවෙහි හැසිර නිමවනලදී. කළයුත්ත කරනලදී. මේ භවය පිණිස මත්තෙහි කළයුත්තක් නැතැයි දැනගනී” යනුයි. (පළමුවෙනි මාර සූත්‍රය නිමි.)",sin,nadil,sinhala,sinhala
"‘‘පුන චපරං, මහාලි, භික්ඛුනො දක්ඛිණාය දිසාය...පෙ.... පච්ඡිමාය දිසාය... උත්තරාය දිසාය... උද්ධමධො තිරියං එකංසභාවිතො සමාධි හොති දිබ්බානං සද්දානං සවනාය පියරූපානං කාමූපසංහිතානං රජනීයානං, නො ච ඛො දිබ්බානං රූපානං දස්සනාය පියරූපානං කාමූපසංහිතානං රජනීයානං. සො උද්ධමධො තිරියං එකංසභාවිතෙ සමාධිම්හි දිබ්බානං සද්දානං සවනාය පියරූපානං කාමූපසංහිතානං රජනීයානං, නො ච ඛො දිබ්බානං රූපානං දස්සනාය පියරූපානං කාමූපසංහිතානං රජනීයානං. උද්ධමධො තිරියං දිබ්බානි සද්දානි සුණාති පියරූපානි කාමූපසංහිතානි රජනීයානි, නො ච ඛො දිබ්බානි රූපානි පස්සති පියරූපානි කාමූපසංහිතානි රජනීයානි. තං කිස්ස හෙතු? එවඤ්හෙතං, මහාලි, හොති භික්ඛුනො උද්ධමධො තිරියං එකංසභාවිතෙ සමාධිම්හි දිබ්බානං සද්දානං සවනාය පියරූපානං කාමූපසංහිතානං රජනීයානං, නො ච ඛො දිබ්බානං රූපානං දස්සනාය පියරූපානං කාමූපසංහිතානං රජනීයානං.",pli,nadil,pali,pali
"‘‘පදුමුත්තරබුද්ධස්ස, ලොකජෙට්ඨස්ස තාදිනො; තිණත්ථරෙ නිසින්නස්ස, උපසන්තස්ස තාදිනො.",pli,nadil,pali,pali
"‘‘නාධිච්චලද්ධං න පරිණාමජං මෙ, න සයංකතං නාපි දෙවෙහි දින්නං; සකෙහි කම්මෙහි අපාපකෙහි, පුඤ්ඤෙහි මෙ ලද්ධමිදං විමානං’’.",pli,nadil,pali,pali
නුවණැති පුරුෂතෙමේ ආශාව නොසිඳින්නේමය. නොකලකිරෙන්නේය. ඒ මම වනාහි දියෙන් ගොඩ එනලද තමන් දකිමි.,sin,nadil,sinhala,sinhala
"ක්‍රොධ නැත්තාවූ, ව්‍රතයෙන් සමන්විතවූ, සිල්වත්වූ (තෘෂ්ණා ස්නේහයෙන්) තෙත් නොවන්නාවූ, දැමුනාවූ, අන්තිම ශරීර ඇති, ඒ ක්‍ෂීණාශ්‍රවයා මම බ්‍රාහ්මණයයි කියමි.",sin,nadil,sinhala,sinhala
"“මහරජ, උතුම් මිත්‍රයෙකු කෙරෙහි කටයුතු යමක් වේද, ඔබ විසින් ඒ සියල්ල අප කෙරෙහි කරණ ලදී. අප කෙරෙහි ඔබගේ යම් භක්තියක් වේද, එයින් නිසැකව අපි ඔබගෙන් එය ලැබුයෙමු.",sin,nadil,sinhala,sinhala
(ආනාපාන වර්ගයේ 1 වෙනි සූත්‍රයේ ‘අට්ඨික සඤ්ඤාව’ වෙනුවට ‘අසුභ සඤ්ඤාව’ යෙදිය යුතුයි.),sin,nadil,sinhala,sinhala
“ඒ මම සතුටෙහි සිටියා. දැකීමෙහි නොසෙල්වීමි. මූලික ශ්‍රද්ධාවෙන් බුදුන්ගේ ඖරස දුර්වණයක් වූවා වෙමි.,sin,nadil,sinhala,sinhala
"“දැනුදු මුනීන්‍ද්‍රවූ බුදුරජුන් විසින් අනුකම්පා කරන ලද්දී, මාගේ මව් තොමෝ භික්‍ෂුණී ආශ්‍රමයේදීම, සුව ඇත්තී (මා) ප්‍රසූත කළාය.",sin,nadil,sinhala,sinhala
“ලෙඩවූ වහා බිඳෙනසුළුවූ කුණු කය කරණකොට ගෙන පීඩාවෙමි. ලජ්ජාවෙමි. කාම තෘෂ්ණාව නසනලදී.,sin,nadil,sinhala,sinhala
‘‘පුරොහිතො (පුරොහිතොපි (ක. සී. ක.)) බ්‍රාහ්මණො චතුහඞ්ගෙහි සමන්නාගතො. උභතො සුජාතො මාතිතො ච පිතිතො ච සංසුද්ධගහණිකො යාව සත්තමා පිතාමහයුගා අක්ඛිත්තො අනුපක්කුට්ඨො ජාතිවාදෙන; අජ්ඣායකො මන්තධරො තිණ්ණං වෙදානං පාරගූ සනිඝණ්ඩුකෙටුභානං සාක්ඛරප්පභෙදානං ඉතිහාසපඤ්චමානං පදකො වෙය්‍යාකරණො ලොකායතමහාපුරිසලක්ඛණෙසු අනවයො; සීලවා වුද්ධසීලී වුද්ධසීලෙන සමන්නාගතො; පණ්ඩිතො වියත්තො මෙධාවී පඨමො වා දුතියො වා සුජං පග්ගණ්හන්තානං. පුරොහිතො බ්‍රාහ්මණො ඉමෙහි චතූහඞ්ගෙහි සමන්නාගතො. ඉති ඉමානි චත්තාරි අඞ්ගානි තස්සෙව යඤ්ඤස්ස පරික්ඛාරා භවන්ති.,pli,nadil,pali,pali
“අධ්‍යාත්මයෙහිද පිටත්හිද සියලු ලෝකයෙහි සියලු ලාමක දෙය සෝදා හැර තෘෂ්ණා දෘෂ්ටි සිතීම් වලින් සිතිය යුතු දෙවි මිනිසුන් කෙරෙහි රාගාදී සිතීමකට නොපැමිණියේහුයි. ඔහු නෑවේයයි කියනු ලැබේ.,sin,nadil,sinhala,sinhala
"මහණෙනි, එවිට සක්විති රජ තෙමේ වැඩිමහළු පුත්‍රයාට කථා කොට මෙසේ කීයේය. ‘පුත්‍රකුමාරය, මාගේ දිව්‍ය චක්‍රරත්නය තුබූ තැනින් ඉවත් වූයේය. යම් සක්විති රජකුගේ දිව්‍ය චක්‍ර රත්නය තුබූ තැනින් ඉවත් වුවොත් ඒ රජු වැඩිකල් ජීවත් නොවන බව මා අසා තිබේ. මම මනුෂ්‍යයන්ට අයිති කම්සැප අනුභව කෙළෙමි. දැන් දිව්‍යමය කම්සැප සෙවීමට කාලයයි. පුත්‍ර කුමාරය, එව මේ සමුද්‍රය අවසාන කොට ඇති පොළොව පාලනය කරව. මම කෙස් රැවුල් කප්පවා, කාසායවස්ත්‍රය හැඳ ගිහි ගෙයින් නික්ම පැවිදි වන්නෙමි.’ මහණෙනි, එවිට සක්විති රජ තෙමේ වැඩිමහල් කුමාරයා මනාකොට රාජ්‍යයෙහි පිහිටුවා, කෙස් රැවුල් කප්පවා කසාවස්ත්‍ර හැඳ, ගිහි ගෙයින් නික්ම තාපස භාවයෙන් මහණ වීය. මහණෙනි, රාජ ඍෂිවරයා පැවිදිවී සත් දිනකින් දිව්‍ය චක්‍රරත්නය නොපෙනී ගියේය.",sin,nadil,sinhala,sinhala
"‘‘සා භික්ඛුනිං උපගච්ඡිං, යා මෙ සද්ධායිකා අහු; සා මෙ ධම්මමදෙසෙසි, ඛන්ධායතනධාතුයො.",pli,nadil,pali,pali
"‘‘දෙවලො නාම නාමෙන, සත්ථුනො අග්ගසාවකො; වරධම්මස්ස දායාදො, ආගච්ඡි මම සන්තිකං.",pli,nadil,pali,pali
"(මෙහි 1 වර්ගයේ 6 සූත්‍රයේ 1 ඡේදය යෙදිය යුතුයි.) එකල්හි වනාහි ආයුෂ්මත් ආනන්ද තෙර එදවස් පැමිණි පොහොයෙහි පෙරවරු එක්වේලාවෙක්හි හැඳ පොරොවා පාත්‍ර සිවුරු ගෙන රජගහනුවරට පිඬු සිඟාගියේය. දෙව්දත්තෙමේ රජගහනුවර පිඬු පිණිස ඇවිදින්නාවූ ආයුෂ්මත් අනඳ තෙරුන් දුටුයේමය. දැක ආයුෂ්මත් අනඳ තෙර යම් තැනෙකද එතැනට පැමිණියේය. පැමිණ, ආයුෂ්මත් අනඳ තෙරුන්ට මේ කරුණ දැන්වීය. “ඇවත, ආනන්ද ස්ථවිරයෙනි, මම දැන් අද පටන් භාග්‍යවතුන් වහන්සේගෙන් වෙන්වම භික්ෂුසංඝයා නෑරම පොහෝ කරන්නෙමි. සංඝකර්මද කරන්නෙමි”යි ඉක්බිති ආයුෂ්මත් ආනන්ද ස්ථවිරතෙම රජගහනුවර පිඬු සිඟා වැඩ බතින් පසු කාලයෙහි පිඬු සෙවීමෙන් වැළකුනේ භාග්‍යවතුන් වහන්සේ යම් තැනෙක වෙසෙද්ද, එතැනට පැමිණියේය. පැමිණ භාග්‍යවතුන් වහන්සේට වැඳ එක්පැත්තක හුන්නේය. එක්පැත්තක හුන්නාවූම ආයුෂ්මත් ආනන්ද ස්ථවිරතෙම භාග්‍යවතුන් වහන්සේට මේ පුවත දැනුම්දින. “ස්වාමීනි, මෙහි මම පෙරවරුයෙහි එක් වේලාවෙක හැඳ පොරොවා පාත්‍ර සිවුරු ගෙන රජගහනුවර පිඬු පිණිස පිවිසියෙමි. ස්වාමීනි, රජගහනුවර පිඬු සිඟා හැසිරෙන මා දෙව්දත් තෙම දිටීමය. දැක මම යම් තැනෙකද එතැනට පැමිණියේය. පැමිණ මට මේ කරුණ කීයේය. ඇවත ආනන්ද ස්ථවිරයෙනි, දැන් අදින් මත්තෙහි මම භාග්‍යවතුන් වහන්සේ හැරම භික්ෂු සංඝයා හැරම පෝය කරන්නෙමි. සංඝ කර්මද කරන්නෙමියි ස්වාමීනි ‘අද දෙව්දත් තෙම සංඝ භෙදය කරන්නේය, පෝයද කරන්නේය, සංඝ කර්මද කරන්නේය’යි (කීය.)” ඉක්බිති භාග්‍යවතුන් වහන්සේ මේ සංඝ භෙද කර්මය දැන ඒ වේලාවෙහි ඒ අර්ථය ප්‍රකාශ කරන මේ උදන් පහළ කළසේක. “සත්පුරුෂයා විසින් යහපත සුවසේ කළ හැකිය. පවිටු පුද්ගලයා විසින් යහපත කළ නොහැකිය. පවිටා විසින් පව සුවසේ කළ හැකිය. ආර්යයන් විසින් පව් කළ නොහැකියයි.”",sin,nadil,sinhala,sinhala
ච්ඡිකත්වා උපසම්පජ්ජ විහරති:,pli,nadil,pali,sinhala
"‘‘එවං කිත්තයි සම්බුද්ධො, සුනන්දං තාපසං තදා; හාසයන්තො ජනං සබ්බං, දස්සයන්තො සකං බලං.",pli,nadil,pali,pali
"එවං මෙ සුතං - එකං සමයං භගවා උරුවෙලායං විහරති නජ්ජා නෙරඤ්ජරාය තීරෙ අජපාලනිග්‍රොධමූලෙ පඨමාභිසම්බුද්ධො. අථ ඛො භගවතො රහොගතස්ස පටිසල්ලීනස්ස එවං චෙතසො පරිවිතක්කො උදපාදි - ‘‘මුත්තො වතම්හි තාය දුක්කරකාරිකාය. සාධු මුත්තො වතම්හි තාය අනත්ථසංහිතාය දුක්කරකාරිකාය. සාධු වතම්හි මුත්තො බොධිං සමජ්ඣග’’න්ති (සාධු ඨිතො සතො බොධිං සමජ්ඣෙගන්ති (සී. පී.), සාධු වතම්හි සත්තො බොධිසමජ්ඣගූති (ස්‍යා. කං.)). අථ ඛො මාරො පාපිමා භගවතො චෙතසා චෙතොපරිවිතක්කමඤ්ඤාය යෙන භගවා තෙනුපසඞ්කමි; උපසඞ්කමිත්වා භගවන්තං ගාථාය අජ්ඣභාසි - ‘‘තපොකම්මා අපක්කම්ම, යෙන න සුජ්ඣන්ති මාණවා; අසුද්ධො මඤ්ඤසි සුද්ධො, සුද්ධිමග්ගා අපරද්ධො’’ (සුද්ධිමග්ගමපරද්ධො (සී. ස්‍යා. කං. පී.)) ති. අථ ඛො භගවා ‘‘මාරො අයං පාපිමා’’ ඉති විදිත්වා මාරං පාපිමන්තං ගාථාහි අජ්ඣභාසි - ‘‘අනත්ථසංහිතං ඤත්වා, යං කිඤ්චි අමරං තපං (අපරං තපං (ක.)); සබ්බං නත්ථාවහං හොති, ඵියාරිත්තංව ධම්මනි (වම්මනි (සී.), ධම්මනිං (පී.), ජම්මනිං (ක.) එත්ථායං ධම්මසද්දො සක්කතෙ ධන්වනං-සද්දෙන සදිසො මරුවාචකොති වෙදිතබ්බො, යථා දළ්හධම්මාතිපදං). ‘‘සීලං සමාධි පඤ්ඤඤ්ච, මග්ගං බොධාය භාවයං; පත්තොස්මි පරමං සුද්ධිං, නිහතො ත්වමසි අන්තකා’’ති. අථ ඛො මාරො පාපිමා ‘‘ජානාති මං භගවා, ජානාති මං සුගතො’’ති, දුක්ඛී දුම්මනො තත්ථෙවන්තරධායීති.",pli,nadil,pali,pali
"‘ඇවැත් නිගණ්ඨයිනි, මේ ධර්ම පස මේ ආත්මයෙහිම දෙපරිද්දකින් විපාක ඇත්තාවූ, ධර්ම පස වෙත්. ඔවුන් අතුරෙන් ආයුෂ්මත් නිගණ්ඨයන්ගේ ශාස්තෘහු කෙරෙහි අතීතය පිළිබඳව ඇදහීම කුමක්ද? කැමැත්ත කුමක්ද? ඇසීම කුමක්ද? ආකාර කල්පනා කිරීම කුමක්ද? විනිශ්චය කුමක්දැයි අසමි’. මහණෙනි, මෙසේ කියන්නාවූ මම වනාහි නිගණ්ඨයන් කෙරෙහි කිසියම් කරුණු සහිතවූ උත්තර දීමක් නොදකිමි. “මහණෙනි, නැවතද නිගණ්ඨයන්ට මම මෙසේ කියමි. නිගණ්ඨයිනි, ඒ කුමකැයි හඟිව්ද?’ යම් කලෙක්හි තොපගේ දැඩිවූ උපක්‍රමයක් වේද? දැඩිවූ වීර්යයක් වේද? එකල්හි උපක්‍රමයෙන් හටගත්තාවූ, දැඩිවූ, දුක්වූ, තියුණුවූ කටුකවූ වේදනාවන් විඳින්නාහුද? යම් කලෙක වනාහි තොපගේ දෘඪවූ උපක්‍රමයෙක් නොවේද, දැඩිවූ වීර්යයක් නොවේද, එකල්හි උපක්‍රමයෙන් හටගත්තාවූ දැඩිවූ, දුක්වු, තියුණුවූ, කටුකවූ වේදනාවන් නොවිඳින්නාහුද? ‘ඇවැත්නි, යම් කලෙක්හි අපගේ දැඩිවූ උපක්‍රමයෙක් වේද, දැඩිවූ වීර්යයක් වේද, එකල්හි උපක්‍රමයෙන් හට ගත්තාවූ දැඩිවූ, දුක්වූ, තියුණුවූ, කටුකවූ වේදනාවන් විඳිමු. යම් කලෙක්හි වනාහී අපගේ දැඩිවූ උපක්‍රමයක් නොවේද, දැඩිවූ වීර්යයක් නොවේද, එකල්හි උපක්‍රමයෙන් හටගත්තාවූ දැඩිවූ දුක්වූ, තියුණුවූ, කටුකවූ, වේදනාවන් නොවිඳිමුයි’ කීහ.",sin,nadil,sinhala,sinhala
"‘‘හත්ථී ගවස්සා මණිකුණ්ඩලා ච, යඤ්චාපි තුය්හං රතනං පථබ්‍යා; තෙසං වරො විධුරො නාම කත්තා, සො මෙ ජිතො තං මෙ අවාකරොහි’’.",pli,nadil,pali,pali
“මම එහි අසපුවක් සදාගන එම අසපුවෙහි වසමි. මැනවින් කරණ ලද මාගේ අසපුව නොයෙක් පක්‍ෂි සමූහයාගෙන් යුක්තය.,sin,nadil,sinhala,sinhala
"‘‘චත්තාරොමෙ, භික්ඛවෙ, පුග්ගලා සන්තො සංවිජ්ජමානා ලොකස්මිං. කතමෙ චත්තාරො? අත්තහිතාය පටිපන්නො නො පරහිතාය, පරහිතාය පටිපන්නො නො අත්තහිතාය, නෙවත්තහිතාය පටිපන්නො නො පරහිතාය, අත්තහිතාය චෙව පටිපන්නො පරහිතාය ච. ඉමෙ ඛො, භික්ඛවෙ, චත්තාරො පුග්ගලා සන්තො සංවිජ්ජමානා ලොකස්මි’’න්ති. අට්ඨමං.",pli,nadil,pali,pali
"‘‘පූජෙත්වා ලොකසරණං, තං ඨානමභිපත්ථයිං; තදා මමාසයං ඤත්වා, බ්‍යාකාසි ස රණඤ්ජහො.",pli,nadil,pali,pali
"‘‘සුචින්තිතං භගවන්තං, ලොකජෙට්ඨං නරාසභං; උපවිට්ඨං මහාරඤ්ඤං, වාතාබාධෙන පීළිතං.",pli,nadil,pali,pali
"‘‘පඤ්චිමෙ , භික්ඛවෙ, ආදීනවා උස්සූරභත්තෙ කුලෙ. කතමෙ පඤ්ච? යෙ තෙ අතිථී පාහුනා, තෙ න කාලෙන පටිපූජෙන්ති; යා තා බලිපටිග්ගාහිකා දෙවතා, තා න කාලෙන පටිපූජෙන්ති; යෙ තෙ සමණබ්‍රාහ්මණා එකභත්තිකා රත්තූපරතා විරතා විකාලභොජනා, තෙ න කාලෙන පටිපූජෙන්ති; දාසකම්මකරපොරිසා විමුඛා කම්මං කරොන්ති; තාවතකංයෙව අසමයෙන භුත්තං අනොජවන්තං හොති. ඉමෙ ඛො, භික්ඛවෙ, පඤ්ච ආදීනවා උස්සූරභත්තෙ කුලෙ. ‘‘පඤ්චිමෙ, භික්ඛවෙ, ආනිසංසා සමයභත්තෙ කුලෙ. කතමෙ පඤ්ච? යෙ තෙ අතිථී පාහුනා, තෙ කාලෙන පටිපූජෙන්ති; යා තා බලිපටිග්ගාහිකා දෙවතා, තා කාලෙන පටිපූජෙන්ති; යෙ තෙ සමණබ්‍රාහ්මණා එකභත්තිකා රත්තූපරතා විරතා විකාලභොජනා, තෙ කාලෙන පටිපූජෙන්ති; දාසකම්මකරපොරිසා අවිමුඛා කම්මං කරොන්ති; තාවතකංයෙව සමයෙන භුත්තං ඔජවන්තං හොති. ඉමෙ ඛො, භික්ඛවෙ, පඤ්ච ආනිසංසා සමයභත්තෙ කුලෙ’’ති. අට්ඨමං.",pli,nadil,pali,pali
"‘‘ඉදං වත්වාන සම්බුද්ධො, ජලජුත්තමනාමකො; පිණ්ඩපාතං ගහෙත්වාන, පක්කාමි උත්තරාමුඛො.",pli,nadil,pali,pali
"සබ්බෙසු කාමෙසු යො වීතරාගො, [ඉච්චායස්මා උපසීවො] ආකිඤ්චඤ්ඤං නිස්සිතො හිත්වා මඤ්ඤං; සඤ්ඤාවිමොක්ඛෙ පරමෙධිමුත්තො, තිට්ඨෙ නු සො තත්ථ අනානුයායී. සබ්බෙසු කාමෙසු යො වීතරාගොති. සබ්බෙසූති සබ්බෙන සබ්බං සබ්බථා සබ්බං අසෙසං නිස්සෙසං පරියාදියනවචනමෙතං සබ්බෙසූති. කාමෙසූති කාමාති උද්දානතො ද්වෙ කාමා - වත්ථුකාමා ච කිලෙසකාමා ච...පෙ.... ඉමෙ වුච්චන්ති වත්ථුකාමා...පෙ.... ඉමෙ වුච්චන්ති කිලෙසකාමා. සබ්බෙසු කාමෙසු යො වීතරාගොති. සබ්බෙසු කාමෙසු යො වීතරාගො විගතරාගො චත්තරාගො වන්තරාගො මුත්තරාගො පහීනරාගො පටිනිස්සට්ඨරාගො වික්ඛම්භනතොති - සබ්බෙසු කාමෙසු යො වීතරාගො. ඉච්චායස්මා උපසීවොති. ඉච්චාති පදසන්ධි...පෙ..... ආයස්මාති පියවචනං...පෙ..... උපසීවොති තස්ස බ්‍රාහ්මණස්ස නාමං...පෙ.... අභිලාපොති - ඉච්චායස්මා උපසීවො. ආකිඤ්චඤ්ඤං නිස්සිතො හිත්වා මඤ්ඤන්ති. හෙට්ඨිමා ඡ සමාපත්තියො හිත්වා චජිත්වා පරිච්චජිත්වා අතික්කමිත්වා සමතික්කමිත්වා වීතිවත්තිත්වා ආකිඤ්චඤ්ඤායතනසමාපත්තිං නිස්සිතො අල්ලීනො උපගතො සමුපගතො අජ්ඣොසිතො අධිමුත්තොති - ආකිඤ්චඤ්ඤං නිස්සිතො හිත්වා මඤ්ඤං. සඤ්ඤාවිමොක්ඛෙ පරමෙධිමුත්තොති සඤ්ඤාවිමොක්ඛා වුච්චන්ති සත්ත සඤ්ඤාසමාපත්තියො. තාසං සඤ්ඤාසමාපත්තීනං ආකිඤ්චඤ්ඤායතනසමාපත්තිවිමොක්ඛො (විමොක්ඛා (ක.) එවමඤ්ඤෙසු පදෙසු බහුවචනෙන) අග්ගො ච සෙට්ඨො ච විසෙට්ඨො ච පාමොක්ඛො ච උත්තමො ච පවරො ච, පරමෙ අග්ගෙ සෙට්ඨෙ විසෙට්ඨෙ පාමොක්ඛෙ උත්තමෙ පවරෙ අධිමුත්තිවිමොක්ඛෙන අධිමුත්තො තත්‍රාධිමුත්තො තදධිමුත්තො තච්චරිතො තබ්බහුලො තග්ගරුකො තන්නින්නො තප්පොණො තප්පබ්භාරො තදධිමුත්තො තදධිපතෙය්‍යොති - සඤ්ඤාවිමොක්ඛෙ පරමෙධිමුත්තො. තිට්ඨෙ නු සො තත්ථ අනානුයායීති. තිට්ඨෙ නූති සංසයපුච්ඡා විමතිපුච්ඡා ද්වෙළ්හකපුච්ඡා අනෙකංසපුච්ඡා , ‘‘එවං නු ඛො, නනු ඛො, කිං නු ඛො, කථං නු ඛො’’ති - තිට්ඨෙ නු. තත්ථාති ආකිඤ්චඤ්ඤායතනෙ. අනානුයායීති අනානුයායී අවිච්චමානො (අවෙධමානො (ස්‍යා.)) අවිගච්ඡමානො අනන්තරධායමානො අපරිහායමානො...පෙ..... අථ වා, අරජ්ජමානො අදුස්සමානො අමුය්හමානො අකිලිස්සමානොති - තිට්ඨෙ නු සො තත්ථ අනානුයායී. තෙනාහ සො බ්‍රාහ්මණො - ‘‘සබ්බෙසු කාමෙසු යො වීතරාගො, [ඉච්චායස්මා උපසීවො] ආකිඤ්චඤ්ඤං නිස්සිතො හිත්වා මඤ්ඤං; සඤ්ඤාවිමොක්ඛෙ පරමෙධිමුත්තො, තිට්ඨෙ නු සො තත්ථ අනානුයායී’’ති.",pli,nadil,pali,pali
සෙංඛණ්ඩ සෛලනගරෙ - රාජා ආසි පියංකරො,pli,nadil,pali,pali
"මා විසින් මෙසේ අසන ලදී. එක් කලෙක්හි භාග්‍යවතුන් වහන්සේ සැවැත්නුවර සමීපයෙහිවූ, අනේපිඬු සිටාණන් විසින් කරවනලද, ජේතවනාරාමයෙහි වාසය කරනසේක. එහිදී, භාග්‍යවතුන් වහන්සේ ‘මහණෙනි’යි කියා භික්ෂූන් ඇමතූහ. ‘ස්වාමීනි’යි කියා ඒ භික්ෂූහු භාග්‍යවතුන් වහන්සේට උත්තර දුන්හ. (එවිට) භාග්‍යවතුන් වහන්සේ මෙය වදාළසේක. “මහණෙනි, අවිජ්ජාවෙන් වැසී, තණ්හාවෙන් බැඳී, ගමන්කරන්නාවූ සැරිසරන්නාවූ සත්වයන්ගේ මේ සංසාරය නොදක්නාලද අග ඇත්තේය. මුල් කොනත් නොපෙනෙන්නේය. මහණෙනි, යම්සේ වනාහි ඈත අහසට වීසිකරනලද දණ්ඩ වනාහි වරෙක මුලින් බිම වදින්නේවේද, වරෙක මැදින් බිම වදින්නේවේද, වරෙක අගින් බිම වදින්නේවේද, එසේම මහණෙනි, අවිද්‍යාවෙන් වටකරන ලද්දාවූ, තණ්හාවෙන් බඳින ලද්දාවූ, ඇවිදින්නාවූ, සැරිසරන්නාවූ සත්වයෝ වරෙක මේ ලෝකයෙන් පරලෝකයට යෙති. වරෙක පරලෝකයෙන් මේ ලෝකයට එති. ඊට හේතු කවරේද? “මහණෙනි, අවිජ්ජාවෙන් වැසුණු, තණ්හාවෙන් බැඳුණු, ඇවිදින්නාවූ, සැරිසරන්නාවූ, සත්වයන්ගේ මේ සංසාරය නොදක්නාලද අග ඇත්තේවේද, මුල් කොනත් නොදකියිද, එහෙයිනි. මහණෙනි, මෙසේ තොප විසින් දුක් අනුභව කරන ලදී. දැඩි දුක් අනුභව කරන ලදී. ව්‍යසන අනුභව කරන ලදී. සොහොන් බිම තර කරන ලදී. මහණෙනි, මේ සියලු සංස්කාරයන් කෙරෙහි කලකිරීමට සුදුසුමය. නොඇලීමට සුදුසුමය. ඔවුන්ගෙන් මිදීමට සුදුසුමය.” (නවවෙනි දණ්ඩ සූත්‍රය නිමි.)",sin,nadil,sinhala,sinhala
"“යමෙකු සබ්‍රම්සරුන් කෙරෙහි ගරු කෙරේද, හෙතෙම සද්ධර්මයෙහි දියුණුවට පැමිණේ. කෙතෙහි වපුළ යහපත් ධාන්‍ය වැඩෙන්නාක් මෙනි.",sin,nadil,sinhala,sinhala
"අත්ථාය වත මෙ අජ්ජ, ඉධාගච්ඡි රථෙසභො; සොහං අජ්ජ පජානාමි (ඉතො පුබ්බෙ න ජානාමි (සී. පී.)), යත්ථ දින්නං මහප්ඵලං.",pli,nadil,pali,pali
"ඔක්කන්තික විනිච්ඡයප්පවත්තා අට්ඨ කථා තති, අත්ත නොමතිනාම,",pli,nadil,pali,sinhala
. බහිද්ධාවවත්ථානෙ පඤ්ඤා ගොචරනානත්තෙ ඤාණං.,pli,nadil,pali,pali
"අථ ඛො වච්ඡගොත්තො පරිබ්බාජකො යෙන භගවා තෙනුපසඞ්කමි; උපසඞ්කමිත්වා භගවතා සද්ධිං සම්මොදි. සම්මොදනීයං කථං සාරණීයං වීතිසාරෙත්වා එකමන්තං නිසීදි. එකමන්තං නිසින්නො ඛො වච්ඡගොත්තො පරිබ්බාජකො භගවන්තං එතදවොච - ‘‘කිං නු ඛො, භො ගොතම, අත්ථත්තා’’ති? එවං වුත්තෙ, භගවා තුණ්හී අහොසි. ‘‘කිං පන, භො ගොතම, නත්ථත්තා’’ති? දුතියම්පි ඛො භගවා තුණ්හී අහොසි. අථ ඛො වච්ඡගොත්තො පරිබ්බාජකො උට්ඨායාසනා පක්කාමි. අථ ඛො ආයස්මා ආනන්දො අචිරපක්කන්තෙ වච්ඡගොත්තෙ පරිබ්බාජකෙ භගවන්තං එතදවොච - ‘‘කිං නු ඛො, භන්තෙ, භගවා වච්ඡගොත්තස්ස පරිබ්බාජකස්ස පඤ්හං පුට්ඨො න බ්‍යාකාසී’’ති? ‘‘අහඤ්චානන්ද, වච්ඡගොත්තස්ස පරිබ්බාජකස්ස ‘අත්ථත්තා’ති පුට්ඨො සමානො ‘අත්ථත්තා’ති බ්‍යාකරෙය්‍යං, යෙ තෙ, ආනන්ද, සමණබ්‍රාහ්මණා සස්සතවාදා තෙසමෙතං සද්ධිං (තෙසමෙතං ලද්ධි (සී.)) අභවිස්ස. අහඤ්චානන්ද, වච්ඡගොත්තස්ස පරිබ්බාජකස්ස ‘නත්ථත්තා’ති පුට්ඨො සමානො ‘නත්ථත්තා’ති බ්‍යාකරෙය්‍යං, යෙ තෙ, ආනන්ද, සමණබ්‍රාහ්මණා උච්ඡෙදවාදා තෙසමෙතං සද්ධිං අභවිස්ස. අහඤ්චානන්ද, වච්ඡගොත්තස්ස පරිබ්බාජකස්ස ‘අත්ථත්තා’ති පුට්ඨො සමානො ‘අත්ථත්තා’ති බ්‍යාකරෙය්‍යං, අපි නු මෙ තං, ආනන්ද, අනුලොමං අභවිස්ස ඤාණස්ස උප්පාදාය - ‘සබ්බෙ ධම්මා අනත්තා’’’ති? ‘‘නො හෙතං, භන්තෙ’’. ‘‘අහඤ්චානන්ද, වච්ඡගොත්තස්ස පරිබ්බාජකස්ස ‘නත්ථත්තා’ති පුට්ඨො සමානො ‘නත්ථත්තා’ති බ්‍යාකරෙය්‍යං , සම්මූළ්හස්ස, ආනන්ද, වච්ඡගොත්තස්ස පරිබ්බාජකස්ස භිය්‍යො සම්මොහාය අභවිස්ස - ‘අහුවා මෙ නූන පුබ්බෙ අත්තා, සො එතරහි නත්ථී’’’ති. දසමං.",pli,nadil,pali,pali
අථ ඛො කූටදන්තස්ස බ්‍රාහ්මණස්ස එතදහොසි - ‘‘සුතං ඛො පන මෙතං - ‘සමණො ගොතමො තිවිධං යඤ්ඤසම්පදං සොළසපරික්ඛාරං ජානාතී’ති. න ඛො පනාහං ජානාමි තිවිධං යඤ්ඤසම්පදං සොළසපරික්ඛාරං. ඉච්ඡාමි චාහං මහායඤ්ඤං යජිතුං. යංනූනාහං සමණං ගොතමං උපසඞ්කමිත්වා තිවිධං යඤ්ඤසම්පදං සොළසපරික්ඛාරං පුච්ඡෙය්‍ය’’න්ති.,pli,nadil,pali,pali
"‘‘‘අතිබාළ්හං නිපීළෙසි, දදමානස්ස මෙ සතො; කිං තෙ මෙ පීළිතෙනත්ථො, පත්ථිතං තෙ කථෙහි මෙ.",pli,nadil,pali,pali
"“දැන් මම කුසල් (රැස් කිරීම)ද, අකුසල් රැස් කිරීමද යන මේ දෙකම ඉක්මවූයේ වෙමි. පරම ශාන්තියවූ නිවනට පැමිණ ආශ්‍රව රහිතවූයේ වෙමි.",sin,nadil,sinhala,sinhala
"නගරං මෙඛලං නාම (මෙඛලං නාම නගරං (සී. ස්‍යා.)), සුදත්තො නාම ඛත්තියො; සිරිමා නාම ජනිකා, සුමනස්ස මහෙසිනො.",pli,nadil,pali,pali
"“හිසකේ බානා කල්හිම (කරගෙහිදීම) රහත්බවට පැමිණියෙමි. දෙවියෝද, මනුෂ්‍යයෝද, නාගයෝද සිව් පසය මට එලවත්.",sin,nadil,sinhala,sinhala
"‘‘සචෙ හි වීරියං නාස්ස, කම්මං කල්‍යාණපාපකං; න භරෙ වඩ්ඪකිං රාජා, නපි යන්තානි කාරයෙ.",pli,nadil,pali,pali
"‘‘නිසීදි භගවා තත්ථ, අජිනම්හි සුවිත්ථතෙ; නිමන්තයිත්වා සම්බුද්ධං, පබ්බතං අගමාසහං.",pli,nadil,pali,pali
"‘‘පඤ්චිමානි, භික්ඛවෙ, ඉන්ද්‍රියානි. කතමානි පඤ්ච? සුඛින්ද්‍රියං, දුක්ඛින්ද්‍රියං, සොමනස්සින්ද්‍රියං, දොමනස්සින්ද්‍රියං, උපෙක්ඛින්ද්‍රියං. ‘‘කතමඤ්ච , භික්ඛවෙ, සුඛින්ද්‍රියං? යං ඛො, භික්ඛවෙ, කායිකං සුඛං, කායිකං සාතං, කායසම්ඵස්සජං සුඛං සාතං වෙදයිතං - ඉදං වුච්චති, භික්ඛවෙ, සුඛින්ද්‍රියං. ‘‘කතමඤ්ච, භික්ඛවෙ, දුක්ඛින්ද්‍රියං? යං ඛො, භික්ඛවෙ, කායිකං දුක්ඛං , කායිකං අසාතං, කායසම්ඵස්සජං දුක්ඛං අසාතං වෙදයිතං - ඉදං වුච්චති, භික්ඛවෙ, දුක්ඛින්ද්‍රියං. ‘‘කතමඤ්ච, භික්ඛවෙ, සොමනස්සින්ද්‍රියං? යං ඛො, භික්ඛවෙ, චෙතසිකං සුඛං, චෙතසිකං සාතං, මනොසම්ඵස්සජං සුඛං සාතං වෙදයිතං - ඉදං වුච්චති, භික්ඛවෙ, සොමනස්සින්ද්‍රියං. ‘‘කතමඤ්ච , භික්ඛවෙ, දොමනස්සින්ද්‍රියං? යං ඛො, භික්ඛවෙ, චෙතසිකං දුක්ඛං, චෙතසිකං අසාතං, මනොසම්ඵස්සජං දුක්ඛං අසාතං වෙදයිතං - ඉදං වුච්චති, භික්ඛවෙ, දොමනස්සින්ද්‍රියං. ‘‘කතමඤ්ච, භික්ඛවෙ, උපෙක්ඛින්ද්‍රියං? යං ඛො, භික්ඛවෙ, කායිකං වා චෙතසිකං වා නෙවසාතං නාසාතං වෙදයිතං - ඉදං වුච්චති, භික්ඛවෙ, උපෙක්ඛින්ද්‍රියං. ‘‘තත්‍ර, භික්ඛවෙ, යඤ්ච සුඛින්ද්‍රියං යඤ්ච සොමනස්සින්ද්‍රියං, සුඛා සා වෙදනා දට්ඨබ්බා. තත්‍ර, භික්ඛවෙ, යඤ්ච දුක්ඛින්ද්‍රියං යඤ්ච දොමනස්සින්ද්‍රියං, දුක්ඛා සා වෙදනා දට්ඨබ්බා. තත්‍ර, භික්ඛවෙ, යදිදං උපෙක්ඛින්ද්‍රියං, අදුක්ඛමසුඛා සා වෙදනා දට්ඨබ්බා. ඉමානි ඛො, භික්ඛවෙ, පඤ්චින්ද්‍රියානී’’ති. සත්තමං.",pli,nadil,pali,pali
"“ජාති ජරා ව්‍යාධි මරණ කරණකොටගෙන පිළිකුල් කරන්නාවූ ඉඩකඩ ඇති නොගැලපෙන ඇඳ පුටු සෙවුනාවූ මහණහට, රුක්මුල හෝ සොහොන හෝ පර්වත ස්ථාන හෝ ගුහා හෝ ලොකු කුඩා සෙනාසනවල කෙතෙක් බිය උපදවන කරුණු වෙත්ද මහණතෙම නිහඬවූ ඒ සෙනසුන්හි බිය උපදවන යම්කිසි කරුණුවලින් නොසැලෙන්නේද,",sin,nadil,sinhala,sinhala
"“එණි, ඵලස්සය, සුඵස්සාය, ප්‍රිය වචන කියන සුභද්‍රාය මේ දිව්‍ය ස්ත්‍රීහුද අන්‍යයෝ දැයි අප්සරාවන් අතර පුබුදු කරවන්නෝ ශ්‍රේෂ්ඨ වෙත්.",sin,nadil,sinhala,sinhala
"“(උන්වහන්සේගේ) සසුන බබලවන කල්හි මිනිසත් බවට පැමිණෙන්නේය. උන්වහන්සේගේ ධර්‍මයෙහි දායාදවූයේ, ඖරස බුද්‍ධපුත්‍රවූයේ, ධර්‍මයෙන්ම නිර්මිත කළාක් වැනිවූ, නම්න් උපසේන නම්වූ, බුද්ධ ශ්‍රාවකයෙක් වන්නේයයි වදාළ සේක.",sin,nadil,sinhala,sinhala
"‘‘අනිච්චා අද්ධුවා කාමා, බහුදුක්ඛා මහාවිසා; අයොගුළොව සන්තත්තො, අඝමූලා දුඛප්ඵලා.",pli,nadil,pali,pali
"මා විසින් මෙසේ අසන ලදී. එක් කලෙක භාග්‍යවතුන් වහන්සේ සැවැත්නුවර සමීපයෙහිවූ අනේපිඬු සිටාණන් විසින් කරවනලද ජේතවනාරාමයෙහි වාසය කරණ සේක. එකල්හි එක්තරා භික්ෂුවක් භාග්‍යවතුන් වහන්සේ යම් තැනෙක්හිද එතැන්හි පැමිණියේය. පැමිණ, භාග්‍යවතුන් වහන්සේට වැඳ, එක්පසෙක්හි හුන්නේය. එක්පසෙක්හි හුන්නාවූ ඒ භික්ෂුව භාග්‍යවතුන් වහන්සේට මෙය සැළ කෙළේය. “භාග්‍යවතුන් වහන්සේ මට කොටින් ධර්මදේශනා කරණසේක්වා. ඒ මම භාග්‍යවතුන් වහන්සේගේ ධර්මය අසා සමූහයාගෙන් වෙන්ව, අප්‍රමාදව, කෙලෙස් තවන වීර්‍ය්‍යයෙන් යුක්තව, ආත්ම පරිත්‍යාගයෙන් යුක්තව, වාසය කරන්නෙමි” කියායි. “මහණ, තණ්හා, දිට්ඨි, මානයන් කරණකොට අභිනන්දනයෙන් සතුටු වන්නේ මරහුගේ පුඩුවෙන් බැඳෙන ලද්දේ වෙයි. එයින් සතුටු නොවන්නේ මාර බන්ධනයෙන් මිදුනේ වෙයි.” “භාග්‍යවතුන් වහන්ස, මා විසින් දැනගන්නාලදී. සුගතයන් වහන්ස, මා විසින් දැනගන්නාලදැයි” කීයේය. “මහණ, නුඹ වනාහි මා විසින් කොටින් දේශනා කරන ලද ධර්මයේ අර්ථය විස්තර වශයෙන් කෙසේ දැනගත්තෙහිද?” “ස්වාමීනි, රූපය තණ්හා, මාන, දිට්ඨි වශයෙන් ගෙන සතුටුවන්නේ මාරබන්ධනයෙන් බැඳුනේ වෙයි. සතුටු නොවන්නේ මරහුගේ පුඩුවෙන් මිදුනේ නම් වෙයි. “වේදනාව තණ්හා, මාන, දිට්ඨි වශයෙන් ගෙන සතුටු වන්නේ මාරබන්ධනයෙන් බැඳුනේ වෙයි. සතුටු නොවන්නේ මරහුගේ පුඩුවෙන් මිදුනේ නම් වෙයි. “සංඥාව තණ්හා, මාන, දිට්ඨි වශයෙන් ගෙන සතුටු වන්නේ මාර බන්ධනයෙන් බැඳුනේ වෙයි. සතුටු නොවන්නේ මරහුගේ පුඩුවෙන් මිදුනේ නම් වෙයි. “සංස්කාරයන් තණ්හා, මාන, දිට්ඨි වශයෙන් ගෙන සතුටු වන්නේ මාරබන්ධනයෙන් බැඳුනේ වෙයි. සතුටු නොවන්නේ මරහුගේ පුඩුවෙන් මිදුනේ නම් වෙයි. “විඤ්ඤාණය තණ්හා, මාන, දිට්ඨි වශයෙන් ගෙන සතුටු වන්නේ මරහුගේ බන්ධනයෙන් බැඳුනේ නම් වෙයි. සතුටු නොවන්නේ මාරබන්ධනයෙන් මිදුනේ නම් වෙයි. “ස්වාමීනි, භාග්‍යවතුන් වහන්සේ කොටින් දෙසන ලද දේශනාවේ අර්ථය විස්තර වශයෙන් මෙසේ දනිමියි” කීයේය. “මහණ, ඉතා මැනවි. ඉතා මැනවි. මහණ, නුඹ වනාහි මවිසින් කොටින් දෙසනලද ධර්මයේ අර්ථය විස්තර වශයෙන් දැනගත්සේ ඉතා මැනවි. “මහණ, රූපය තණ්හා, මාන, දිට්ඨි වශයෙන් ගෙන සතුටුවන්නේ මාරයාගේ පුඩුවෙන් බැඳුනේ නම් වෙයි. සතුටු නොවන්නේ මාරයාගේ පුඩුවෙන් මිදුනේ නම් වෙයි. “වේදනාව තණ්හා, මාන, දිට්ඨි වශයෙන් ගෙන, සතුටු වන්නේ මාරයාගේ පුඩුවෙන් බැඳුනේ නම් වෙයි. සතුටු නොවන්නේ මාරයාගේ පුඩුවෙන් මිදුනේ නම් වෙයි. “සංඥාව තණ්හා, මාන, දිට්ඨි වශයෙන් ගෙන, සතුටු වන්නේ මාරයාගේ පුඩුවෙන් බැඳුනේ නම් වෙයි. සතුටු නොවන්නේ මාරයාගේ පුඩුවෙන් මිදුනේ නම් වෙයි. “සංස්කාරයන් තණ්හා, මාන, දිට්ඨි වශයෙන් ගෙන සතුටු වන්නේ මාරයාගේ පුඩුවෙන් බැඳුනේ නම් වෙයි. සතුටු නොවන්නේ මාරයාගේ පුඩුවෙන් මිදුනේ නම් වෙයි. “විඤ්ඤාණය තණ්හා, මාන, දිට්ඨි වශයෙන් ගෙන සතුටු වන්නේ මාරයාගේ පුඩුවෙන් බැඳුනේ නම් වෙයි. සතුටු නොවන්නේ මාරයාගේ පුඩුවෙන් මිදුනේ නම් වෙයි. “මහණ, මා විසින් කොටින් දේශනා කරණලද මේ ධර්මයේ අර්ථය මෙසේ විස්තර වශයෙන් දතයුතුයයි වදාළේය. එකල්හි ඒ භික්ෂුතෙමේ භාග්‍යවතුන් වහන්සේගේ වචනය අසා සතුටුවූයේය. සතුටුව, අනුමෝදන්ව, හුනස්නෙන් නැඟිට, භාග්‍යවතුන් වහන්සේට වැඳ, ගෞරවයෙන් ගියේය. ඉක්බිති ඒ භික්ෂුතෙමේ හුදකළාවූයේ සමූහයාගෙන් වෙන්ව, අප්‍රමාදව, කෙළෙස් තවන වීර්‍ය්‍යයෙන් යුක්තවූයේ ආත්ම පරිත්‍යාගයෙන් යුක්තව වාසය කරන්නේ, නොබෝ කලකින්ම කුලපුත්‍රයෝ යම් අර්ථයක් සඳහා මනාකොට ගිහි ගෙයින් නික්ම සස්නෙහි පැවිදිවෙත්ද, මාර්ගබ්‍රහ්මචර්‍ය්‍යාව අවසානකොට ඇති ඒ උතුම් අර්ථය මේ ආත්මයේදීම තෙමේ විශිෂ්ට ඥානයෙන් අවබෝධකොට, ඊට පැමිණ, වාසය කෙළේය. ජාතිය ක්ෂයවිය. බ්‍රහ්මචර්‍ය්‍යාවෙහි හැසිර නිමවනලදී. කළයුත්ත කරනලදී. මේ ආත්මභාවයෙහි කළයුතු අනිකක් නැත්තේයයි දැනගත්තේය. ඒ භික්ෂුතෙමේ වනාහි රහතුන් අතුරෙන් එක්තරා කෙනෙක්ද වූයේය. (තුන්වෙනි අභිනන්දන සූත්‍රය නිමි.)",sin,nadil,sinhala,sinhala
"“මහරජ්ජුරුවෙනි, මේ වස්තු දීමෙන් තොරවද ඔබගේ වචනය ගරුකරමි. ඒ සර්පයා බන්ධනයෙන් මුදමු. මුදනලද සිරුරු ඇති සර්පතෙමේ හැසිරේවා. පින් කැමැත්තේ බන්ධනයෙන් මුදනුලබාවායි අහිගුණ්ඨිකයා කීයේය.",sin,nadil,sinhala,sinhala
"‘‘වාතොව ගන්ධමාදෙති, උභයං ඡෙකපාපකං; බාලො ආමකපක්කංව, ලොලො අන්ධොව ආමිසං.",pli,nadil,pali,pali
"‘‘යථාරූපෙ ඛො, රාජඤ්ඤ, යඤ්ඤෙ ගාවො වා හඤ්ඤන්ති අජෙළකා වා හඤ්ඤන්ති, කුක්කුටසූකරා වා හඤ්ඤන්ති, විවිධා වා පාණා සංඝාතං ආපජ්ජන්ති, පටිග්ගාහකා ච හොන්ති මිච්ඡාදිට්ඨී මිච්ඡාසඞ්කප්පා මිච්ඡාවාචා මිච්ඡාකම්මන්තා මිච්ඡාආජීවා මිච්ඡාවායාමා මිච්ඡාසතී මිච්ඡාසමාධී, එවරූපො ඛො, රාජඤ්ඤ, යඤ්ඤො න මහප්ඵලො හොති න මහානිසංසො න මහාජුතිකො න මහාවිප්ඵාරො. සෙය්‍යථාපි, රාජඤ්ඤ, කස්සකො බීජනඞ්ගලං ආදාය වනං පවිසෙය්‍ය. සො තත්ථ දුක්ඛෙත්තෙ දුබ්භූමෙ අවිහතඛාණුකණ්ටකෙ බීජානි පතිට්ඨාපෙය්‍ය ඛණ්ඩානි පූතීනි වාතාතපහතානි අසාරදානි අසුඛසයිතානි. දෙවො ච න කාලෙන කාලං සම්මාධාරං අනුප්පවෙච්ඡෙය්‍ය. අපි නු තානි බීජානි වුද්ධිං විරූළ්හිං (විරුළ්හිං (මොග්ගලානෙ)) වෙපුල්ලං ආපජ්ජෙය්‍යුං, කස්සකො වා විපුලං ඵලං අධිගච්ඡෙය්‍යා’’ති? ‘‘නො හිදං (න එවං (ස්‍යා. ක.)) භො කස්සප’’. ‘‘එවමෙව ඛො, රාජඤ්ඤ, යථාරූපෙ යඤ්ඤෙ ගාවො වා හඤ්ඤන්ති, අජෙළකා වා හඤ්ඤන්ති, කුක්කුටසූකරා වා හඤ්ඤන්ති, විවිධා වා පාණා සංඝාතං ආපජ්ජන්ති, පටිග්ගාහකා ච හොන්ති මිච්ඡාදිට්ඨී මිච්ඡාසඞ්කප්පා මිච්ඡාවාචා මිච්ඡාකම්මන්තා මිච්ඡාආජීවා මිච්ඡාවායාමා මිච්ඡාසතී මිච්ඡාසමාධී, එවරූපො ඛො , රාජඤ්ඤ, යඤ්ඤො න මහප්ඵලො හොති න මහානිසංසො න මහාජුතිකො න මහාවිප්ඵාරො. ‘‘යථාරූපෙ ච ඛො, රාජඤ්ඤ, යඤ්ඤෙ නෙව ගාවො හඤ්ඤන්ති, න අජෙළකා හඤ්ඤන්ති, න කුක්කුටසූකරා හඤ්ඤන්ති, න විවිධා වා පාණා සංඝාතං ආපජ්ජන්ති, පටිග්ගාහකා ච හොන්ති සම්මාදිට්ඨී සම්මාසඞ්කප්පා සම්මාවාචා සම්මාකම්මන්තා සම්මාආජීවා සම්මාවායාමා සම්මාසතී සම්මාසමාධී, එවරූපො ඛො, රාජඤ්ඤ, යඤ්ඤො මහප්ඵලො හොති මහානිසංසො මහාජුතිකො මහාවිප්ඵාරො. සෙය්‍යථාපි, රාජඤ්ඤ, කස්සකො බීජනඞ්ගලං ආදාය වනං පවිසෙය්‍ය. සො තත්ථ සුඛෙත්තෙ සුභූමෙ සුවිහතඛාණුකණ්ටකෙ බීජානි පතිට්ඨපෙය්‍ය අඛණ්ඩානි අපූතීනි අවාතාතපහතානි සාරදානි සුඛසයිතානි. දෙවො ච කාලෙන කාලං සම්මාධාරං අනුප්පවෙච්ඡෙය්‍ය. අපි නු තානි බීජානි වුද්ධිං විරූළ්හිං වෙපුල්ලං ආපජ්ජෙය්‍යුං, කස්සකො වා විපුලං ඵලං අධිගච්ඡෙය්‍යා’’ති? ‘‘එවං, භො කස්සප’’. ‘‘එවමෙව ඛො, රාජඤ්ඤ, යථාරූපෙ යඤ්ඤෙ නෙව ගාවො හඤ්ඤන්ති, න අජෙළකා හඤ්ඤන්ති, න කුක්කුටසූකරා හඤ්ඤන්ති, න විවිධා වා පාණා සංඝාතං ආපජ්ජන්ති, පටිග්ගාහකා ච හොන්ති සම්මාදිට්ඨී සම්මාසඞ්කප්පා සම්මාවාචා සම්මාකම්මන්තා සම්මාආජීවා සම්මාවායාමා සම්මාසතී සම්මාසමාධී, එවරූපො ඛො, රාජඤ්ඤ, යඤ්ඤො මහප්ඵලො හොති මහානිසංසො මහාජුතිකො මහාවිප්ඵාරො’’ති.",pli,nadil,pali,pali
“මෙහි රැස්වූ දනව් වැස්සෝද රැස්වූ නියම්ගම් වැස්සෝද වහා යානාවන් යොදත්වා. මම පුත්‍රයාට දන්වා ආපසු ගෙණ එන්ට යමියි” කශී රජතෙම කීයේය.,sin,nadil,sinhala,sinhala
"‘‘දසහි, භික්ඛවෙ, ධම්මෙහි සමන්නාගතො යථාභතං නික්ඛිත්තො එවං නිරයෙ. කතමෙහි දසහි? ඉධ, භික්ඛවෙ, එකච්චො පාණාතිපාතී හොති ලුද්දො ලොහිතපාණි හතපහතෙ නිවිට්ඨො අදයාපන්නො සබ්බපාණභූතෙසු. ‘‘අදින්නාදායී හොති... කාමෙසුමිච්ඡාචාරී හොති... මුසාවාදී හොති... පිසුණවාචො හොති... ඵරුසවාචො හොති ... සම්ඵප්පලාපී හොති... අභිජ්ඣාලු හොති... බ්‍යාපන්නචිත්තො හොති... මිච්ඡාදිට්ඨිකො හොති විපරීතදස්සනො - ‘නත්ථි දින්නං...පෙ.... සයං අභිඤ්ඤා සච්ඡිකත්වා පවෙදෙන්තී’ති. ඉමෙහි ඛො, භික්ඛවෙ, දසහි ධම්මෙහි සමන්නාගතො යථාභතං නික්ඛිත්තො එවං නිරයෙ. ‘‘දසහි, භික්ඛවෙ, ධම්මෙහි සමන්නාගතො යථාභතං නික්ඛිත්තො එවං සග්ගෙ. කතමෙහි දසහි? ඉධ, භික්ඛවෙ, එකච්චො පාණාතිපාතං පහාය පාණාතිපාතා පටිවිරතො හොති නිහිතදණ්ඩො නිහිතසත්ථො ලජ්ජී දයාපන්නො, සබ්බපාණභූතහිතානුකම්පී විහරති. ‘‘අදින්නාදානං පහාය අදින්නාදානා පටිවිරතො හොති... කාමෙසුමිච්ඡාචාරං පහාය කාමෙසුමිච්ඡාචාරා පටිවිරතො හොති... මුසාවාදං පහාය මුසාවාදා පටිවිරතො හොති... පිසුණං වාචං පහාය පිසුණාය වාචාය පටිවිරතො හොති... ඵරුසං වාචං පහාය ඵරුසාය වාචාය පටිවිරතො හොති... සම්ඵප්පලාපං පහාය සම්ඵප්පලාපා පටිවිරතො හොති... අනභිජ්ඣාලු හොති... අබ්‍යාපන්නචිත්තො හොති... සම්මාදිට්ඨිකො හොති අවිපරීතදස්සනො - ‘අත්ථි දින්නං...පෙ.... යෙ ඉමඤ්ච ලොකං පරඤ්ච ලොකං සයං අභිඤ්ඤා සච්ඡිකත්වා පවෙදෙන්තී’ති. ඉමෙහි ඛො, භික්ඛවෙ, දසහි ධම්මෙහි සමන්නාගතො යථාභතං නික්ඛිත්තො එවං සග්ගෙ’’ති. දුතියං.",pli,nadil,pali,pali
"සාවත්ථිනිදානං. එකමන්තං නිසින්නො ඛො සො භික්ඛු භගවන්තං එතදවොච - ‘‘කො නු ඛො, භන්තෙ, හෙතු, කො පච්චයො, යෙන මිධෙකච්චො කායස්ස භෙදා පරං මරණා වලාහකකායිකානං දෙවානං සහබ්‍යතං උපපජ්ජතී’’ති? ‘‘ඉධ, භික්ඛු, එකච්චො කායෙන සුචරිතං චරති, වාචාය සුචරිතං චරති, මනසා සුචරිතං චරති. තස්ස සුතං හොති - ‘වලාහකකායිකා දෙවා දීඝායුකා වණ්ණවන්තො සුඛබහුලා’ති. තස්ස එවං හොති - ‘අහො වතාහං කායස්ස භෙදා පරං මරණා වලාහකකායිකානං දෙවානං සහබ්‍යතං උපපජ්ජෙය්‍ය’න්ති. සො කායස්ස භෙදා පරං මරණා වලාහකකායිකානං දෙවානං සහබ්‍යතං උපපජ්ජති. අයං ඛො, භික්ඛු, හෙතු, අයං පච්චයො, යෙන මිධෙකච්චො කායස්ස භෙදා පරං මරණා වලාහකකායිකානං දෙවානං සහබ්‍යතං උපපජ්ජතී’’ති. දුතියං.",pli,nadil,pali,pali
එකෙනා පි ගහට්ඨෙන -,pli,nadil,pali,pali
"‘‘සා නූන කපණා අම්මා, චිරරත්තාය රුච්ඡති (රුච්චති (ක.)); අඩ්ඪරත්තෙව රත්තෙ වා, නදීව අවසුච්ඡති (අවසුස්සති (ස්‍යා.)).",pli,nadil,pali,pali
"“ජරාවෙන් ජීර්ණවූ ඉක්මගියාවූ යොවුන් වයස් ඇති මව්පිය දෙදෙනාටද තෙපි අඥානයෝයයි යමෙක් කියන්නාහුද, (ඔව්හු මට සතුරුවෙත්) යම්කලෙක මොවුන් මරා කන්ට ලැබේද, එකල්හි මේ කළු බල්ලා මිදෙන්නේය.",sin,nadil,sinhala,sinhala
"‘‘සාවකගුණෙනපි ඵුස්සෙන (සාවකගුණඵුස්සෙන (ස්‍යා.)), බුද්ධියා පරිසුත්තමභාරවා (පුරිසුත්තමගාරවා (ස්‍යා.), පුරිසුත්තමභාරවා (ක.)); යං සද්ධාසඞ්ගහිතං (සද්ධාය සඞ්ගහිතං (සී.), සද්දාසඞ්ගහිතං (ස්‍යා.)) චිත්තං, සදා සබ්‍රහ්මචාරීසු.",pli,nadil,pali,pali
"‘‘‘චාතුද්දිසො අප්පටිඝො ච හොති, සන්තුස්සමානො ඉතරීතරෙන; පරිස්සයානං සහිතා අඡම්භී, එකො චරෙ ඛග්ගවිසාණකප්පො.",pli,nadil,pali,pali
"‘‘යෙ තෙ, භික්ඛවෙ, භික්ඛූ ආපත්තිං ආපත්තීති දීපෙන්ති තෙ, භික්ඛවෙ, භික්ඛූ බහුජනහිතාය පටිපන්නා බහුජනසුඛාය, බහුනො ජනස්ස අත්ථාය හිතාය සුඛාය දෙවමනුස්සානං. බහුඤ්ච තෙ, භික්ඛවෙ, භික්ඛූ පුඤ්ඤං පසවන්ති, තෙ චිමං සද්ධම්මං ඨපෙන්තී’’ති. ද්වාදසමං.",pli,nadil,pali,pali
“පක්ෂීන් විසින් සෙව්නාලද සල්වනය වාතයෙන් සෙලවෙයි. මඤ්ජුස්සක නම් දිව්‍ය වෘක්ෂයසේ සියලු දිශාවෙහි සුවඳ හමයි.,sin,nadil,sinhala,sinhala
"‘‘තෙන කම්මෙන දෙවින්ද, රූපං මය්හං ගතී ච මෙ; ඉද්ධී ච ආනුභාවො ච, යං මාලං අභිරොපයිං.",pli,nadil,pali,pali
"“බොහෝ ආහාරද, ඛාද්‍යයද භොජ්‍යයද ගෙන්වා ගෙණ ගෙයින් නික්ම උයනට පැමිණියෙමි.",sin,nadil,sinhala,sinhala
"එවඤ්ච (එතඤ්ච (සී. පී.)) තෙ රුච්චති දෙවරාජ, මමෙව අත්ථාය ඉධාගතොසි; අහඤ්ච පුත්තො සුණිසා ච නත්තා, සම්මොදමානා ඝරමාවසෙම.",pli,nadil,pali,pali
"එවමෙව යො දුක්කුලීනො අනරියො, තම්මාක (තම්හාක (සී.), තුම්හාක (ස්‍යා. පී.)) විජ්ජඤ්ච සුතඤ්ච ආදිය; තමෙව සො තත්ථ සුතෙන ඛාදති, අනරියො වුච්චති දුපාහනූපමොති (පානදූපමොති (සී. පී.)).",pli,nadil,pali,pali
226,sin,nadil,sinhala,sinhala
“වස් දෙකක් අතරෙහි මා විසින් එකම වචනයක් කියනලද්දීය. තුන්වෙනි වස් කාලයෙහි අවිද්‍යාව පලනලදී.”,sin,nadil,sinhala,sinhala
"‘‘විස්සජ්ජිතො ගතො සො, අහම්පි එකාකිනී විචින්තෙමි; ‘ආපුච්ඡිතූන ගච්ඡං, මරිතුයෙ (මරිතායෙ (සී.), මරිතුං (ස්‍යා.)) වා පබ්බජිස්සං වා’.",pli,nadil,pali,pali
"සාවත්ථිනිදානං. ‘‘කිස්මිං නු ඛො, භික්ඛවෙ, සති, කිං උපාදාය, කිං අභිනිවිස්ස එවං දිට්ඨි උප්පජ්ජති - ‘තං ජීවං තං සරීර’’’න්ති? භගවංමූලකා නො, භන්තෙ, ධම්මා...පෙ.... නියතො සම්බොධිපරායනො’’ති. තෙරසමං.",pli,nadil,pali,pali
"“මහණෙනි, ධර්ම සයකින් යුක්තවූ තපස්සු නම් ගෘහපතිතෙමේ තථාගතයන් වහන්සේ කෙරෙහි පැහැදීමට ගියේ, අමෘතය දක්නේ, අමෘතය ප්‍රත්‍යක්‍ෂකොට ජීවත්වෙයි. “කිනම් සයකින්ද යත්? බුදුන් කොරහි අචල ශ්‍රද්‍ධාවෙන් යුක්තවේද, ධර්‍මයෙහි අචල ශ්‍රද්‍ධාවෙන් යුක්ත වූයේ වේද, සංඝයා කෙරෙහි අචල ශ්‍රද්‍ධාවෙන් යුක්තවූයේ වේද, ආර්‍ය්‍ය ශීලයෙන් යුක්තවූයේ වේද, ආර්‍ය්‍ය ඤාණයෙන් යුක්තවූයේ වේද, ආර්‍ය්‍යවූ කෙලෙසුන්ගෙන් මිදීමෙන් යුක්තවූයේ වේද, මහණෙනි, ධර්ම සයකින් යුක්තවූ තපස්සු නම් ගෘහපතිතෙමේ තථාගතයන් වහන්සේ කෙරෙහි පැහැදීමට ගියේ, අමෘතය දක්නේ, අමෘතය ප්‍රත්‍යක්‍ෂකොට ජීවත්වෙයි.",sin,nadil,sinhala,sinhala
"‘‘‘ඡළාසීතිසහස්සානි, නාරියො සමලඞ්කතා; විචිත්තවත්ථාභරණා, ආමුක්කමණිකුණ්ඩලා (ආමුත්තමණිකුණ්ඩලා (සී. ස්‍යා.)).",pli,nadil,pali,pali
"ලද්ධා සතසහස්සානි, අතිරෙකානි වීසති; අනුකම්පකානං ඤාතීනං, වචනං සම්ම නාකරි.",pli,nadil,pali,pali
"‘‘මනසාපි න පත්තබ්බො, ආනුභාවො ජුතීමතො; පරිචාරයමානානං, සඉන්දානං (ඉන්දානං (ස්‍යා. ක.)) වසවත්තිනං’’.",pli,nadil,pali,pali
"“යම් තෘෂ්ණාවකින් එය පතන දෙවියෝද මනුෂ්‍යයෝද ඇලී සිටිත්ද, ඒ තෘෂ්ණාව ඉක්මවව්. තොප විසින් මොහොත පැහැර නොහැරිය යුතුය. ක්ෂණය ඉක්මවූවාහු නිරයට ගොස් ශොක කරත්.",sin,nadil,sinhala,sinhala
"‘‘පටිග්ගහෙත්වා සම්බුද්ධො, තිස්සො ලොකග්ගනායකො; වීථියා සණ්ඨිතො සත්ථා, අකා මෙ අනුමොදනං.",pli,nadil,pali,pali
"මහ නුවණැති සැරියුත් තෙර උතුම් දමනයෙන් දැමුණු, රාගාදී කිලුටු නැති රහතුන් සමග ඎද්‍ධියෙන් (භාග්‍යවතුන් වහන්සේ වෙත) එළඹී.",sin,nadil,sinhala,sinhala
‘‘පටිසම්භිදා චතස්සො...පෙ.... කතං බුද්ධස්ස සාසනං’’. ඉත්ථං සුදං ආයස්මා සාලපුප්ඵදායකො ථෙරො ඉමා ගාථායො අභාසිත්ථාති.,pli,nadil,pali,pali
"‘‘නාගො අයං නීයති භොජනත්ථා (භොජනත්ථං (සී. ස්‍යා. පී.)), පවද්ධකායො උරගො මහන්තො; සාදුඤ්ච ථූලඤ්ච මුදුඤ්ච මංසං, න ත්වං රසඤ්ඤාසි විදෙහපුත්ත.",pli,nadil,pali,pali
"(මේ ඡේද හත මේ වර්ගයේ 1 වෙනි සූත්‍රයේ 1-7 වෙනි ඡේද මෙනි) “තවද මහණෙනි, ආර්‍ය්‍යශ්‍රාවක තෙමේ දානය පිණිස මුදන ලද සිත් ඇත්තේ, දීමෙහි ඇලුනේ, ඉල්ලීමට සුදුසුවූයේ දන් බෙදීමෙහි ඇලුනේ, පහවූ මසුරුමළ ඇති සිතින් ගිහිගෙයි වසයිද සැපයට හේතුවූ මේ සතරවැනි පුන්‍ය ගංගාවය, කුසල ගංගාවය. “මහණෙනි, සැපයට හේතුවූ මේ පුන්‍යගංගා කුසල ගංගා සතර වෙති.”",sin,nadil,sinhala,sinhala
"“එකල්හි මහ නුවණැති, මරණයෙහි කෙළවරට ගිය, නිවන් ලැබීමෙන් මරණ දුක නැතිකළ (බුදුරජතෙම) අති මහත් පිරිස් මැද (හිඳ) මා බැසගත් සැදැහැ ඇති (ශ්‍රද්ධා විමුක්තික)යනට අග්‍රයයි (අගතන්හි) තැබූහ.",sin,nadil,sinhala,sinhala
"“යම් බඳුවූ මම බුදුරජුන් දුටිම්ද, (එහිදී) මා විසිනුදු මනාවූ කර්‍මයක් කරන ලදී. (ඒ හේතුවෙන්) දුගතියක් නොදනිමි. අචලපදයවූ නිවණටද පැමිණියේ වෙමි.",sin,nadil,sinhala,sinhala
"“ඕතොමෝ මෝමය. අනික් තැනැත්තියක් නොවෙයි. මමද හෙතෙමේමය. අනිකෙක් නොවෙමි. ඒ අත් සිඳිනලද කොටාද මේ තෙමේමය. අනිකෙක් නොවේ. මාගේ කුමාර කලම ලද ස්වාමියයි යමක් තොමෝ කීද, (ඕතොමෝ මෑය) ස්ත්‍රීහු නම් වධ කරන්නට සුදුස්සහ. ස්ත්‍රීන් කෙරෙහි සැබවක් නැත්තේය.",sin,nadil,sinhala,sinhala
"එස භිය්‍යො පවෙක්ඛාමි, වම්මිකං සතපොරිසං; තෙලං ලොණඤ්ච කිත්තෙසි (කින්තෙසි (ස්‍යා. පී.)), අහිතං මය්හ පිප්ඵලීති.",pli,nadil,pali,pali
"‘‘දස්සෙත්වා විවිධා ඉද්ධී, ඔරොහිත්වා නභත්තලා; වන්දිත්වා ලොකපජ්ජොතං, එකමන්තං නිසීදි සා.",pli,nadil,pali,pali
08: --,pli,nadil,pali,pali
"‘‘අකිත්තයී විවටචක්ඛු, සක්ඛිධම්මං පරිස්සයවිනයං; පටිපදං වදෙහි භද්දන්තෙ, පාතිමොක්ඛං අථවාපි සමාධිං’’.",pli,nadil,pali,pali
චත්තාරො භික්ඛවො චෙ ච-සාමණෙරෙ තථාපරෙ,pli,nadil,pali,pali
"‘‘කණිකාරා කණ්ණිකා ච, අසනා අජ්ජුනා බහූ; දිබ්බගන්ධං සම්පවන්තා, සොභයන්ති මමස්සමං.",pli,nadil,pali,pali
“කොටස් කර බෙදන ලද ප්‍රමාණවත්වූ කුළු ගෙවල් ඇති මේ විමානයෝ හාත්පසින් යොදුන් සියයක් දිලිසෙමින් ආලෝක පතුරුවත්.,sin,nadil,sinhala,sinhala
"‘‘‘අඤ්ඤෙ (සබ්බෙ (ස්‍යා.)) පීඨෙ ච පල්ලඞ්කෙ, ආසන්දීසු නිසීදරෙ; තුවම්පි සබ්බදස්සාවී, නිසීද රතනාසනෙ’.",pli,nadil,pali,pali
"‘‘උප්පාදෙ දාරුණෙ දිස්වා, සාසනත්ථඞ්ගසූචකෙ; සංවිග්ගා භික්ඛවො සත්ත, චින්තයිම්හ මයං තදා.",pli,nadil,pali,pali
"ඉක්බිති ආයුෂ්මත් ආනන්‍ද ස්ථවිර තෙම භාග්‍යවතුන් වහන්සේ යම් තැනෙක්හිද, එතැනට පැමිණියේය. පැමිණ, භාග්‍යවතුන් වහන්සේට වැඳ, එකත්පස්ව හුන්නේය. එකත්පස්ව හුන්නාවූ ආයුෂමත් ආනන්‍ද ස්ථවිර තෙම භාග්‍යවතුන් වහන්සේට මෙය සැළකෙළේය. “ස්වාමීනි, යම් පරිද්දෙකින් පෘථිවියෙහි පෘථිවිය යන සංඥා ඇත්තේ නොවන්නේද, ජලයෙහි ජලය යන සංඥා ඇත්තේ නොවන්නේද, තෙජසෙහි තෙජස යන සංඥා ඇත්තේ නොවන්නේද, වායුවෙහි වායුව යන සංඥා ඇත්තේ නොවන්නේද, ආකාශානඤචායතනයෙහි ආකාශානඤචායතනය යන සංඥා ඇත්තේ නොවන්නේද, විඤ්ඤාණඤ්චායතනයෙහි විඤ්ඤාණඤ්චායතන යන සංඥා ඇත්තේ නොවන්නේද, ආකිඤ්චඤ්ඤායතනයෙහි ආකිඤ්චඤ්ඤායතනය යන සංඥා ඇත්තේ නොවන්නේද, නෙවසඤ්ඤානාසඤ්ඤායතනයෙහි නෙවසඤ්ඤානාසඤ්ඤායතනය යන සංඥා ඇත්තේ නොවන්නේද? මේ ලෝකයෙහි උපදනා ධ්‍යානයෙහි මේ ලෝකයෙහි උපදනා ධ්‍යානය යන සංඥා ඇත්තේ නොවන්නේද, පරලොව උපදනා ධ්‍යානයෙහි, පරලොව උපදනා ධ්‍යානය යන සංඥා ඇත්තේ නොවන්නේද? යම්බඳුවූ මේ දක්නා ලද්දය, අසන ලද්දය, ස්පර්‍ශ කරණ ලද්දය, දැනගන්නා ලද්දය, පැමිණෙන ලද්දය, සොයන ලද්දය, සිතින් අනුව හැසිරෙන ලද්දය, යන යමක් වේද, එහිද සංඥා ඇත්තේ නොවන්නේද? එතකුදු වුවත් සංඥාව ඇත්තේ වන්නේද, එබඳුවු සමාධි ප්‍රතිලාභයෙක් භික්‍ෂුහට වන්නේදැ” යි ඇසුවේය. “ආනන්‍දය, යම් සේ පෘථිවියෙහි පෘථිවිය යන සංඥා ඇත්තේ නොමවන්නේද, ජලයෙහි ජලය යන සංඥා ඇත්තේ නොවන්නේද, තෙජස්හි තෙජසය යන සංඥා ඇත්තේ නොවන්නේද, වාතයෙහි වාතය යන සංඥා ඇත්තේ නොවන්නේද, ආකාශානඤචායතනයෙහි ආකාශානඤචායතනය යන සංඥා ඇත්තේ නොවන්නේද, විඤ්ඤාණඤ්චායතනයෙහි විඤ්ඤාණඤ්චායතන යන සංඥා ඇත්තේ නොවන්නේද, ආකිඤ්චඤ්ඤායතනයෙහි ආකිඤ්චඤ්ඤායතනය යන සංඥා ඇත්තේ නොවන්නේද, නෙවසඤ්ඤානාසඤ්ඤායතනයෙහි නෙවසඤ්ඤානාසඤ්ඤායතනය යන සංඥා ඇත්තේ නොවන්නේද? මෙලොව උපදනා ධ්‍යානයෙහි මෙලොව උපදනා ධ්‍යාන සංඥා ඇත්තේ නොවන්නේද, දක්නා ලදය, අසන ලදය, ස්පර්‍ශ කරණ ලදය, දැන ගන්නා ලදය, පැමිණෙන ලදය, සොයන ලදය, සිතින් අනුව හැසිරෙන ලදය, යන මේ යමකුත් වේද, එහිද සංඥා ඇත්තේ නොවන්නේද, එතකුදු වුවත් එහිද සංඥා ඇත්තේත් වන්නේද, එබඳුවූ සමාධි ප්‍රතිලාභයෙන් භික්‍ෂුවවට ඒ කෙසේ නම් වන්නේදැයි ස්වාමීනි, යම් සේ පෘථිවියෙහි පෘථිවිය යන සංඥා ඇත්තේ නොමවන්නේද, ජලයෙහි ජලය යන සංඥා ඇත්තේ නොවන්නේද, තෙජස්හි තෙජස යන සංඥා ඇත්තේ නොවන්නේද, වායුව කෙරෙහි වායුව යන සංඥා ඇත්තේ නොවන්නේද, ආකාශානඤචායතනයෙහි ආකාශානඤචායතනය යන සංඥා ඇත්තේ නොවන්නේද, විඤ්ඤාණඤ්චායතනයෙහි විඤ්ඤාණඤ්චායතන යන සංඥා ඇත්තේ නොවන්නේද, ආකිඤ්චඤ්ඤායතනයෙහි ආකිඤ්චඤ්ඤායතනය යන සංඥා ඇත්තේ නොවන්නේද, නෙවසඤ්ඤානාසඤ්ඤායතනයෙහි නෙවසඤ්ඤානාසඤ්ඤායතනය යන සංඥා ඇත්තේ නොවන්නේද? මෙලොව උපදනා ධ්‍යානයෙහි මෙලොව උපදනා ධ්‍යානය යන සංඥා ඇත්තේ නොවන්නේද, පරලොව උපදනා ධ්‍යානයෙහි, පරලොව උපදනා ධ්‍යානය යන සංඥා ඇත්තේ නොවන්නේද? දක්නා ලද, අසන ලද, ස්පර්‍ශ කරණ ලද, දැනගන්නා ලද, පැමිණෙන ලද, සොයන ලද, සිතින් අනුව හැසිරෙන ලද, මේ යමකුත් වේද, එහිද සංඥා ඇත්තේ නොවන්නේද, එතකුදු වුවත් සංඥා ඇත්තේත් වන්නේද, එබඳුවු සමාධි ප්‍රතිලාභයෙක් භික්‍ෂුහට ඒ කෙසේ නම් වන්නේදැ” යි (විචාළේය.) “ආනන්‍දය, මේ ශාසනයෙහි භික්‍ෂු තෙම යම් මේ සියලු සංස්කාරයන්ගේ සංසිඳීමවූ, සියලු කෙළෙසුන්ගේ දුරලීමවූ, තෘෂ්ණාව නැසීමවූ, නො ඇල්මවූ, නිරෝධයවූ, නිවණක් වේද, මෙය ශාන්තය, මෙය ප්‍රණීතයයි මෙබඳු සංඥා ඇත්තේ වේද, ආනන්‍දය, යම්සේ පෘථිවියෙහි පෘථිවිය යන සංඥා ඇත්තේ නොමවන්නේද, ජලයෙහි ජලය යන සංඥා ඇත්තේ නොවන්නේද, තෙජස්හි තෙජස යන සංඥා ඇත්තේ නොවන්නේද, වාතයෙහි වාතය යන සංඥා ඇත්තේ නොවන්නේද, ආකාශානඤචායතනයෙහි ආකාශානඤචායතනය යන සංඥා ඇත්තේ නොවන්නේද, විඤ්ඤාණඤ්චායතනයෙහි විඤ්ඤාණඤ්චායතන යන සංඥා ඇත්තේ නොවන්නේද, ආකිඤ්චඤ්ඤායතනයෙහි ආකිඤ්චඤ්ඤායතනය යන සංඥා ඇත්තේ නොවන්නේද, නෙවසඤ්ඤානාසඤ්ඤායතනයෙහි නෙවසඤ්ඤානාසඤ්ඤායතනය යන සංඥා ඇත්තේ නොවන්නේද, මෙලොව උපදනා ධ්‍යානයෙහි මෙලොව උපදනා ධ්‍යානය යන සංඥා ඇත්තේ නොවන්නේද, පරලොව උපදනා ධ්‍යානයෙහි, පරලොව උපදනා ධ්‍යානය යන සංඥා ඇත්තේ නොවන්නේද, දක්නා ලදය, අසන ලදය, ස්පර්‍ශ කරණ ලදය, දැනගන්නා ලදය, පැමිණෙන ලදය, සොයන ලදය, සිතින් අනුව හැසිරෙන ලදය, යන මේ යමකුත් වේද, එහිදු සංඥා ඇත්තේ නොවන්නේද, එතකුදු වුවත් සංඥා ඇත්තේත් වන්නේද, මෙසේ වනාහි භික්‍ෂුහට එබඳු සමාධි ප්‍රතිලාභයක් වන්නේය” යි වදාළේය. සාරිපුත්ත සමාධි සූත්‍රය ඉක්බිති ආයුෂ්මත් ආනන්‍ද ස්ථවිරතෙම, භාග්‍යවතුන් වහන්සේගේ භාෂිතය සතුටින් පිළිගෙණ, අනුමෝදන්ව, හුනස්නෙන් නැගිට, භාග්‍යවතුන් වහන්සේට පැමිණ වැඳ, පැදකුණුකොට, ආයුෂ්මත් සාරීපුත්‍ර ස්ථවිරයන් වහන්සේ යම් තැනෙක්හිද, එතැනට පැමිණියේය. පැමිණ, ආයුෂ්මත් සාරීපුත්‍ර ස්ථවිරයන් වහන්සේ සමග සතුටුවූයේය. සතුටුවියයුතුවූ, සිහිකටයුතුවූ, කථාව කොට නිමවා එකත්පස්ව හුන්නේය. එකත්පස්ව හුන්නාවූම ආයුෂ්මත් ආනන්‍ද ස්ථවිරතෙම, ආයුෂ්මත් සාරීපුත්‍ර ස්ථවිරයන් වහන්සේට මෙය සැළ කෙළේය. “ආයුෂ්මත් සාරීපුත්‍ර ස්ථවිරයන් වහන්ස, යම් සේ පෘථිවියෙහි පෘථිවිය යන සංඥා ඇත්තේ නොවන්නේද, ජලයෙහි ජලය යන සංඥා ඇත්තේ නොවන්නේද, තෙජස්හි තෙජස යන සංඥා ඇත්තේ නොවන්නේද, වාතයෙහි වාතය යන සංඥා ඇත්තේ නොවන්නේද, ආකාශානඤචායතනයෙහි ආකාශානඤචායතනය යන සංඥා ඇත්තේ නොවන්නේද, විඤ්ඤාණඤ්චායතනයෙහි විඤ්ඤාණඤ්චායතන යන සංඥා ඇත්තේ නොවන්නේද, ආකිඤ්චඤ්ඤායතනයෙහි ආකිඤ්චඤ්ඤායතනය යන සංඥා ඇත්තේ නොවන්නේද, නෙවසඤ්ඤානාසඤ්ඤායතනයෙහි නෙවසඤ්ඤානාසඤ්ඤායතනය යන සංඥා ඇත්තේ නොවන්නේද, මෙලොව උපදනා ධ්‍යානයෙහි මෙලොව උපදනා ධ්‍යානය යන සංඥා ඇත්තේ නොවන්නේද, පරලොව උපදනා ධ්‍යානයෙහි, පරලොව උපදනා ධ්‍යානය යන සංඥා ඇත්තේ නොවන්නේද, දක්නා ලදය, අසන ලදය, ස්පර්‍ශ කරණ ලදය, දැනගන්නා ලදය, පැමිණෙන ලදය, සොයන ලදය, සිතින් අනුව හැසිරෙන ලදය යන මේ යමකුත් ඇද්ද, එහිදු සංඥා ඇත්තේ නොවන්නේද? එතකුදු වුවත් සංඥා ඇත්තේත් වන්නේද? එබඳුවූ සමාධි ප්‍රතිලාභයෙක් භික්‍ෂුහට වන්නේද?” “ආයුෂ්මත්වූ ආනන්‍දය, යම් සේ පෘථිවියෙහි පෘථිවිය යන සංඥා ඇත්තේ නොම වන්නේද, ජලයෙහි ජලය යන සංඥා ඇත්තේ නොවන්නේද, තෙජස්හි තෙජස යන සංඥා ඇත්තේ නොවන්නේද, වාතයෙහි වාතය යන සංඥා ඇත්තේ නොවන්නේද, ආකාශානඤචායතනයෙහි ආකාශානඤචායතනය යන සංඥා ඇත්තේ නොවන්නේද, විඤ්ඤාණඤ්චායතනයෙහි විඤ්ඤාණඤ්චායතන යන සංඥා ඇත්තේ නොවන්නේද, ආකිඤ්චඤ්ඤායතනයෙහි ආකිඤ්චඤ්ඤායතනය යන සංඥා ඇත්තේ නොවන්නේද, නෙවසඤ්ඤානාසඤ්ඤායතනයෙහි නෙවසඤ්ඤානාසඤ්ඤායතනය යන සංඥා ඇත්තේ නොවන්නේද, මෙලොව උපදනා ධ්‍යානයෙහි මෙලොව උපදනා ධ්‍යානය යන සංඥා ඇත්තේ නොවන්නේද, පරලොව උපදනා ධ්‍යානයෙහි, පරලොව උපදනා ධ්‍යානය යන සංඥා ඇත්තේ නොවන්නේද, දක්නා ලදය, අසන ලදය, ස්පර්‍ශ කරණ ලදය, දැනගන්නා ලදය, පැමිණෙන ලදය, සොයන ලදය, සිතින් අනුව හැසිරෙන ලදය යන මේ යමකුත් ඇද්ද, එහිදු සංඥා ඇත්තේ නොවන්නේද? එතකුදු වුවත් සංඥා ඇත්තේත් වන්නේද? එබඳුවූ සමාධි ප්‍රතිලාභයෙක් භික්‍ෂුහට වන්නේය” යි කීයේය. “ආයුෂ්මත්වූ ශාරීපුත්‍ර ස්ථවිරයන් වහන්ස, යම් සේ පෘථිවියෙහි පෘථිවිය යන සංඥා ඇත්තේ නොවන්නේද, ජලයෙහි ජලය යන සංඥා ඇත්තේ නොවන්නේද, තෙජස්හි තෙජස යන සංඥා ඇත්තේ නොවන්නේද, වාතයෙහි වාතය යන සංඥා ඇත්තේ නොවන්නේද, ආකාශානඤචායතනයෙහි ආකාශානඤචායතනය යන සංඥා ඇත්තේ නොවන්නේද, විඤ්ඤාණඤ්චායතනයෙහි විඤ්ඤාණඤ්චායතන යන සංඥා ඇත්තේ නොවන්නේද, ආකිඤ්චඤ්ඤායතනයෙහි ආකිඤ්චඤ්ඤායතනය යන සංඥා ඇත්තේ නොවන්නේද, නෙවසඤ්ඤානාසඤ්ඤායතනයෙහි නෙවසඤ්ඤානාසඤ්ඤායතනය යන සංඥා ඇත්තේ නොවන්නේද, මෙලොව උපදනා ධ්‍යානයෙහි මෙලොව උපදනා ධ්‍යානය යන සංඥා ඇත්තේ නොවන්නේද, පරලොව උපදනා ධ්‍යානයෙහි, පරලොව උපදනා ධ්‍යානය යන සංඥා ඇත්තේ නොවන්නේද, දක්නා ලදය, අසන ලදය, ස්පර්‍ශ කරණ ලදය, දැනගන්නා ලදය, පැමිණෙන ලදය, සොයන ලදය, සිතින් අනුව හැසිරෙන ලදය යන මේ යමකුත් ඇද්ද, එහිදු සංඥා ඇත්තේ නොවන්නේද? එතකුදු වුවත් සංඥා ඇත්තේත් වන්නේද? එබඳුවූ සමාධි ප්‍රතිලාභයෙක් භික්‍ෂුහට වන්නේදැ?” යි විචාළේය. “ආයුෂ්මත්වු ආනන්‍දය, මේ ශාසනයෙහි භික්‍ෂුතෙම හෙබඳු සංඥා ඇත්තේ වේ. එනම් සියලු සංස්කාරයන්ගේ සංසිඳීම් ඇති, සියලු කෙළෙසුන්ගේ දුරලීම ඇති, තෘෂ්ණාවගේ ක්‍ෂය කිරීම ඇති, නො ඇල්ම ඇත්තාවූ, නිරෝධයවූ, නිවණක් වේද, මෙය ශාන්තය, මෙය ප්‍රණීතය කියායි. ආයුෂ්මත්වූ ආනන්‍දය, යම් සේ පෘථිවියෙහි පෘථිවිය යන සංඥා ඇත්තේ, නොමවන්නේද, ජලයෙහි ජලය යන සංඥා ඇත්තේ නොවන්නේද, තෙජස්හි තෙජස යන සංඥා ඇත්තේ නොවන්නේද, වාතයෙහි වාතය යන සංඥා ඇත්තේ නොවන්නේද, ආකාශානඤචායතනයෙහි ආකාශානඤචායතනය යන සංඥා ඇත්තේ නොවන්නේද, විඤ්ඤාණඤ්චායතනයෙහි විඤ්ඤාණඤ්චායතන යන සංඥා ඇත්තේ නොවන්නේද, ආකිඤ්චඤ්ඤායතනයෙහි ආකිඤ්චඤ්ඤායතනය යන සංඥා ඇත්තේ නොවන්නේද, නෙවසඤ්ඤානාසඤ්ඤායතනයෙහි නෙවසඤ්ඤානාසඤ්ඤායතනය යන සංඥා ඇත්තේ නොවන්නේද, මෙලොව උපදනා ධ්‍යානයෙහි මෙලොව උපදනා ධ්‍යානය යන සංඥා ඇත්තේ නොවන්නේද, පරලොව උපදනා ධ්‍යානයෙහි, පරලොව උපදනා ධ්‍යානය යන සංඥා ඇත්තේ නොවන්නේද, දක්නා ලදය, අසන ලදය, ස්පර්‍ශ කරණ ලදය, දැනගන්නා ලදය, පැමිණෙන ලදය, සොයන ලදය, සිතින් අනුව හැසිරෙන ලදය යන මේ යමකුත් වේද? එහිදු සංඥා ඇත්තේ නොවන්නේද? එතකුදු වුවත් සංඥා ඇත්තේත් වන්නේද? එබඳුවූ සමාධි ප්‍රතිලාභයෙක් භික්‍ෂුහට වන්නේය” යි කීයේය. “ආයුෂ්මත්නි, යම් ශාසනයෙක්හි ශාස්තෘහුගේද, ශ්‍රාවකයන්ගේද, අත්‍ර්‍ථය සමග අත්‍ර්‍ථය තේරුමෙන් තේරුම බ්‍යඤ්ජනයන් සමග බ්‍යඤ්ජනය අකුරින් අකුර යම් මේ නිවණෙක්හි සංසන්‍දනය වන්නේද, සමාන වන්නේද, විරුද්ධ නොවන්නේද, මෙහ ආශ්චර්‍ය්‍යයයි, අද්භූතයෙකි. ආයුෂ්මත්නි, මම දැන් භාග්‍යවතුන් වහන්සේ වෙත පැමිණ මේ කරුණ විචාළෙමි. භාග්‍යවතුන් වහන්සේදමට මේ පදවලින්ම, ව්‍යඤ්ජනවලින්ම, මේ කරුණ වදාළ සේක. ආයුෂ්මත් ශාරීපුත්‍ර ස්ථවිර තෙමේ යම්සේද, එමෙනි. යම් ශාසනයෙක්හි නම් ශාස්තෘහුගේද, ශ්‍රාවකයාගේද, අත්‍ර්‍ථය සමග අත්‍ර්‍ථය, බ්‍යඤ්ජනය සමග බ්‍යඤ්ජනය, යම් මේ නිවණෙක්හි සංසන්‍දනය වන්නේද, සමාන වන්නේද, විරුද්‍ධ නොවන්නේද, ආයුෂ්මත්නි, මෙය ආශ්චර්‍ය්‍යය, මෙය අද්භූතයයි කීයේය.",sin,nadil,sinhala,sinhala
සාමණෙරො ත්තනො භාතු-තනයං සුකුමාරකං,pli,nadil,pali,sinhala
"‘‘තෙනාහං විමලොභාසා, අතිරොචාමි දෙවතා; තෙන මෙ සබ්බගත්තෙහි, සබ්බා ඔභාසතෙ දිසා.",pli,nadil,pali,pali
“(දැන් එම) බුදුරජතෙම ලොව උපන්නේය. මිනිසත්බවද දුලබය. මෙම (බුදේ‍ධාත්පාදය - මිනිසත්බව යන) දෙකම ඇතිකල්හි සද්‍ධර්‍මශ්‍රවණය අතිශයින් දුර්ලභය.,sin,nadil,sinhala,sinhala
"‘‘ද්වෙමෙ, භික්ඛවෙ, ධම්මා සද්ධම්මස්ස ඨිතියා අසම්මොසාය අනන්තරධානාය සංවත්තන්ති. කතමෙ ද්වෙ? සුනික්ඛිත්තඤ්ච පදබ්‍යඤ්ජනං අත්ථො ච සුනීතො. සුනික්ඛිත්තස්ස, භික්ඛවෙ, පදබ්‍යඤ්ජනස්ස අත්ථොපි සුනයො හොති. ඉමෙ ඛො, භික්ඛවෙ, ද්වෙ ධම්මා සද්ධම්මස්ස ඨිතියා අසම්මොසාය අනන්තරධානාය සංවත්තන්තී’’ති.",pli,nadil,pali,pali
“(ගිලන් ඇඳෙහි වැතිර සිටි) මම එහි ශබ්ද ඇසීමි. ඒ බුදුරජුන් නොදිටීමි. මරණාසන්න අවස්ථාව පැමිණි කල්හිද බුද්‍ධ යන නාමය සිහි කෙළෙමි.,sin,nadil,sinhala,sinhala
"“ස්වාමීනි, ඒ මම කෘශවූයේද පඬුවන් වූයේද වීමි. එහි මට නික්මීමට මාර්ගයක් නොවීය. හදිසියෙන් මහත්වූ වර්ෂාවක් වැස්සේය. උගේ මළ මාර්ගය තෙමුයේය.",sin,nadil,sinhala,sinhala
“වහාම මා සරසව්. මාගේ යෙහෙළියෝද අලංකාර කෙරෙත්වා. සෙට දිව්‍යවූ පසළොස්වක වේ පිය රජුවෙතට යන්නෙමි.”,sin,nadil,sinhala,sinhala
"845-856 1. [2]“මහණෙනි, යම්සේ ගංගා නදිය පෙරදිගට නැමීයේද පෙරදිගට වක්ව යේද පෙරදිගට අවනතව යේද....” (යනාදී වශයෙන් විස්තර කටයුතුය) 2-12. ගංගා පෙය්‍යාලය ඉර්ධිපාදය වශයෙන් විස්තර කළයුතුයි.",sin,nadil,sinhala,sinhala
"“බමුණ කිමෙක්ද? බමුණෝ සිව් වැදෑරුම් සේවය නියම කරතියි සියලු ලෝකයා එයට අනුදුසුද?” “භවත් ගෞතමයන් වහන්ස, මෙයට සියලු ලෝකයා කැමැති නොවේ”. “බමුණ, යම්සේ දිළිඳුවූ, ධන නැත්තාවූ සහල් නැළියක්වත් නැත්තාවූ පුරුෂයෙක් වේද, නොකැමතිවූ ඔහුට කොටස් නියම කරන්නාහුය. (එල්ලුහ) ‘එම්බා පුරුෂය, මෙහි තා විසින් මස් කෑ යුතුයි. මිලද දිය යුතුයි.’ (කියායි) මෙපරිද්දෙන් බමුණ, යම් ඒ මහණ බමුණන්ගේ කැමැත්තක් නැතිව බමුණෝ මේ සේවය කිරීම් සතර පණවත්. “බමුණ, මම සියල්ල සේවය කළ යුතුයයි නොකියමි බමුණ, මම සියල්ල සේවය නොකළ යුතුයයි නොකියමි. බමුණ, යමක් සේවය කරන්නාහුට සේවය කිරීමේ හේතුවෙන් පවක් වන්නේද, වැඩක් නොවන්නේද, බමුණ, මම එය සේවය කළ යුතුයයි නොකියමි. බමුණ, යම් හෙයකින් වනාහි සේවය කරන්නහුට සේවය කිරීමේ හේතුවෙන් යහපතක් වන්නේද, පාපයක් නොවන්නේද, එය මම සේවය කළ යුතුයයි කියමි. “බමුණ, ක්ෂත්‍රියයාගෙන්ද, මෙසේ විචාරන්නාහු යමක් සේවය කරන්නාවූ ඔබට (එය) සේවය කිරීමේ හේතුවෙන් පාපයක් වන්නේද, යහපතක් නොවන්නේද, යමක් සේවය කරන්නාවූ ඔබට (එය) සේවය කිරීමේ හේතුවෙන් යහපතක් වන්නේද, පාපයක් නොවන්නේද, මෙහිද කුමක් සේවය කරන්නට කැමැතිවෙහිදැයි’ බමුණ, ක්ෂත්‍රියයාද මනාව ප්‍රකාශ කරමින් මෙසේ ප්‍රකාශ කරන්නේය. ‘යමක් සේවය කරන්නාවූ මට (එය) සේවය කිරීමේ හේතුවෙන් පාපයක් වන්නේද, යහපතක් නොවන්නේද, මම එය සේවය නොකරමි. යමක් සේවනය කරන්නාවූ මට (එය) සේවය කිරීමේ හේතුවෙන් යහපතක් වන්නේද පවක් වන්නේද, එය මම සේවය කරමි. බමුණ, බමුණාගෙන් මෙසේ විචාරන්නාහුය. යමක් සේවය කරන්නාවූ ඔබට (එය) සේවය කිරීමේ හේතුවෙන්, පාපයක් වන්නේද, යහපත් නොවන්නේද, යමක් සේවය කරන්නාවූ ඔබට (එය) සේවය කිරීමේ හේතුවෙන් යහපතක් වන්නේද, පාපයක් නොවන්නේද, මෙහිදී කුමක් සේවය කරන්නාට කැමැත්තෙහිදැයි බමුණ, බමුණාද මනාව ප්‍රකාශ කරමින් මෙසේ ප්‍රකාශ කරන්නේය. ‘යමක් සේවය කරන්නාවූ මට (එම) සේවය කිරීමේ හේතුවෙන් පාපයක් වන්නේද යහපත් නොවන්නේද, මම එය සේවය නොකරමි. යමක් සේවය කරන්නාවූ මට (එය) සේවය කිරීමේ හේතුවෙන් යහපතක් වන්නේද, පාපයක් නොවන්නේද, මම එය සේවය කරමි. ‘බමුණ, වෛශ්‍යයාගෙන්ද මෙසේ විචාරන්නාහුය. ‘යමක් සේවය කරන්නාවූ ඔබට (එය) සේවය කිරීමේ හේතුවෙන් පාපයක් වන්නේද, යහපතක් වන්නේද යමක් සේවය කරන්නාවූ ඔබට (එය) සේවය කිරීමේ හේතුවෙන් යහපතක් වන්නේද, පාපයක් නොවන්නේද, මෙහිදී කුමක් සේවය කරන්ට කැමැත්තේහිදැයි’ ‘බමුණ, වෛශ්‍යයාද මනාව ප්‍රකාශ කරමින් මෙසේ ප්‍රකාශ කරන්නේය. ‘යමක් සේවය කරන්නාවූ මට (එය) සේවය කිරීමේ හේතුවෙන් පාපයක් වන්නේද, යහපතක් නොවන්නේද මම එය සේවය නොකරමි. යමක් සේවය කරන්නාවූ මට (එය) සේවය කිරීමේ හේතුවෙන් යහපතක් වන්නේද, යහපතක් නොවන්නේද එය මම සේවය කරමි’. “බමුණ, ශුද්‍රයාගෙන්ද මෙසේ විචාරන්නාහුය. ‘යමක් සේවය කරන්නාවූ ඔබට (එය) සේවය කිරීමේ හේතුවෙන් පාපයක් වන්නේද, යමක් සේවය කරන්නාවූ ඔබට (එය) සේවය කිරීමේ හේතුවෙන් යහපතක් වන්නේද, පවක් නොවන්නේද මෙහිදී කුමක් සේවය කරන්නට කැමැති වෙහුදැයි’. ශුද්‍රයාද මනාව පවසමින් මෙසේ පවසන්නේය. ‘යමක් සේවය කරන්නාවූ මට (එය) සේවය කිරීමේ හේතුවෙන් පාපයක් වන්නේද, යහපතක් වන්නේද, මම එය සේවය නොකරමි. සේවනය කරන්නාවූ මට (එය) සේවය කිරීමේ හේතුවෙන් යහපතක් වන්නේද, පාපයක් නොවන්නේද, එය මම සේවය කරමි’. “බමුණ, මම උසස් කුල ඇති බව උසස්යයි නොකියමි. බමුණ, මම වනාහි උසස් කුල ඇති බව පහත්යයි නොකියමි. බමුණ, මම පහත් වර්ණ ඇතිබව උසස්යයි නොකියමි. බමුණ, මම වනාහි පහත් වර්ණ ඇති බව පහත්යයි නොකියමි. බමුණ, මම මහත් භෝග ඇති බව උසස්යයි නොකියමි බමුණ, මම වනාහි මහත් භෝග ඇතිබව පහත්යයි නොකියමි.",sin,nadil,sinhala,sinhala
‘‘පටිසම්භිදා චතස්සො...පෙ.... කතං බුද්ධස්ස සාසනං’’. ඉත්ථං සුදං ආයස්මා සාගතො ථෙරො ඉමා ගාථායො අභාසිත්ථාති.,pli,nadil,pali,pali
"“තවද ශීලයන්හි නොපිහිටියාවූ ස්වකීය පුත්‍රයෙකු හෝ සහෝදරයෙකු හෝ තනතුරෙහි නොතබන්නේද, අඥානවූ ඔහු වනාහි අංග සමානයෝ නොවෙත්. පරලොව ගියහු යම්සේද ඔව්හුද එසේමැයි. ඇවිත් ඉඳගත්තාවූ ඔවුන්ට වස්ත්‍ර කඩක්ද ආහාරයක්ද පමණක් දෙවන්නේද, හෙතෙම රජ ගෙදර විසීමට සුදුසු වන්නේය.",sin,nadil,sinhala,sinhala
"“කඩුවටද හුලටද, නගනලද්දේය. මේ වනාහි ඒ මාගේ ප්‍රියාව නොදනී. ඒ චණ්ඩ තැනැත්තී මා කෙරෙහි ක්‍රෝධය කරන්නීය. ඇගේ ඒ කෝපය මා තවයි මෙහි මේ හුල ඇවිණී දුක මා නොතවයි.",sin,nadil,sinhala,sinhala
“එහිදී මම පිරිස් මැදට ගොස් හැබෑ කියන්ට යුතු කාලය පැමිණ සිටි කල්හි වැඩ ඇති කාරණය හැරදමා අධර්මය අනුව පැවතුනෙමි.,sin,nadil,sinhala,sinhala
"‘‘ඔරිමඤ්ච, භික්ඛවෙ, තීරං දෙසෙස්සාමි පාරිමඤ්ච තීරං. තං සුණාථ...පෙ.... කතමඤ්ච, භික්ඛවෙ, ඔරිමං තීරං, කතමඤ්ච පාරිමං තීරං? පාණාතිපාතො, භික්ඛවෙ, ඔරිමං තීරං, පාණාතිපාතා වෙරමණී පාරිමං තීරං. අදින්නාදානං ඔරිමං තීරං, අදින්නාදානා වෙරමණී පාරිමං තීරං. කාමෙසුමිච්ඡාචාරො ඔරිමං තීරං, කාමෙසුමිච්ඡාචාරා වෙරමණී පාරිමං තීරං. මුසාවාදො ඔරිමං තීරං, මුසාවාදා වෙරමණී පාරිමං තීරං. පිසුණා වාචා ඔරිමං තීරං, පිසුණාය වාචාය වෙරමණී පාරිමං තීරං. ඵරුසා වාචා ඔරිමං තීරං, ඵරුසාය වාචාය වෙරමණී පාරිමං තීරං. සම්ඵප්පලාපො ඔරිමං තීරං, සම්ඵප්පලාපා වෙරමණී පාරිමං තීරං. අභිජ්ඣා ඔරිමං තීරං, අනභිජ්ඣා පාරිමං තීරං. බ්‍යාපාදො ඔරිමං තීරං, අබ්‍යාපාදො පාරිමං තීරං. මිච්ඡාදිට්ඨි ඔරිමං තීරං, සම්මාදිට්ඨි පාරිමං තීරං. ඉදං ඛො, භික්ඛවෙ, ඔරිමං තීරං, ඉදං පාරිමං තීරන්ති. ‘‘අප්පකා තෙ මනුස්සෙසු, යෙ ජනා පාරගාමිනො; අථායං ඉතරා පජා, තීරමෙවානුධාවති. ‘‘යෙ ච ඛො සම්මදක්ඛාතෙ, ධම්මෙ ධම්මානුවත්තිනො; තෙ ජනා පාරමෙස්සන්ති, මච්චුධෙය්‍යං සුදුත්තරං. ‘‘කණ්හං ධම්මං විප්පහාය, සුක්කං භාවෙථ පණ්ඩිතො; ඔකා අනොකමාගම්ම, විවෙකෙ යත්ථ දූරමං. ‘‘තත්‍රාභිරතිමිච්ඡෙය්‍ය, හිත්වා කාමෙ අකිඤ්චනො; පරියොදපෙය්‍ය අත්තානං, චිත්තක්ලෙසෙහි පණ්ඩිතො. ‘‘යෙසං සම්බොධියඞ්ගෙසු, සම්මා චිත්තං සුභාවිතං; ආදානපටිනිස්සග්ගෙ, අනුපාදාය යෙ රතා; ඛීණාසවා ජුතිමන්තො, තෙ ලොකෙ පරිනිබ්බුතා’’ති. චතුත්ථං;",pli,nadil,pali,pali
සාමොපාලිනිකායස්මිං - යතීහි විසදං සුභං,pli,nadil,pali,pali
"“මහණෙනි, මේ විපත් පසක් වෙත්. කවර පසක්ද යත්, නෑයන් පිළිබඳ විපතය, සම්පත් පිළිබඳ විපතය, රෝග පිළිබඳ විපතය, ශීලය පිළිබඳ විපතය, දෘෂ්ටිය පිළිබඳ විපතය, යන පසයි. මහණෙනි, සත්ත්‍වයෝ නෑයන් පිළිබඳ විපතය හේතුකොට ගෙණ හෝ සම්පත් පිළිබඳ විපතය හේතුකොට ගෙන හෝ රෝග පිළිබඳ විපතය හේතුකොට ගෙන හෝ, “ශරීරයාගේ බිඳීමෙන් මරණින් මත්තෙහි සැප නැත්තාවූ, දුකට පිහිටවූ, විවසව පතිත වන්නාවූ, නරකයෙහි නූපදිත්. “මහණෙනි, සත්ත්‍වයෝ ශීලය පිළිබඳ විපත හේතුකොට ගෙන හෝ දෘෂ්ටිය පිළිබඳ විපත හේතුකොට ගෙන හෝ ශරීරයාගේ බිඳීමෙන් මරණින් මත්තෙහි සැප නැත්තාවූ, දුකට පිහිටවූ, විවසව පතිත වන්නාවූ, නරකයෙහි උපදිත්. මහණෙනි, මොහු වනාහි විපත් පස වෙත්. “මහණෙනි, මේ සම්පත් පසක් වෙත්. කවර පසක්ද යත්, ඥාති සම්පත්තිය, භොග සම්පත්තිය, ආරෝග්‍ය සම්පත්තිය, ශීල සම්පත්තිය, දෘෂ්ටි සම්පත්තිය යන පසයි. මහණෙනි, සත්ත්‍වයෝ ඤාති සම්පත්තිය හේතුකොට ගෙණ හෝ, භෝග සම්පත්තිය හේතුකොට ගෙණ හෝ, ආරෝග්‍ය සම්පත්තිය හේතුකොට ගෙණ හෝ “ශරීරයාගේ බිඳීමෙන් මරණින් මත්තෙහි යහපත් ගති ඇති, පස්කම් සැපයෙන් අග්‍රවූ දිව්‍ය ලෝකයෙහි නූපදිත්. “මහණෙනි, සත්ත්‍වයෝ ශීල සම්පත්තිය හේතුකොට ගෙන හෝ, දෘෂ්ටි සම්පත්තිය හේතුකොට ගෙණ හෝ, ශරීරයාගේ බිඳීමෙන් මරණින් මතු යහපත් ගති ඇති, පස්කම් සැපයෙන් අග්‍රවූ දිව්‍ය ලෝකයෙහි උපදිත්. මහණෙනි, මොහු වනාහි සම්පත් පස වෙත්” යයි වදාළ සේක.",sin,nadil,sinhala,sinhala
"‘‘පවාළංසා පවාළවණ්ණා, කාචි ලොහිතකා සුභා; ඉන්දගොපකවණ්ණාභා, භූමි ඔභාසතී දිසා.",pli,nadil,pali,pali
"‘‘‘හන්දාහං පරිනිබ්බිස්සං, මා විපත්තිතමද්දසං; එවාහං චින්තයිත්වාන, දිස්වාන ඉසිසත්තමං.",pli,nadil,pali,pali
"“සියලුම භූමිතුනට අයත් ධර්මයෝ අනාත්මයයි විදර්ශනා ප්‍රඥාවෙන් දකීද, එකල්හි සසර දුකෙහි කලකිරෙයි. විශුද්ධිය පිණිස එයම මාර්ගයද වෙයි.",sin,nadil,sinhala,sinhala
"විමුත්ති විමුත්ති ඤාණ දස්සනත්ථාය, විමුත්තිඤාණදස්සනං අනුපා",pli,nadil,pali,pali
ආචරියවාදොපි සුත්තානුලොමෙඔතාරෙතබ්බො තත්ථ ඔරන්තො ස,pli,nadil,pali,pali
"“ැමතිවන ලද්දාවූ රිසියෙනතාක් රන්මුවාවූද, මිණිමුවාවූද, පියුමරාමිණිමුවාවූද, පිළිමිණිමුවාවූද, පර්‍ය්‍යඞ්කයෝ (එහි) වෙත්.",sin,nadil,sinhala,sinhala
"‘‘‘ඡත්තිංසක්ඛත්තුං දෙවින්දො, දෙවරජ්ජං කරිස්සසි; තෙත්තිංසක්ඛත්තුං රාජා ච, චක්කවත්තී (චක්කවත්ති (ස්‍යා.)) භවිස්සසි.",pli,nadil,pali,pali
"“සියලු දෙවියෝද, බ්‍රහ්මයෝද, සියලු දීර්ඝ ජාතීහුද, සියලු සත්වයෝද, යන මොහු යමක්හුගේ මෛත්‍රී සිතින් පුදන ලද්දාහු වෙද්ද, එය සියලු භූතයන් කෙරෙහි මිනිසුන්ට මංගල නම් වෙයි කියත්.",sin,nadil,sinhala,sinhala
"‘‘සිනෙරුසමසන්තොසො , ධරණීසම (ධරණීධර (සී. ස්‍යා.)) සාදිසො; වුට්ඨහිත්වා සමාධිම්හා, භික්ඛාය මමුපට්ඨිතො.",pli,nadil,pali,pali
"“මනාවූ කුඩා තොටුපොලවල් ඇති, මනොඥවූ නදිහු එහි ගලා බසිත්. එම නදීහු හැම කල්හි පිරිසිදු දිය ඇත්තාහුය. (එසේම) සිහිල් දිය ඇත්තාහුය. සුන්දරවෙති.",sin,nadil,sinhala,sinhala
"“මින් සියක් දහස්වන කපෙහි යම් පුෂ්ප පූජාවක් කෙළෙම්ද, (ඒ හේතුවෙන්) දුගතියක් නොදනිමි. චිතක පූජාවෙහි මේ විපාකයයි.",sin,nadil,sinhala,sinhala
"‘‘නාහං, භික්ඛවෙ, අඤ්ඤං එකධම්මම්පි සමනුපස්සාමි යො එවං මහතො අත්ථාය සංවත්තති යථයිදං, භික්ඛවෙ, සන්තුට්ඨිතා. සන්තුට්ඨිතා, භික්ඛවෙ, මහතො අත්ථාය සංවත්තතී’’ති. නවමං.",pli,nadil,pali,pali
"“මින් දෙයානූවන කපෙහි වූ එකල්හි යම් නෙළුඹල දනක් දුනිම්ද, (ඒ හේතුවෙන්) දුගතියක් නොදනිමි. නෙළුඹල දනෙහි මේ විපාකයයි.",sin,nadil,sinhala,sinhala
"“සිව් පිළිසිඹියාවෝද, අෂ්ට විමොක්‍ෂයෝද, ෂඩභිඥාවෝද සාක්‍ෂාත් කරණ ලදී. බුදුරජාණන් වහන්සේගේ සසුනද කරණලදී. මෙහි මේ අයුරින් ආයුෂ්මත් පුබ්බඞ්ගමිය තෙරුන් වහන්සේ මෙම ගාථාවන් වදාළ සේක.”",sin,nadil,sinhala,sinhala
"“මහණෙනි, මේ පුද්ගලයෝ සතර දෙනෙක් ලෝකයෙහි වෙත්. කවර සතර දෙනෙක්ද යත්, රූපය ප්‍රමාණයයි ගෙන, රූපයෙහි පැහැදෙන පුද්ගලයාය, ශබ්දය ප්‍රමාණයයි ගෙන, ශබ්දයෙහි පැහැදෙන පුද්ගලයාය, රූක්‍ෂ ප්‍රතිපත්තිය ප්‍රමාණයයි ගෙන, රූක්‍ෂ ප්‍රතිපත්තියෙහි පැහැදෙන පුද්ගලයාය, ධර්මය ප්‍රමාණයයි ගෙන, ධර්මයෙහි පැහැදෙන පුද්ගලයාය, මහණෙනි, මේ සතර පුද්ගලයෝ ලෝකයෙහි ඇත්තාහ. විද්‍යමාන වෙත්.” “යමෙක් රූපය ප්‍රමාණ කළාහුද, යමෙක් ශබ්දයෙහි පැහැදුනාහුද? ඡන්‍ද රාග වශයෙන් යුක්ත ඔවුහු ඒ ජනයා නොහඳුනත්. අධ්‍යාත්මයද නොදනිත්. පිටත්හි ප්‍රතිපත්තියද නොදනී. ඒකාන්තයෙන් ඒ බාල තෙම ශබ්දයෙන් පමණක් ප්‍රමාණ කරයිද, හාත්පසින් ආවරණවූයේ වේ. අධ්‍යාත්ම ගුණය නොදනීද, බාහිර ප්‍රතිපත්ති නොදනීද, බාහිර සත්කාර ඵල දක්නේ, හෙතෙමේද ශබ්දයෙන් මුලාවෙයි. අධ්‍යාත්ම ගුණය දනීද, බාහිර ප්‍රත්පත්ති නුවණින් දකීද, විවෘතව පෙනෙන ඔහු ශබ්දයෙන් මුළාවට ගෙන නොයයි.”",sin,nadil,sinhala,sinhala
"‘‘තං ඛජ්ජමානං නිරයෙ වසන්තං, ලුද්දෙහි වාළෙහි අඝම්මිගෙහි ච; සඤ්ඡින්නගත්තං රුහිරං සවන්තං, කො චොදයෙ පරලොකෙ සහස්සං.",pli,nadil,pali,pali
"‘‘පදෙසරජ්ජං විපුලං, ගණනාතො අසඞ්ඛියං; උපඩ්ඪදුස්සදානෙන, මොදාමි අකුතොභයො.",pli,nadil,pali,pali
"“සව්සත්නට ඔවා දෙන්නාවූ, දහම් පිළිවිදුවන්නාවූ, (සත්ත්‍වයන්) සසරින් එතර කරන්නාවූ, දේශනාවෙහි දක්‍ෂවූ බුදුරජතෙමේ බොහෝ ජන සමූහයා සසර සයුරින් එතර කරවූහ.",sin,nadil,sinhala,sinhala
"(දී. නි. 3.346, 360; අ. නි. 10.29) ‘‘දසයිමානි , භික්ඛවෙ, කසිණායතනානි. කතමානි දස? පථවීකසිණමෙකො සඤ්ජානාති උද්ධං අධො තිරියං අද්වයං අප්පමාණං; ආපොකසිණමෙකො සඤ්ජානාති...පෙ.... තෙජොකසිණමෙකො සඤ්ජානාති... වායොකසිණමෙකො සඤ්ජානාති... නීලකසිණමෙකො සඤ්ජානාති... පීතකසිණමෙකො සඤ්ජානාති... ලොහිතකසිණමෙකො සඤ්ජානාති... ඔදාතකසිණමෙකො සඤ්ජානාති... ආකාසකසිණමෙකො සඤ්ජානාති... විඤ්ඤාණකසිණමෙකො සඤ්ජානාති උද්ධං අධො තිරියං අද්වයං අප්පමාණං. ඉමානි ඛො, භික්ඛවෙ, දස කසිණායතනානී’’ති. පඤ්චමං.",pli,nadil,pali,pali
"නිමිත්තෙ චතුරො දිස්වා, අස්සයානෙන නික්ඛමිං; ඡබ්බස්සං පධානචාරං, අචරිං දුක්කරං අහං.",pli,nadil,pali,pali
"“භාර්‍ය්‍යාවෝද, දාසිදාසයෝද, හස්ති අශ්ව රථ පාබල සෙනගද, පතිවෘතා ස්ත්‍රීහුද හැම කල්හි පරිභෝග වස්තූහු වෙත්.",sin,nadil,sinhala,sinhala
බොහෝ දුකින් මිරිකෙමින් වීර්යයෙහි ඇළුණු මට නිවන් ලැබිණ. බුද්ධාවවාදය කෙළෙමි. තණ්හාව වියලා අදට සත්දවසක් විය.,sin,nadil,sinhala,sinhala
“ඉදින් ඔහුට අනුජාතවූ සුන්දරවූ ආකාරයෙන් කපනලද හිසරැවුල් ඇති පුරුෂයෙක් ඒ අශ්වයා කටකලියාවෙහි පටියෙන් අල්වාගෙණ අශ්ව මණ්ඩලයෙහි පරිවර්තනය කෙළේ වී නම් වහාම ඒ කොරබැව්හැර ඒ අස් ගොව්වාගේ ප්‍රකෘතියම අනුව ගමන් කෙරේයයි” කීයේය.,sin,nadil,sinhala,sinhala
“මම මෙසේ සිතා සිය සිත පැහැදවීමි. මම (ඒ) එකම වස්ත්‍රය ගෙන බුද්ධ ශ්‍රේෂ්ඨයන් වහන්සේ පිදීමි.,sin,nadil,sinhala,sinhala
"“මේ ලෝකයෙහි බොහෝ ඍෂීහු මනුෂ්‍යයෝ ක්ෂත්‍රියෝ බ්‍රාහ්මණයෝ කුමක් ඇසුරුකොට දෙවියන්ට යාගකළාහුද, යාග කාලයෙහි යමෙක් දැනීම් තුනින් කෙළවරට ගියාහුද, මාර්ග ඥානවෙදයෙන් කෙළවරට ගියාහුද යමෙකුට යාග ද්‍රව්‍ය ලැබෙන්නේද, ඔහුට එය සඵලයයි කියමි.",sin,nadil,sinhala,sinhala
සතුටු සිත් ඇති දෙවි මිනිස්සු පෙර ගමන් පවත්වත්. බොහෝ බෙර වයත්. සාදුකාර පවත්වත්.,sin,nadil,sinhala,sinhala
ඉමස්ස පතිරාජස්ස-කාලෙ ඤ්ඤො පි විචක්ඛණො,pli,nadil,pali,pali
"‘‘කො සූධ තරති ඔඝං, කොධ තරති අණ්ණවං; අප්පතිට්ඨෙ අනාලම්බෙ, කො ගම්භීරෙ න සීදති’’.",pli,nadil,pali,pali
"එවං මෙ සුතං - එකං සමයං භගවා සාවත්ථියං විහරති ජෙතවනෙ අනාථපිණ්ඩිකස්ස ආරාමෙ. තෙන ඛො පන සමයෙන අරිට්ඨස්ස නාම භික්ඛුනො ගද්ධබාධිපුබ්බස්ස (ගන්ධබාධිපුබ්බස්ස (ක.)) එවරූපං පාපකං දිට්ඨිගතං උප්පන්නං හොති - ‘‘තථාහං භගවතා ධම්මං දෙසිතං ආජානාමි යථා යෙමෙ අන්තරායිකා ධම්මා වුත්තා භගවතා තෙ පටිසෙවතො නාලං අන්තරායායා’’ති. අස්සොසුං ඛො සම්බහුලා භික්ඛූ - ‘‘අරිට්ඨස්ස කිර නාම භික්ඛුනො ගද්ධබාධිපුබ්බස්ස එවරූපං පාපකං දිට්ඨිගතං උප්පන්නං - ‘තථාහං භගවතා ධම්මං දෙසිතං ආජානාමි යථා යෙමෙ අන්තරායිකා ධම්මා වුත්තා භගවතා තෙ පටිසෙවතො නාලං අන්තරායායා’’’ති. අථ ඛො තෙ භික්ඛූ යෙන අරිට්ඨො භික්ඛු ගද්ධබාධිපුබ්බො තෙනුපසඞ්කමිංසු; උපසඞ්කමිත්වා අරිට්ඨං භික්ඛුං ගද්ධබාධිපුබ්බං එතදවොචුං - ‘‘සච්චං කිර තෙ, ආවුසො අරිට්ඨ, එවරූපං පාපකං දිට්ඨිගතං උප්පන්නං - ‘තථාහං භගවතා ධම්මං දෙසිතං ආජානාමි යථා යෙමෙ අන්තරායිකා ධම්මා වුත්තා භගවතා තෙ පටිසෙවතො නාලං අන්තරායායා’’’ති. ‘‘එවංබ්‍යාඛො (එවං ඛො (?) භගවතො සම්මුඛායෙවස්ස ‘‘එවංබ්‍යාඛො’’ති) අහං, ආවුසො, භගවතා ධම්මං දෙසිතං ආජානාමි යථා යෙමෙ අන්තරායිකා ධම්මා වුත්තා භගවතා තෙ පටිසෙවතො නාලං අන්තරායායා’’ති. අථ ඛො තෙපි භික්ඛූ අරිට්ඨං භික්ඛුං ගද්ධබාධිපුබ්බං එතස්මා පාපකා දිට්ඨිගතා විවෙචෙතුකාමා සමනුයුඤ්ජන්ති සමනුගාහන්ති (සමනුග්ගාහන්ති (ස්‍යා.)) සමනුභාසන්ති - ‘‘මා හෙවං, ආවුසො අරිට්ඨ, අවච, මා භගවන්තං අබ්භාචික්ඛි; න හි සාධු භගවතො අබ්භක්ඛානං (අබ්භාචික්ඛනං (ක.)), න හි භගවා එවං වදෙය්‍ය. අනෙකපරියායෙනාවුසො අරිට්ඨ, අන්තරායිකා ධම්මා අන්තරායිකා වුත්තා භගවතා, අලඤ්ච පන තෙ පටිසෙවතො අන්තරායාය. අප්පස්සාදා කාමා වුත්තා භගවතා බහුදුක්ඛා බහුපායාසා,ආදීනවො එත්ථ භිය්‍යො. අට්ඨිකඞ්කලූපමා කාමා වුත්තා භගවතා...පෙ.... මංසපෙසූපමා කාමා වුත්තා භගවතා... තිණුක්කූපමා කාමා වුත්තා භගවතා... අඞ්ගාරකාසූපමා කාමා වුත්තා භගවතා... සුපිනකූපමා කාමා වුත්තා භගවතා... යාචිතකූපමා කාමා වුත්තා භගවතා... රුක්ඛඵලූපමා කාමා වුත්තා භගවතා... අසිසූනූපමා කාමා වුත්තා භගවතා... සත්තිසූලූපමා කාමා වුත්තා භගවතා... සප්පසිරූපමා කාමා වුත්තා භගවතා බහුදුක්ඛා බහුපායාසා, ආදීනවො එත්ථ භිය්‍යො’’ති. එවම්පි ඛො අරිට්ඨො භික්ඛු ගද්ධබාධිපුබ්බො තෙහි භික්ඛූහි සමනුයුඤ්ජියමානො සමනුගාහියමානො (සමනුග්ගාහියමානො (ස්‍යා. විනයෙපි)) සමනුභාසියමානො තදෙව (තථෙව තං (විනයෙ)) පාපකං දිට්ඨිගතං ථාමසා පරාමාසා අභිනිවිස්ස වොහරති - ‘‘එවංබ්‍යාඛො අහං, ආවුසො, භගවතා ධම්මං දෙසිතං ආජානාමි යථා යෙමෙ අන්තරායිකා ධම්මා වුත්තා භගවතා තෙ පටිසෙවතො නාලං අන්තරායායා’’ති.",pli,nadil,pali,pali
"(2) (i) “මාඝය මේ ලෝකයෙහි දීමට ඉල්ලීමට සුදුසු දානපතිවූ යම් ගෘහස්ථයෙක් පින් කැමැත්තේ පින බලාපොරොත්තුවෙන් පූජාකරයිද, අන්‍යයන්ට ආහාරපාන දෙමින් කෙළෙස් නැතිකළ දක්ෂිණාර්හයන් සමග සතුටු වන්නේයයිද භාග්‍යවතුන් වහන්සේ වදාළහ.",sin,nadil,sinhala,sinhala
"‘‘මුසාවාදං පුරක්ඛත්වා, ඉච්ඡාලොභඤ්ච පාපකං; උභො සන්ධිමතික්කම්ම, අසාතං උපපජ්ජති’’.",pli,nadil,pali,pali
"‘‘අනාගතප්පජප්පාය, අතීතස්සානුසොචනා; එතෙන බාලා සුස්සන්ති, නළොව හරිතො ලුතො’’.",pli,nadil,pali,pali
"‘‘එහිමං රථමාරුය්හ, රාජසෙට්ඨ දිසම්පති; දෙවා දස්සනකාමා තෙ, තාවතිංසා සඉන්දකා; සරමානා හි තෙ දෙවා, සුධම්මායං සමච්ඡරෙ’’.",pli,nadil,pali,pali
"‘‘පබ්බජිත්වාන කායෙන, පාපකම්මං විවජ්ජයිං; වචීදුච්චරිතං හිත්වා, ආජීවං පරිසොධයිං.",pli,nadil,pali,pali
"ඡ විවාදමූලානි. ඉධාවුසො, භික්ඛු කොධනො හොති උපනාහී. යො සො, ආවුසො, භික්ඛු කොධනො හොති උපනාහී, සො සත්ථරිපි අගාරවො විහරති අප්පතිස්සො, ධම්මෙපි අගාරවො විහරති අප්පතිස්සො, සඞ්ඝෙපි අගාරවො විහරති අප්පතිස්සො, සික්ඛායපි න පරිපූරකාරී (පරිපූරීකාරී (ස්‍යා. කං.)) හොති. යො සො, ආවුසො, භික්ඛු සත්ථරි අගාරවො විහරති අප්පතිස්සො, ධම්මෙ අගාරවො විහරති අප්පතිස්සො, සඞ්ඝෙ අගාරවො විහරති අප්පතිස්සො, සික්ඛාය න පරිපූරකාරී, සො සඞ්ඝෙ විවාදං ජනෙති. යො හොති විවාදො බහුජනඅහිතාය බහුජනඅසුඛාය අනත්ථාය අහිතාය දුක්ඛාය දෙවමනුස්සානං. එවරූපං චෙ තුම්හෙ, ආවුසො, විවාදමූලං අජ්ඣත්තං වා බහිද්ධා වා සමනුපස්සෙය්‍යාථ. තත්‍ර තුම්හෙ, ආවුසො, තස්සෙව පාපකස්ස විවාදමූලස්ස පහානාය වායමෙය්‍යාථ. එවරූපං චෙ තුම්හෙ, ආවුසො, විවාදමූලං අජ්ඣත්තං වා බහිද්ධා වා න සමනුපස්සෙය්‍යාථ. තත්‍ර තුම්හෙ, ආවුසො, තස්සෙව පාපකස්ස විවාදමූලස්ස ආයතිං අනවස්සවාය පටිපජ්ජෙය්‍යාථ. එවමෙතස්ස පාපකස්ස විවාදමූලස්ස පහානං හොති. එවමෙතස්ස පාපකස්ස විවාදමූලස්ස ආයතිං අනවස්සවො හොති. ‘‘පුන චපරං, ආවුසො, භික්ඛු මක්ඛී හොති පළාසී...පෙ.... ඉස්සුකී හොති මච්ඡරී...පෙ.... සඨො හොති මායාවී... පාපිච්ඡො හොති මිච්ඡාදිට්ඨී... සන්දිට්ඨිපරාමාසී හොති ආධානග්ගාහී දුප්පටිනිස්සග්ගී...පෙ.... යො සො, ආවුසො, භික්ඛු සන්දිට්ඨිපරාමාසී හොති ආධානග්ගාහී දුප්පටිනිස්සග්ගී, සො සත්ථරිපි අගාරවො විහරති අප්පතිස්සො, ධම්මෙපි අගාරවො විහරති අප්පතිස්සො, සඞ්ඝෙපි අගාරවො විහරති අප්පතිස්සො, සික්ඛායපි න පරිපූරකාරී හොති. යො සො, ආවුසො, භික්ඛු සත්ථරි අගාරවො විහරති අප්පතිස්සො, ධම්මෙ අගාරවො විහරති අප්පතිස්සො, සඞ්ඝෙ අගාරවො විහරති අප්පතිස්සො , සික්ඛාය න පරිපූරකාරී, සො සඞ්ඝෙ විවාදං ජනෙති. යො හොති විවාදො බහුජනඅහිතාය බහුජනඅසුඛාය අනත්ථාය අහිතාය දුක්ඛාය දෙවමනුස්සානං. එවරූපං චෙ තුම්හෙ, ආවුසො, විවාදමූලං අජ්ඣත්තං වා බහිද්ධා වා සමනුපස්සෙය්‍යාථ. තත්‍ර තුම්හෙ, ආවුසො, තස්සෙව පාපකස්ස විවාදමූලස්ස පහානාය වායමෙය්‍යාථ. එවරූපං චෙ තුම්හෙ, ආවුසො, විවාදමූලං අජ්ඣත්තං වා බහිද්ධා වා න සමනුපස්සෙය්‍යාථ. තත්‍ර තුම්හෙ, ආවුසො, තස්සෙව පාපකස්ස විවාදමූලස්ස ආයතිං අනවස්සවාය පටිපජ්ජෙය්‍යාථ. එවමෙතස්ස පාපකස්ස විවාදමූලස්ස පහානං හොති. එවමෙතස්ස පාපකස්ස විවාදමූලස්ස ආයතිං අනවස්සවො හොති. ‘‘ඡ ධාතුයො - පථවීධාතු, ආපොධාතු, තෙජොධාතු, වායොධාතු, ආකාසධාතු, විඤ්ඤාණධාතු.",pli,nadil,pali,pali
"‘‘චත්තාරිමානි, පුණ්ණ, කම්මානි මයා සයං අභිඤ්ඤා සච්ඡිකත්වා පවෙදිතානි. කතමානි චත්තාරි? අත්ථි, පුණ්ණ, කම්මං කණ්හං කණ්හවිපාකං; අත්ථි, පුණ්ණ, කම්මං සුක්කං සුක්කවිපාකං; අත්ථි, පුණ්ණ, කම්මං කණ්හසුක්කං කණ්හසුක්කවිපාකං; අත්ථි, පුණ්ණ, කම්මං අකණ්හං අසුක්කං අකණ්හඅසුක්කවිපාකං, කම්මක්ඛයාය සංවත්තති . ‘‘කතමඤ්ච, පුණ්ණ, කම්මං කණ්හං කණ්හවිපාකං? ඉධ, පුණ්ණ, එකච්චො සබ්‍යාබජ්ඣං (සබ්‍යාපජ්ඣං (සී. ස්‍යා. කං.)) කායසඞ්ඛාරං අභිසඞ්ඛරොති, සබ්‍යාබජ්ඣං වචීසඞ්ඛාරං අභිසඞ්ඛරොති, සබ්‍යාබජ්ඣං මනොසඞ්ඛාරං අභිසඞ්ඛරොති. සො සබ්‍යාබජ්ඣං කායසඞ්ඛාරං අභිසඞ්ඛරිත්වා, සබ්‍යාබජ්ඣං වචීසඞ්ඛාරං අභිසඞ්ඛරිත්වා, සබ්‍යාබජ්ඣං මනොසඞ්ඛාරං අභිසඞ්ඛරිත්වා, සබ්‍යාබජ්ඣං ලොකං උපපජ්ජති. තමෙනං සබ්‍යාබජ්ඣං ලොකං උපපන්නං සමානං සබ්‍යාබජ්ඣා ඵස්සා ඵුසන්ති. සො සබ්‍යාබජ්ඣෙහි ඵස්සෙහි ඵුට්ඨො සමානො සබ්‍යාබජ්ඣං වෙදනං වෙදෙති එකන්තදුක්ඛං, සෙය්‍යථාපි සත්තා නෙරයිකා . ඉති ඛො, පුණ්ණ, භූතා භූතස්ස උපපත්ති හොති; යං කරොති තෙන උපපජ්ජති, උපපන්නමෙනං ඵස්සා ඵුසන්ති. එවංපාහං, පුණ්ණ, ‘කම්මදායාදා සත්තා’ති වදාමි. ඉදං වුච්චති, පුණ්ණ, කම්මං කණ්හං කණ්හවිපාකං. ‘‘කතමඤ්ච, පුණ්ණ, කම්මං සුක්කං සුක්කවිපාකං? ඉධ, පුණ්ණ, එකච්චො අබ්‍යාබජ්ඣං කායසඞ්ඛාරං අභිසඞ්ඛරොති, අබ්‍යාබජ්ඣං වචීසඞ්ඛාරං අභිසඞ්ඛරොති, අබ්‍යාබජ්ඣං මනොසඞ්ඛාරං අභිසඞ්ඛරොති. සො අබ්‍යාබජ්ඣං කායසඞ්ඛාරං අභිසඞ්ඛරිත්වා, අබ්‍යාබජ්ඣං වචීසඞ්ඛාරං අභිසඞ්ඛරිත්වා, අබ්‍යාබජ්ඣං මනොසඞ්ඛාරං අභිසඞ්ඛරිත්වා අබ්‍යාබජ්ඣං ලොකං උපපජ්ජති. තමෙනං අබ්‍යාබජ්ඣං ලොකං උපපන්නං සමානං අබ්‍යාබජ්ඣා ඵස්සා ඵුසන්ති. සො අබ්‍යාබජ්ඣෙහි ඵස්සෙහි ඵුට්ඨො සමානො අබ්‍යාබජ්ඣං වෙදනං වෙදෙති එකන්තසුඛං, සෙය්‍යථාපි දෙවා සුභකිණ්හා. ඉති ඛො , පුණ්ණ, භූතා භූතස්ස උපපත්ති හොති; යං කරොති තෙන උපපජ්ජති, උපපන්නමෙනං ඵස්සා ඵුසන්ති. එවංපාහං, පුණ්ණ, ‘කම්මදායාදා සත්තා’ති වදාමි. ඉදං වුච්චති, පුණ්ණ, කම්මං සුක්කං සුක්කවිපාකං. ‘‘කතමඤ්ච, පුණ්ණ, කම්මං කණ්හසුක්කං කණ්හසුක්කවිපාකං? ඉධ, පුණ්ණ, එකච්චො සබ්‍යාබජ්ඣම්පි අබ්‍යාබජ්ඣම්පි කායසඞ්ඛාරං අභිසඞ්ඛරොති, සබ්‍යාබජ්ඣම්පි අබ්‍යාබජ්ඣම්පි වචීසඞ්ඛාරං අභිසඞ්ඛරොති, සබ්‍යාබජ්ඣම්පි අබ්‍යාබජ්ඣම්පි මනොසඞ්ඛාරං අභිසඞ්ඛරොති. සො සබ්‍යාබජ්ඣම්පි අබ්‍යාබජ්ඣම්පි කායසඞ්ඛාරං අභිසඞ්ඛරිත්වා, සබ්‍යාබජ්ඣම්පි අබ්‍යාබජ්ඣම්පි වචීසඞ්ඛාරං අභිඞ්ඛරිත්වා, සබ්‍යාබජ්ඣම්පි අබ්‍යාබජ්ඣම්පි මනොසඞ්ඛාරං අභිසඞ්ඛරිත්වා සබ්‍යාබජ්ඣම්පි අබ්‍යාබජ්ඣම්පි ලොකං උපපජ්ජති. තමෙනං සබ්‍යාබජ්ඣම්පි අබ්‍යාබජ්ඣම්පි ලොකං උපපන්නං සමානං සබ්‍යාබජ්ඣාපි අබ්‍යාබජ්ඣාපි ඵස්සා ඵුසන්ති. සො සබ්‍යාබජ්ඣෙහිපි අබ්‍යාබජ්ඣෙහිපි ඵස්සෙහි ඵුට්ඨො සමානො සබ්‍යාබජ්ඣම්පි අබ්‍යාබජ්ඣම්පි වෙදනං වෙදෙති වොකිණ්ණසුඛදුක්ඛං, සෙය්‍යථාපි මනුස්සා එකච්චෙ ච දෙවා එකච්චෙ ච විනිපාතිකා. ඉති ඛො, පුණ්ණ, භූතා භූතස්ස උපපත්ති හොති; යං කරොති තෙන උපපජ්ජති. උපපන්නමෙනං ඵස්සා ඵුසන්ති. එවංපාහං, පුණ්ණ, ‘කම්මදායාදා සත්තා’ති වදාමි. ඉදං වුච්චති, පුණ්ණ, කම්මං කණ්හසුක්කං කණ්හසුක්කවිපාකං. ‘‘කතමඤ්ච , පුණ්ණ, කම්මං අකණ්හං අසුක්කං අකණ්හඅසුක්කවිපාකං, කම්මක්ඛයාය සංවත්තති? තත්‍ර, පුණ්ණ, යමිදං කම්මං කණ්හං කණ්හවිපාකං තස්ස පහානාය යා චෙතනා, යමිදං (යම්පිදං (සී. පී.)) කම්මං සුක්කං සුක්කවිපාකං තස්ස පහානාය යා චෙතනා, යමිදං (යම්පිදං (සී. පී.)) කම්මං කණ්හසුක්කං කණ්හසුක්කවිපාකං තස්ස පහානාය යා චෙතනා - ඉදං වුච්චති, පුණ්ණ, කම්මං අකණ්හං අසුක්කං අකණ්හඅසුක්කවිපාකං, කම්මක්ඛයාය සංවත්තතීති. ඉමානි ඛො, පුණ්ණ, චත්තාරි කම්මානි මයා සයං අභිඤ්ඤා සච්ඡිකත්වා පවෙදිතානී’’ති.",pli,nadil,pali,pali
"එපරිද්දෙන්ම මම ඇස් කන් ආදී සිදුරු නවයක් ඇති, නිතර මල වැගිරෙන, මේ කය, නැව් හිමියෝ දිරූ නැවක් මෙන් හැර දමා යන්නෙමි.",sin,nadil,sinhala,sinhala
“සුන්දරවූ ශරීරෝභාස ඇත්තේ ප්‍රසන්නවූ ඇස් ඇත්තේ වෙහිය. පින්වත් තෙමේ ශ්‍රේෂ්ඨ කුලයෙන් පැවිදිවීයයි හඟිම්. සප්‍රාඥය කෙසේනම් වස්තූන්ද සම්පත්ද හැර ගිහිගෙන් නික්ම පැවිදිවීදැයි (බරණැස් රජ ඇසීය.),sin,nadil,sinhala,sinhala
"‘‘නමො කත්වාන භූතානං, ඉසිං වක්ඛාමි සුබ්බතං; සො ත්‍යාහං දක්ඛිණා බාහු, තව කොසිය සම්මතො.",pli,nadil,pali,pali
හස්ත්‍යාරෝහකයෝද සේනාවෙහි සිටියාහුද රථිකයෝද පාබල සේනාවෙහි වූවෝද යන සියල්ලෝ කුස රජුගේ හඬනිසා බියෙන් පෙළුනාහු ඔවුනොවුන් සිඳ ගණිත්.,sin,nadil,sinhala,sinhala
“මේ සත්වලෝකයෙහි ක්ෂීණාශ්‍රව මුනිතෙමේ ගැට ලිහා හැර විවාද කරණ අය අතරෙහි භෙදව නොහැසිරෙන්නේය. නොහික්මුණු පෘථග්ජනයන් අතරෙහි හික්මුණේ අංග සයක් ඇති උපෙක්ෂාවෙන් යුක්තවූයේ වේ. හෙතෙම වැරදිලෙස ගන්නෙක් නොවෙයි. අන්‍යයෝ දැඩිව ගනිත්.,sin,nadil,sinhala,sinhala
186,sin,nadil,sinhala,sinhala
"“මහණෙනි දුරලීමෙන් නැතිකළ යුතු කෙලෙස් කවරහුද? මහණෙනි, මේ ශාසනයෙහි මහණතෙම නුවණින් සලකා නපුරු ඇතුන් දුරු කරයි. වල් අසුන් දුරුකරයි. සැර ගොනුන් දුරුකරයි. නපුරු බල්ලන් දුරුකරයි. සර්පයින්ද උල් කටු පිහිටි තැන්ද හාත්පසින් කඩා ගිය ඉවුරුද එක් පසකින් කඩාගිය ප්‍රපාතද ඉඳුල්දිය ගැප්මල ආදිය දමන ස්ථානද එබඳු කුනුමඩ ගලා බස්නා තැන්ද දුරුකරයි. යම්බඳු නුසුදුසු සෙනාසනවල හුන්නාවූද අගොචරස්ථානයන්හි හැසිරෙන්නාවූද ලාමකවූ මිත්‍රප්‍රතිරූපක අමිත්‍රයන් සේවනය කරන්නාවූද භික්ෂුව නුවණැත්තාවූ එකට මහණකම් කරන්නාවූ භික්ෂූහු පවිටු මහණකු කොට සලකන්නාහුද එබඳු අයුතු තැන් හා එබඳු අගොචර ස්ථානද, එබඳු පවිටු මිතුරන්ද නුවණින් සලකා බලා දුරු කරයි. මහණෙනි, එබඳු දේ දුරු නොකරන්නහුට වෙහෙස හා දැවිලි සහිත යම් කෙලෙස් උපදිත්ද, එබඳු දේ දුරුකරන්නහුට ඒ කෙලෙස් පහළ නොවෙත්. මහණෙනි, මේ කෙලෙස් දුරු කිරීමෙන් නැතිකළ යුත්තාහු යයි කියනු ලැබෙත්.",sin,nadil,sinhala,sinhala
"‘‘පුබ්බකම්මං ගවෙසන්තො, ඔරෙන නාද්දසං අහං; තිංසකප්පසහස්සම්හි, මම කම්මමනුස්සරිං.",pli,nadil,pali,pali
විහායනං වසිත්වෙහ -,pli,nadil,pali,pali
"‘‘යතො නං සමන්නෙසමානො විසුද්ධං ලොභනීයෙහි ධම්මෙහි සමනුපස්සති තතො නං උත්තරි සමන්නෙසති දොසනීයෙසු ධම්මෙසු. අත්ථි නු ඛො ඉමස්සායස්මතො තථාරූපා දොසනීයා ධම්මා යථාරූපෙහි දොසනීයෙහි ධම්මෙහි පරියාදින්නචිත්තො අජානං වා වදෙය්‍ය - ජානාමීති, අපස්සං වා වදෙය්‍ය - පස්සාමීති, පරං වා තදත්ථාය සමාදපෙය්‍ය යං පරෙසං අස්ස දීඝරත්තං අහිතාය දුක්ඛායාති? තමෙනං සමන්නෙසමානො එවං ජානාති - ‘නත්ථි ඛො ඉමස්සායස්මතො තථාරූපා දොසනීයා ධම්මා යථාරූපෙහි දොසනීයෙහි ධම්මෙහි පරියාදින්නචිත්තො අජානං වා වදෙය්‍ය - ජානාමීති, අපස්සං වා වදෙය්‍ය - පස්සාමීති, පරං වා තදත්ථාය සමාදපෙය්‍ය යං පරෙසං අස්ස දීඝරත්තං අහිතාය දුක්ඛාය. තථාරූපො ඛො පනිමස්සායස්මතො කායසමාචාරො තථාරූපො වචීසමාචාරො යථා තං අදුට්ඨස්ස. යං ඛො පන අයමායස්මා ධම්මං දෙසෙති, ගම්භීරො සො ධම්මො දුද්දසො දුරනුබොධො සන්තො පණීතො අතක්කාවචරො නිපුණො පණ්ඩිතවෙදනීයො; න සො ධම්මො සුදෙසියො දුට්ඨෙනා’’’ති.",pli,nadil,pali,pali
“රෑ මුල් යාමයෙහි පෙරවිසූ කඳ පිළිවෙළ සිහි කරණ දැනීම ලැබූහ. රාත්‍රි මධ්‍යම යාමයෙහි දිවැස පිරිසිදු කළහ. රෑ පසුයම අඳුරු කඳ නැසූහ.,sin,nadil,sinhala,sinhala
"“මහණෙනි, කරුණු පසකින් යුක්තවූ ස්ථවිර භික්‍ෂු තෙම බ්‍රහ්මචාරීන්ට ප්‍රියවූවෙක්ද, මනාපවූවෙක්ද, ගරු කටයුත්තෙක්ද, බුහුමන් කටයුත්තෙක්ද වේ. “කවර පසකින්ද යත්? අර්ත්‍ථ ප්‍රතිසම්භිදාවට පැමිණියේ වේද, ධර්‍ම ප්‍රතිසම්භිදාවට පැමිණියේ වේද, නිරුක්ති ප්‍රතිසම්භිදාවට පැමිණියේ වේද, ප්‍රතිභාණ ප්‍රතිසම්භිදාවට පැමිණියේ වේද, යම් ඒ සබ්‍රම්සරුන්ගේ කුදු මහත් පිළිවිස කටයුතු වෙද්ද, එහි දක්‍ෂයෙක්, අලස නුවූවෙක් වේද, එහි උපායවූ විමසන නුවණින් යුක්තවූයේ, කරන්ට සුදුස්සෙක්, සංවිධාන කරන්ට සුදුස්සෙක් වේද, යන මේ පසිනි. “මහණෙනි, කරුණු පසකින් යුක්තවූ ස්ථවිර භික්‍ෂු තෙම බ්‍රහ්මචාරීන්ට ප්‍රියවූවෙක්ද, මනාපවූවෙක්ද, ගරු කටයුත්තෙක්ද, බුහුමන් කටයුත්තෙක්ද වේ.",sin,nadil,sinhala,sinhala
"“මහරජ, අපටද ඔවුන්ටද යන අපි සියල්ලන්ටම ඔබ වහන්සේ අධිපතිවෙහියි නුඹ වහන්සේම ඔවුන්ගෙන් යම්රජෙකුට යම්කුමරියක් කැමැත්තෙහි නම් ඇය ඔහුට දෙවයි.” මදුරජතෙම කීයේය.",sin,nadil,sinhala,sinhala
(මෙහි 1 වර්ගයේ 5 සූත්‍රයේ 1 ඡේදය යෙදිය යුතුයි.) ඒ කාලයෙහි ආයුෂ්මත් ශාරීපුත්‍රතෙමේ භාග්‍යවතුන් වහන්සේ සමීපයෙහි බද්ධපර්යංකයෙන් ශරීරය ඇද නැතිව තබා තමාගේ කෙලෙස් සන්සිඳීම බලමින් සිටියේවේ. භාග්‍යවතුන් වහන්සේ නුදුරු තැන්හි බද්ධපර්යංකයෙන් ශරීරය ඇද නැතිව තබා තමන්ගේ කෙලෙස් සන්සිඳීම බලමින් හුන් ආයුෂ්මත් ශාරීපුත්‍රයන් දුටු සේක. ඉක්බිති භාග්‍යවතුන් වහන්සේ මේ කාරණය දැන ඒ වේලාවෙහි මේ ප්‍රීති වාක්‍යය ප්‍රකාශ කළ සේක. “ශාන්තවූ සන්සුන් සිත් ඇති තණ්හාව සිඳින ලද මහණහට ඉපදීම් නැමැති සසර ක්‍ෂය විය. හෙතෙම මාර බැම්මෙන් මිදුනේය.”,sin,nadil,sinhala,sinhala
"“ඉක්බිති ආයුෂ්මත් ශාරීපුත්‍ර ස්ථවිරයන් වහන්සේ, මහා මොග්ගල්ලාන ස්ථවිරයන් වහන්සේ යම් තැනෙක්හිද, එහි පැමිණිසේක. පැමිණ ආයුෂ්මත් මහා මොග්ගල්ලාන ස්ථවිරයන් වහන්සේ සමග සතුටුවියයුතු, සිහි කටයුතු කථාව කොට නිමවා එකත්පසෙක හුන් සේක. “එකත් පසෙක හුන් ආයුෂ්මත් ශාරීපුත්‍ර ස්ථවිරයන් වහන්සේ, ආයුෂ්මත් මහා මොග්ගල්ලාන ස්ථවිරයන් වහන්සේට, “ඇවැත් මොග්ගල්ලානය, “මේ ප්‍රතිපදා සතරකි. කවර සතරක්ද යත්. දුක්වු ප්‍රතිපදාය, ප්‍රමාදවූ අභිඥාය. දුක්වු ප්‍රතිපදාය, වහා ලැබෙන අභිඥාය. සැපවුූ ප්‍රතිපදාය, ප්‍රමාදවූ අභිඥාය. සැපවූ ප්‍රතිපදාය, වහා ලැබෙන අභිඥාය, ඇවැත්නි, මේ සතර ප්‍රතිපදාවෝයි. “ඇවැත්නි, මේ සතර ප්‍රතිපදාවන්ගෙන් තොප කවර ප්‍රතිපදාවකට පැමිණ, තෘෂ්ණා, මාන, දෘෂ්ටි වශයෙන් නොගෙන සිත කෙලෙසුන්ගෙන් මිදුනේද? “ඇවැත් ශාරීපුත්‍රය, මේ ප්‍රතිපදා සතරකි. කවර සතරක්ද යත්. දුක්වු ප්‍රතිපදාය, ප්‍රමාදවූ අභිඥාය. දුක්වු ප්‍රතිපදාය, වහා ලැබෙන අභිඥාය. සැප වූ ප්‍රතිපදාය, ප්‍රමාදවූ අභිඥාය. සැපවූ ප්‍රතිපදාය, වහා ලැබෙන අභිඥාය, ඇවැත්නි, මේ සතර ප්‍රතිපදාවෝයි. “ඇවැත්නි, මේ සතර ප්‍රතිපදාවන්ගෙන් යම් මේ ප්‍රතිපදාවක් සැපද, වහා ලැබෙන අභිඥා ඇත්තේද, මා විසින් මේ ප්‍රතිපදාවට පැමිණ, තෘෂ්ණාදී වශයෙන් නොගෙන, ආශ්‍රවයන්ගෙන් සිත මුදන ලදී.”",sin,nadil,sinhala,sinhala
"“යමෙක් මැටි තළියක් සොරාගණීද, හෙතෙම බොහෝ තළියකුදු සොරා ගන්නේය. තී විසින් පාපය කරණ ලද්දේමය. නැවතද මෙසේ කරන්නෙහියයි” කීයේය.",sin,nadil,sinhala,sinhala
"“යාග නොකෙළෙමි. මන්ත්‍ර ජප නොකෙළෙමි. ගිනිපිදීම නොකරණලදී. කවරෙක් නම් මාගේ පෙර පැවැති සිත ක්ලෙශ පාරිචර්‍ය්‍යාවෙන් පෙළඹීද,",sin,nadil,sinhala,sinhala
"‘‘තං කිං මඤ්ඤසි, වාසෙට්ඨ, නනු එවං සන්තෙ තෙවිජ්ජානං බ්‍රාහ්මණානං අප්පාටිහීරකතං භාසිතං සම්පජ්ජතී’’ති? ‘‘අද්ධා ඛො, භො ගොතම, එවං සන්තෙ තෙවිජ්ජානං බ්‍රාහ්මණානං අප්පාටිහීරකතං භාසිතං සම්පජ්ජතී’’ති. ‘‘සාධු, වාසෙට්ඨ. තෙ වත, වාසෙට්ඨ, තෙවිජ්ජා බ්‍රාහ්මණා යං න ජානන්ති, යං න පස්සන්ති, තස්ස සහබ්‍යතාය මග්ගං දෙසෙස්සන්ති. අයමෙව උජුමග්ගො අයමඤ්ජසායනො නිය්‍යානිකො නිය්‍යාති තක්කරස්ස බ්‍රහ්මසබ්‍යතායාති, නෙතං ඨානං විජ්ජති.",pli,nadil,pali,pali
"“ශ්‍රද්ධාව අනිත්‍යය, සෙලවේ. මෙසේ මා විසින් දක්නාලදී. ඇලීමද නොඇලීමදවේ. එවැන්නක් සමග ඇලුණත් නොඇලුණත් ප්‍රව්‍රජිතයාට කිනම් පාඩුවක්ද,",sin,nadil,sinhala,sinhala
“කුඩාවූ නුවණ නැති අනාගතය සිතන ඊර්ෂ්‍යාකරන බාලයා ආශ්‍රය කරන්නේ මෙලොවම ධර්මය නොවඩා අත්නොහළ සැක ඇත්තේ මරණයට පැමිණෙයි.,sin,nadil,sinhala,sinhala
"“මම බුදුරජුන්ගේ හෝ, අගසව් දෙනමගේ හෝ, රාහුල-ආනන්‍ද- නන්‍ද යන සව්වන්ගේ හෝ පිරිනිවන දකින්නට නොලබන්නෙමි.",sin,nadil,sinhala,sinhala
“මාගේ සියලු කාමයෝ ප්‍රහීනය. සියලු භවයෝ ලිහා දමන ලද්දාහ. ජාතියෙන් ජාති ඉපදීම්යයි කියනලද පුනර්භවය දැන් නැත.”,sin,nadil,sinhala,sinhala
"‘‘මම සඞ්කප්පමඤ්ඤාය, සත්ථා ලොකෙ අනුත්තරො; අබ්භතො ඔරුහිත්වාන, භූමියංඨාසි තාවදෙ.",pli,nadil,pali,pali
"‘‘අන්නං පානඤ්ච ආදාය, ඛජ්ජං භොජ්ජං අනප්පකං; ගෙහතො නික්ඛමිත්වාන, උය්‍යානමභිහාරයිං.",pli,nadil,pali,pali
"‘‘සො පතීතො පමුත්තෙන, භත්තුනා (භත්තුනො (ස්‍යා.)) භත්තුගාරවො; අජ්ඣභාසථ වක්කඞ්ගො (වඞ්කඞ්ගො (ස්‍යා.)), වාචං කණ්ණසුඛං භණං.",pli,nadil,pali,pali
සන්තො අනුමත්තෙ,pli,nadil,pali,pali
"අට්ඨම අප්පමාද සූත්‍රය “මහණෙනි, යම්සේ යම් ඒ තාරකාවන්ගේ ආලෝකයක් වේද? ඒ සියල්ල චන්ද්‍රාලෝකයෙන් සොළොස්වැනි කලාවකටද නොඅගී. චන්ද්‍රාලෝකය ඒ සියල්ල අතරෙන් අග්‍රයයි කියයි. මහණෙනි, එසේම වනාහි යම් ඒ කුසල ධර්මයෝ වෙද්ද? ඒ සියල්ල අප්‍රමාදය මුල්කොට ඇත්තාහ. අප්‍රමාදයෙහි ඒ සියල්ල ඇතුළත් වෙත්. අප්‍රමාදය ඒ සියලු කුසල ධර්මයන්ට අග්‍රයයි කියයි. මහණෙනි, අප්‍රමාදයෙන් යුත් මහණ තෙම ආර්ය අෂ්ටාඩ්ගික මාර්ගය වඩයි. ආර්ය අෂ්ටාඩ්ගික මාර්ගය නැවත නැවත වඩයි යනු කැමති විය යුතුයි. මහණෙනි, මේ අප්‍රමාදයෙන් යුත් මහණතෙම කෙසේ ආර්ය අෂ්ටාඩ්ගික මාර්ගය වඩාද? ආර්ය අෂ්ටාඩ්ගික මාර්ගය නැවත නැවත වඩාද? (මේ ඡේද මේ වර්ගයේ පළමුවෙනි සූත්‍රයේ 3, 4 වෙනි ඡේද මෙන් වේ)",sin,nadil,sinhala,sinhala
"එවං මෙ සුතං - එකං සමයං භගවා අඞ්ගුත්තරාපෙසු විහරති ආපණං නාම අඞ්ගුත්තරාපානං නිගමො. අථ ඛො භගවා පුබ්බණ්හසමයං නිවාසෙත්වා පත්තචීවරමාදාය ආපණං පිණ්ඩාය පාවිසි. ආපණෙ පිණ්ඩාය චරිත්වා පච්ඡාභත්තං පිණ්ඩපාතපටික්කන්තො යෙනඤ්ඤතරො වනසණ්ඩො තෙනුපසඞ්කමි දිවාවිහාරාය. තං වනසණ්ඩං අජ්ඣොගාහෙත්වා (අජ්ඣොගහෙත්වා (සී. ස්‍යා. කං.), අජ්ඣොගාහිත්වා (පී. ක.)) අඤ්ඤතරස්මිං රුක්ඛමූලෙ දිවාවිහාරං නිසීදි. පොතලියොපි ඛො ගහපති සම්පන්නනිවාසනපාවුරණො (පාපුරණො (සී. ස්‍යා. කං.)) ඡත්තුපාහනාහි (ඡත්තුපාහනො (ක.)) ජඞ්ඝාවිහාරං අනුචඞ්කමමානො අනුවිචරමානො යෙන සො වනසණ්ඩො තෙනුපසඞ්කමි; උපසඞ්කමිත්වා තං වනසණ්ඩං අජ්ඣොගාහෙත්වා යෙන භගවා තෙනුපසඞ්කමි; උපසඞ්කමිත්වා භගවතා සද්ධිං සම්මොදි. සම්මොදනීයං කථං සාරණීයං වීතිසාරෙත්වා එකමන්තං අට්ඨාසි. එකමන්තං ඨිතං ඛො පොතලියං ගහපතිං භගවා එතදවොච - ‘‘සංවිජ්ජන්ති ඛො, ගහපති, ආසනානි; සචෙ ආකඞ්ඛසි නිසීදා’’ති. එවං වුත්තෙ, පොතලියො ගහපති ‘‘ගහපතිවාදෙන මං සමණො ගොතමො සමුදාචරතී’’ති කුපිතො අනත්තමනො තුණ්හී අහොසි. දුතියම්පි ඛො භගවා...පෙ.... තතියම්පි ඛො භගවා පොතලියං ගහපතිං එතදවොච - ‘‘සංවිජ්ජන්ති ඛො, ගහපති, ආසනානි; සචෙ ආකඞ්ඛසි නිසීදා’’ති. ‘‘එවං වුත්තෙ, පොතලියො ගහපති ගහපතිවාදෙන මං සමණො ගොතමො සමුදාචරතී’’ති කුපිතො අනත්තමනො භගවන්තං එතදවොච - ‘‘තයිදං, භො ගොතම, නච්ඡන්නං, තයිදං නප්පතිරූපං, යං මං ත්වං ගහපතිවාදෙන සමුදාචරසී’’ති. ‘‘තෙ හි තෙ, ගහපති, ආකාරා, තෙ ලිඞ්ගා , තෙ නිමිත්තා යථා තං ගහපතිස්සා’’ති. ‘‘තථා හි පන මෙ, භො ගොතම, සබ්බෙ කම්මන්තා පටික්ඛිත්තා, සබ්බෙ වොහාරා සමුච්ඡින්නා’’ති. ‘‘යථා කථං පන තෙ, ගහපති, සබ්බෙ කම්මන්තා පටික්ඛිත්තා, සබ්බෙ වොහාරා සමුච්ඡින්නා’’ති? ‘‘ඉධ මෙ, භො ගොතම, යං අහොසි ධනං වා ධඤ්ඤං වා රජතං වා ජාතරූපං වා සබ්බං තං පුත්තානං දායජ්ජං නිය්‍යාතං, තත්ථාහං අනොවාදී අනුපවාදී ඝාසච්ඡාදනපරමො විහරාමි. එවං ඛො මෙ (එවඤ්ච මෙ (ස්‍යා.), එවං මෙ (ක.)), භො ගොතම, සබ්බෙ කම්මන්තා පටික්ඛිත්තා, සබ්බෙ වොහාරා සමුච්ඡින්නා’’ති. ‘‘අඤ්ඤථා ඛො ත්වං, ගහපති, වොහාරසමුච්ඡෙදං වදසි, අඤ්ඤථා ච පන අරියස්ස විනයෙ වොහාරසමුච්ඡෙදො හොතී’’ති. ‘‘යථා කථං පන, භන්තෙ, අරියස්ස විනයෙ වොහාරසමුච්ඡෙදො හොති? සාධු මෙ, භන්තෙ , භගවා තථා ධම්මං දෙසෙතු යථා අරියස්ස විනයෙ වොහාරසමුච්ඡෙදො හොතී’’ති. ‘‘තෙන හි, ගහපති, සුණාහි, සාධුකං මනසි කරොහි, භාසිස්සාමී’’ති. ‘‘එවං, භන්තෙ’’ති ඛො පොතලියො ගහපති භගවතො පච්චස්සොසි.",pli,nadil,pali,pali
"අත්තානං සඞ්කමං කත්වා, යො සොත්ථිං සමතාරයි; කිං ත්වං තෙසං කිමෙ (කිමො (සී. පී.), කිං මෙ (ස්‍යා.)) තුය්හං, හොන්ති එතෙ (හෙතෙ (ස්‍යා.), සො තෙ (ක.)) මහාකපි.",pli,nadil,pali,pali
"එකං සමයං භගවා රාජගහෙ විහරති වෙළුවනෙ කලන්දකනිවාපෙ. අථ ඛො සොණො ගහපතිපුත්තො යෙන භගවා තෙනුපසඞ්කමි; උපසඞ්කමිත්වා භගවන්තං අභිවාදෙත්වා එකමන්තං නිසීදි. එකමන්තං නිසින්නො ඛො සොණො ගහපතිපුත්තො භගවන්තං එතදවොච - ‘‘කො නු ඛො, භන්තෙ, හෙතු, කො පච්චයො යෙන මිධෙකච්චෙ සත්තා දිට්ඨෙව ධම්මෙ නො පරිනිබ්බායන්ති? කො පන, භන්තෙ, හෙතු, කො පච්චයො යෙන මිධෙකච්චෙ සත්තා දිට්ඨෙව ධම්මෙ පරිනිබ්බායන්තී’’ති? (යථා පුරිමසුත්තන්තං, එවං විත්ථාරෙතබ්බං). අයං ඛො, සොණ, හෙතු, අයං පච්චයො යෙන මිධෙකච්චෙ සත්තා දිට්ඨෙව ධම්මෙ පරිනිබ්බායන්තීති. පඤ්චමං.",pli,nadil,pali,pali
ඒ රජතෙම ඒ වනයෙහි සොරුන් විසින් කරණ ලද කුටියක් දුටුවේය. ඒ කුටියෙන් නික්ම අවුත් ගිරවෙක් රෞද්‍ර වචන කියයි.,sin,nadil,sinhala,sinhala
"“ආත්මය රූප සහිතය, නිත්‍යය, මරණින් මතු ලකුණු ඇත්තේයයි ප්‍රකාශ කරති. ආත්මය අරූපීය, නිත්‍යය, මරණින් මතු ලකුණු ඇත්තේයයි ප්‍රකාශ කරති. ආත්මය රූප ඇත්තේද රූප නැත්තේද වෙයි. නිත්‍යය, මරණින් මතු ලකුණු ඇත්තේයයි ප්‍රකාශ කරති. ආත්මය රූපයක් නැත්තේමද අරූප නැත්තේ නොවෙද වෙයි. “ආත්මය කෙළවරක් (අන්තයක්) ඇත්තේ වෙයි. ආත්මය කෙළවරක් නැත්තේ වෙයි. ආත්මය කෙළවරක් ඇත්තේද නැත්තේද වෙයි. ආත්මය කෙළවරක් නැත්තේද නොම නැත්තේද වෙයි ආත්මය එකම ලකුණුවලින් යුතු වෙයි. ආත්මය නොයෙක් ලකුණුවලින් යුතුවෙයි. ආත්මය ඉතා කුඩා ලකුණුවලින් යුතුවෙයි. ආත්මය සීමාවක් නැති ලකුණෙන් යුතු වෙයි, ආත්මය නොඅනුමාන සැපයෙන් යුතු වෙයි. ආත්මය නොඅනුමාන දුකින් යුතු වෙයි. ආත්මය දුක් සැප දෙකෙන් යුතුවෙයි. ආත්මය නො දුකින් යුතු නො සැපෙන් යුතු වෙයි. ඒ ආත්මය නිත්‍යයයි මරණින් මතු සංඥා (ලකුණු ඇත්තේයයි ප්‍රකාශ කරති.",sin,nadil,sinhala,sinhala
“යම් කෙනෙකුගේ කන් යොමු කිරීමක් ඇත් නම් කියන්නාවූ මාගේ (වචනය) අසව්. නිර්‍වාණ පදය මා දක්නා ලද පරිදි (එම නිර්‍වාණ සංඛ්‍යාත) අර්ත්‍ථය තොපටද කියමි.,sin,nadil,sinhala,sinhala
“නිදොස්වූ ඛුද්දක මධු සැළියක් පුරවා දෙහොතින් ගෙන ගොස් බුදුරජාණන් වහන්සේට පිළිගැන්වීමි.,sin,nadil,sinhala,sinhala
"“යමෙකුට මහළු ස්වාමියෙකු ලැබේද, සර්පයකු විසින් දෂ්ට කරණ ලද දුක දුකක් නොවේ. ආයුධයකින් ගසන ලද පහර දුකක් නොවේ. ඒ මහලු සැමියා ලැබීමෙන්වූ දුකම දුක් වන්නේය.",sin,nadil,sinhala,sinhala
“එබැවින් මම යම්තාක් සිවිරජහුටද මෙහෙසියටද මා විසින් ශාරිකා ධෙනුවක සමීපයෙහි වාසය කිරීම ලබන ලදැයි දන්වම්ද. ඒතාක් මට රාත්‍රි සතක් පමණ කල් අවසර දෙවයි” ගිරා පණ්ඩිතතෙම කීයේය.,sin,nadil,sinhala,sinhala
"එකමන්තං නිසින්නං ඛො අම්බට්ඨං මාණවං බ්‍රාහ්මණො පොක්ඛරසාති එතදවොච - ‘‘කච්චි, තාත අම්බට්ඨ, අද්දස තං භවන්තං ගොතම’’න්ති? ‘‘අද්දසාම ඛො මයං, භො, තං භවන්තං ගොතම’’න්ති. ‘‘කච්චි, තාත අම්බට්ඨ, තං භවන්තං ගොතමං තථා සන්තංයෙව සද්දො අබ්භුග්ගතො නො අඤ්ඤථා; කච්චි පන සො භවං ගොතමො තාදිසො නො අඤ්ඤාදිසො’’ති ? ‘‘තථා සන්තංයෙව, භො, තං භවන්තං ගොතමං සද්දො අබ්භුග්ගතො නො අඤ්ඤථා, තාදිසොව සො භවං ගොතමො නො අඤ්ඤාදිසො. සමන්නාගතො ච සො භවං ගොතමො ද්වත්තිංසමහාපුරිසලක්ඛණෙහි පරිපුණ්ණෙහි නො අපරිපුණ්ණෙහී’’ති. ‘‘අහු පන තෙ, තාත අම්බට්ඨ, සමණෙන ගොතමෙන සද්ධිං කොචිදෙව කථාසල්ලාපො’’ති? ‘‘අහු ඛො මෙ, භො, සමණෙන ගොතමෙන සද්ධිං කොචිදෙව කථාසල්ලාපො’’ති. ‘‘යථා කථං පන තෙ, තාත අම්බට්ඨ, අහු සමණෙන ගොතමෙන සද්ධිං කොචිදෙව කථාසල්ලාපො’’ති? අථ ඛො අම්බට්ඨො මාණවො යාවතකො (යාවතිකො (ක. පී.)) අහොසි භගවතා සද්ධිං කථාසල්ලාපො, තං සබ්බං බ්‍රාහ්මණස්ස පොක්ඛරසාතිස්ස ආරොචෙසි.",pli,nadil,pali,pali
“ඒකාන්තයෙන් බුද්ධ ශ්‍රේෂ්ඨයන් වහන්සේගේ සමීපයට මාගේ යහපත් පැමිණීමක් විය. පැමිණෙන ලද ත්‍රිවිද්‍යාවෝ ඇත්තාහුය. බුදුරජාණන් වහන්සේගේ සසුන කරණ ලදී.,sin,nadil,sinhala,sinhala
"“මේ සිව් පිළිසිඹියාවෝද, අෂ්ට විමොක්‍ෂයෝද, ෂඩභිඥාවෝද සාක්‍ෂාත් කරණ ලදී. බුදුරජාණන් වහන්සේගේ සසුනද කරණලදී. මෙහි මේ අයුරින් ආයුෂ්මත් එකාසනීය තෙරුන් වහන්සේ මෙම ගාථාවන් වදාළ සේක.”",sin,nadil,sinhala,sinhala
"‘‘චතස්සො ඉමා, භික්ඛවෙ, පභා. කතමා චතස්සො? චන්දප්පභා , සූරියප්පභා, අග්ගිප්පභා, පඤ්ඤාපභා - ඉමා ඛො, භික්ඛවෙ, චතස්සො පභා. එතදග්ගං, භික්ඛවෙ, ඉමාසං චතුන්නං පභානං යදිදං පඤ්ඤාපභා’’ති. දුතියං.",pli,nadil,pali,pali
"‘‘යෙ බාලා විමතිං පත්තා, පරිභොන්ති මහාමුනිං; නිග්ගහිං තෙ සද්ධම්මෙන, පරිභූතො න තෙනහං (පරිභූතෙන තෙනහං (ස්‍යා.)).",pli,nadil,pali,pali
"“මහණෙනි, අඞ්ග නවයකින් යුක්තවූ පෙහෙවස වැස නිමවන ලද්දේ මහත් ඵල ඇත්තේ වෙයි. මහානිසංස ඇත්තේ වෙයි. මහත් බැබලීම් ඇත්තේ වෙයි. මහත් පැතිරීම් ඇත්තේ වෙයි. මහණෙනි, කෙසේ නම් අඞ්ග නවයකින් යුතුව වැස නිමවන ලද පෙහෙවස තෙමේ මහත් ඵල වෙයිද, මහානිසංස වෙයිද, මහා බැබලීම් ඇති වෙයිද, මහත් පැතිරීම් ඇති වෙයිද? “මහණෙනි, මේ ශාසනයෙහි ආර්‍ය්‍ය ශ්‍රාවක තෙමේ මෙසේ කල්පනා කෙරෙයි. කෙසේද? දිවිහිම් කොට රහත්හු ප්‍රාණාතිපාතය හැර, ප්‍රාණාතිපාතයෙන් වැළකුණහු, බහාපියන ලද දඬුවම් ඇතියහු, බහාපියන ලද ආයුධ ඇතියහු, ලජ්ජා ඇතියහු, කරුණාවට පැමිණියහු, සියලු සත්ත්‍වයන් කෙරෙහි හිතානුකම්පීව වාසය කෙරෙත්ද, අද මමද මේ රාත්‍රි කාලයද, මේ දවස මුලුල්ලද, ප්‍රාණාතිපාතය හැර, ප්‍රාණාතිපාතයෙන් වැළකුණේ, බහාපියන ලද දඬු ඇත්තේ, බහාපියන ලද ආයුධ ඇත්තේ, ලජ්ජා ඇත්තේ, කරුණාවට පැමිණියේ, වාසය කරමි කියායි. මේ කාරණයෙන්ද රහතුන් වහන්සේලාට අනුව (ක්‍රියා) කරමි. මා විසින්ද පෙහෙවස් වැස නිමවන ලද්දේ වන්නේය’ යි මේ පළමුවෙනි අඞ්ගයෙන් යුක්තවූයේ වෙයි. “දිවිහිම් කොට රහතුන් වහන්සේලා අදින්නාදානය (-නුදුන්දේ ගැන්ම) හැර, නුදුන් දෙය ගැන්මෙන් වැළකුණාහු, දුන් දේ ගැනුම් සුළු වූවාහු, දුන් දේ කැමතිවන සුළු වූවාහු, සොර නොවූ, පවිත්‍රවූ ආත්මයෙන් යුක්තව, වෙසෙත්ද, අද මමද මේ රාත්‍රි කාලයද, මේ දහවල් කාලයද, නුදුන් දේ ගැනීමෙන් දුරුව, නුදුන් දේ ගැනීමෙන් වැළකුණේ, දෙන දෙයට කැමතිවන සුළු වූයේ, සොර නොවූ, පවිත්‍රවූ, ආත්මයෙන් යුක්තව වසමි. මේ කාරණයෙන්ද රහතුන් වහන්සේලාට අනුව (ක්‍රියා) කරමි. මා විසින්ද පෙහෙවස් වැස නිමවන ලද්දේ වන්නේය’ යි මේ දෙවෙනි අඞ්ගයෙන් යුක්තවූයේ වෙයි. “දිවිහිම් කොට රහතුන් වහන්සේලා අශ්‍රේෂ්ඨචර්‍ය්‍යාව හැර, ශ්‍රේෂ්ඨචර්‍ය්‍යා ඇත්තාහු, ආරාචාරීවූවෝ, ග්‍රාමධර්‍ම සංඛ්‍යාත මෙවුන්දමින් වැලකුණාහු වෙත්ද, මමද අද මේ රාත්‍රි කාලයද, මේ දවස මුලුල්ලෙහිද, අශ්‍රේෂ්ඨචර්‍ය්‍යාව හැර, බ්‍රහ්මචාරීවූයේ, ආරාචාරීවූයේ, (දුරාචාර නැත්තේ) ග්‍රාමධර්‍ම සංඛ්‍යාත මෙවුන්දමින් වැලකුණේ වෙමි. මේ කාරණයෙන්ද රහතුන් වහන්සේලාට අනුව (ක්‍රියා) කරමි. මා විසින්ද පෙහෙවස් වැස නිමවන ලද්දේ වන්නේය’ යි මේ තුන්වෙනි අඞ්ගයෙන්ද යුක්තවූයේ වෙයි. “දිවිහිම් කොට රහතුන් වහන්සේලා බොරුකීම හැර, බොරුකීමෙන් වැළකුණාහු, සත්‍යවාදීවූවෝ, සත්‍යයෙන් සත්‍යය ගැලපිම් ඇත්තෝ, ස්ථිරවූ, ඇදහිය යුතුවූවාහු, ලෝකයාට බොරු නොකියන්නෝ වෙත්ද, මමද අද මේ රාත්‍රියද, මේ දහවලද, මුසාවාදය හැර දමා, මුසාවාදයෙන් වැළකුණේ, සත්‍යවාදී වූයේ, සත්‍යයෙන් සත්‍යය ගැලපීම් ඇත්තේ, ස්ථිරවූයේ, ඇදහියයුතු වචන ඇත්තේ, ලෝකයාට බොරුකාර නොවූයේ වෙයි. මේ කාරණයෙන්ද රහතුන් වහන්සේලාට අනුව (ක්‍රියා) කරමි. මා විසින්ද පෙහෙවස් වැස නිමවන ලද්දේ වන්නේය’ යි මේ සතරවෙනි කාරණයෙන්ද යුක්තවූයේ වෙයි. “දිවිහිම් කොට රහතුන් වහන්සේලා ප්‍රමාදයට කරුණුවූ, රහමෙර මද්‍රව්‍ය පානය හැර දමා, ප්‍රමාදයට කරුණුවූ, රහමෙර මද්‍රව්‍ය පානයෙන් වැළකුණාහු වෙත්ද, අද මමද මේ රාත්‍රියෙහි, මේ දහවල්හිද, ප්‍රමාදයට කරුණුවූ, රහමෙර මද්‍රව්‍ය පානය හැර දමා, ප්‍රමාදයට කරුණුවූ, රහමෙර මද්‍රව්‍ය පානයෙන් වැළකුණේවෙමි. මේ කාරණයෙන්ද රහතුන් වහන්සේලාට අනුව (ක්‍රියා) කරමි. මා විසින්ද පෙහෙවස් වැස නිමවන ලද්දේ වන්නේය’ යි මේ පස්වෙනි කාරණයෙන්ද යුක්තවූයේ වෙයි. “දිවිහිම් කොට රහතුන් වහන්සේලා එකභක්තික (එක වේලේ වළඳන අහරකිස) වූවාහු, රාතුි භෝජනයෙන් වැළකුණාහු, විකාල භෝජනයෙන් (නොකල්හි වැළඳීමෙන්) වැළකුණාහු වෙත්ද, අද මමද මේ රාත්‍රියෙහි, මේ දහවල්හිද, එක භක්තික වූයේ, රාත්‍රි භෝජනයෙහි වැළකුෙණ්, විකල් බොජුනේන් වැළකුනේ වෙමි. මේ කාරණයෙන්ද රහතුන් වහන්සේලාට අනුව (ක්‍රියා) කරමි. මා විසින්ද පෙහෙවස් වැස නිමවන ලද්දේ වන්නේය’ යි මේ සයවෙනි කාරණයෙන්ද යුක්තවූයේ වෙයි. “දිවිහිම් කොට රහතුන් වහන්සේලා නැටීම, ගැයීම, වැයීම, විහුළු දර්‍ශනය, මල් ගඳ විලවුන් දැරීම, මණ්ඩණාය (සැරසීම) අලඞ්කාරය, යන මෙයින් වැලකුණාහු වෙත්ද, මමද අද මේ රාත්‍රියෙහි, මේ දවස්හිද, නැටීම, ගැයීම, වැයීම, විහුළු දර්‍ශනය, මල් ගඳ විලවුන් දැරීම, සැරසීම, අලඞ්කාරය, යන මෙයින් වැලකුණේ වෙමි. මේ කාරණයෙන්ද රහතුන් වහන්සේලාට අනුව (ක්‍රියා) කරමි. මා විසින්ද පෙහෙවස් වැස නිමවන ලද්දේ වන්නේය’ යි මේ සත්වෙනි කාරණයෙන්ද යුක්තවූයේ වෙයි. “දිවිහිම් කොට රහතුන් වහන්සේලා උසසුන් හා මහසුන් හැර උසසුන් හා මහාසුනෙන් වැලකුණාහු, නීච සෙය්‍යාව, (පහත්වූ අසුන්හි සයනය) කෙරෙත්ද, මැස්සක හෝ තණ ඇතිරියක හෝ හොවිතිද, මමද අද මේ රාත්‍රියෙහි, මේ දවස්හිද, උසසුන් හා මහසුන් හැර උසසුන් හා මහාසුනෙන් වැලකුණේ, නීච සෙය්‍යාව (පහත්වූ අසුන්හි සයනය) කෙරෙමි, මැස්සක හෝ තණ ඇතිරියක හොවිමි. මේ කාරණයෙන්ද රහතුන් වහන්සේලාට අනුව (ක්‍රියා) කරමි. මා විසින්ද පෙහෙවස් වැස නිමවන ලද්දේ වන්නේය’ යි මේ අටවෙනි කාරණයෙන්ද යුක්තවූයේ වෙයි. “මහණෙනි, මේ ශාසනයෙහි ආර්‍ය්‍යශ්‍රාවක තෙම, එක් දිශාවක්ද, එසේම, දෙවෙනිවූද, තෙවෙනිවූද, සිවුවෙනිවූද දිශාවන්ද, මෛත්‍රී සහගත සිතින් පැතිරී වෙසේද, මෙසේ උඩ යට සරස සෑම තන්හි සියල්ල ඇත්තාවූ ලෝකයා මහත්වූ, මහත්ගතවූ, අප්‍රමාණවූ, අවෛරීවූ, අව්‍යාපාදවූ මෛත්‍රී සහගත සිතින් පැතිරී වාසය කෙරේද, මේ නවවෙනි අඞ්ගයෙන් (කාරණයෙන්) යුක්තවූයේ වෙයි. “මහණෙනි, අඞ්ග නවයකින් යුක්තවූ පෙහෙවස වැස නිමවන ලද්දේ මහත් ඵල ඇත්තේ වෙයි. මහානිසංස ඇත්තේ වෙයි. මහත් බැබලීම් ඇත්තේ වෙයි. මහත් පැතිරීම් ඇත්තේ වෙයි.”",sin,nadil,sinhala,sinhala
"බඹහු විසින් අයදනා ලද්දේ, මහා වීරවූ, නර දෙටු විපස්සී ලෝනා හිමිඳු “මිගදාය” නම් නගරයෙහිදී දම්සක් පැවැත්වූ සේක.",sin,nadil,sinhala,sinhala
ඒ (පියදස්සී) බුදුරදුන්ගේද වචනය අසා බොහෝ සේ සිත පැහැදවීමි. දස පෙරුම් දම් පිරීම පිණිස මත්තෙහි (පසුව) වතක් ඉටුයෙමි.,sin,nadil,sinhala,sinhala
"‘‘නගරෙ හංසවතියා, අහොසිං කස්සකො තදා; කසිකම්මෙන ජීවාමි, තෙන පොසෙමි දාරකෙ.",pli,nadil,pali,pali
"න මෙ පියං අප්පියං වාපි හොති, සම්පස්සතො ලොකමිමං පරඤ්ච; සුසඤ්ඤතානඤ්හි වියඤ්ජනෙන, අසඤ්ඤතො ලොකමිමං චරාසි.",pli,nadil,pali,pali
"පුනාපරං සන්නිපාතෙ, තිදිවොරොහණෙ ජිනෙ; පඤ්ඤාසසතසහස්සානං, දුතියො ආසි සමාගමො.",pli,nadil,pali,pali
"‘‘එසො හි ධම්මො සුමුඛ, යං ත්වං අරියපථෙ ඨිතො; යො භත්තාරං සඛාරං මං, න පරිච්චත්තුමුස්සහෙ.",pli,nadil,pali,pali
"‘‘සුපුප්ඵිතං සාලවනං, ඔගය්හ වෙස්සභූ මුනි; නිසීදි ගිරිදුග්ගෙසු, අභිජාතොව කෙසරී.",pli,nadil,pali,pali
"‘‘මණ්ඩපෙ රුක්ඛමූලෙ වා, සුඤ්ඤාගාරෙ ච ඣායතො; න තු විජ්ජති තාසො මෙ, න පස්සෙ භයභෙරවං.",pli,nadil,pali,pali
“මාගේ යහපත් ශ්‍රීවය මනාව ඔප දැමූ සියුම් රන් සකක් මෙන් පෙර බබළාමය. දැන් එය ජරාවෙන් බිඳී නැවී සිටිසේය.,sin,nadil,sinhala,sinhala
"“දිව්‍යයවූ හෝ, මනුෂ්‍යවූ හෝ යම් යම් යෝනියක උපදිම් නම් සියළු සත්ත්‍වයන් අභිභවනය කරමි. මේ (එම) පුණ්‍ය කර්මයාගේ ඵලයයි.",sin,nadil,sinhala,sinhala
"‘‘එකනවුතිතො කප්පෙ, යං දකං අදදිං තදා; දුග්ගතිං නාභිජානාමි, දකදානස්සිදං ඵලං.",pli,nadil,pali,pali
තමන්ගේ පින බඳුවූ ශ්‍රේෂ්ඨයයි සම්මතවූ ඒ හංසයන් දෙදෙන දැකම සංයම සිත් ඇති රජතෙම ඇමතියන්ට මෙසේ කීයේය.,sin,nadil,sinhala,sinhala
"“දරුණුවූ නරකයෙහි කාළුෑපකාල නම් නිරය පාලයෝ පෙර ජාතියෙහි කළාවූ අකුශල කර්ම ඇති මිනිසාට ඉතා මුවහත්වූ ඊතලවලින් හා අඩයටි වලින් අනිත්, විදිත්.",sin,nadil,sinhala,sinhala
“වැදූ මුවදෙනක කරා පැටවුන් මෙන් අසපුවෙන් පෙර ගමන් කොට දුර සිටම මා බලත්ද ඒ දරුවන් නොදක්නෙමි.,sin,nadil,sinhala,sinhala
"‘‘තණ්හක්ඛයාධිමුත්තස්ස, අසම්මොහඤ්ච චෙතසො; දිස්වා ආයතනුප්පාදං, සම්මා චිත්තං විමුච්චති.",pli,nadil,pali,pali
"‘‘යමෙතං සක්ක අනුපුච්ඡසෙ මමං, ‘කුතො චුතා ත්වං ඉධ ආගතා’ති (කුතො චුතා ඉධ ආගතා තුවං (ස්‍යා.), කුතො චුතාය ආගති තව (පී.)); බාරාණසී නාම පුරත්ථි කාසිනං, තත්ථ අහොසිං පුරෙ කෙසකාරිකා.",pli,nadil,pali,pali
"‘‘තතො කුමාරං පාපෙසුං, පාසාදං රතිවඩ්ඪනං; තං දිස්වා අවචුං කඤ්ඤා, දීඝාවුං රට්ඨවඩ්ඪනං.",pli,nadil,pali,pali
“හිසෙහි මැණික් සඳක් ඇති චිත්‍රය හැමකල්හි යහපත්ය. පැහැ විහිදෙන්නේය. රන් ඉරිවලින් ඉතා අලංකාරය වෙරළුමිණි ඉරිමෙන් ඉතා හොබනේය.,sin,nadil,sinhala,sinhala
"“කරන ලද දරුණු පව් ඇත්තේ නොයෙක් අවුරුදු දහස් ගණන් මුළුල්ලෙහිද, අවුරුදු සමූහයක් මුළුල්ලෙහිද නහුත ගණන් මුළුල්ලෙහිද, ඉතාමත් දුකට පැමිණියේය.",sin,nadil,sinhala,sinhala
"[50] සැවැත්නුවර නිදානය වෙයි. “මහණෙනි, මේ ඉන්ද්‍රිය පසකි. කවර පසක්ද? සද්ධින්ද්‍රියද විරියින්ද්‍රියද සතින්ද්‍රියද සමාධින්ද්‍රියද පඤ්ඤින්ද්‍රියද වෙත්. “මහණෙනි කොතැනෙක්හි සද්ධින්ද්‍රිය දතයුතුද? සතර සොතාපත්ති අංගයන්හි යන මෙහි සද්ධින්ද්‍රිය දතයුතුය. මහණෙනි, කොතැන්හි විරියින්ද්‍රිය දතයුතුද? සතර සම්‍යක් ප්‍රධානයන්හි යන මෙහි විරියින්ද්‍රිය දතයුතුය. මහණෙනි, කොතැන්හි සතින්ද්‍රිය දතයුතුද? සතර සතිපට්ඨානයන්හි යන මෙහි සතින්ද්‍රිය දතයුතුය. මහණෙනි, කොතැන්හි සමාධින්ද්‍රිය දතයුතුද? සතර ධ්‍යානයන්හි යන මෙහි සමාධි ඉන්ද්‍රිය දතයුතුය. මහණෙනි, කොතැන්හි පඤ්ඤින්ද්‍රිය දතයුතුද? සතර ආර්ය සත්‍යයන්හි යන මෙහි පඤ්ඤින්ද්‍රිය දතයුතුය. [51] “සතර සොතාපත්තිඅංගයන්හි සද්ධින්ද්‍රියයාගේ (ii) වශයෙන් කෙතෙක් ආකාරයකින් පංච ඉන්ද්‍රියයෝ දතයුත්තාහුද? (iii) සතර සම්‍යක් ප්‍රධානයන්හි විරියින්ද්‍රියාගේ (මෙහි (ii) සතර සතිපට්ඨානයන්හි සතින්ද්‍රියයාගේ (මෙහි (ii) සතර ධ්‍යානයන්හි සමාධින්ද්‍රියයාගේ (මෙහි (ii) සතර ආර්ය සත්‍යයන්හි පඤ්ඤින්ද්‍රියයාගේ (මෙහි (ii) සතර සොතාපත්ති අංගයන්හි සද්ධින්ද්‍රියයාගේ (iv) විසි ආකාරයකින් පංච ඉන්ද්‍රියයෝ දතයුත්තාහ. (v) සතර සම්‍යක් ප්‍රධානයන්හි විරීයින්ද්‍රියයාගේ (මෙහි (iv) සතර සතිපට්ඨානයන්හි සතින්ද්‍රියයාගේ (මෙහි (iv) සතර ධ්‍යානයන්හි සමාධින්ද්‍රියයාගේ (මෙහි (iv) සතර ආර්ය සත්‍යයන්හි පඤ්ඤින්ද්‍රියයාගේ පංච ඉන්ද්‍රියයෝ දතයුත්තාහ.",sin,nadil,sinhala,sinhala
එයින් පසු ශ්‍රද්ධා ඇතිවැ සස්නෙහි පැවිදිවීමි. මේ ශරීරය තතුසේ දැක කාමරාගය ඉගිලවීමි.,sin,nadil,sinhala,sinhala
"“මෙසේ වදාළ කල ආයුෂ්මත් ආනන්ද ස්වාමීන් වහන්සේ භාග්‍යවතුන් වහන්සේට මෙසේ කියා සිටියෝය. ‘ස්වාමීනි, පුදුමයි ‘ස්වාමීනි, බොහෝ පුදුමයි. ස්වාමීනි, මේ ධර්ම ක්‍රමයට මොනයම් නමක් විය යුතුද?” ආනන්දය, එසේ වීනම්, මේ ධර්ම ක්‍රමය ‘අර්ථ ජාල’යයි (නම) දරව, ‘ධර්ම ජාල’යයිද එය දරව. ‘දෘෂ්ටි ජාල’යයිද එය දරව, නිරුත්තර සංඝග්‍රාමවිජය’යයිද එය දරවැයි, භාග්‍යවතුන් වහන්සේ මෙසේ වදාළසේක.",sin,nadil,sinhala,sinhala
"‘‘අථෙත්ථ වත්තතී සද්දො, තුමුලො භෙරවො මහා; දානෙන තං නීහරන්ති, පුන දානං අදා තුවං.",pli,nadil,pali,pali
"“මහරජ, සිංහරාජයෙකුගේ පර්වත ගුහාවට පැමිණීම මෙන් ඒ ඔබගේ මෙහි පැමිණීම යහපත් පැමිණීමකි. මහරජ්ජුරුවෙනි, අපට අනුශාසනා කරණුමැනව. ඔබ අප සියල්ලන්ගේ ස්වාමි වේයයි කීවාහුයයි” වදාළේය.",sin,nadil,sinhala,sinhala
විනය මදෙසයි ඝාඝනායුභූතං,pli,nadil,pali,sinhala
“මුළු පොළොවෙහි හැසිර සොයන්නේ යම් කෙනෙකුන්ට සමානයෙකු නොදක්නෙම්ද එබඳුවූ එක එක තෝරා ගන්නාලද මාගේ සියලුම යෝධයෝ තිස් දහසක් පමණ වෙත්.,sin,nadil,sinhala,sinhala
"අක්ඛාතං තෙ මයා සබ්බං, යස්මා උපවසාමහං; රම්මං පති නිසින්නොස්මි, පුථුලොමායුතා පුථු.",pli,nadil,pali,pali
“මම සංක්‍ෂිප්ත ලෙස විචාරණ කල්හිදු විස්තර වශයෙන් කියමි. (විචාරන්නාවූ) ඔවුන්ගේ අදහස් සම්පූර්ණ කරමි. විපදෝත්තමවූ බුදුරජාණන් වහන්සේ සතුටු කරමි.,sin,nadil,sinhala,sinhala
"‘‘සචෙ මං, භන්තෙ, එවං පුච්ඡෙය්‍ය - ‘කිං නු ඛො, ආවුසො සාරිපුත්ත, අහෙසුං අතීතමද්ධානං අඤ්ඤෙ සමණා වා බ්‍රාහ්මණා වා භගවතා භිය්‍යොභිඤ්ඤතරා සම්බොධිය’න්ති, එවං පුට්ඨො අහං, භන්තෙ, ‘නො’ති වදෙය්‍යං. ‘කිං පනාවුසො සාරිපුත්ත, භවිස්සන්ති අනාගතමද්ධානං අඤ්ඤෙ සමණා වා බ්‍රාහ්මණා වා භගවතා භිය්‍යොභිඤ්ඤතරා සම්බොධිය’න්ති, එවං පුට්ඨො අහං, භන්තෙ, ‘නො’ති වදෙය්‍යං . ‘කිං පනාවුසො සාරිපුත්ත, අත්ථෙතරහි අඤ්ඤො සමණො වා බ්‍රාහ්මණො වා භගවතා භිය්‍යොභිඤ්ඤතරො සම්බොධිය’න්ති, එවං පුට්ඨො අහං, භන්තෙ, ‘නො’ති වදෙය්‍යං. ‘‘සචෙ පන මං, භන්තෙ, එවං පුච්ඡෙය්‍ය - ‘කිං නු ඛො, ආවුසො සාරිපුත්ත, අහෙසුං අතීතමද්ධානං අඤ්ඤෙ සමණා වා බ්‍රාහ්මණා වා භගවතා සමසමා සම්බොධිය’න්ති, එවං පුට්ඨො අහං, භන්තෙ, ‘එව’න්ති වදෙය්‍යං. ‘කිං පනාවුසො සාරිපුත්ත, භවිස්සන්ති අනාගතමද්ධානං අඤ්ඤෙ සමණා වා බ්‍රාහ්මණා වා භගවතා සමසමා සම්බොධිය’න්ති, එවං පුට්ඨො අහං, භන්තෙ, ‘‘එව’’න්ති වදෙය්‍යං . ‘කිං පනාවුසො සාරිපුත්ත, අත්ථෙතරහි අඤ්ඤෙ සමණා වා බ්‍රාහ්මණා වා භගවතා සමසමා සම්බොධිය’න්ති, එවං පුට්ඨො අහං භන්තෙ ‘නො’ති වදෙය්‍යං. ‘‘සචෙ පන මං, භන්තෙ, එවං පුච්ඡෙය්‍ය - ‘කිං පනායස්මා සාරිපුත්තො එකච්චං අබ්භනුජානාති , එකච්චං න අබ්භනුජානාතී’ති, එවං පුට්ඨො අහං, භන්තෙ, එවං බ්‍යාකරෙය්‍යං - ‘සම්මුඛා මෙතං, ආවුසො, භගවතො සුතං, සම්මුඛා පටිග්ගහිතං - ‘‘අහෙසුං අතීතමද්ධානං අරහන්තො සම්මාසම්බුද්ධා මයා සමසමා සම්බොධිය’’න්ති. සම්මුඛා මෙතං, ආවුසො, භගවතො සුතං, සම්මුඛා පටිග්ගහිතං - ‘‘භවිස්සන්ති අනාගතමද්ධානං අරහන්තො සම්මාසම්බුද්ධා මයා සමසමා සම්බොධිය’’න්ති. සම්මුඛා මෙතං, ආවුසො, භගවතො සුතං සම්මුඛා පටිග්ගහිතං - ‘‘අට්ඨානමෙතං අනවකාසො යං එකිස්සා ලොකධාතුයා ද්වෙ අරහන්තො සම්මාසම්බුද්ධා අපුබ්බං අචරිමං උප්පජ්ජෙය්‍යුං, නෙතං ඨානං විජ්ජතී’’’ති. ‘‘කච්චාහං, භන්තෙ, එවං පුට්ඨො එවං බ්‍යාකරමානො වුත්තවාදී චෙව භගවතො හොමි, න ච භගවන්තං අභූතෙන අබ්භාචික්ඛාමි, ධම්මස්ස චානුධම්මං බ්‍යාකරොමි, න ච කොචි සහධම්මිකො වාදානුවාදො (වාදානුපාතො (සී.)) ගාරය්හං ඨානං ආගච්ඡතී’’ති? ‘‘තග්ඝ ත්වං, සාරිපුත්ත, එවං පුට්ඨො එවං බ්‍යාකරමානො වුත්තවාදී චෙව මෙ හොසි, න ච මං අභූතෙන අබ්භාචික්ඛසි, ධම්මස්ස චානුධම්මං බ්‍යාකරොසි, න ච කොචි සහධම්මිකො වාදානුවාදො ගාරය්හං ඨානං ආගච්ඡතී’’ති.",pli,nadil,pali,pali
"‘‘දාසිං දාසං ච (දාසං දාසි ච (සී. පී.)) සො දජ්ජා, අස්සං චස්සතරීරථං; හත්ථිඤ්ච කුඤ්ජරං දජ්ජ, කථං සො දජ්ජ දාරකෙ’’.",pli,nadil,pali,pali
"“සිඛා ඇත්තාවූ චෞරවූ මේඝයා මුත්තනුවන් කොට ඇති මේ කෙකිණි කවරක්ද? පින්වත් කෙකින්න, මෑතට එව, මාගේ අර පැසෙහි හෝනා කවුඩෙක්වූ යහළුවා චණ්ඩවේ.”",sin,nadil,sinhala,sinhala
"“නිදුකාණෙනි, මේ මහා මුනිවූ පදුමුත්තර නම් බුදුරජතෙම ලොව පහළවිය. වහා ගොස් එම සම්බුදු රජුන් භජනය කරනු මැනව” (කියායි.)",sin,nadil,sinhala,sinhala
"“මහරජ, අසත්පුරුෂවූ මොහුට ක්ෂමා කෙරේවා. මළහුගේ ප්‍රාණයෝ නැවත ගෙන්විය නොහැකි වෙත්. දෙවයෙනි, ක්ෂමා කරව. මොහුගේ වධය මම නොකැමැත්තෙමි.",sin,nadil,sinhala,sinhala
තෙසං ධම්මානං වුත්තංහෙතං භගවතා:-,pli,nadil,pali,pali
"“තරුණවූ මනාව හටගත්තාවූ ශෝභන මුඛයක් ඇත්තාවූ මනා දර්ශනයෙන් යුක්තවූ රන්වන් පැහැවූ තරුණ කොමොඩු කෙසරු මෙන් ගැවසීගත් රැවුල ඇත්තාවූ කුමාරයෙක්වේද, (ඔහුද මරුවා හැරගෙණ යේ) ඉන් පළමුවම ගෘහයද කාමයන්ද හැර පැවිදිවන්නෙමි. දේවයන් වහන්ස, මට අවසර දුන මැනවැයි අජපල් කුමාරතෙම කීයේය.",sin,nadil,sinhala,sinhala
"“යම්සේ මහසයුර ජලාශයනට අග්‍ර වේද, සිනෙරු පර්‍වතය පර්‍වතයනට අග්‍රවේද, එසේම යමෙක් චිත්ත (ඤාණ) වශයෙන් පවතිත් නම් ඔවුහු බුදු නුවණින් කලාවකටද නොපැමිණෙත්. (හැම නුවණකටම වඩා බුදු නුවණ අග්‍රය කියායි.) “(එකල්හි) කාරුණීක ඎෂිවූ බුදුරජාණන් වහන්සේ ධර්‍මයෙහි ධර්‍මයෙහි ක්‍රමය (දහම් දෙසුම) තබා, භික්‍ෂු සංඝයා මැද වැඩ හිඳ, මෙම ගාථාවන් වදාළ සේක.",sin,nadil,sinhala,sinhala
විකසහස්සත්තිසත - ඡතාළීසම හායනෙ,pli,nadil,pali,pali
"වුත්තඤ්හෙතං භගවතා, වුත්තමරහතාති මෙ සුතං - ‘‘තීණිමානි, භික්ඛවෙ, සුඛානි පත්ථයමානො සීලං රක්ඛෙය්‍ය පණ්ඩිතො. කතමානි තීණි? පසංසා මෙ ආගච්ඡතූති (ආගච්ඡන්තූති (ස්‍යා.)) සීලං රක්ඛෙය්‍ය පණ්ඩිතො, භොගා මෙ උප්පජ්ජන්තූති සීලං රක්ඛෙය්‍ය පණ්ඩිතො, කායස්ස භෙදා පරං මරණා සුගතිං සග්ගං ලොකං උපපජ්ජිස්සාමීති සීලං රක්ඛෙය්‍ය පණ්ඩිතො. ඉමානි ඛො, භික්ඛවෙ, තීණි සුඛානි පත්ථයමානො සීලං රක්ඛෙය්‍ය පණ්ඩිතො’’ති. එතමත්ථං භගවා අවොච. තත්ථෙතං ඉති වුච්චති - ‘‘සීලං රක්ඛෙය්‍ය මෙධාවී, පත්ථයානො තයො සුඛෙ; පසංසං විත්තලාභඤ්ච, පෙච්ච සග්ගෙ පමොදනං. ‘‘අකරොන්තොපි චෙ පාපං, කරොන්තමුපසෙවති; සඞ්කියො හොති පාපස්මිං, අවණ්ණො චස්ස රූහති. ‘‘යාදිසං කුරුතෙ මිත්තං, යාදිසං චූපසෙවති; ස වෙ තාදිසකො හොති, සහවාසො හි (සහවාසොපි (සී. ක.)) තාදිසො. ‘‘සෙවමානො සෙවමානං, සම්ඵුට්ඨො සම්ඵුසං පරං; සරො දිද්ධො කලාපංව, අලිත්තමුපලිම්පති; උපලෙපභයා (උපලිම්පභයා (ක.)) ධීරො, නෙව පාපසඛා සියා. ‘‘පූතිමච්ඡං කුසග්ගෙන, යො නරො උපනය්හති; කුසාපි පූති වායන්ති, එවං බාලූපසෙවනා. ‘‘තගරඤ්ච පලාසෙන, යො නරො උපනය්හති; පත්තාපි සුරභි වායන්ති, එවං ධීරූපසෙවනා. ‘‘තස්මා පත්තපුටස්සෙව (පලාසපුටස්සෙව (පී. ක.)), ඤත්වා සම්පාකමත්තනො; අසන්තෙ නුපසෙවෙය්‍ය, සන්තෙ සෙවෙය්‍ය පණ්ඩිතො; අසන්තො නිරයං නෙන්ති, සන්තො පාපෙන්ති සුග්ගති’’න්ති. අයම්පි අත්ථො වුත්තො භගවතා, ඉති මෙ සුතන්ති. සත්තමං.",pli,nadil,pali,pali
"‘‘ඉතො තිංසතිකප්පම්හි, පටිසඞ්ඛාරසව්හයා; සත්තරතනසම්පන්නා, තෙරස චක්කවත්තිනො.",pli,nadil,pali,pali
"‘‘පුන චපරං, භික්ඛවෙ, භික්ඛු ධම්මෙසු ධම්මානුපස්සී විහරති පඤ්චසු උපාදානක්ඛන්ධෙසු. කථඤ්ච පන, භික්ඛවෙ, භික්ඛු ධම්මෙසු ධම්මානුපස්සී විහරති පඤ්චසු උපාදානක්ඛන්ධෙසු? ඉධ, භික්ඛවෙ, භික්ඛු - ‘ඉති රූපං, ඉති රූපස්ස සමුදයො, ඉති රූපස්ස අත්ථඞ්ගමො; ඉති වෙදනා, ඉති වෙදනාය සමුදයො, ඉති වෙදනාය අත්ථඞ්ගමො; ඉති සඤ්ඤා, ඉති සඤ්ඤාය සමුදයො, ඉති සඤ්ඤාය අත්ථඞ්ගමො; ඉති සඞ්ඛාරා, ඉති සඞ්ඛාරානං සමුදයො, ඉති සඞ්ඛාරානං අත්ථඞ්ගමො, ඉති විඤ්ඤාණං, ඉති විඤ්ඤාණස්ස සමුදයො, ඉති විඤ්ඤාණස්ස අත්ථඞ්ගමො’ති, ඉති අජ්ඣත්තං වා ධම්මෙසු ධම්මානුපස්සී විහරති, බහිද්ධා වා ධම්මෙසු ධම්මානුපස්සී විහරති, අජ්ඣත්තබහිද්ධා වා ධම්මෙසු ධම්මානුපස්සී විහරති. සමුදයධම්මානුපස්සී වා ධම්මෙසු විහරති, වයධම්මානුපස්සී වා ධම්මෙසු විහරති, සමුදයවයධම්මානුපස්සී වා ධම්මෙසු විහරති. ‘අත්ථි ධම්මා’ති වා පනස්ස සති පච්චුපට්ඨිතා හොති යාවදෙව ඤාණමත්තාය පටිස්සතිමත්තාය, අනිස්සිතො ච විහරති, න ච කිඤ්චි ලොකෙ උපාදියති . එවම්පි ඛො, භික්ඛවෙ, භික්ඛු ධම්මෙසු ධම්මානුපස්සී විහරති පඤ්චසු උපාදානක්ඛන්ධෙසු.",pli,nadil,pali,pali
"‘‘තුම්හෙ පන මුග්ගරහත්ථපාණිනො, රුදංමුඛා ඡින්නපභින්නගත්තා; මනුස්සභූතා කිමකත්ථ පාපං, යෙනඤ්ඤමඤ්ඤස්ස පිවාථ ලොහිත’’න්ති.",pli,nadil,pali,pali
"අයං පුරිසො මම අත්ථකාමො, යො මං ගහෙත්වාන දකාය නෙති; තස්මිං මතෙ දුක්ඛමනප්පකං මෙ, අහඤ්ච එසො ච උභො න හොම.",pli,nadil,pali,pali
"“මහරජ, මොව්හු ධ්‍රතරාෂ්ටනම් හංසාධිපතීහු වෙත්. මෙතෙම වනාහි හංසයන්ගේ, රජය මේ අනික් තැනැත්තේ සේනාපතිය.",sin,nadil,sinhala,sinhala
"‘‘සබ්බඤ්ච මච්චා සධනං සභොගං (සධනා සභොගා (සී. ස්‍යා. පී. ක.)), ආදීපිතං දාරු තිණෙන මිස්සං; දහං න තප්පෙ (න තප්පෙ අග්ගි (ක.)) අසමත්ථතෙජො, කො තං සුභික්ඛං ද්විරසඤ්ඤු කයිරා (දිරසඤ්ඤ කුරියා (සී.), දිරසඤ්ඤු කුරියා (පී.)).",pli,nadil,pali,pali
"“ශාක්‍ය කුල උපන් සර්වඥයන් වහන්ස, ඒ ශ්‍රාවකයා අපි හැමෝම දැනගන්ට කැමැත්තෙමු. ශ්‍රවණය පිණිස අපගේ කන්යොමුකොට සිටියාහ. ඔබවහන්සේ අපගේ ශාස්තෲන් වහන්සේය. ඔබවහන්සේ උතුම්වෙහිය.",sin,nadil,sinhala,sinhala
"“මහණෙනි, මේ පුද්ගලයන් සතර දෙනෙක් ලෝකයෙහි ඇත්තාහ, විද්‍යමාන වෙත්. කවර සතර දෙනෙක්ද යත්? “තමාගේ යහපත පිණිස පිළිපන්, අනුන්ගේ යහපත පිණිස පිළිනොපන් පුද්ගලයාය, අනුන්ට හිත පිණිස පිළිපන්, තමාගේ යහපත පිණිස පිළිනොපන් පුද්ගලයාය, තම යහපත පිණිස හෝ අනුන්ගේ යහපත පිණිස පිළිනොපන් පුද්ගලයාය, තමාගේ යහපත පිණිසත්, අනුන්ගේ යහපත පිණිසත් පිළිපන් පුද්ගලයාය යන සතරදෙනයි. “මහණෙනි, කෙසේ නම් පුද්ගල තෙම තමන්ගේ යහපත පිණිස පිළිපන්නේද, අන්‍යයන්ගේ යහපත පිනිස නොපිළිපන්නේද?” “මහණෙනි, මේ ලෝකයෙහි ඇතැම් පුද්ගලයෙක් කුශල ධර්‍මයන් වහා දැනගන්ට සමර්ත්‍ථ වේද, ඇසූ ධර්‍මයන් දරන ස්වභාව ඇත්තේ වේද, දැරූ ධර්‍මයන්ගේ අර්ත්‍ථ පරීක්‍ෂා කරන්නේ වේ. අර්ත්‍ථය දැන, ධර්‍මය දැන, ධර්‍මානුධර්‍ම ප්‍රතිපන්න වේ. “යහපත් වචන නැත්තේ වේ. යහපත් වචන හඬ නැත්තේ වේ. විස්සඨ අඞ්ගයන්ගෙන් යුත්, කෙළතොළු නොවූ, අර්ත්‍ථයන් හඟවන නාගරීක වචනයෙන් යුක්තවූයේ වේ. සබ්‍රම්සරුන්ට උදාහරණ දක්වා කියා නොදේද, සමාදන් නොකරවාද, තෙද නොගන්වාද, සතුටු නොඋපදවාද, “මහණෙනි, මෙබඳු පුද්ගල තෙම තමාගේ යහපත පිණිස පිළිපන්නේ වේ. අනුන්ගේ යහපත පිණිස පිළිපන්නේ නොවේ.” “මහණෙනි, කෙසේ නම් පුද්ගල තෙම අනුන්ගේ යහපත පිණිස පිළිපන්නේ තම හිත පිණිස නොපිළිපන්නේ වේද? “මහණෙනි, මේ ලෝකයෙහි ඇතැම් පුද්ගලයෙක් කුශල ධර්‍මයන් වහා දකින්නට සමර්ත්‍ථ නොවේද, ඇසූ ධර්‍මයන් නොදරණ ස්වභාව ඇත්තේද, දැරූ ධර්‍මයන්ගේ අර්ත්‍ථයන් පරීක්‍ෂා කරන්නේ නොවේද, අර්ත්‍ථය දැන, ධර්‍මය දැන, ධර්මානුධර්ම ප්‍රතිපන්න නොවේ. “යහපත් වචන ඇත්තේ වේ. යහපත් ශබ්ද ඇත්තේ වේ. විස්සඨ අඞ්ගයෙන් යුත්, කෙළතොළු නොවූ, අර්ත්‍ථයන් හඟවන නාගරීක වචනයෙන් යුක්තවූයේ වේ. සබ්‍රම්සරුන්ට උදාහරණ දක්වා කියා දේද, සමාදන් කරවයිද, තෙද ගන්වයිද, සතුටු කරවයිද, “මහණෙනි, මේ පුද්ගල තෙම අනුන්ගේ යහපත පිණිස පිළිපන්නේ වේ. තමාගේ යහපත පිණිස පිළිපන්නේ නොවේ.” “මහණෙනි, කෙසේ පුද්ගල තෙම තමාගේ යහපත පිණිස පිළිනොපන්නේ වේද, අනුන්ගේ යහපත පිණිස පිළිනොපන්නේ වේද? “මහණෙනි, මේ ලෝකයෙහි ඇතැම් පුද්ගලයෙක් කුශල ධර්‍මයන් වහා දකින්නට සමර්ත්‍ථ නොවේද, ඇසූ ධර්‍මයන් නොදරණ ස්වභාව ඇත්තේද, දැරූ ධර්‍මයන්ගේ අර්ත්‍ථයන් පරීක්‍ෂා කරන්නේ නොවේද, අර්ත්‍ථය දැන, ධර්‍මය දැන, ධර්මානුධර්ම ප්‍රතිපන්න නොවේ. “යහපත් වචන නැත්තේ වේ. යහපත් වචන හඬ නැත්තේ වේ. විස්සඨ අඞ්ගයන්ගෙන් යුත්, කෙළතොළු නොවූ, අර්ත්‍ථයන් හඟවන නාගරීක වචනයෙන් යුක්තවූයේ වේ. සබ්‍රම්සරුන්ට උදාහරණ දක්වා කියා නොදේද, සමාදන් නොකරවාද, තෙද නොගන්වාද, සතුටු නොඋපදවාද, “මහණෙනි, මෙසේ වනාහි පුද්ගල තෙම තමාගේ යහපත පිණිසත්, අනුන්ගේ යහපත පිණිසත්, නොපිළිපන්නේ වේ.” “මහණෙනි, කෙසේ පුද්ගල තෙම තමාගේ යහපත පිණිසද, අනුන්ගේ යහපත පිණිසද පිළිපන්නේ වේද? “මහණෙනි, මේ ලෝකයෙහි ඇතැම් පුද්ගලයෙක් කුශල ධර්‍මයන් වහා දැනගන්ට සමර්ත්‍ථ වේද, ඇසූ ධර්‍මයන් දරන ස්වභාව ඇත්තේ වේද, දැරූ ධර්‍මයන්ගේ අර්ත්‍ථ පරීක්‍ෂා කරන්නේ වේ. අර්ත්‍ථය දැන, ධර්‍මය දැන, ධර්‍මානුධර්‍ම ප්‍රතිපන්න වේ. “යහපත් වචන ඇත්තේ වේ. යහපත් ශබ්ද ඇත්තේ වේ. විස්සඨ අඞ්ගයෙන් යුත්, කෙළතොළු නොවූ, අර්ත්‍ථයන් හඟවන නාගරීක වචනයෙන් යුක්තවූයේ වේ. සබ්‍රම්සරුන්ට උදාහරණ දක්වා කියා දේද, සමාදන් කරවයිද, තෙද ගන්වයිද, සතුටු කරවයිද, “මහණෙනි, මෙසේ වනාහි පුද්ගල තෙම තමන්ගේ යහපත පිණිස පිළිපන්නේද, අනුන්ගේ යහපත පිණිස පිළිපන්නේද වේ. මහණෙනි, මේ පුද්ගලයන් සතර දෙන ලෝකයෙහි ඇත්තාහ. විද්‍යමාන වෙත්.”",sin,nadil,sinhala,sinhala
"“මින් දෙඅනූවන කපෙහි වූ එකල්හි යම් පිළිසකර කමක් කෙළෙම්ද, ඒ හේතුවෙන් දුගතියක් නොදනිමි. සුණු පිඩු දීමෙහි මේ විපාකයයි.",sin,nadil,sinhala,sinhala
නස්සායුභූතං විනයං ලජ්ජිකුක්කුච්ච සික්ඛා කාමෙහි කුලපුත්තෙහි,pli,nadil,pali,pali
"යො ච වස්සසතං ජීවෙ, කුසීතො හීනවීරියො; එකාහං ජීවිතං සෙය්‍යො, වීරියමාරභතො දළ්හං.",pli,nadil,pali,pali
"‘‘‘ගුණඤ්ච මෙ පකිත්තෙසි, පසන්නො සෙහි පාණිභි; එසො පත්ථයතෙ ඨානං, වාදිසූදස්ස භික්ඛුනො.",pli,nadil,pali,pali
"“එක් සමයෙක භාග්‍යවතුන් වහන්සේ මහත්වූ භික්‍ෂු සමූහයා හා කොශල ජනපදයෙහි චාරිකාවෙහි හැසිරෙනුයේ කොසල වැස්සන්ගේ ඉච්ඡානංගල නම් බමුණු ගමට පැමිණි සේක. භාග්‍යවතුන් වහන්සේ වනාහි ඉච්ඡානංගල ගම්හි, ඉච්ඡානංගල වන ලැහැබේ වසන සේක. ඉච්ඡානංගල වැසි බමුණු සිටුවරු ශාක්‍ය කුලයෙන් පැවිදිවූ, ශාක්‍ය පුත්‍රවූ, ශ්‍රමණ භවත් ගෞතම තෙමේ ඉච්ඡානංගලයට පැමිණියේ, ඉච්ඡානංගලයට පැමිණ එහි ඉච්ඡානංගල වන ලැහැබෙහි වෙසේයයි ඇසුහ. ඒ භාග්‍යවත් ගෞතමයන්ගෙන් මෙබඳු කීර්ති ඝෝෂයක් පැන නැංගේය. ඒ භාග්‍යවතුන් වහන්සේ මේ කාරණයෙන්ද අර්‍හත්ය, සම්‍යක් සම්බුද්‍ධය, විද්‍යාචරණයන්ගෙන් යුක්තය, සුගතය, ලෝකය දත්තේය, පුරුෂයන් දමණය කරණ ශ්‍රේෂ්ඨ උත්තමයාය, දෙව් මිනිසුන්ගේ ශාස්තෲවරයාය, බුද්‍ධය, භාග්‍ය ඇත්තේයයි එබඳුවූ රහතුන්ගේ දැකීම වේ නම් මනාමය (කියාය.) ඉක්බිති වනාහි ඉච්ඡානංගල වැසි බමුණු සිටුවරු ඒ රැය ඇවෑමෙන් බොහෝ කෑම් පීම් ගෙන, ඉච්ඡානංගල වන ලැහැබ කරා පැමුණුණෝය. පැමිණ, උස් හඬ ඇත්තෝ, මහා ශබ්ද ඇත්තෝ, පිටි දොර සිටියෝය. එසමයෙහි වනාහි ආයුෂ්මත් නාගිත තෙම භාග්‍යවතුන් වහන්සේට උපස්ථාන කරන්නේ විය. ඉක්බිත්තෙන් වනාහි භාග්‍යවතුන් වහන්සේ ආයුෂ්මත් නාගිතයන්ට කථා කළ සේක. “නාගිතය, ඒ උස්වූ ශබ්ද, මහත් ශබ්ද කවරේද? මස් මරන්නෝ මසුන් උදුරතියි සිතමි.” “ස්වාමීනි, මොවුහු ඉච්ඡානංගල වැසි බමුණන් හා සිටුවරුය. බොහෝ කෑම් බීම් ගෙන පිටත දොරටුයෙහි භාග්‍යවතුන් වහන්සේද, භික්‍ෂු සංඝයාද උදෙසා සිටියෝය.” “නාගිතය, මම යසසින් වන සමාගමය නොපතමි. මා කරණ කොට යසසක්ද නොපතමි. “නාගිතය, යමෙක් වනාහි මේ නිෂ්කාම මහණකමේ සැපය, දැඩි විවේක සැපය, සිත සන්සිඳීමේ සැපය, මනා අවබෝධයෙන්වූ සැපය, පහසුවෙන් ලබන්නේ නොවේද, නිදුකින් ලබන්නේ නොවේද, හිරිහැර නැතිව ලබන්නේ නොවේද, මම යම් ඒ නිෂ්කාම සැපය, දැඩි විවේක සැපය, සිත සන්සිඳීමේ සැපය, මනා අවබෝධයෙන්වු සැපය, පහසුවෙන් ලබන්නේ වෙම්ද, නිදුකින් ලබන්නේ වෙම්ද, හිරිහැර නැතිව ලබන්නේ වෙම්ද, හෙතෙම ඒ අපවිත්‍රවූ සැපය, නිදීමේ සැපය, ලැබීම සැලකිලි ප්‍රශංසා සැපය ඉවසන්නේය.” “ස්වාමීනි, භාග්‍යවතුන් වහන්සේ දැන් ඉවසාවා. ස්වාමීනි, දැන් භාග්‍යවතුන් වහන්සේහට ඉවසීමේ කාලයයි. ස්වාමීනි, භාග්‍යවතුන් වහන්සේ යම් යම් පරිද්දෙකින් එයට වඩින්නේද, බමුණු සිටුවරුද, නියම් ගම්මුද, ජනපද වැස්සෝද, නැමුණෝම වන්නෝය. “ස්වාමීනි, යම්සේ මහත් බින්දු ඇති වැස්ස වසිත්ම පහත් (නැමුණු) තැන් වශයෙන් ජලය පවතිත්ද, ස්වාමිනි, එසේම වනාහි භාග්‍යවතුන් වහන්සේ යම් යම් පරිද්දකින් එයට වඩින්නේද, බමුණු සිටුවරුද, නියම් ගම්මුද, ජනපද වැස්සෝද, නැමුණෝ වෙත්. එයට හේතු කවරේද? ස්වාමීනි, භාග්‍යවතුන් වහන්සේගේ ශීල ප්‍රඥාව එසේමැයි.” “නාගිතය, මම යසසින් වන සමාගමය නොපතමි. මා කරණ කොට යසසක්ද නොපතමි. “නාගිතය, යමෙක් වනාහි මේ නිෂ්කාම මහණකමේ සැපය, දැඩි විවේක සැපය, සිත සන්සිඳීමේ සැපය, මනා අවබෝධයෙන්වූ සැපය, පහසුවෙන් ලබන්නේ නොවේද, නිදුකින් ලබන්නේ නොවේද, හිරිහැර නැතිව ලබන්නේ නොවේද, මම යම් ඒ නිෂ්කාම සැපය, දැඩි විවේක සැපය, සිත සන්සිඳීමේ සැපය, මනා අවබෝධයෙන්වු සැපය, පහසුවෙන් ලබන්නේ වෙම්ද, නිදුකින් ලබන්නේ වෙම්ද, හිරිහැර නැතිව ලබන්නේ වෙම්ද, හෙතෙම ඒ අපවිත්‍රවූ සැපය, නිදීමේ සැපය, ලැබීම සැලකිලි ප්‍රශංසා සැපය ඉවසන්නේය.” “නාගිත, ඇතැම් දේවතාවෝද වනාහි මහණකමේ සැපය, දැඩි විවේක සැපය, සිත සන්සිඳීමේ සැපය, මනා අවබෝධයෙන්වූ සැපය, පහසුවෙන් ලබන්නේ නොවේද, නිදුකින් ලබන්නේ නොවේද, හිරිහැර නැතිව ලබන්නේ නොවේද, යම් ඒ නිෂ්කාම සැපය, දැඩි විවේක සැපය, සිත සන්සිඳීමේ සැපය, මනා අවබෝධයෙන්වු සැපය, පහසුවෙන් ලබන්නේ වෙම්ද, නිදුකින් ලබන්නේ වෙම්ද, හිරිහැර නැතිව ලබන්නේ වෙම්ද, නාගිතය, එක්ව, රැස්ව, කාංඩ ගැසී කල් යැවීමෙන් වසන තොපටද මෙසේ සිතෙක් වෙයි. ‘මේ ආයුෂ්මත්වරු මහණකමේ සැපය, දැඩි විවේක සැපය, සිත සන්සිඳීමේ සැපය, මනා අවබෝධයෙන්වූ සැපය, පහසුවෙන් ලබන්නේ නොවේද, නිදුකින් ලබන්නේ නොවේද, හිරිහැර නැතිව ලබන්නේ නොවේද, මම යම් ඒ නිෂ්කාම සැපය, දැඩි විවේක සැපය, සිත සන්සිඳීමේ සැපය, මනා අවබෝධයෙන්වු සැපය, පහසුවෙන් ලබන්නේ වෙම්ද, නිදුකින් ලබන්නේ වෙම්ද, හිරිහැර නැතිව ලබන්නේ වෙම්ද, මම යම් මේ නිෂ්කාම සැපය, දැඩි විවේක සැපය, සිත සන්සිඳීමේ සැපය, මනා අවබෝධයෙන්වු සැපය, පහසුවෙන් ලබන්නේ වෙම්ද, නිදුකින් ලබන්නේ වෙම්ද, එසේම මේ ආයුෂ්මත්හු එක්ව, රැස්ව, කාණ්ඩ ගැසී කල් යැවීමෙන් වසත්. “නාගිතය, මම මෙහි උනුන් ඇඟිලි දික් කිරීමෙන් එක්ව සිනාසෙන, එක්ව සෙල්ලම් කරන භික්‍ෂූන් දකිමි. නාගිතය, ඒ මට මේ සිත වෙයි. ‘මේ ආයුෂ්මත්වරු මහණකමේ සැපය, දැඩි විවේක සැපය, සිත සන්සිඳීමේ සැපය, මනා අවබෝධයෙන්වූ සැපය, පහසුවෙන් ලබන්නේ නොවේද, නිදුකින් ලබන්නේ නොවේද, හිරිහැර නැතිව ලබන්නේ නොවේද, මම යම් මේ නිෂ්කාම සැපය, දැඩි විවේක සැපය, සිත සන්සිඳීමේ සැපය, මනා අවබෝධයෙන්වු සැපය, පහසුවෙන් ලබන්නේ වෙමි, නිදුකින් ලබන්නේ වෙමි, හිරිහැර නැතිව ලබන්නේ වෙමි,’ (කියාය.) “නාගිතය, ඇති පමණ බඩ තද වන තුරු කා, හෝනා සැපයෙහි, පහසේ සැපයෙහි, නින්දේ සැපයෙහි, නිතර යෙදුනු භික්‍ෂූන් මම දකිමි. නාගිත, ඒ මට මේ සිත වෙයි. ‘මේ ආයුෂ්මත්වරු මේ නිෂ්කාම සැපය, දැඩි විවේක සැපය, සිත සන්සිඳීමේ සැපය, මනා අවබෝධයෙන්වූ සැපය, පහසුවෙන් ලබන්නෝ ඇත්තෝ නොවෙත්ද, නිදුකින් ලබන්නෝ ඇත්තෝ නොවෙත්ද, හිරිහැර නැතිව ලබන්නෝ ඇත්තෝ නොවෙත්ද, ‘මේ ආයුෂ්මත්වරු මහණකමේ සැපය, දැඩි විවේක සැපය, සිත සන්සිඳීමේ සැපය, මනා අවබෝධයෙන්වූ සැපය, පහසුවෙන් ලබන්නේ නොවේද, නිදුකින් ලබන්නේ නොවේද, හිරිහැර නැතිව ලබන්නේ නොවේද, මම යම් මේ නිෂ්කාම සැපය, දැඩි විවේක සැපය, සිත සන්සිඳීමේ සැපය, මනා අවබෝධයෙන්වු සැපය, පහසුවෙන් ලබන්නේ වෙමි, නිදුකින් ලබන්නේ වෙමි, හිරිහැර නැතිව ලබන්නේ වෙමි,’ (කියාය.) එසේම මේ ආයුෂ්මත්වරු ඇති පමණ බඩ තද වන තුරු කා, හෝනා සැපයේ, පහසේ සැපයේ, නින්දේ සැපයේ, නිතර යෙදුණෝ වෙසෙත්, (කියාය). “නාගිත, මේ ගම් කෙළවරක වසන සිත එකඟව හුන් භික්‍ෂුවක් මම දකිමි. නාගිත, ඒ මට මේ සිත වෙයි. ‘දැන් මේ ආයුෂ්මත්හු අරම් වැස්සෙක් තෙමේ සොයයි. හෙරණෙක් තෙමේ හෝ ඔහු ඒ සිත එකඟ කමින් මුදවාය’ යි (කියාය.) නාගිත, ඒ ගම් කෙළවර විසීමෙන් මම ඒ භික්‍ෂුවට නොසතුටු වෙමි. “නාගිත, මෙහි කැලෑවෙහි නිදිකිරන අරණ්‍යවාසී භික්‍ෂුවක් මම දකිමි. නාගිත, ඒ මට මේ සිත වෙයි. ‘දැන් මේ ආයුෂ්මත් තෙම මේ නිද්‍රා ක්ලාන්තය දුරු කර, එකලාවූ කැලෑවය යන වැටහීමම මෙනෙහි කෙරේය (යනුයි.) නාගිත, මම ඒ භික්‍ෂුවට ඒ කැලෑ වාසයෙන් සතුටු වෙමි.” “නාගිත, මෙහි කැලෑවෙහි සිත එකඟ කමක් නැතිව හුන් ආරණ්‍යවාසී භික්‍ෂුවක් මම දකිමි. නාගිත, ඒ මට මේ සිත වේ. ‘දැන් මේ ආයුෂ්මත් තෙමේ එකඟ නොවූ සිත එකඟ කරන්නේ හෝ වේ. එකඟවූ සිත අනුරක්‍ෂා කරන්නේ වේ.’ නාගිත, මම ඒ භික්‍ෂුවට ඒ කැලෑබද වාසයෙන් සතුටු වෙමි.” “නාගිත, මේ කැලෑවෙහි සිත එකඟව හුන් ආරණ්‍යවාසී භික්‍ෂුවක් මම දකිමි. නාගිත, ඒ මට මේ සිත වේ. ‘දැන් මේ ආයුෂ්මත් තෙම නොමිදුණු සිත (කෙලෙසුන්ගෙන්) මුදන්නේය. මිදුණු හෝ සිත අනුරකින්නේය. (කියාය.) නාගිත, මම ඒ භික්‍ෂුවට ඒ කැලෑ වාසයෙන් සතුටු වෙමි. “නාගිත, මම යම් විටක මහ මගට බටුයේ ඉදිරියෙහි හෝ පස්සෙහි හෝ යම් කිසිවකු නොදකිම්ද, එසමයෙහි මට යටත් පිරිසෙයින් මල මූත්‍ර කිරීමටද පහසුවක් වේ.’",sin,nadil,sinhala,sinhala
“යහපත් වචන ඇති බුද්ධ ශ්‍රාවකවූ සොණතෙමේ බුදුරජාණන් වහන්සේ සමීපයෙහි සද්ධර්මය කීයේය.,sin,nadil,sinhala,sinhala
"‘‘නොනීතසුඛුමාලං මං, ජාතපල්ලවකොමලං; මන්දං උත්තානසයනං, පිසාචභයතජ්ජිතා.",pli,nadil,pali,pali
"“පිපුනාවූ කුඹුක්ගස්ද, අජ්ජුන කණ්ණද, මහානාමද, පිපුනාවූ අග් ඇති කෑලගස්ද, දිලිසෙත්මය.",sin,nadil,sinhala,sinhala
"(මෙහි 1 වර්ගයේ 5 සූත්‍රයේ 1 ඡේදය යෙදිය යුතුයි) එ සමයෙහි වනාහි එක්තරා භික්ෂුවක් අරමිණිය ගොතා, ඇඟ කෙළින් තබා පෙර කර්මයේ විපාකයෙන් ඇතිවූ තියුණු, රළු, කටුක දුක් වේදනාව ඉවසමින් සිහි ඇතිව, මනා දැනීම් ඇත්තේ, නොපෙළෙන්නේ භාග්‍යවතුන් වහන්සේ අසළ හුන්නේ වේ. භාග්‍යවතුන් වහන්සේ අරමිණිය ගොතා ඇඟ කෙළින් තබා, පෙර කර්මයේ විපාකයෙන්වූ තියුණු, රළු, කටුක, දුක් වේදනාව ඉවසන සිහි ඇති, මනා දැනීම් ඇති, නොපෙළෙන, අසල සිටි ඒ භික්‍ෂුව දුටුසේක්මය. ඉක්බිති භාග්‍යවතුන් වහන්සේ ඒ වේලාවෙහි මේ ප්‍රීතිවාක්‍යය පහළ කළසේක. “සියලු කර්මයන් දුරලන, පෙරකළ කෙලෙස් (දූවිලි) කම්පාකරන, මමත්වය (-මගේ කියා ගැනීම) නැති, සිටියාවූ, කම්පා නොවන භික්‍ෂුවට ජනයාට කියයුතු වැඩක් නැත.”",sin,nadil,sinhala,sinhala
[මෙතැන් සිට පහලට ජාතක තුනක් අඩුය],sin,nadil,sinhala,sinhala
"වුත්තඤ්හෙතං භගවතා, වුත්තමරහතාති මෙ සුතං - ‘‘එකධම්මො , භික්ඛවෙ, භාවිතො බහුලීකතො උභො අත්ථෙ සමධිගය්හ තිට්ඨති - දිට්ඨධම්මිකඤ්චෙව අත්ථං සම්පරායිකඤ්ච. කතමො එකධම්මො? අප්පමාදො කුසලෙසු ධම්මෙසු. අයං ඛො, භික්ඛවෙ, එකධම්මො භාවිතො බහුලීකතො උභො අත්ථෙ සමධිගය්හ තිට්ඨති - දිට්ඨධම්මිකඤ්චෙව අත්ථං සම්පරායිකඤ්චා’’ති. එතමත්ථං භගවා අවොච. තත්ථෙතං ඉති වුච්චති - ‘‘අප්පමාදං පසංසන්ති, පුඤ්ඤකිරියාසු පණ්ඩිතා; අප්පමත්තො උභො අත්ථෙ, අධිගණ්හාති පණ්ඩිතො. ‘‘දිට්ඨෙ ධම්මෙ ච යො අත්ථො, යො චත්ථො සම්පරායිකො; අත්ථාභිසමයා ධීරො, පණ්ඩිතොති පවුච්චතී’’ති. අයම්පි අත්ථො වුත්තො භගවතා, ඉති මෙ සුතන්ති. තතියං.",pli,nadil,pali,pali
"‘‘බුද්ධො ලොකෙ සමුප්පන්නො, තං විජානාථ නො භවං; අසීතිබ්‍යඤ්ජනානස්ස, බාත්තිංසවරලක්ඛණා.",pli,nadil,pali,pali
“මේ පින් දෙවිමිනිසුනට සියලු කැමති දේ දෙන නිධානයයි. යමක් ඔහු පතත්ද ඒ සියල්ල මේ පුණ්‍ය නිධාන හේතුවෙන් ලැබේ.,sin,nadil,sinhala,sinhala
"අප්පඤ්හි එතං න අලං සමාය, දුවෙ විවාදස්ස ඵලානි බ්‍රූමි; එතම්පි දිස්වා න විවාදයෙථ, ඛෙමාභිපස්සං අවිවාදභූමිං. අප්පඤ්හි එතං න අලං සමායාති. අප්පඤ්හි එතන්ති අප්පකං එතං, ඔමකං එතං, ථොකකං එතං, ලාමකං එතං, ඡතුක්කං එතං, පරිත්තකං එතන්ති - අප්පඤ්හි එතං. න අලං සමායාති නාලං රාගස්ස සමාය, දොසස්ස සමාය, මොහස්ස සමාය , කොධස්ස... උපනාහස්ස... මක්ඛස්ස... පළාසස්ස... ඉස්සාය... මච්ඡරියස්ස... මායාය... සාඨෙය්‍යස්ස... ථම්භස්ස... සාරම්භස්ස... මානස්ස... අතිමානස්ස... මදස්ස... පමාදස්ස... සබ්බකිලෙසානං... සබ්බදුච්චරිතානං... සබ්බදරථානං ... සබ්බපරිළාහානං... සබ්බසන්තාපානං... සබ්බාකුසලාභිසඞ්ඛාරානං සමාය උපසමාය වූපසමාය නිබ්බානාය පටිනිස්සග්ගාය පටිපස්සද්ධියාති - අප්පඤ්හි එතං න අලං සමාය. දුවෙ විවාදස්ස ඵලානි බ්‍රූමීති. දිට්ඨිකලහස්ස දිට්ඨිභණ්ඩනස්ස දිට්ඨිවිග්ගහස්ස දිට්ඨිවිවාදස්ස දිට්ඨිමෙධගස්ස ද්වෙ ඵලානි හොන්ති - ජයපරාජයො හොති, ලාභාලාභො හොති, යසායසො හොති, නින්දාපසංසො හොති, සුඛදුක්ඛං හොති, සොමනස්සදොමනස්සං හොති, ඉට්ඨානිට්ඨං හොති, අනුනයපටිඝං හොති, උග්ඝාතිනිග්ඝාති හොති, අනුරොධවිරොධො හොති. අථ වා තං කම්මං නිරයසංවත්තනිකං, තිරච්ඡානයොනිසංවත්තනිකං, පෙත්තිවිසයසංවත්තනිකන්ති බ්‍රූමි ආචික්ඛාමි දෙසෙමි පඤ්ඤපෙමි පට්ඨපෙමි විවරාමි විභජාමි උත්තානීකරොමි පකාසෙමීති - දුවෙ විවාදස්ස ඵලානි බ්‍රූමි. එතම්පි දිස්වා න විවාදයෙථාති. එතම්පි දිස්වාති එතං ආදීනවං දිස්වා පස්සිත්වා තුලයිත්වා තීරයිත්වා විභාවයිත්වා විභූතං කත්වා දිට්ඨිකලහෙසු දිට්ඨිභණ්ඩනෙසු දිට්ඨිවිග්ගහෙසු දිට්ඨිවිවාදෙසු දිට්ඨිමෙධගෙසූති - එතම්පි දිස්වා. න විවාදයෙථාති න කලහං කරෙය්‍ය, න භණ්ඩනං කරෙය්‍ය, න විග්ගහං කරෙය්‍ය, න විවාදං කරෙය්‍ය, න මෙධගං කරෙය්‍ය, කලහං භණ්ඩනං විග්ගහං විවාදං මෙධගං පජහෙය්‍ය විනොදෙය්‍ය බ්‍යන්තිං කරෙය්‍ය අනභාවං ගමෙය්‍ය, කලහා භණ්ඩනා විග්ගහා විවාදා මෙධගා ආරතො අස්ස විරතො පටිවිරතො නික්ඛන්තො නිස්සටො විප්පමුත්තො විසඤ්ඤුත්තො විමරියාදිකතෙන චෙතසා විහරෙය්‍යාති - එතම්පි දිස්වා න විවාදයෙථ. ඛෙමාභිපස්සං අවිවාදභූමින්ති. අවිවාදභූමිං වුච්චති අමතං නිබ්බානං. යො සො සබ්බසඞ්ඛාරසමථො සබ්බූපධිපටිනිස්සග්ගො තණ්හක්ඛයො විරාගො නිරොධො නිබ්බානං. එතං අවිවාදභූමිං ඛෙමතො තාණතො ලෙණතො සරණතො අභයතො අච්චුතතො අමතතො නිබ්බානතො පස්සන්තො දක්ඛන්තො ඔලොකෙන්තො නිජ්ඣායන්තො උපපරික්ඛන්තොති - ඛෙමාභිපස්සං අවිවාදභූමිං. තෙනාහ භගවා - ‘‘අප්පඤ්හි එතං න අලං සමාය, දුවෙ විවාදස්ස ඵලානි බ්‍රූමි; එතම්පි දිස්වා න විවාදයෙථ, ඛෙමාභිපස්සං අවිවාදභූමි’’න්ති.",pli,nadil,pali,pali
“පර්වතයෙහි ඇතුන්ගේ පා සටහන් මෙන් මේ ඔවුන් ක්‍රීඩා කරණ තැනය. ආශ්‍රමයට නුදුරු තැන වැලි ගොඩවල් විසිරී තිබෙත්. ජාලිය කෘෂ්ණජිනා යන ඒ පුත්‍රයන් අද නොදක්නෙමි.,sin,nadil,sinhala,sinhala
"‘‘යං යං යොනුපපජ්ජාමි, දෙවත්තං අථ මානුසං; කොරණ්ඩවණ්ණකොයෙව, සුප්පභාසො භවාමහං.",pli,nadil,pali,pali
"සාවත්ථියං විහරති...පෙ.... ‘‘ධාතුසොව, භික්ඛවෙ, සත්තා සංසන්දන්ති සමෙන්ති. පාණාතිපාතිනො පාණාතිපාතීහි සද්ධිං සංසන්දන්ති සමෙන්ති; අදින්නාදායිනො අදින්නාදායීහි සද්ධිං සංසන්දන්ති සමෙන්ති; කාමෙසුමිච්ඡාචාරිනො කාමෙසුමිච්ඡාචාරීහි සද්ධිං සංසන්දන්ති සමෙන්ති; මුසාවාදිනො මුසාවාදීහි සද්ධිං සංසන්දන්ති සමෙන්ති; පිසුණවාචා පිසුණවාචෙහි සද්ධිං සංසන්දන්ති සමෙන්ති; ඵරුසවාචා ඵරුසවාචෙහි සද්ධිං සංසන්දන්ති සමෙන්ති; සම්ඵප්පලාපිනො සම්ඵප්පලාපීහි සද්ධිං සංසන්දන්ති සමෙන්ති’’. ‘‘පාණාතිපාතා පටිවිරතා...පෙ.... අදින්නාදානා පටිවිරතා... කාමෙසුමිච්ඡාචාරා පටිවිරතා... මුසාවාදා පටිවිරතා... පිසුණාය වාචාය පටිවිරතා පිසුණාය වාචාය පටිවිරතෙහි සද්ධිං සංසන්දන්ති සමෙන්ති; ඵරුසාය වාචාය පටිවිරතා ඵරුසාය වාචාය පටිවිරතෙහි සද්ධිං සංසන්දන්ති සමෙන්ති; සම්ඵප්පලාපා පටිවිරතා සම්ඵප්පලාපා පටිවිරතෙහි සද්ධිං සංසන්දන්ති සමෙන්තී’’ති. චතුත්ථං.",pli,nadil,pali,pali
"‘‘ධම්මෙන කිර නෙසාදො, පණ්ඩිතො අණ්ඩජො ඉති; න හෙව අකතත්තස්ස, නයො එතාදිසො සියා.",pli,nadil,pali,pali
"පරොසහස්සම්පි සමාගතානං, කන්දෙය්‍යුං තෙ වස්සසතං අපඤ්ඤා; එකොව සෙය්‍යො පුරිසො සපඤ්ඤො, යො භාසිතස්ස විජානාති අත්ථන්ති.",pli,nadil,pali,pali
"‘‘අපරම්පි නො, කස්සප, විඤ්ඤූ සමනුයුඤ්ජන්තං සමනුගාහන්තං සමනුභාසන්තං සත්ථාරා වා සත්ථාරං සඞ්ඝෙන වා සඞ්ඝං - ‘යෙ ඉමෙසං භවතං ධම්මා කුසලා කුසලසඞ්ඛාතා, අනවජ්ජා අනවජ්ජසඞ්ඛාතා, සෙවිතබ්බා සෙවිතබ්බසඞ්ඛාතා, අලමරියා අලමරියසඞ්ඛාතා, සුක්කා සුක්කසඞ්ඛාතා. කො ඉමෙ ධම්මෙ අනවසෙසං සමාදාය වත්තති, සමණො වා ගොතමො, පරෙ වා පන භොන්තො ගණාචරියා’ ති?",pli,nadil,pali,pali
"“එම්බා සුපර්ණ රාජය, මේ ශ්‍රමණයා කෙසේ කරන්නෙක්වේද, කෙබඳු සිල් ඇත්තෙක්වේද, කිනම් ව්‍රතයකින් පවත්නේද, ශ්‍රමණව හැසිරෙමින් මමත්වය කරණ ලද්දවුන් හැර කෙසේ කරන්නෙක් දෙව්ලොවට පැමිණේදැයි නාරජ ඇසීය.",sin,nadil,sinhala,sinhala
"‘‘නීචෙ කුලම්හි ජාතොහං, දලිද්දො අප්පභොජනො; හීනකම්මං (හීනං කම්මං (ස්‍යා.)) මමං ආසි, අහොසිං පුප්ඵඡඩ්ඩකො.",pli,nadil,pali,pali
"‘‘සතසහස්සිතො කප්පෙ, යං ඡත්තමදදිං තදා; දුග්ගතිං නාභිජානාමි, ඡත්තදානස්සිදං ඵලං.",pli,nadil,pali,pali
"ගවං චෙ තරමානානං, ජිම්හං ගච්ඡති පුඞ්ගවො; සබ්බා තා ජිම්හං ගච්ඡන්ති (සබ්බා ගාවී ජිම්හං යන්ති (සී. ස්‍යා.)), නෙත්තෙ ජිම්හං ගතෙ සති.",pli,nadil,pali,pali
"අසාහසෙන ධම්මෙන, සමෙන නයතී පරෙ; ධම්මස්ස ගුත්තො මෙධාවී, ‘‘ධම්මට්ඨො’’ති පවුච්චති.",pli,nadil,pali,pali
"එවං මෙ සුතං - එකං සමයං භගවා සාවත්ථියං විහරති ජෙතවනෙ අනාථපිණ්ඩිකස්ස ආරාමෙ. තත්‍ර ඛො භගවා භික්ඛූ ආමන්තෙසි - ‘‘භික්ඛවො’’ති. ‘‘භදන්තෙ’’ති තෙ භික්ඛූ භගවතො පච්චස්සොසුං. භගවා එතදවොච - ‘‘මහාසළායතනිකං වො, භික්ඛවෙ, දෙසෙස්සාමි. තං සුණාථ, සාධුකං මනසි කරොථ; භාසිස්සාමී’’ති. ‘‘එවං, භන්තෙ’’ති ඛො තෙ භික්ඛූ භගවතො පච්චස්සොසුං. භගවා එතදවොච -",pli,nadil,pali,pali
"‘‘භොජනං විවිධං සෙට්ඨං, රතනඤ්ච අනප්පකං; විවිධානි ච වත්ථානි, නභා (නභසා (ස්‍යා.)) ඛිප්පං උපෙන්ති මං.",pli,nadil,pali,pali
"“දෙවයන් වහන්ස, මෝතොමෝ ස්ත්‍රියක. මෝ තොමෝ මහත්වූ ක්‍රීඩාවක ඉදින් ඔබ කම්සැප අනුභව කරන්නේනම් එය වැඩි වැඩියක් කැමති වන්නාහුය.",sin,nadil,sinhala,sinhala
"මා බාලියං විලපි (විප්පලපි (බහූසු)) න හිස්ස තාදිසං, විඩය්හසෙ (විළය්හසෙ (සී. පී.)) න හි ලභසෙ නිසෙධකං; ආසජ්ජසි ගජමිව එකචාරිනං, යො තං පදා නළමිව පොථයිස්සතීති.",pli,nadil,pali,pali
"“යම් හෙයකින් මළහු මෙන් හෝනෙහිද, තාගේ මේ කාරය දැනගත නොහැකිය. දඬු කෙළවර ගෙණ අදිනු ලබන්නාවූ යම් බඳුවූ තාගේ අතින් මුගුරු දණ්ඩ නොමිදේද, එහෙයිනැයි” කීයේය.",sin,nadil,sinhala,sinhala
"භූරිදත්ත නාරජතෙම මෙය කියා නාගයන් සතර දෙනෙකු යැවූයේය. “එව්, තොපි යව්. මොවුන් නගාසිටුවව්.” බ්‍රාහ්මණයා වහා බරණැස්නුවරට යන මගට පමුණුවව්.”",sin,nadil,sinhala,sinhala
“සියළු වීණා බෙරද වයත්වා. මුහුදු සක්ද පිඹිත්වා. එකැස් බෙර වයත්වා.,sin,nadil,sinhala,sinhala
"සාවත්ථියං. තත්‍ර...පෙ.... එතදවොච - ‘‘භූතපුබ්බං, භික්ඛවෙ, සක්කො දෙවානමින්දො මාතලිං සඞ්ගාහකං ආමන්තෙසි - ‘යොජෙහි, සම්ම මාතලි, සහස්සයුත්තං ආජඤ්ඤරථං. උය්‍යානභූමිං ගච්ඡාම සුභූමිං දස්සනායා’ති. ‘එවං භද්දන්තවා’ති ඛො, භික්ඛවෙ, මාතලි සඞ්ගාහකො සක්කස්ස දෙවානමින්දස්ස පටිස්සුත්වා සහස්සයුත්තං ආජඤ්ඤරථං යොජෙත්වා සක්කස්ස දෙවානමින්දස්ස පටිවෙදෙසි - ‘යුත්තො ඛො තෙ, මාරිස, සහස්සයුත්තො ආජඤ්ඤරථො. යස්ස දානි කාලං මඤ්ඤසී’’’ති. අථ ඛො, භික්ඛවෙ, සක්කො දෙවානමින්දො වෙජයන්තපාසාදා ඔරොහන්තො අඤ්ජලිං කත්වා (පඤ්ජලිකො (පී.), පඤ්ජලිං කත්වා (ක.)) සුදං පුථුද්දිසා නමස්සති. අථ ඛො, භික්ඛවෙ, මාතලි සඞ්ගාහකො සක්කං දෙවානමින්දං ගාථාය අජ්ඣභාසි - ‘‘තං නමස්සන්ති තෙවිජ්ජා, සබ්බෙ භුම්මා ච ඛත්තියා; චත්තාරො ච මහාරාජා, තිදසා ච යසස්සිනො; අථ කො නාම සො යක්ඛො, යං ත්වං සක්ක නමස්සසී’’ති. ‘‘මං නමස්සන්ති තෙවිජ්ජා, සබ්බෙ භුම්මා ච ඛත්තියා; චත්තාරො ච මහාරාජා, තිදසා ච යසස්සිනො. ‘‘අහඤ්ච සීලසම්පන්නෙ, චිරරත්තසමාහිතෙ; සම්මාපබ්බජිතෙ වන්දෙ, බ්‍රහ්මචරියපරායනෙ. ‘‘යෙ ගහට්ඨා පුඤ්ඤකරා, සීලවන්තො උපාසකා; ධම්මෙන දාරං පොසෙන්ති, තෙ නමස්සාමි මාතලී’’ති. ‘‘සෙට්ඨා හි කිර ලොකස්මිං, යෙ ත්වං සක්ක නමස්සසි; අහම්පි තෙ නමස්සාමි, යෙ නමස්සසි වාසවා’’ති. ‘‘ඉදං වත්වාන මඝවා, දෙවරාජා සුජම්පති; පුථුද්දිසා නමස්සිත්වා, පමුඛො රථමාරුහී’’ති.",pli,nadil,pali,pali
"අදාසි මෙ අකාසි මෙ, ඤාතිමිත්තා (ඤාති මිත්තො (?)) සඛා ච මෙ; පෙතානං දක්ඛිණං දජ්ජා, පුබ්බෙ කතමනුස්සරං.",pli,nadil,pali,pali
"පස්සාමහං දෙවමනුස්සලොකෙ, අකිඤ්චනං බ්‍රාහ්මණමිරියමානං; තං තං නමස්සාමි සමන්තචක්ඛු, පමුඤ්ච මං සක්ක කථංකථාහි. පස්සාමහං දෙවමනුස්සලොකෙති. දෙවාති තයො දෙවා - සම්මුතිදෙවා, උපපත්තිදෙවා, විසුද්ධිදෙවා. කතමෙ සම්මුතිදෙවා? සම්මුතිදෙවා වුච්චන්ති රාජානො ච රාජකුමාරා ච දෙවියො ච. ඉමෙ වුච්චන්ති සම්මුතිදෙවා. කතමෙ උපපත්තිදෙවා? උපපත්තිදෙවා වුච්චන්ති චාතුමහාරාජිකා දෙවා තාවතිංසා දෙවා යාමා දෙවා තුසිතා දෙවා නිම්මානරතී දෙවා පරනිම්මිතවසවත්තී දෙවා බ්‍රහ්මකායිකා දෙවා යෙ ච දෙවා තදුත්තරි (තත්‍රුපරි (ස්‍යා.)). ඉමෙ වුච්චන්ති උපපත්තිදෙවා. කතමෙ විසුද්ධිදෙවා? විසුද්ධිදෙවා වුච්චන්ති තථාගතසාවකා අරහන්තො ඛීණාසවා යෙ ච පච්චෙකබුද්ධා. ඉමෙ වුච්චන්ති විසුද්ධිදෙවා. භගවා සම්මුතිදෙවානඤ්ච උපපත්තිදෙවානඤ්ච විසුද්ධිදෙවානඤ්ච දෙවො ච අතිදෙවො ච දෙවාතිදෙවො ච සීහසීහො නාගනාගො ගණිගණී මුනිමුනී රාජරාජා. පස්සාමහං දෙවමනුස්සලොකෙති මනුස්සලොකෙ දෙවං පස්සාමි අතිදෙවං පස්සාමි දෙවාතිදෙවං පස්සාමි දක්ඛාමි ඔලොකෙමි නිජ්ඣායාමි උපපරික්ඛාමීති - පස්සාමහං දෙවමනුස්සලොකෙ. ආකිඤ්චනං බ්‍රාහ්මණමිරියමානන්ති. අකිඤ්චනන්ති රාගකිඤ්චනං දොසකිඤ්චනං මොහකිඤ්චනං මානකිඤ්චනං දිට්ඨිකිඤ්චනං කිලෙසකිඤ්චනං දුච්චරිතකිඤ්චනං, තෙ කිඤ්චනා බුද්ධස්ස භගවතො පහීනා උච්ඡින්නමූලා තාලාවත්ථුකතා අනභාවංකතා ආයතිං අනුප්පාදධම්මා, තස්මා බුද්ධො අකිඤ්චනො. බ්‍රාහ්මණොති භගවා සත්තන්නං ධම්මානං බාහිතත්තා බ්‍රාහ්මණො - සක්කායදිට්ඨි බාහිතා හොති, විචිකිච්ඡා බාහිතා හොති, සීලබ්බතපරාමාසො බාහිතො හොති, රාගො බාහිතො හොති, දොසො බාහිතො හොති, මොහො බාහිතො හොති, මානො බාහිතො හොති, බාහිතාස්ස හොන්ති පාපකා අකුසලා ධම්මා සංකිලෙසිකා පොනොභවිකා සදරා දුක්ඛවිපාකා ආයතිං ජාතිජරාමරණියා. බාහිත්වා සබ්බපාපකානි, [සභියාති භගවා] විමලො සාධුසමාහිතො ඨිතත්තො; සංසාරමතිච්ච කෙවලී සො, අසිතො තාදි පවුච්චතෙ ස බ්‍රහ්මාති. ඉරියමානන්ති චරන්තං විහරන්තං ඉරියන්තං වත්තෙන්තං පාලෙන්තං යපෙන්තං යාපෙන්තන්ති - අකිඤ්චනං බ්‍රාහ්මණමිරියමානං. තං තං නමස්සාමි සමන්තචක්ඛූති. තන්ති භගවන්තං භණති. නමස්සාමීති කායෙන වා නමස්සාමි, වාචාය වා නමස්සාමි, චිත්තෙන වා නමස්සාමි, අන්වත්ථපටිපත්තියා වා නමස්සාමි, ධම්මානුධම්මපටිපත්තියා වා නමස්සාමි සක්කරොමි ගරුං කරොමි මානෙමි පූජෙමි. සමන්තචක්ඛූති සමන්තචක්ඛු වුච්චති සබ්බඤ්ඤුතඤාණං. භගවා සබ්බඤ්ඤුතඤාණෙන උපෙතො සමුපෙතො උපාගතො සමුපාගතො උපපන්නො සමුපපන්නො සමන්නාගතො. ‘‘න තස්ස අද්දිට්ඨමිධත්ථි (අදිට්ඨමිධත්ථි (ස්‍යා. ක.) මහානි. 156) කිඤ්චි, අථො අවිඤ්ඤාතමජානිතබ්බං; සබ්බං අභිඤ්ඤාසි යදත්ථි නෙය්‍යං, තථාගතො තෙන සමන්තචක්ඛූ’’ති. තං තං නමස්සාමි සමන්තචක්ඛු. පමුඤ්ච මං සක්ක කථංකථාහීති. සක්කාති සක්කො භගවා සක්‍යකුලා පබ්බජිතොතිපි සක්කො. අථ වා, අඩ්ඪො (අද්ධො (ස්‍යා. ක.)) මහද්ධනො ධනවාතිපි සක්කො. තස්සිමානි ධනානි, සෙය්‍යථිදං - සද්ධාධනං සීලධනං හිරිධනං ඔත්තප්පධනං සුතධනං චාගධනං පඤ්ඤාධනං සතිපට්ඨානධනං සම්මප්පධානධනං ඉද්ධිපාදධනං ඉන්ද්‍රියධනං බලධනං බොජ්ඣඞ්ගධනං මග්ගධනං ඵලධනං නිබ්බානධනං. ඉමෙහි අනෙකවිධෙහි ධනරතනෙහි අඩ්ඪො මහද්ධනො ධනවාතිපි සක්කො. අථ වා, සක්කො පහු විසවී අලමත්තො සූරො වීරො වික්කන්තො අභීරූ අච්ඡම්භී අනුත්‍රාසී අපලායී පහීනභයභෙරවො විගතලොමහංසොතිපි සක්කො . කථංකථා වුච්චති විචිකිච්ඡා. දුක්ඛෙ කඞ්ඛා, දුක්ඛසමුදයෙ කඞ්ඛා, දුක්ඛනිරොධෙ කඞ්ඛා, දුක්ඛනිරොධගාමිනියා පටිපදාය කඞ්ඛා, පුබ්බන්තෙ කඞ්ඛා, අපරන්තෙ කඞ්ඛා, පුබ්බන්තාපරන්තෙ කඞ්ඛා, ඉදප්පච්චයතාපටිච්චසමුප්පන්නෙසු ධම්මෙසු කඞ්ඛා. යා එවරූපා කඞ්ඛා කඞ්ඛායනා කඞ්ඛායිතත්තං විමති විචිකිච්ඡා ද්වෙළ්හකං ද්වෙධාපථො සංසයො අනෙකංසග්ගාහො ආසප්පනා පරිසප්පනා අපරියොගාහනා ඡම්භිතත්තං චිත්තස්ස මනොවිලෙඛො. පමුඤ්ච මං සක්ක කථංකථාහීති මුඤ්ච මං පමුඤ්ච මං මොචෙහි මං පමොචෙහි මං උද්ධර මං සමුද්ධර මං වුට්ඨාපෙහි මං කථංකථාසල්ලතොති - පමුඤ්ච මං සක්ක කථංකථාහි. තෙනාහ සො බ්‍රාහ්මණො - ‘‘පස්සාමහං දෙවමනුස්සලොකෙ, අකිඤ්චනං බ්‍රාහ්මණමිරියමානං; තං තං නමස්සාමි සමන්තචක්ඛු, පමුඤ්ච මං සක්ක කථංකථාහී’’ති.",pli,nadil,pali,pali
"‘‘අමනාපවාසං වසි, ජිණ්ණෙන පතිනා සහ (එවං දහරියා සතී (සී. පී.)); යා ත්වං වසසි ජිණ්ණස්ස, මතං තෙ ජීවිතා වරං.",pli,nadil,pali,pali
"“මහණෙනි, මේ අනුසය ධර්මයෝ සතකි. කවරනම් සතක්දයත්? කාමරාගානුසය, පටිඝානුසය, දිට්ඨානුසය, විචිකිච්ඡානුසය, මානානුසය, භවරාගානුසය, සහ අවිජ්ජානුසයයි. “මහණෙනි, මේ වනාහි අනුසය සතයි. මේ සප්ත අනුසය ධර්මයන්ගේ දැනීම පිණිස, පිරිසිඳ දැනීම පිණිස, ක්ෂය කිරීම පිණිස ආර්ය අෂ්ටාඩ්ගික මාර්ගය වැඩියයුතුයි. කවරනම් ආර්ය අෂ්ටාඩ්ගික මාර්ගයක්දයත්? (මේ ඡේදය මේ වර්ගයේ පළමුවෙනි සූත්‍රයේ 3 වෙනි ඡේදය මෙනි.) “මහණෙනි, මේ සප්ත අනුසය ධර්මයන්ගේ දැනීම පිණිස, පිරිසිඳ දැනීම පිණිස, ක්ෂය කිරීම පිණිස, ප්‍රහාණය පිණිස මේ ආර්ය අෂ්ටාඩ්ගික මාර්ගය වැඩිය යුතුයයි” වදාළසේක.",sin,nadil,sinhala,sinhala
"‘‘කති නු ඛො, භන්තෙ, විවාදමූලානී’’ති? ‘‘දස ඛො, උපාලි, විවාදමූලානි. කතමානි දස? ඉධුපාලි, භික්ඛූ අනාපත්තිං ආපත්තීති දීපෙන්ති, ආපත්තිං අනාපත්තීති දීපෙන්ති, ලහුකං ආපත්තිං ගරුකාපත්තීති දීපෙන්ති , ගරුකං ආපත්තිං ලහුකාපත්තීති දීපෙන්ති, දුට්ඨුල්ලං ආපත්තිං අදුට්ඨුල්ලාපත්තීති දීපෙන්ති, අදුට්ඨුල්ලං ආපත්තිං දුට්ඨුල්ලාපත්තීති දීපෙන්ති, සාවසෙසං ආපත්තිං අනවසෙසාපත්තීති දීපෙන්ති, අනවසෙසං ආපත්තිං සාවසෙසාපත්තීති දීපෙන්ති , සප්පටිකම්මං ආපත්තිං අප්පටිකම්මාපත්තීති දීපෙන්ති, අප්පටිකම්මං ආපත්තිං සප්පටිකම්මාපත්තීති දීපෙන්ති. ඉමානි ඛො, උපාලි, දස විවාදමූලානී’’ති. තතියං.",pli,nadil,pali,pali
"‘‘ලාභං තෙසං සුලද්ධංව, යෙ ලභන්තුපසම්පදං; පුනපි පයිරුපාසෙය්‍යං, බුද්ධො ලොකෙ සචෙ භවෙ.",pli,nadil,pali,pali
"ජානන්තො නො මහාරාජ, තව සීලං ජනාධිපො; ඉමෙ කුමාරෙ පූජෙන්තො, න තං කෙනචි මඤ්ඤථ.",pli,nadil,pali,pali
"සබ්බායසං කූටමතිප්පමාණං, පග්ගය්හ යො (සො (පී.)) තිට්ඨසි අන්තලික්ඛෙ; රක්ඛාය මෙ (මං (සී.)) ත්වං විහිතො නුසජ්ජ, උදාහු මෙ චෙතයසෙ (වායමසෙ (සී. ස්‍යා.)) වධාය.",pli,nadil,pali,pali
ඉක්බිති මියුළු නුවර වාසභවනකොට ඇති වේදේහ රජ තෙමේද ඉක්මන්ව හුනස්නෙන් නැගිට අභිමුඛව දිව්‍ය රථයට නැංගේය.,sin,nadil,sinhala,sinhala
"‘‘අලඞ්කතා කුණ්ඩලිනො සුවත්ථා, වෙළුරියමුත්තාථරුඛග්ගබන්ධා (බද්ධා (පී.)); රථෙසභා තිට්ඨථ කෙ නු තුම්හෙ, කථං වො ජානන්ති මනුස්සලොකෙ’’.",pli,nadil,pali,pali
"“එපරිද්දෙන්ම යම් පුරුෂයෙක් වස්තුව ලබා පමණ නොදන්නේ අනුභව කෙරේද, ඒ නුවණ නැත්තේ භද්‍රඝටය බිඳිනා ලද ධූර්තකයා මෙන් පසුව තැවේයයි” කීයේය.",sin,nadil,sinhala,sinhala
"“ආදීනව නොදැකීමෙන් සුවඳ සේවනය කෙරේද, සුවඳෙහි මුසපත්වූ ඒ පුද්ගලයා දුකින් නොමිදේ.",sin,nadil,sinhala,sinhala
"කථං මුඤ්චිතුකම්‍යතාපටිසඞ්ඛාසන්තිට්ඨනා (මුච්චිතුකම්‍යතාපටිසඞ්ඛාසන්තිට්ඨනා (ක.)) පඤ්ඤා සඞ්ඛාරුපෙක්ඛාසු ඤාණං? උප්පාදං මුඤ්චිතුකම්‍යතාපටිසඞ්ඛාසන්තිට්ඨනා (උප්පාදමුඤ්චිතුකම්‍යතා... (ස්‍යා.)) පඤ්ඤා සඞ්ඛාරුපෙක්ඛාසු ඤාණං, පවත්තං මුඤ්චිතුකම්‍යතාපටිසඞ්ඛාසන්තිට්ඨනා පඤ්ඤා සඞ්ඛාරුපෙක්ඛාසු ඤාණං, නිමිත්තං මුඤ්චිතුකම්‍යතා...පෙ.... ආයූහනං මුඤ්චිතුකම්‍යතා... පටිසන්ධිං මුඤ්චිතුකම්‍යතා... ගතිං මුඤ්චිතුකම්‍යතා... නිබ්බත්තිං මුඤ්චිතුකම්‍යතා... උපපත්තිං මුඤ්චිතුකම්‍යතා... ජාතිං මුඤ්චිතුකම්‍යතා... ජරං මුඤ්චිතුකම්‍යතා... බ්‍යාධිං මුඤ්චිතුකම්‍යතා... මරණං මුඤ්චිතුකම්‍යතා... සොකං මුඤ්චිතුකම්‍යතා... පරිදෙවං මුඤ්චිතුකම්‍යතා...පෙ.... උපායාසං මුඤ්චිතුකම්‍යතාපටිසඞ්ඛාසන්තිට්ඨනා පඤ්ඤා සඞ්ඛාරුපෙක්ඛාසු ඤාණං. උප්පාදො දුක්ඛන්ති - මුඤ්චිතුකම්‍යතාපටිසඞ්ඛාසන්තිට්ඨනා පඤ්ඤා සඞ්ඛාරුපෙක්ඛාසු ඤාණං. පවත්තං දුක්ඛන්ති - මුඤ්චිතුකම්‍යතාපටිසඞ්ඛාසන්තිට්ඨනා පඤ්ඤා සඞ්ඛාරුපෙක්ඛාසු ඤාණං...පෙ.... උපායාසො දුක්ඛන්ති - මුඤ්චිතුකම්‍යතාපටිසඞ්ඛාසන්තිට්ඨනා පඤ්ඤා සඞ්ඛාරුපෙක්ඛාසු ඤාණං. උප්පාදො භයන්ති - මුඤ්චිතුකම්‍යතාපටිසඞ්ඛාසන්තිට්ඨනා පඤ්ඤා සඞ්ඛාරුපෙක්ඛාසු ඤාණං. පවත්තං භයන්ති - මුඤ්චිතුකම්‍යතාපටිසඞ්ඛාසන්තිට්ඨනා පඤ්ඤා සඞ්ඛාරුපෙක්ඛාසු ඤාණං...පෙ.... උපායාසො භයන්ති - මුඤ්චිතුකම්‍යතාපටිසඞ්ඛාසන්තිට්ඨනා පඤ්ඤා සඞ්ඛාරුපෙක්ඛාසු ඤාණං. උප්පාදො සාමිසන්ති - මුඤ්චිතුකම්‍යතාපටිසඞ්ඛාසන්තිට්ඨනා පඤ්ඤා සඞ්ඛාරුපෙක්ඛාසු ඤාණං. පවත්තං සාමිසන්ති - මුඤ්චිතුකම්‍යතාපටිසඞ්ඛාසන්තිට්ඨනා පඤ්ඤා සඞ්ඛාරුපෙක්ඛාසු ඤාණං...පෙ.... උපායාසො සාමිසන්ති - මුඤ්චිතුකම්‍යතාපටිසඞ්ඛාසන්තිට්ඨනා පඤ්ඤා සඞ්ඛාරුපෙක්ඛාසු ඤාණං. උප්පාදො සඞ්ඛාරාති - මුඤ්චිතුකම්‍යතාපටිසඞ්ඛාසන්තිට්ඨනා පඤ්ඤා සඞ්ඛාරුපෙක්ඛාසු ඤාණං. පවත්තං සඞ්ඛාරාති - මුඤ්චිතුකම්‍යතාපටිසඞ්ඛාසන්තිට්ඨනා පඤ්ඤා සඞ්ඛාරුපෙක්ඛාසු ඤාණං...පෙ.... උපායාසො සඞ්ඛාරාති - මුඤ්චිතුකම්‍යතාපටිසඞ්ඛාසන්තිට්ඨනා පඤ්ඤා සඞ්ඛාරුපෙක්ඛාසු ඤාණං. උප්පාදො සඞ්ඛාරා, තෙ සඞ්ඛාරෙ අජ්ඣුපෙක්ඛතීති - සඞ්ඛාරුපෙක්ඛා. යෙ ච සඞ්ඛාරා යා ච උපෙක්ඛා උභොපෙතෙ සඞ්ඛාරා, තෙ සඞ්ඛාරෙ අජ්ඣුපෙක්ඛතීති - සඞ්ඛාරුපෙක්ඛා. පවත්තං සඞ්ඛාරා...පෙ.... නිමිත්තං සඞ්ඛාරා... ආයූහනා සඞ්ඛාරා... පටිසන්ධි සඞ්ඛාරා... ගති සඞ්ඛාරා... නිබ්බත්ති සඞ්ඛාරා... උපපත්ති සඞ්ඛාරා... ජාති සඞ්ඛාරා... ජරා සඞ්ඛාරා... බ්‍යාධි සඞ්ඛාරා... මරණං සඞ්ඛාරා... සොකො සඞ්ඛාරා... පරිදෙවො සඞ්ඛාරා...පෙ.... උපායාසො සඞ්ඛාරා, තෙ සඞ්ඛාරෙ අජ්ඣුපෙක්ඛතීති - සඞ්ඛාරුපෙක්ඛා. යෙ ච සඞ්ඛාරා යා ච උපෙක්ඛා උභොපෙතෙ සඞ්ඛාරා, තෙ සඞ්ඛාරෙ අජ්ඣුපෙක්ඛතීති - සඞ්ඛාරුපෙක්ඛා.",pli,nadil,pali,pali
“මාගේ දිවැස පිරිසිදු විය. මම සමාධියෙහි දක්‍ෂවූවා වෙමි. අභිඥාවන්හි තෙර පැමිණියාද වෙමි. පහන් පසක් පිදීමෙහි මේ විපාකයයි.,sin,nadil,sinhala,sinhala
හෙට්ඨාරට්ඨප්පදෙසස්ස - පාලනෙ සන්තිතො තදා,pli,nadil,pali,pali
"“භීමසේනය, තා විසින් යමක් කියන ලදද නැවත පසුව තාගේ කුණුව වැහෙන හෙයින් පූතිසර නම් වූ ශරීර මළ ධාරාවෝ වෑහෙත්. තාගේ යුද්ධ කථාවද මේ පීඩාවද යන දෙක සම නොවේයයි” කීයේය.",sin,nadil,sinhala,sinhala
ද්වික සහස්ස තිසත-පඤ්ච සට්ඨිප්පමාණකෙ,pli,nadil,pali,sinhala
"‘‘සුවිනීතා ච තෙ සිස්සා, පරිසා ච සුසික්ඛිතා; උත්තමෙ දමථෙ දන්තා, පරිවාරෙන්ති තං සදා.",pli,nadil,pali,pali
ඒ අංකුරතෙම ඒ මරු කතරින් නික්මී ද්වාරවති නුවරට පැමිණ යම් දානයක් තමහට සැප එළවන්නේද ඒ දානය පිහිට විය.,sin,nadil,sinhala,sinhala
"උට්ඨාය අනිකරත්තො, පඤ්ජලිකො යාචිතස්සා පිතරං සො; ‘‘විස්සජ්ජෙථ සුමෙධං, පබ්බජිතුං විමොක්ඛසච්චදස්සා’’.",pli,nadil,pali,pali
"‘‘‘පඤ්චෙව සතක්ඛත්තුඤ්ච (අථ පඤ්චසතක්ඛත්තුං (සී.)), චක්කවත්තී භවිස්සති; පදෙසරජ්ජං අසඞ්ඛෙය්‍යං, මහියා කාරයිස්සති.",pli,nadil,pali,pali
"“සිව් පිළිසිඹියාවෝද, අෂ්ට විමොක්‍ෂයෝද, ෂඩභිඥාවෝද සාක්‍ෂාත් කරණ ලදී. බුදුරජාණන් වහන්සේගේ සසුනද කරණලදී. මෙහි මේ අයුරින් ආයුෂ්මත් චම්පක පුප්ඵිය තෙරුන් වහන්සේ මෙම ගාථාවන් වදාළ සේක.”",sin,nadil,sinhala,sinhala
"“එම්බා ඉසුරුමතිය, තී දිව්‍යමය ඍද්ධියෙන් ඉතාමත් දිලිසෙමින් රුවන් නැවෙහි එල්බී හිඳිනෙහි වෙළුන නිල් දික් ඇස් ඇත්තී ලොව ඇති සිනහමුව ඇති ප්‍රියවචන කියන්නාවූ ශොභන අංගප්‍රත්‍යංග ඇත්තීය. අතිශයින් බැබලෙයි.",sin,nadil,sinhala,sinhala
"‘‘කදාස්සු මං අස්සරථා, සන්නද්ධා උස්සිතද්ධජා; දීපා අථොපි වෙය්‍යග්ඝා, සබ්බාලඞ්කාරභූසිතා.",pli,nadil,pali,pali
"කථං පතිට්ඨාපකට්ඨෙන ඉන්ද්‍රියානි දට්ඨබ්බානි? සද්ධො සද්ධින්ද්‍රියං අධිමොක්ඛෙ පතිට්ඨාපෙති, සද්ධස්ස සද්ධින්ද්‍රියං අධිමොක්ඛෙ පතිට්ඨාපෙති. වීරියවා වීරියින්ද්‍රියං පග්ගහෙ පතිට්ඨාපෙති, වීරියවතො වීරියින්ද්‍රියං පග්ගහෙ පතිට්ඨාපෙති. සතිමා සතින්ද්‍රියං උපට්ඨානෙ පතිට්ඨාපෙති, සතිමතො සතින්ද්‍රියං උපට්ඨානෙ පතිට්ඨාපෙති. සමාහිතො සමාධින්ද්‍රියං අවික්ඛෙපෙ පතිට්ඨාපෙති, සමාහිතස්ස සමාධින්ද්‍රියං අවික්ඛෙපෙ පතිට්ඨාපෙති. පඤ්ඤවා පඤ්ඤින්ද්‍රියං දස්සනෙ පතිට්ඨාපෙති, පඤ්ඤවතො පඤ්ඤින්ද්‍රියං දස්සනෙ පතිට්ඨාපෙති. යොගාවචරො පඤ්චින්ද්‍රියානි නෙක්ඛම්මෙ පතිට්ඨාපෙති, යොගාවචරස්ස පඤ්චින්ද්‍රියානි නෙක්ඛම්මෙ පතිට්ඨාපෙන්ති. යොගාවචරො පඤ්චින්ද්‍රියානි අබ්‍යාපාදෙ පතිට්ඨාපෙති, යොගාවචරස්ස පඤ්චින්ද්‍රියානි අබ්‍යාපාදෙ පතිට්ඨාපෙන්ති. යොගාවචරො පඤ්චින්ද්‍රියානි ආලොකසඤ්ඤාය පතිට්ඨාපෙති, යොගාවචරස්ස පඤ්චින්ද්‍රියානි ආලොකසඤ්ඤාය පතිට්ඨාපෙන්ති. යොගාවචරො පඤ්චින්ද්‍රියානි අවික්ඛෙපෙ පතිට්ඨාපෙති , යොගාවචරස්ස පඤ්චින්ද්‍රියානි අවික්ඛෙපෙ පතිට්ඨාපෙන්ති...පෙ.... යොගාවචරො පඤ්චින්ද්‍රියානි අරහත්තමග්ගෙ පතිට්ඨාපෙති, යොගාවචරස්ස පඤ්චින්ද්‍රියානි අරහත්තමග්ගෙ පතිට්ඨාපෙන්ති. එවං පතිට්ඨාපකට්ඨෙන ඉන්ද්‍රියානි දට්ඨබ්බානි.",pli,nadil,pali,pali
""" පෙතංගහවත්ත '' නාමො - විහාරොජ්ජ පි දිස්සතෙ",pli,nadil,pali,pali
"‘‘තෙ නූන පුත්තකා මය්හං, කපණාය වරාකියා; පච්චුග්ගතා මං තිට්ඨන්ති, අස්සමස්සාවිදූරතො.",pli,nadil,pali,pali
"යෙන සල්ලෙන ඔතිණ්ණො, දිසා සබ්බා විධාවති; තමෙව සල්ලමබ්බුය්හ, න ධාවති න සීදති. යෙන සල්ලෙන ඔතිණ්ණො, දිසා සබ්බා විධාවතීති. සල්ලන්ති. සත්ත සල්ලානි - රාගසල්ලං, දොසසල්ලං, මොහසල්ලං, මානසල්ලං, දිට්ඨිසල්ලං, සොකසල්ලං, කථංකථාසල්ලං. කතමං රාගසල්ලං? යො රාගො සාරාගො අනුනයො අනුරොධො නන්දිරාගො චිත්තස්ස සාරාගො...පෙ.... අභිජ්ඣා ලොභො අකුසලමූලං - ඉදං රාගසල්ලං. කතමං දොසසල්ලං? ‘‘අනත්ථං මෙ අචරී’’ති ආඝාතො ජායති ‘‘අනත්ථං මෙ චරතී’’ති ආඝාතො ජායති, ‘‘අනත්ථං මෙ චරිස්සතී’’ති ආඝාතො ජායති...පෙ.... චණ්ඩික්කං අසුරොපො අනත්තමනතා චිත්තස්ස - ඉදං දොසසල්ලං. කතමං මොහසල්ලං? දුක්ඛෙ අඤ්ඤාණං...පෙ.... දුක්ඛනිරොධගාමිනියා පටිපදාය අඤ්ඤාණං, පුබ්බන්තෙ අඤ්ඤාණං, අපරන්තෙ අඤ්ඤාණං, පුබ්බන්තාපරන්තෙ අඤ්ඤාණං , ඉදප්පච්චයතාපටිච්චසමුප්පන්නෙසු ධම්මෙසු අඤ්ඤාණං. යං එවරූපං අදස්සනං අනභිසමයො අනනුබොධො අසම්බොධො අප්පටිවෙධො අසඞ්ගාහණා අපරියොගාහණා (අසඞ්ගාහතා අපරියොගාහතා (ස්‍යා.), අසඞ්ගාහනා අපරියොගාහනා (ක.)) අසමපෙක්ඛනා අපච්චවෙක්ඛනා අපච්චක්ඛකම්මං දුම්මෙජ්ඣං බාල්‍යං මොහො පමොහො සම්මොහො අවිජ්ජා අවිජ්ජොඝො අවිජ්ජායොගො අවිජ්ජානුසයො අවිජ්ජාපරියුට්ඨානං අවිජ්ජාලඞ්ගී මොහො අකුසලමූලං - ඉදං මොහසල්ලං. කතමං මානසල්ලං? ‘‘සෙය්‍යොහමස්මී’’ති මානො, ‘‘සදිසොහමස්මී’’ති මානො, ‘‘හීනොහමස්මී’’ති මානො. යො එවරූපො මානො මඤ්ඤනා මඤ්ඤිතත්තං උන්නති උන්නමො ධජො සම්පග්ගාහො කෙතුකම්‍යතා චිත්තස්ස - ඉදං මානසල්ලං. කතමං දිට්ඨිසල්ලං? වීසතිවත්ථුකා සක්කායදිට්ඨි, දසවත්ථුකා මිච්ඡාදිට්ඨි, දසවත්ථුකා අන්තග්ගාහිකා දිට්ඨි. යා එවරූපා දිට්ඨි දිට්ඨිගතං දිට්ඨිගහනං දිට්ඨිකන්තාරො දිට්ඨිවිසූකායිකං දිට්ඨිවිප්ඵන්දිතං දිට්ඨිසඤ්ඤොජනං ගාහො පටිග්ගාහො අභිනිවෙසො පරාමාසො කුම්මග්ගො (කුමග්ගො (ක.) මහානි. 38) මිච්ඡාපථො මිච්ඡත්තං තිත්ථායතනං විපරියාසග්ගාහො විපරීතග්ගාහො විපල්ලාසග්ගාහො මිච්ඡාගාහො අයාථාවකස්මිං ‘‘යාථාවක’’න්ති ගාහො යාවතා ද්වාසට්ඨි දිට්ඨිගතානි - ඉදං දිට්ඨිසල්ලං. කතමං සොකසල්ලං? ඤාතිබ්‍යසනෙන වා ඵුට්ඨස්ස රොගබ්‍යසනෙන වා ඵුට්ඨස්ස භොගබ්‍යසනෙන වා ඵුට්ඨස්ස සීලබ්‍යසනෙන වා ඵුට්ඨස්ස දිට්ඨිබ්‍යසනෙන වා ඵුට්ඨස්ස අඤ්ඤතරඤ්ඤතරෙන බ්‍යසනෙන සමන්නාගතස්ස අඤ්ඤතරඤ්ඤතරෙන දුක්ඛධම්මෙන ඵුට්ඨස්ස සොකො සොචනා සොචිතත්තං අන්තොසොකො අන්තොපරිසොකො අන්තොඩාහො අන්තොපරිඩාහො චෙතසො පරිජ්ඣායනා දොමනස්සං - ඉදං සොකසල්ලං. කතමං කථංකථාසල්ලං? දුක්ඛෙ කඞ්ඛා, දුක්ඛසමුදයෙ කඞ්ඛා, දුක්ඛනිරොධෙ කඞ්ඛා, දුක්ඛනිරොධගාමිනියා පටිපදාය කඞ්ඛා, පුබ්බන්තෙ කඞ්ඛා, අපරන්තෙ කඞ්ඛා, පුබ්බන්තාපරන්තෙ කඞ්ඛා, ඉදප්පච්චයතාපටිච්චසමුප්පන්නෙසු ධම්මෙසු කඞ්ඛා. යා එවරූපා කඞ්ඛා කඞ්ඛායනා කඞ්ඛායිතත්තං විමති විචිකිච්ඡා ද්වෙළ්හකං ද්වෙධාපථො සංසයො අනෙකංසග්ගාහො ආසප්පනා පරිසප්පනා අපරියොගාහණා ඡම්භිතත්තං චිත්තස්ස මනොවිලෙඛො - ඉදං කථංකථාසල්ලං. යෙන සල්ලෙන ඔතිණ්ණො, දිසා සබ්බා විධාවතීති. රාගසල්ලෙන ඔතිණ්ණො විද්ධො ඵුට්ඨො පරෙතො සමොහිතො සමන්නාගතො කායෙන දුච්චරිතං චරති, වාචාය දුච්චරිතං චරති, මනසා දුච්චරිතං චරති, පාණම්පි හනති, අදින්නම්පි ආදියති, සන්ධිම්පි ඡින්දති, නිල්ලොපම්පි හරති, එකාගාරිකම්පි කරොති, පරිපන්ථෙපි තිට්ඨති, පරදාරම්පි ගච්ඡති, මුසාපි භණති; එවම්පි රාගසල්ලෙන ඔතිණ්ණො විද්ධො ඵුට්ඨො පරෙතො සමොහිතො සමන්නාගතො ධාවති විධාවති සන්ධාවති සංසරති. අථ වා රාගසල්ලෙන ඔතිණ්ණො විද්ධො ඵුට්ඨො පරෙතො සමොහිතො සමන්නාගතො භොගෙ පරියෙසන්තො නාවාය මහාසමුද්දං පක්ඛන්දති. සීතස්ස පුරක්ඛතො උණ්හස්ස පුරක්ඛතො ඩංසමකසවාතාතපසරීසපසම්ඵස්සෙහි පීළියමානො (රිස්සමානො (සී. ස්‍යා.)) ඛුප්පිපාසාය මිය්‍යමානො තිගුම්බං ගච්ඡති, තක්කොලං ගච්ඡති, තක්කසීලං ගච්ඡති, කාළමුඛං ගච්ඡති, පුරපූරං ගච්ඡති, වෙසුඞ්ගං ගච්ඡති, වෙරාපථං ගච්ඡති, ජවං ගච්ඡති, තාමලිං ගච්ඡති, වඞ්කං ගච්ඡති, එළබන්ධනං ගච්ඡති, සුවණ්ණකූටං ගච්ඡති, සුවණ්ණභූමිං ගච්ඡති, තම්බපණ්ණිං ගච්ඡති, සුප්පාදකං (සුප්පාරකං (සී. ක.), සුප්පාරං (ස්‍යා.)) ගච්ඡති, භාරුකච්ඡං ගච්ඡති, සුරට්ඨං ගච්ඡති, භඞ්ගලොකං (අඞ්ගලොකං (සී.), අඞ්ගණෙකං (ස්‍යා.)) ගච්ඡති, භඞ්ගණං (ගඞ්ගණං (සී. ස්‍යා.)) ගච්ඡති, පරමභඞ්ගණං ගච්ඡති, යොනං ගච්ඡති, පරමයොනං ගච්ඡති, විනකං ගච්ඡති, මූලපදං ගච්ඡති, මරුකන්තාරං ගච්ඡති, ජණ්ණුපථං ගච්ඡති, අජපථං ගච්ඡති , මෙණ්ඩපථං ගච්ඡති, සඞ්කුපථං ගච්ඡති, ඡත්තපථං ගච්ඡති, වංසපථං ගච්ඡති, සකුණපථං ගච්ඡති, මූසිකපථං ගච්ඡති, දරිපථං ගච්ඡති, වෙත්තාචාරං ගච්ඡති; පරියෙසන්තො න ලභති, අලාභමූලකම්පි දුක්ඛං දොමනස්සං පටිසංවෙදෙති, පරියෙසන්තො ලභති, ලද්ධා ආරක්ඛමූලකම්පි දුක්ඛං දොමනස්සං පටිසංවෙදෙති ‘‘කින්ති මෙ භොගෙ නෙව රාජානො හරෙය්‍යුං න චොරා හරෙය්‍යුං න අග්ගි දහෙය්‍ය න උදකං වහෙය්‍ය න අප්පියා දායාදා හරෙය්‍යු’’න්ති. තස්ස එවං ආරක්ඛතො ගොපයතො තෙ භොගා විප්පලුජ්ජන්ති , සො විප්පයොගමූලකම්පි දුක්ඛං දොමනස්සං පටිසංවෙදෙති. එවම්පි රාගසල්ලෙන ඔතිණ්ණො විද්ධො ඵුට්ඨො පරෙතො සමොහිතො සමන්නාගතො ධාවති විධාවති සන්ධාවති සංසරති. දොසසල්ලෙන...පෙ.... මොහසල්ලෙන... මානසල්ලෙන ඔතිණ්ණො විද්ධො ඵුට්ඨො පරෙතො සමොහිතො සමන්නාගතො කායෙන දුච්චරිතං චරති, වාචාය දුච්චරිතං චරති, මනසා දුච්චරිතං චරති, පාණම්පි හනති, අදින්නම්පි ආදියති, සන්ධිම්පි ඡින්දති, නිල්ලොපම්පි හරති, එකාගාරිකම්පි කරොති, පරිපන්ථෙපි තිට්ඨති, පරදාරම්පි ගච්ඡති, මුසාපි භණති. එවං මානසල්ලෙන ඔතිණ්ණො විද්ධො ඵුට්ඨො පරෙතො සමොහිතො සමන්නාගතො ධාවති විධාවති සන්ධාවති සංසරති. දිට්ඨිසල්ලෙන ඔතිණ්ණො විද්ධො ඵුට්ඨො පරෙතො සමොහිතො සමන්නාගතො අචෙලකො හොති මුත්තාචාරො හත්ථාපලෙඛනො (හත්ථාවලෙඛනො (ස්‍යා.)), න එහිභදන්තිකො , න තිට්ඨභදන්තිකො; නාභිහටං, න උද්දිස්සකතං, න නිමන්තනං සාදියති, සො න කුම්භිමුඛා පටිග්ගණ්හාති, න කළොපිමුඛා (ඛළොපිමුඛා (සී.)) පටිග්ගණ්හාති, න එළකමන්තරං, න දණ්ඩමන්තරං, න මුසලමන්තරං, න ද්වින්නං භුඤ්ජමානානං, න ගබ්භිනියා, න පායමානාය, න පුරිසන්තරගතාය, න සංකිත්තීසු, න යත්ථ සා උපට්ඨිතො හොති, න යත්ථ මක්ඛිකා සණ්ඩසණ්ඩචාරිනී. න මච්ඡං න මංසං න සුරං න මෙරයං න ථුසොදකං පිවති. සො එකාගාරිකො වා හොති එකාලොපිකො, ද්වාගාරිකො වා හොති ද්වාලොපිකො...පෙ.... සත්තාගාරිකො වා හොති සත්තාලොපිකො. එකිස්සාපි භත්තියා යාපෙති, ද්වීහිපි භත්තීහි යාපෙති...පෙ.... සත්තහිපි භත්තීහි යාපෙති. එකාහිකම්පි ආහාරං ආහාරෙති, ද්වීහිකම්පි ආහාරං ආහාරෙති...පෙ.... සත්තාහිකම්පි ආහාරං ආහාරෙති. ඉති එවරූපං අඩ්ඪමාසිකම්පි පරියායභත්තභොජනානුයොගමනුයුත්තො විහරති. එවම්පි දිට්ඨිසල්ලෙන ඔතිණ්ණො විද්ධො ඵුට්ඨො පරෙතො සමොහිතො සමන්නාගතො ධාවති විධාවති සන්ධාවති සංසරති. අථ වා දිට්ඨිසල්ලෙන ඔතිණ්ණො විද්ධො ඵුට්ඨො පරෙතො සමොහිතො සමන්නාගතො සො සාකභක්ඛො වා හොති, සාමාකභක්ඛො වා හොති, නීවාරභක්ඛො වා හොති, දද්දුලභක්ඛො වා හොති, හටභක්ඛො වා හොති, කණභක්ඛො වා හොති, ආචාමභක්ඛො වා හොති, පිඤ්ඤාකභක්ඛො වා හොති, තිලභක්ඛො වා හොති, තිණභක්ඛො වා හොති, ගොමයභක්ඛො වා හොති, වනමූලඵලාහාරො යාපෙති පවත්තඵලභොජනො. සො සාණානිපි ධාරෙති, මසාණානිපි ධාරෙති, ඡවදුස්සානිපි ධාරෙති, පංසුකූලානිපි ධාරෙති, තිරීටානිපි ධාරෙති, අජිනානිපි ධාරෙති, අජිනක්ඛිපම්පි ධාරෙති, කුසචීරම්පි ධාරෙති, වාකචීරම්පි ධාරෙති, ඵලකචීරම්පි ධාරෙති, කෙසකම්බලම්පි ධාරෙති, උලූකපක්ඛම්පි ධාරෙති, කෙසමස්සුලොචකොපි හොති, කෙසමස්සුලොචනානුයොගමනුයුත්තො විහරති. උබ්භට්ඨකොපි හොති ආසනපටික්ඛිත්තො, උක්කුටිකොපි හොති උක්කුටිකප්පධානමනුයුත්තො, කණ්ටකාපස්සයිකො හොති, කණ්ටකාපස්සයෙ සෙය්‍යං කප්පෙති, ඵලකසෙය්‍යම්පි කප්පෙති, ථණ්ඩිලසෙය්‍යම්පි කප්පෙති, එකාපස්සයිකො හොති රජොජල්ලධරො, අබ්භොකාසිකොපි හොති යථාසන්ථතිකො, වෙකටිකොපි හොති විකටභොජනානුයොගමනුයුත්තො, අපානකොපි හොති අපානකත්තමනුයුත්තො, සායතතියකම්පි උදකොරොහනානුයොගමනුයුත්තො විහරති. ඉති එවරූපං අනෙකවිහිතං කායස්ස ආතාපනපරිතාපනානුයොගමනුයුත්තො විහරති. එවම්පි දිට්ඨිසල්ලෙන ඔතිණ්ණො විද්ධො ඵුට්ඨො පරෙතො සමොහිතො සමන්නාගතො ධාවති විධාවති සන්ධාවති සංසරති. සොකසල්ලෙන ඔතිණ්ණො විද්ධො ඵුට්ඨො පරෙතො සමොහිතො සමන්නාගතො සොචති කිලමති පරිදෙවති උරත්තාළිං කන්දති සම්මොහං ආපජ්ජති. වුත්තඤ්හෙතං භගවතා - ‘‘භූතපුබ්බං, බ්‍රාහ්මණ, ඉමිස්සායෙව සාවත්ථියා අඤ්ඤතරිස්සා ඉත්ථියා මාතා කාලමකාසි. සා තස්සා කාලං කිරියාය උම්මත්තිකා ඛිත්තචිත්තා රථියාය රථියං, සිඞ්ඝාටකෙන සිඞ්ඝාටකං උපසඞ්කමිත්වා එවමාහ - ‘අපි මෙ මාතරං අද්දස්සථ, අපි මෙ මාතරං අද්දස්සථා’ති . ‘‘භූතපුබ්බං, බ්‍රාහ්මණ, ඉමිස්සායෙව සාවත්ථියා අඤ්ඤතරිස්සා ඉත්ථියා පිතා කාලමකාසි... භාතා කාලමකාසි... භගිනී කාලමකාසි... පුත්තො කාලමකාසි... ධීතා කාලමකාසි... සාමිකො කාලමකාසි. සා තස්ස කාලං කිරියාය උම්මත්තිකා ඛිත්තචිත්තා රථියාය රථියං, සිඞ්ඝාටකෙන සිඞ්ඝාටකං උපසඞ්කමිත්වා එවමාහ - ‘අපි මෙ සාමිකං අද්දස්සථ, අපි මෙ සාමිකං අද්දස්සථා’ති. ‘‘භූතපුබ්බං, බ්‍රාහ්මණ, ඉමිස්සායෙව සාවත්ථියා අඤ්ඤතරස්ස පුරිසස්ස මාතා කාලමකාසි. සො තස්සා කාලං කිරියාය උම්මත්තකො ඛිත්තචිත්තො රථියාය රථියං, සිඞ්ඝාටකෙන සිඞ්ඝාටකං උපසඞ්කමිත්වා එවමාහ - ‘අපි මෙ මාතරං අද්දස්සථ, අපි මෙ මාතරං අද්දස්සථා’ති. ‘‘භූතපුබ්බං , බ්‍රාහ්මණ, ඉමිස්සායෙව සාවත්ථියා අඤ්ඤතරස්ස පුරිසස්ස පිතා කාලමකාසි... භාතා කාලමකාසි... භගිනී කාලමකාසි... පුත්තො කාලමකාසි... ධීතා කාලමකාසි... පජාපති කාලමකාසි. සො තස්සා කාලං කිරියාය උම්මත්තකො ඛිත්තචිත්තො රථියාය රථියං, සිඞ්ඝාටකෙන සිඞ්ඝාටකං උපසඞ්කමිත්වා එවමාහ - ‘අපි මෙ පජාපතිං අද්දස්සථ, අපි මෙ පජාපතිං අද්දස්සථා’ති. ‘‘භූතපුබ්බං, බ්‍රාහ්මණ, ඉමිස්සායෙව සාවත්ථියා අඤ්ඤතරා ඉත්ථී ඤාතිකුලං අගමාසි. තස්සා තෙ ඤාතකා සාමිකං අච්ඡින්දිත්වා අඤ්ඤස්ස දාතුකාමා, සා ච නං න ඉච්ඡති. අථ ඛො සා ඉත්ථී සාමිකං එතදවොච - ‘ඉමෙ, අය්‍යපුත්ත, ඤාතකා තව අච්ඡින්දිත්වා අඤ්ඤස්ස දාතුකාමා, උභො මයං මරිස්සාමා’ති. අථ ඛො සො පුරිසො තං ඉත්ථිං ද්විධා ඡෙත්වා අත්තානං ඔපාතෙති - ‘උභො පෙච්ච භවිස්සාමා’’’ති. එවං සොකසල්ලෙන ඔතිණ්ණො විද්ධො ඵුට්ඨො පරෙතො සමොහිතො සමන්නාගතො ධාවති විධාවති සන්ධාවති සංසරති. කථංකථාසල්ලෙන ඔතිණ්ණො විද්ධො ඵුට්ඨො පරෙතො සමොහිතො සමන්නාගතො සංසයපක්ඛන්දො හොති විමතිපක්ඛන්දො ද්වෙළ්හකජාතො - ‘‘අහොසිං නු ඛො අහං අතීතමද්ධානං, නනු ඛො අහොසිං අතීතමද්ධානං, කිං නු ඛො අහොසිං අතීතමද්ධානං, කථං නු ඛො අහොසිං අතීතමද්ධානං , කිං හුත්වා කිං අහොසිං නු ඛො අතීතමද්ධානං, භවිස්සාමි නු ඛො අහං අනාගතමද්ධානං, නනු ඛො භවිස්සාමි අනාගතමද්ධානං, කිං නු ඛො භවිස්සාමි අනාගතමද්ධානං, කථං නු ඛො භවිස්සාමි අනාගතමද්ධානං, කිං හුත්වා කිං භවිස්සාමි නු ඛො අනාගතමද්ධානං, එතරහි වා පච්චුප්පන්නං අද්ධානං අජ්ඣත්තං කථංකථී හොති, අහං නු ඛොස්මි, නො නු ඛොස්මි, කිං නු ඛොස්මි කථං නු ඛොස්මි, අයං නු ඛො සත්තො කුතො ආගතො, සො කුහිං ගාමී භවිස්සතී’’ති. එවං කථංකථාසල්ලෙන ඔතිණ්ණො විද්ධො ඵුට්ඨො පරෙතො සමොහිතො සමන්නාගතො ධාවති විධාවති සන්ධාවති සංසරති. තෙ සල්ලෙ අභිසඞ්ඛරොති; තෙ සල්ලෙ අභිසඞ්ඛරොන්තො සල්ලාභිසඞ්ඛාරවසෙන පුරත්ථිමං දිසං ධාවති, පච්ඡිමං දිසං ධාවති, උත්තරං දිසං ධාවති, දක්ඛිණං දිසං ධාවති. තෙ සල්ලාභිසඞ්ඛාරා අප්පහීනා; සල්ලාභිසඞ්ඛාරානං අප්පහීනත්තා ගතියා ධාවති, නිරයෙ ධාවති , තිරච්ඡානයොනියා ධාවති, පෙත්තිවිසයෙ ධාවති, මනුස්සලොකෙ ධාවති, දෙවලොකෙ ධාවති, ගතියා ගතිං, උපපත්තියා උපපත්තිං, පටිසන්ධියා පටිසන්ධිං, භවෙන භවං, සංසාරෙන සංසාරං, වට්ටෙන වට්ටං ධාවති විධාවති සන්ධාවති සංසරතීති - යෙන සල්ලෙන ඔතිණ්ණො දිසා සබ්බා විධාවති. තමෙව සල්ලමබ්බුය්හ, න ධාවති න සීදතීති. තමෙව රාගසල්ලං දොසසල්ලං මොහසල්ලං මානසල්ලං දිට්ඨිසල්ලං සොකසල්ලං කථංකථාසල්ලං අබ්බුය්හ අබ්බුහිත්වා උද්ධරිත්වා සමුද්ධරිත්වා උප්පාටයිත්වා සමුප්පාටයිත්වා (උප්පාදයිත්වා සමුප්පාදයිත්වා (ස්‍යා. ක.)) පජහිත්වා විනොදෙත්වා බ්‍යන්තිං කරිත්වා අනභාවං ගමෙත්වා නෙව පුරත්ථිමං දිසං ධාවති න පච්ඡිමං දිසං ධාවති න උත්තරං දිසං ධාවති න දක්ඛිණං දිසං ධාවති. තෙ සල්ලාභිසඞ්ඛාරා පහීනා; සල්ලාභිසඞ්ඛාරානං පහීනත්තා ගතියා න ධාවති, නිරයෙ න ධාවති, තිරච්ඡානයොනියා න ධාවති, පෙත්තිවිසයෙ න ධාවති, මනුස්සලොකෙ න ධාවති, දෙවලොකෙ න ධාවති, න ගතියා ගතිං, න උපපත්තියා උපපත්තිං, න පටිසන්ධියා පටිසන්ධිං, න භවෙන භවං, න සංසාරෙන සංසාරං, න වට්ටෙන වට්ටං ධාවති විධාවති සන්ධාවති සංසරතීති - තමෙව සල්ලමබ්බුය්හ න ධාවති. න සීදතීති කාමොඝෙ න සීදති, භවොඝෙ න සීදති, දිට්ඨොඝෙ න සීදති, අවිජ්ජොඝෙ න සීදති, න සංසීදති න ඔසීදති න අවසීදති න ගච්ඡති න අවගච්ඡතීති - තමෙව සල්ලමබ්බුය්හ, න ධාවති න සීදති. තෙනාහ භගවා - ‘‘යෙන සල්ලෙන ඔතිණ්ණො, දිසා සබ්බා විධාවති; තමෙව සල්ලමබ්බුය්හ, න ධාවති න සීදතී’’ති.",pli,nadil,pali,pali
"“කිමෙක්ද, වාහන අදනා සතුන් නිරෝගිද? කිමෙක්ද ඔබගේ වාහනය උසුලාද, කිමෙක්ද, රටතොට සමෘද්ධද කිමෙක්ද වැස්ස පවතීද?”",sin,nadil,sinhala,sinhala
"‘‘‘අබ්භොකාසගතං සන්තං, කඨිනාතපතාපිතං; පුඤ්ඤකම්මෙන සංයුත්තං, න භවිස්සති වෙදනා (තාවදෙ (ක.)).",pli,nadil,pali,pali
