text,label,source,true_label,predicted_label
ගොර්යෝ රාජවංශ සමය (918–1392) පුළුල් පරාසයක පැතිරි-විශේෂයෙන්ම කුඹල් කර්මාන්තයෙහි-ශිල්පීන්ගේ දක්ෂතාවන්ගෙන් හැඩවූ කලාවේ විශිෂ්ට අවධියක් ලෙස සැලකිය හැක.,sin,wili-2018,sinhala,sinhala
ඩෙන්ඩෙරා ආලෝකය යනු ඊජිප්තුවේ ඩෙන්ඩෙරා දේවස්ථාන සංකීර්ණයේ හාතෝර් දේවස්ථානයේ ශෛලමය කැටයම් තුනක (තනි එකක් සහ ද්විත්ව නිරූපණයක්) නිරූපණය කොට ඇති යෝජිත පුරාතන ඊජිප්තු විද්‍යුත් ආලෝකකරණ තාක්ෂණයකි. මෙම කැටයමට ඇතැම් ඉතිහාසඥයන්‍ අතර වැදගත්කමක් හිමිව ඇත්තේ එහි වූ සංකේත ඇතැම් නූතන විද්‍යුත් ආලෝකකරණ ක්‍රමවලට සමානත්වයක් පෙන්වන හෙයිනි.,sin,wili-2018,sinhala,sinhala
ප්‍රෝටෝන නියුට්‍රෝන හා ඉලෙක්ට්‍රෝනවලින් සෑදී සාමාන්‍ය පදාර්ථය එනම් මූල ද්‍රව්‍ය සමස්ත විශ්වයේ අඩංගු ද්‍රව්‍යවලින් සුළු ප්‍රමාණයක් වේ. විශ්වය පිළිබද සිදුකර ඇති අධ්‍යයනයන්ට අනුව විශ්වයෙන් 73% ක් පමණ සමන්විත වනුයේ අදුරු ශක්තියෙන් වන අතර 23% ක් පමණ අදුරු පදාර්ථයෙන්(Black matter) සමන්විත වේ. තරු ග්‍රහලෝක හා අනෙකුත් දෘෂ්‍ය කොටස්වලින් සමන්විත පදාර්ථය හෙවත් මූලද්‍රව්‍ය මුළු විශ්වයේ 4% පමණ සුළු ප්‍රතිශතයක් නිර්මාණය කිරීමට දායක වී ඇත. අංශුමය භෞතික විද්‍යා උපකරණ මේ වනතෙක් අදුරු පදාර්ථයේ පැවැත්ම නිර්ණය කිරීම අසමත් වී ඇති අතර අදුරු ශක්තියේ ස්වභාවය මේ දක්වා අපැහැදිලි තත්වයක පවතී.,sin,wili-2018,sinhala,sinhala
1927 දී ජොහැන්නස් කෙප්ලේර් විසින් පළමු වරට සිකුරු සංක්‍රාන්තිය පිළිබඳව අනාවැකි පල කර ඇත. නමුත් මෙය යුරෝපයට දර්ශනය වේද යන්න පිළිබඳව තීරණය කිරීමට ඔහුගේ ක්‍රමවේදය ප්‍රමාණවත් නොවිය. එලෙසම කිසිවෙක් ඔහුගේ අනාවැකි ඉදිරි නිරීක්ෂණ සඳහා යොදා ගත බවක් නොපෙනේ.,sin,wili-2018,sinhala,sinhala
"ඒ මොහොතෙහිම ඇය පළමු වරට ගිය සිටු පුත්‍රයා හට ඇයව සිහි විය. ඒ නගරයෙහි නැකැත් කෙළිය ආරම්භ කරන කාලයයි. ඇය කොහිදැයි විචාළන සිටු පුත්‍රයා හට ඇය ඇයගේ නිවසේ වස්නා බව දැනගන්නට ලැබී ""නැකැත් කෙළිය සඳහා ඇයව රැගෙන එනුයි"" සේවකයන්ට අණ කළේය.",sin,wili-2018,sinhala,sinhala
"මෙලෙස නීර්ණය (තීරණය) කරන ලද ද්‍රව්‍යන් පුරාවස්තූන් ලෙසට හඳුනාගනී. ඒ අනුව පැරණි දාගැබ් , ශිලා ලෙඛව , පෙති පිළිම, වැව් අමුණු වැනි මහා පරිමාණ නිර්මාණවල හා කර්මාන්තවල සිට කුඩා වළං කැබලිත් දක්වා වු සියලු වස්තූන් පුරාවස්තූන් පුරාවස්තූන් වේ. නමුත් පුරාවස්තු සඳහා පවතින නිතිමය තත්වය රටින් රටට වෙනස් වේ.ඉන්දියාවේ වසර 100 ට වඩා පැරණි ද්‍රව්‍යන් වුනත් යුරෝප‍යේ වසර 50ට වඩා පැරණි ද්‍රව්‍යන් ද පුරාවස්තු ලෙසට ඔවුන් සළකයි.",sin,wili-2018,sinhala,sinhala
උද්ධමනය පිළිබඳ නිවරදි අපේක්ෂාවන් ඇති කරවිම සදහා දැනුම පැවතිය යුතුය හා ආර්ථකය ස්ථායි විය යුතුය.නිවරදි උද්ධමන අපේක්ෂණයන් ඇති ඇති කරගත හැකි නම් එවිට පවතිනුයේ අපේක්ෂිත උද්ධමනයයි.,sin,wili-2018,sinhala,sinhala
සමස්ත ඉල්ලුම ඉහළ යන්නෙ මුදල් සැපයුම ප්‍රසාරනය විමේදිය.මෙහි දි මුදල් සැපයුම ඉහළ ගොස් මුදල් ඉල්ලුම නොවෙනස්ව පැවතිය හොත් පොලිය පහළ යයි.මෙහි දි අයෝජනය මෙන්ම පරිභෝජනය ද ඉහළ ගොස් සමස්ත ඉල්ලුම ඉහළ යාම තුලින් උද්ධමනය හට ගනි.,sin,wili-2018,sinhala,sinhala
බටහිර රංග ශිල්පයේ මූලාරම්භය සොයා ගෙන ඇත්තේ පුරාතන ග්‍රීසියෙන්ය. එය ඩයොනයිසස් දෙවියාට ගෞරව කරමින් ඇතැන්ස්හි පැවැති රාජ්‍ය උත්සවයකින් දියුණු විය. ඇතැන්ස් නගර රාජ්‍ය විසින් පොදු අනන්‍යතාවක් වර්ධනය කර ගැනීමේ අරමුණින් එහි මිත්‍රශීලී පාර්ශව ගණනකටම මෙම උත්සවය අපනයනය කරන ලදී.,sin,wili-2018,sinhala,sinhala
"krugerrond කාසියක් හා Sovereign කාසි 3 ක් මෙහි ඇත උද්දධමනය සමයන්හි රන්මිල, නෝට්ටුවල වටිනාකමට වඩා ශිග්‍රයෙන් ඉහළ යයි. අති උද්ධමයකට මුහුණ දෙන රටවල බැංකු විසින් විශාල වටිනාකම් ඇති නෝට්ටු හඳුන්වාදිම සිදුකරයි. කුඩා අගයක් ඇති නෝට්ටුවල වටිනාකම ඉතා අඩුවීයාම ඊට හේතුවයි. මෙහිදි ඉතා විශේෂ නෝට්ටු නිපදවේ. 1 000 000 000 (බිලියන 1) හා ඊට වැඩි නෝට්ටු මීට ඇතුළත්ය.",sin,wili-2018,sinhala,sinhala
"සිල්ලා රාජධානියේ සොහොන්ගැබ් තනා ඇත්තේ ඒවාට ප්‍රවේශ වීම ඉතාමත් අපහසු වන අයුරිනි. මේ නිමා මෙම රාජධානියට අයත් කොරියානු කලා නිර්මාණ බොහෝමයක් හමුවේ. සිල්ලා කලා ශිල්පීන් ඔවුන්ගේ රත්රන් කාර්මිකත්වය හේතුවෙන් ප්‍රචලිත වූ අතර ඒවා එට්‍රස්කන් සහ ග්‍රීක තාක්ෂණ ක්‍රමවේදවලට සමානත්වයක් දක්වයි. මේවාට උදාහරණ වශයෙන් සිල්ලාවේ රත්රන් කර්ණාභරණ සහ කිරුළු දැක්විය හැක. රාජකීය සොහොන්ගැබ්වලින් හමුවූ සිල්ලා රත්රන් පුරාවස්තු යුරෝපීය තාක්ෂණයට සමානත්වයක් දක්වන නිසාත්, ඒවායේ වීදුරු සහ පබළුවල නිල් ඇස් සහිත මිනිස් රූ දැකගත හැකි නිසාත් බොහෝ දෙනකු විශ්වාස කරන්නේ සේද මාවත කොරියාව වෙත දිවෙන්නට ඇති බවයි. සිල්ලාවෙන් හමුවූ වැදගත් පුරාවස්තුවක් වන පිරිසිදු රනින් නිමකළ, වෘක්ෂ සහ අං හැඩැති නෙරුම් සහිත කිරුළු මගින් සිතියානු-සයිබීරියානු සහ කොරියානු ෂාමන්වාදී සම්ප්‍රදායක සංකලනයක් නිරූපණය වේ යැයි යෝජනා වී ඇත.",sin,wili-2018,sinhala,sinhala
එහෙත් කාලතුවක්කු මගින් නොනවත්තා වෙඩි තැබිම භාවිතයේ රැදි තිබින. 1918 අ‍ගෝස්තු 31 ප්‍රහාරයේද් ඇමරිකානු 32 වන හමුදාංශයේ පෙරමුණ ගත්තේ පදිංක කාලතුවක්කුය පළමුව ජර්මානු මග පසු කිරිමෙන් අනතුරැව කාලතුවක්කු දෙවතාවක් නැවත පැමිණියේ. හමුදා බිංගේ තලින් තම ප්‍රහාරක ස්ථාන වලට පැමිණෙන ප්‍රතිවිරැද්ධ ආරක්ෂකයන් අල්ලා ගැනිමට තැත් කිරිම හා ආරක්ෂකයන් නියම ප්‍රහාර ආරම්භයේදි පොලෙව යටම තැබිමටය,sin,wili-2018,sinhala,sinhala
"පල්ලව රජ වංශිකයන් පිළිබඳ වාර්තා ක්‍රි.ව. 2 වන සියවස තෙක් දිව යන මුත් ක්‍රි.ව. 6 වන සියවසේ මහේශාක්‍ය රාජ වංශයක් බවට පරිවර්තනය වන තුරු ඔවුන් පිළිබඳ වාර්තා ප්‍රමුඛත්වයක් ගෙන නොමැත . පල්ලවයින් අති විශාල භූමි ප්‍රදේශයක් තම සෘජු පාලනයට යටත් කර තම රජාත්වය අධිරාජ්‍යයක් බවට පරිවර්තනය කර ගන්න ලදි. පල්ලවයින් හින්දු භක්තිකයින් වූහ. ඔවුන්ගේ එක් රාජ වංශිකයෙකු ජෛන ආගම වැළඳ ගත්තද පසුව නැවත හින්දු දහමට යොමුවන ලදි. වර්තමාන හින්දු දහමේ එන බක්ති ව්‍යාපාරය (Bakthi Movement ) ස්ථාපිත වීම මෙම සමයේ සිදු වූ අතර එය ජෛන ආගම සහ බුදු දහමේ ආභාෂය සමග ක්‍රමයෙන් නැගි සිටින්නට විය. පල්ලවයින් අලංකෘත , සුවිසල්, ශෛලමය සිද්ධස්ථාන තැනීමේ පුරෝගාමියෝ වූහ. එය ද්‍රවිඩ සිද්ධස්ථාන නිර්මාණ ශිල්පයේ පදනම විය. ඔවුන් මෙම කාලය අතරතුර ශාක්‍ය වංශිකයන් සමග ගැටුම් ඇති කර ගත්හ. ශ්‍රේෂ්ඨ ශාක්‍ය වංශික පුල කෙසි 2 රජු ශාක්‍ය අධිරාජ්‍ය පල්ලව රාජධානියේ උතුරු ප්‍රදේශය දක්වා පුළුල් කිරීමට සමත් වූ අතර මෙහි දී සිදු වූ යුද්ධයන් වල දී පල්ලවයින්ට පරාජය අත් විය. නරසිම්හවර්මන්(narasimhavarman ) නම් පල්ලව රජු ක්‍රි.ව. 642 දී බදාමි (badami ) ප්‍රදේශයේ බලය නැවත ලබා ගැනීමට සමත් වූවත් එය තාවකාලික ජයග්‍රහණයක් විය. පසුව ශාක්‍ය වංශික වික්‍රමාදිත්‍ය 2 රජු එයට පලිගැනීමක් ලෙස නැවත ආක්‍රමණයක් දියත් කොට පල්ලව රාජ්‍යයට අයත්ව තිබු තොන්දෙමන්දලම්(Tondaimandalam ) භූමි ප්‍රදේශයද , එවකට පල්ලව රජු වූ නන්දිවාරම් 2 (Nandivaram 2) හා යුද්ධ කර අනුක්‍රමයෙන් ජය ලබා කාන්චිපුරම් ප්‍රදේශයද තම රාජ්‍යයට ඈඳා ගැනීමට සමත් විය. පල්ලව රාජවංශය 9 වන සියවසේ දී රාශ්ට්‍රකුට (Rashtrakutus) අධිරාජ්‍ය විසින් බිදහෙලන ලදී. රාශ්ට්‍රකුට අධිරාජ්‍යයේ අවසන් ශ්‍රේෂ්ඨ රජු වූ ක්‍රිෂ්ණා 3 , නර්මදා ගංගාවේ සිට කාවේරි ගංගාව හා උතුරු දමිළ දේශය (Tondaimandalam ) දක්වා තම රාජ්‍ය පුළුල් කරමින් අධිරාජ්‍ය වඩා ශක්තිමත් කරන ලද අතර එහි ගෞරවය යුද්ධ සේනා සපයා දුන් ශ්‍රිලංකාවේ සිංහලේ රජුටද හිමි වේ.",sin,wili-2018,sinhala,sinhala
බෝම්බ ප්‍රහාර පිළිබද තොරතුරු දන්නා පුද්ගලයින් එම තොරතුරු අභ්‍යන්තර කටයුතු කාර්යාලයෙන් ත්‍රස්ත විරෝධී දුරකතන අංකය වු 0800 789 321 (UK) වෙත දන්වන ලෙස ඉල්ලීමක් කරන ලදී.,sin,wili-2018,sinhala,sinhala
"කෙන්සියානු න්‍යායට අනුව ආයෝඡනයේ ආන්තික කාර්යක්ෂමතාව හා ආන්තික පරිභෝඡන නැමියාව ආදායම් ප්‍රමාණය තීරණය කරයි.නව ප්‍රමාණවාදීන් විසින් කියන්නේ මෙම සාධකයලට බලපාන ප්‍රධාන සිද්ධාන්තය නම්,සත්‍ය හා අපේක්ෂිත මුදල් සැපයුම වෙනස්වීම බවයි.",sin,wili-2018,sinhala,sinhala
සමාහාර සැපයුම් ශ්‍රිතයට බලපෑම් කරන ප්‍රධාන අංශ දෙකකි.මේ අංශ දෙකටම ඉතා විශාල වෙළදපල ශක්තියක් හා බලපෑමක් ඇත.ඔවුන්ගේ ක්‍රියා කලාපයේ හේතුවෙන් උද්ධමනකාරී තත්වයක් ඇතිවේ.,sin,wili-2018,sinhala,sinhala
"එය සාමාන්‍ය සමාහාර අධි ඉල්ලුමක් නිසා ඇති වන්නකි.සරලව කිවහොත් භාණ්ඩ සුළු ප්‍රමාණයක් පසු පස විශාල මුදල් සම්භාරයක් හඹා යෑම මීට හේතුවයි.මෙම විස්තරය කිරීමට අනුව භාණ්ඩ හා සේවා සදහා ඇති ඉල්ලුම,ඒවායේ සැපයුමට වඩා ඉහල යෑම නිසා මිල මට්ටමේ ඉහල යෑම ඉල්ලුමෙන් ඇදුනු උද්ධමනය ඇති වීමට බලපායි.මෙම උද්ධමන තත්වය විස්තර කිරීම සදහා න්‍යායන් දෙකක් ඉදිරිපත් වී ඇත. -ප්‍රමාණාත්මක න්‍යාය -කෙන්සියානු න්‍යාය",sin,wili-2018,sinhala,sinhala
විශ්වය හා එහි බිහිවීම පිළිබද සම්මත මතවාදය මත පදනම්ව සැහැල්ලුතම මූලද්‍රව්‍යවල සුලබත්වය පැහැදිලි කළ හැක. ඒ අනුව මෙම මූලද්‍රව්‍යයන් මහා පිපුරුමෙන් තත්පර සියගණනක කාලය ඇතුළත න්‍යෂ්ටික සංස්ලේෂණය ඔස්සේ නිර්මාණය වූ බව පිළිගැනේ. ස්කන්ධය වඩාත් වැඩි මූලද්‍රව්‍ය බොහෝ පසු කාලීනව තාරකා තුළ නිර්මාණය වූ බව සාමාන්‍ය පිළිගැනීමයි.,sin,wili-2018,sinhala,sinhala
මේ ආදි විශ්වාසයන් මත එල්බ මිනිසුන් යක්ෂ දෝෂයක් වැළඳී ඇති බව දැන ගත් වහාම ඒ හා සම්බන්ධ ප‍්‍රතිකාර ක‍්‍රමවලට යොමු වෙති. බෞද්ධ සංකල්පයට අනුව සියල්ල ”කර්මය” මත පදනම් වන බවට විශ්වාස කරති. ඔවුන්ගේ මුවග නිතර රැදෙන සංකල්පයක් ලෙසට ”පූරුවේ කර්මය තමයි” (පෙර කරන ලද කර්ම ) යන්න දැක්විය හැකිය. එනම් පුනර්භවය පිළිබදව විශ්වාස කරන ඔවුහු පෙර භවයන්හි කරන ලද අකුසල් නිසා මේ භවය අවාසනාවන්ත රෝග සහිත එකක් වු බව විශ්වාස කරති.,sin,wili-2018,sinhala,sinhala
• පර්සියානු භාෂාවේ පද විචාරය සහ ස්වර ශාස්ත්‍රය සංස්ථාපනය කළ රියුඩිමෙන්තේ ලිංගුවේ පර්සිකේ (Rudimentae Linguae persicae – 1639) නම් ප්‍රකාශනය ප්‍රසිද්ධියට පත් ක‍ෙළ්ය. • පතේර් ඇන්ගෙලුස් (ජෝශප් ලැබ්‍රොසෙ) ඔහුගේ වතිකානුවේ පෙරදිග මීසම් කාර්යයේ කොටසක් ලෙස අගනුවර වූ එස්ෆහන් හි සිටිමින් අවුරුදු 14 ක් පර්සියානු භාෂාව හැදෑරුවේය. ඔහු සංක්ෂිප්ත ව්‍යාකරන සහ ජීව භාෂාවේ වචන සහ වාක්‍ය සම්ප්‍රදායයන් අඩංගු පිටු 450 කට අධික වූ කුඩා පොත් 14 ක් ප්‍රසිද්ධ ‍කළේය.,sin,wili-2018,sinhala,sinhala
"මැල්කම් රංජිත් හිමිපාණන්, පොල්ගහවෙලදී දොන් විලියම් සහ මේරි විනිෆ්‍රිඩා ට දාව උපන්නේ පවුලේ එකම පිරිමි දරුවා ලෙසිනි. 1956 දී බොරැල්ලෙහි ශාන්ත ඇලෝසියස් දේවධර්මශාස්ත්‍රාලයය ට ඇතුළු වීමට පෙර එතුමා අධ්‍යාපනය ලැබුයේ මෝදර ද ලා සාල් විද්‍යාලයෙහිදීය. 1966 සිට 1970 දක්වා, එතුමා මහනුවර ජාතික දේවධර්මශාස්ත්‍රාලයෙහි දේවධර්මය සහ දර්ශන වාදය පිළිබඳ හැදෑරීය. ඉන්පසුව, එවකට අගරදගුරුතුමාණන් ව සිටි තෝමස් කාදිනල් කුරේ හිමිපාණන් විසින් මෙතුමා ව වැඩිදුර පූජක අධ්‍යාපනය සඳහා රෝමය වෙත යවන ලදුව, එහිදී එතුමාණන් පොන්ටිෆිකල් උර්බානු විශ්වවිද්‍යාලයයෙන් දේවධර්මවේදී (B.TH) උපාධියෙන් පුදනු ලැබීය.",sin,wili-2018,sinhala,sinhala
කොරියානු කලාවේ ආදිතම ස්වරූපයන් ක්‍රි.පූ. 3000ට පමණ අයත් ශිලා යුගයේ කෘති තුළින් හඳුනාගත හැක. මේවා ප්‍රධාන වශයෙන්ම පූජා විධි සඳහා යොදාගත් ප්‍රතිමා සහ ශිලා කැටයම්වලින් සමන්විත වේ. මින් ශිලා කැටයම් වඩාත් මෑතක දී අනාවරණය කරගන්නා ලදී.,sin,wili-2018,sinhala,sinhala
"බෝධිවංශයට අනූව මෙම විහාරය ගිරිබා විහාරය ලෙසත්, එසේම සමහර ස්ථානයන්හීදී දක්ඛිණගිරි විහාරය ලෙසත්, පොළොන්නරුව සමයේදී මෙම විහාරස්ථානය සමුද්‍රගිරි විහාරය ලෙස හඳුන්වා තිබේ. යුරෝපීය වාර්ථාවන්හී දැක්වෙන අයුරින් මෙම විහාරය ඇඩැම්බර්ක් ලෙසත් හඳුන්වා තිබේ. යුරෝපීයයන් ශ්‍රී පාද අඩවිය සහ මුල්කිරිගල පටලවාගැනීම මීට හේතුවන්නට ඇතැයි විශ්වාස කෙරේ. මහනුවර යුගයේදී මෙම විහාරස්ථානය මූලගිරි විහාරය යනුවෙන් විස්තර කොට ඇත.",sin,wili-2018,sinhala,sinhala
"1521 දී සිදුවූ විජයබා කොල්ලයේ ප්‍රතිඵලයක් වශයෙන්, කෝට්ටේ රාජධානිය තුන් කොටසකට බෙදිණි. කුමරුවන් තිදෙනා අතුරින් මායාදුන්නේ බාලයා වුවද සම්පූර්ණ සිද්ධියේ නියමුවා වූයේ මොහුය. කෝට්ටේ රජු බවට පත් වීමට මායාදුන්නේ සිහින මැවූ අතර සත්වන බුවනෙකබාහු මුල සිටම මොහු ගැන සැක කරමින් පෘතුගීසින්ගේ උදව් පැතීය. එබැවින් මෙම සිද්ධිය නිසාවෙන් අභ්‍යන්තර ආරාවුල් සහ ශ්‍රී ලාංකික රාජධානියන්හී කටයුතු වලට අත පෙවීමට පෘතුගීසින්ට ඉඩ සැලසුණි.",sin,wili-2018,sinhala,sinhala
රාජ්‍ය පසු කාලීනව භාෂාමය නිර්ණායකයන් ඔස්සේ ක්‍රමයෙන් විදාරණය විය. 1953 දී උතුරු දිස්ත්‍රික්කයන් එක් කොට ආන්ද්‍රා පදේශය පිහිටුවන ලදී.1956 යේ රාජ්‍ය ප්‍රතිසංවිධාන පනත මගින් මදුරාසියට බස්නාහිරට වන්නට වූ වෙරළ බඩ දිස්ත්‍රික්කයන් අහිමි විය. Bellary සහ south Kanara දිස්ත්‍රික්කයන් මයිසූර් ප්‍රාන්තයට පවරාදෙන ලද අතර කේරළය මලබාර් හා Princely ප්‍රාන්තය එක් කර පිහිටුවන ලදී. 1968 දී මදුරාසිය තමිල්නාඩුව ලෙස නම් කරන ලදී.,sin,wili-2018,sinhala,sinhala
බටහිර සහ කොරියානු චිත්‍ර කලා‍ සම්ප්‍රදායයන්ගේ සම්මිශ්‍රණයෙන් සිතුවම්කරණයේ නියැළෙන සෙසු කොරියානු චිත්‍ර ශිල්පීන් ලෙස ජුංග්‍යුන් ඕ සහ ත්ෂූන් සු කිම් වැන්නවුන් හඳුනාගත හැක.,sin,wili-2018,sinhala,sanskrit
නාමල් උයනේ අසිරිය වැඩි කරනුයේ රෝස තිරිවාන නිධිය නිසාය. මෙය අක්කර 250 ක් පමණ පෙදෙසක විසිර ඇත. පුරා විද්‍යාත්මක පර්යේෂණවලට අනුව රෝස තිරිවාන වලින් නිපැයු පබළු හමුවී ඇති අතර මෝගල් අධිරාජ්‍යයාගේ පෙම්වතිය සිහිවීම සඳහා ඉදි කළ ටජ් මහල් මන්දිරයේ ජනේල අලංකාර කිරීමට ද රෝස තිරිවාන යොදා ගෙන ඇති බව සනාථ වී ඇත. පරිගණක අමතර කොටස් සඳහා හා වාහනවල වින්ඩිස්ක්‍රීන් සඳහාත් රෝස තිරිවාන යොදා ගැනේ.,sin,wili-2018,sinhala,sinhala
"ඉන්පසු උපාසකතුමා බුදුරජාණන් වහන්සේ සමීපයට ගොස් සිදුවූ සියල්ල පවසා, ""ස්වාමිනී, කිමෙක්ද, ඒ තෙරුන් වහන්සේට නුඹවහන්සේටද වඩා වැඩි වූ ගුණ ඇත්තෝදැයි"" විමසීය.",sin,wili-2018,sinhala,sinhala
"එකල්හි ඒ වනය ෂට්වර්ණ බුදු රැස් වැදී හිරු දහසක්, සඳු දහසක් පෑවුවාක් මෙන් ආලෝකමත් වුණි. දිලිසෙන තාරුකා සමූහයක් ඇති අහස මෙන්ද, හොඳින් පිපුණු සුදු රත් නෙළුම්වලින් ගැවසුණු ජලතලයක් මෙන්ද වන බැබළුණි. නුගරුකෙහි කඳ සුදුය, පත් නිල්ය, ගෙඩි රතුය, නුගරුක ස්වර්ණ වර්ණයෙන් බැබලිණි.",sin,wili-2018,sinhala,sinhala
"ක්‍රිස්තු වර්ෂ 732 (DCCXXXII) යනු ජූලියානු දින දසුන ප්‍රකාර, අඟහරුවාදා දිනයකින් ඇරඹෙන අධික අවුරුද්දක් (බැඳිය විසින් මුළු දින දසුන දක්වනු ඇත) විය. මෙම වසර සඳහා 732 යන නාමය භාවිත වීම ඇරඹුනේ මුල් මධ්‍යතන යුගයේදී, වසර නම් කිරීම සඳහා යුරෝපයේ ප්‍රචලිත භාවයට පත් ක්‍රමය ලෙසින් ක්‍රිස්තු වර්ෂ දින දසුන් යුගය ඇරඹීම හා සමගය.",sin,wili-2018,sinhala,sinhala
"1826දී මෙම අවසාන ඓක්‍යය නීල්ස් හෙන්‍රික් අබෙල් ගේ විවේචනයට පාත්‍ර විය; ""අපසාරී ශ්‍රේණි යනු යක්ෂයාගේ ක්‍රියාවකි. කිසිවෙක් ඒ සඳහා සාධනයක් ඉදිරිපත් කිරීම ලැජ්ජාවට කරුණකි. එය භාවිතා කිරීමෙන් තමාට අවශ්‍ය දෙය ලබා ගැනීමට හැක. එබැවින් එය බොහෝ අසතුටුදායක මෙන්ම පරස්පර විරෝධී අදහස් නිර්මාණය කර ඇත. කිසිවෙකුට හෝ 0 = 1-2n+3n-4n+… (n ධන නිඛිල වන විට ) යන සමීකරණයට වඩා දරුණු දෙයක් පිළිබඳ සිතා ගත හැකිද? මිතුරනි, මෙය සිනහවට කරුණකි "". සෙසාරෝ ගේ ගුරුවරයා වන ඉයුජින් චාර්ල්ස් කැටලන්ද අපසාරී ශ්‍රේණි විවේචනය කළේය. කැටලන්ගේ ආභාෂයෙන් සෙසාරෝ ද 1-2n+3n-4n+… සඳහා වන සූත්‍ර 'හාස්‍යජනක සමානතා' ලෙස හැඳින්වීය. 1883දී සෙසාරෝ විසින් මෙම සූත්‍ර නිවැරදි නොවන නමුත් ඇතැම් විට ප්‍රයෝජනවත් වන බවට අදහස් දැක්විය. නමුත් 1890දී ඔහුගේ Sur la multiplication des séries තුළින් නිර්වචන ඔස්සේ නව එළඹුමක් ලබා දීමට සමත් විය. මෙම ශ්‍රේණි නිඛිල නොවන n සංඛ්‍යා සඳහා ද අදාළ කර ගත හැක. එය Dirichlet eta ශ්‍රිතය ලබා දෙයි. 1-2+3-4+... ට අදාළ ශ්‍රිතයන් අධ්‍යයනය කිරීමට යුලර් උත්සුක වීමට තවත් හේතුවක් වූයේ ශ්‍රිතීය සමීකරණයි. එය සෘජුවම Riemann zeta ශ්‍රිතයට සම්බන්ධ වේ. යුලර් ඒ වනවිට ද ධන ඉරට්ටේ සංඛ්‍යා සඳහාමෙම ශ්‍රිතයන්ට අගයන් සොයාගෙන සිටි අතර(බේසල් ගැටළුවද ඇතුළුව ), ධන ඔත්තේ සංඛ්‍යා සඳහා ද ලැබෙන අගයන් සෙවීමට උත්සාහ දරමින් සිටියේය (ඇපෙරි නියතය ද ඇතුළුව ). වර්තමානයේදී මෙම ගැටළුව විසඳිය නොහැක්කක් ලෙස සලකනු ලබයි. Eta ශ්‍රිතයේ Dirichlet ශ්‍රේණිය සෑමතැන්හිදීම අබෙල් සමාකල්‍ය වන බැවින්, එය යුලර්ගේ ක්‍රමවේදයන් භාවිතා කරමින් විසඳීම පහසුවේ. නමුත් Zeta ශ්‍රිතයේ Dirichlet ශ්‍රේණිය අපසාරී වන අවස්ථාවේදී එහි ඓක්‍යය සෙවීම අපහසු වේ. උදා: 1+2+3+4+...යන ප්‍රත්‍යාවර්තිත ශ්‍රේණිය zeta ශ්‍රිතයේ 1-2+3-4+...හි පූරණයයි. එය නූතන භෞතික විද්‍යාවේදී බොහෝ සෙයින් භාවිතා වන නමුත් ඓක්‍යය සෙවීම සඳහා වඩා ප්‍රබල ක්‍රමවේද අවශ්‍ය වේ.",sin,wili-2018,sinhala,sinhala
සරල සුපිරි අදිශ නල මාර්ගය එක් වරකට උපදෙස් දෙක් ආහරනය කිරිමෙන් හා යැවිමෙන් උපරිම ලෙස ගත් විට එක් චක්‍රයකචදි උපදෙස් දෙකක් සදම්පුර්ණ කර ගත හැකිවේ.,sin,wili-2018,sinhala,sinhala
"අවුරුදු දහස් ගානකට පෙර, නාගරීකරණය සහ වර්තමාන කේරළ හා තමිල්නාඩු ලෙස හැදින්වෙන බටහිර සහ නැගෙනහිර මුහුදුබඩ තීරයේ වාණිජ කටයුතු විශාල දේශපාලනමය ජනපද හතරක් (කේර,චෝල,පාණ්ඩය,පල්ලවස් ) හා සැලකියයුතු ප්‍රමාණයක් වූ එකිනෙකට අනෝන්‍ය ප්‍රතිවිරුද්ධ වූ කුඩා ජනපද සංවර්ධනයට මුලපුරන ලදී. ක්‍රි.පු 3 වන සියවස හා ක්‍රි.ව 3 වන සියවස අතර ද්‍රවිඩ ජනයා සුවදේශීය සාහිත්‍යක් බිහිකිරීමට සමත් වූ අතර පසුකාලීනව එය සංගම් සාහිත්‍ය ලෙස ව්‍යවහාර කරන ලදී.",sin,wili-2018,sinhala,sinhala
"කීර්ගිස්තාන් කීර්ගිස් සමුහාණ්ඩුව පින්තූරය - කොඩිය ජාතික ගීය - කීර්ගිස් සමුහාණ්ඩු ජාතික ගීය සිතියම අගනුවර සහ විශාලම නගරය - බිෂ්කෙක් - 420 52'N 740 36 E රාජ්‍ය භාෂාව - කීර්ගිස් (රාජ්‍ය) රැසියානු (රාජ්‍ය) ජන වර්ගය - 68.9%, කීර්ගිස්, 14.4% උස්බෙක්, 9.1% රැසියානු රාජ්‍යය - ජනාධිපති සමුහාණ්ඩුව ජනාධිපති - කුමාන්බෙක් බකියෙව් අගමැති - ඩැනියර් යුස්නොව් නිදහස - සෝවියට් සමුහය සිට ස්ථාපිත කිරිම - 14 ඔක්තෝම්බර් 1924 කීර්ගිස් SSR – 5 දෙසැම්බර් 1936 ප්‍රකාශයට පත් කිරිම - 31 ‍අගෝස්තු 1991 සම්පුර්ණ කිරිම - 25 දෙසැම්බර් 1991 වර්ග ප්‍රමාණය - එකතුව - 199 900 Km2 71 181 sq mi ජලය (%) – 3.6 ජනගහනය - 2009 තක්සේරැව - 5 482 000 1999 ජන සංඛ්‍යාකය - 4 896 100 ඝනත්වය - 27.4 / Km2 71 / sq. mi GDP (PPP) – 2008 තක්සේරැව එකතුව - $ 11.604 බිලියන එකතුව - $ 5.050 බිලියන සාමාන්‍ය - $ 950 ගිනි (2003) – 30.3 (මධ්‍ය්‍ය) HDI (2007) – 0.710 (මධ්‍යය) මුදල් කාල මණ්ඩලට - KGT (UTC + 6)",sin,wili-2018,sinhala,pali
"පරිගණක ප‍්‍රක‍්‍රමණය (ක්‍රමලේඛනය ලෙසින්ද හැඳින්වෙයි) යනු, පරිගණන ගැටළුවක මූල සූත්‍රකරණයක් වෙතින් ඇරඹී, විධානීය පරිගණක ක්‍රමලේඛයක් නිමවාගැනීමේ ක්‍රියාවලියකි. විශ්ලේෂණය, අවබෝධය ප්‍රවර්ධනය කිරීම, ඇල්ගොරිතමයන් ජනනය කිරීම, ඒවායේ නිවැරැදි භාවය සහ ඒවා විසින් සම්පත් පරිභෝජනය කරන ආකාරය ආදියද ඇතුළු ඇල්ගොරිතමයන්ගේ අවශ්‍යතා සත්‍යාපනය කිරීම සහ, ඉලක්කගත ක්‍රමලේඛන භාෂාවක් භාවිතයෙන් ඇල්ගොරිතම ක්‍රියාත්මක කිරීම (කේතීකරණය ලෙසින් සාමාන්‍යයෙන් හැඳින්වෙයි) යනාදි ක්‍රියාකාරකම්, ක්‍රමලේඛනය හා වෙළී ඇත. ප්‍රභව කේතය ලියනු ලබන්නේ ක්‍රමලේඛන භාෂාවන් එකක් හෝ කිහිපයක් හෝ භාවිතා කරමිනි.",sin,wili-2018,sinhala,sinhala
එසේ නම් සමාජයේ පුද්ගලයන්ගේ සෞඛ්‍යය සම්පන්න බව ඉතා වැදගත් වේ. සමාජ විද්‍යාත්මක දෘෂ්ටිකෝණයට අනුව සෞඛ්‍යය යනු ජීවවිද්‍යාත්මක ගැටලූකාරි තත්වයක් සේම සමාජයීය සංස්කෘතික ආර්ථික මෙන්ම දේශපාලන සාධක ද මුල් කර ගත් සියල්ලේම එකතුවකි. රෝගය යන සංකල්පය පිළිබදව විමර්ශනය කරන විට අවබෝධ කර ගත යුතු තවත් සංකල්ප දෙකක් පවතී එනම් ‘‘රෝගය ’’ හා ‘‘රෝගීත්වය ’’ යන්නයි. රෝගය යනු වෛද්‍යවරයා රෝගය හඳුනා ගත් ආකාරය වන අතර රෝගීත්වය යනු රෝගියා රෝගය දකින ආකාරය වේ. ඒ අනුව රෝග යනු සංකීර්ණ සංකල්පයක් වන අතර සාමාන්‍යයෙන් අප එය යම් ශරීරයට බාධාකාරී ස්වරූපයක් ලෙස හඳුන්වමු. වෛද්‍යමය බහුත්වවාදයක් දැකිය හැකි ලාංකීය සමාජ සන්දර්භය තුළ රෝගීන්ගේ ප‍්‍රතිකාර පරිහරණය කිරීමේ රටාව විවිධ වේ. ඒ අනුව ඔවුන්ට භාවිත කළ හැකි ප‍්‍රතිකාර ක‍්‍රම ගණනාවක් පවතින අතර ඒවා කෙරෙහි යොමු වීමටද යම් යම් සාධක බලපානු ලැබේ.බහුත්ව වෛද්‍ය ක‍්‍රමය තුළ ශී‍්‍ර ලාංකික රෝගීන් සඳහා තෝරා ගැනීමට ප‍්‍රතිකාර ක‍්‍රම ගණනාවක් පවතින හෙයින් ඔවුන්ගේ ප‍්‍රතිකාර අපේක්ෂිත චර්යාව ද ඉතා සංකීර්ණය. මෙහිදී ආනුභවිකව අවම වශයෙන් ඔවුන්ගේ ප‍්‍රතිකාර අපේක්ෂිත චර්යාවේ ස්වරූපයන් හයක් හඳුනාගත හැකිය.,sin,wili-2018,sinhala,sinhala
ඊට අමතරව වගාබිම්වල විශේෂයෙන්ම වී වැවෙන ප්‍රදේශවල වල්පැලෑටි වර්ධනය වාරිමාර්ග හෝ මෙම ජල සැපයුම් තුළින් පාලනය කරයි. මීට ප්‍රතිවිරුද්ධව වැසි ජලයෙන් පමණක් යැපෙමින් කරන්නා වූ වගාවන් වැසි ජලයෙන් පෝෂණය වූ වගාවන් ලෙස සලකයි. මෙසේ වාරිමාර්ග ඔස්සේ ලබාදෙන ජලය ඇලමාර්ග පද්ධතියක් ඔස්සේ යමින් ලබා දෙන බව අධ්‍යයනය කළ හැකිය.,sin,wili-2018,sinhala,sinhala
"මෙම පනතින සාප්පු හා කරියාල සේවකයින්ට අඅවරණයක් සැලසෙන නිසා සාප්පු හා කර්යාලයන්ට ගැනෙන ආයතන පිලිබදව 68 වන වගන්තියෙහි කරුණු දක්වා ඇත. ඒ අනුව සාප්පුවක් යනු සිල්ලර හෝ තොග වෙළද ව්‍යාපරයක් පවත්වාගෙන යනු ලබන ස්ථාන, නේවාසික හෝටල්, ආහාර බීම වර්ග වෙලදාමට තබා තිබෙන ස්ථාන , කොන්ඩා කපන්නන්ගේ හා සකස් කරන්නන්ගේ ව්‍යාපර, ලොන්ඩරි, ඩ්‍රයි කිරීම් හා ඩ්‍රයි ක්ලීනින් කරන තැන්, ජායාරූප ශාල යනාදිය අයත්වේ",sin,wili-2018,sinhala,sinhala
"දෙමංසලකට පැමිණි විට කාශ්‍යප ස්ථවිර තෙමේ තම අදහස භද්‍රාට පැවසුවේය.ඇය ස්වාමීනි,නුඹ වහන්සේ එක මඟක් ගනු මැනවි. මම අනිත් මඟ ගනිමි"" යි පැවසීය. පසුව භද්‍රා තුන් වරක් තෙරුන් වහන්සේ පැදකුණු කර වැඳ ""කල්ප ලක්ෂයක් බැඳි මිත්‍ර සන්ථවය අඳින් කෙළවර වන්නේය, නුඹ වහන්සේ දකුණෙන් ඉන්න ජාතියේය. එම නිසා දකුණු මඟ ගනු මැනවි. මම වම් මඟ ගනිමි""යි කියා වෙන් වූහ.",sin,wili-2018,sinhala,sinhala
"කොරියානු රෙදිපිළි කලාව සතුව දිගු ඉතිහාසයක් පවතී. මෙයට වස්ත්‍ර සහ තිර නිර්මාණයේ දී භාවිතා වන කොරියානු ගෙත්තම් කලාව ද ඇතුළත් වේ. කොරියානු ගැට චෝයි ඉයුන්-සුන්ගේ කෘති තුළ මෙන්ම වස්ත්‍ර හා බිත්ති සැරසිලි සඳහා ද භාවිතා කොට ඇත. විරළ කලාවන් යටතට අල්ප තොරතුරු ප්‍රමාණයක් දන්නා විවීමේ තාක්ෂණ ක්‍රම ද ඇතුළත් ය. කොරියානු බුමුතුරුණු හෝ පලසවල් සඳහා භාවිතා වූ සැබෑ සම්ප්‍රදායයක් නොපැවතිය ද, සෑදල පොරෝනා සහ සෑදල ආවරණ ස්වභාවිකව වර්ණගැන්වූ වූල්වලින් තනා ඇත. මේවා අතිශයින් විරළ ය. රාජකීය මකර බුමුතුරුණු, විනිසුරුවරුන් හෝ සෙන්පතීන් සඳහා වූ ව්‍යාඝ්‍ර පලසවල් සහ කුඩා පුටු කවර චීනයේන ආනයනය කෙරිණි. මේවා සම්ප්‍රදායිකව කහ හෝ රතු පැහැයෙන් යුතු විය. රාජකීය බුමුතුරුණු මේ වනතෙක් ශේෂව ඇත්නම් ඒ ස්වල්පයකි. ගම්මානවල පලස් වියන්නන් නොසිටී.",sin,wili-2018,sinhala,sinhala
"ඉන් පසු සෑම වසරකම දින 14ක් නිවාඩු හිමිය. සේවයෙන් ඉවත්වීමේදී වාර්ෂික නිවාඩු වලට හිමිකම් ලැබෙන්නේ පසුගිය වසර සදහා හිමි ලබා නොගත් වාර්ශික නිවාඩු ඇත්නම් ඒවාද, සේවයෙන් ඉවත්වන වර්ශයේ සේවය කලේ මාස 10කට අඩුවෙන් නම් මාසයකට එක් දින බැගින්ද, මාස 10ට වැඩි නම් දින 14 සදහාම හිමිකම් ලබයි. කිසියම් අයුරකින් මෙම නිවාඩු ලබාදිය නොහැකි නම්, ඒ සදහා මුදල් වටිනාකම ලබා දිය යුතුඅ.",sin,wili-2018,sinhala,sinhala
"මෙතැන් සිට ඕතඩොක්ස් සභාව සහ රෝමානු කතෝලික සබාවය යන දෙපාර්හවයේමහ එකිනෙකාගේ සම්ප්‍රදාය අනුව එකම නාමයකින් හැදින්වේ. රෝමානු කතෝලික පල්ලියේ දෙවන වතිකානු සබාවේ ලේඛන ගත වු නිති සුත්‍රාසයන, උවමානවෙන් සැකයට භාජනය කළ බව මෙහිදි මතක තබා ගත යුතු කරැණකි. මෙම සැකය මතභේදයකට තුඩු දෙන සාක්ෂියක් බවට පත් විම ගැන විස්තර කිරි‍මට 2007 දි වතිකානු ආගමික සභාවේ විශ්වාසය විද්‍යාව පැහැදිලි ලේඛනයක් ඉදිරිපත් කළේය.",sin,wili-2018,sinhala,sinhala
"මුල්කිරිගල කන්ද, වෙරළබඩ තැනිතලා භූමියෙහි දකුණු දිශාවෙන් පිහිටි ශේෂ කඳු අතරින් උසම පර්වතය ලෙස සැළකේ. එය උතුරින් බෑනගලටත්, දකුණින් බිසෝගලටත්, නැගෙනහිරින් කොන්දගලටත්, බටහිරින් සීලවතීගලටත් මායිම්ව තිබේ.",sin,wili-2018,sinhala,sinhala
"අතිගරු ජනාධිපති මහින්ද රාජපක්ෂ මහතා 2006 සැප්තැම්බර් මස 13 වන දිනැති ගැසට් නිවේදන අංක 1462/20 මගින් මුළු ග්‍රාම ආරක්ෂක සේවය ප්‍රතිවයුහගත කොට සිවිල් ආරක්ෂක දෙපාර්තමේන්තුව ස්ථාපිත කරන ලදී. රැකියා නියුක්තිකයන් ගණන 41.500 දක්වා ඉහළ දමා මසක හමුදා පුහුණුව හඳුන්වා දෙන ලදී. තවද, හමුදා නිල ඇඳුමට සමාන නිල ඇඳුම් වර්ග දෙකක් නිකුත් කරන ලදි. සාධාරණ වැටුප් සේවකයන් සඳහා ගෙවන ලදී.",sin,wili-2018,sinhala,sinhala
"බිට්ලොකර් ඩ්‍ර‍යිව් එන්ක්‍රිප්ෂන් යනු මයික්‍රොසොෆ්ට් සමාගමෙහි වින්ඩෝස් විස්ටා සහ වින්ඩෝස් 7 වැඩතල මෙහෙයුම් පද්ධතිවල අල්ටිමේට් සහ එන්ටප්‍රයිස් සංස්කරණ තුලද, වින්ඩෝස් සර්වර් 2008 සහ වින්ඩෝස් සර්වර් 2008 R2 වැනි සර්වර් කරලි මතද අඩංගු වන පූර්ණ තැටි ආරක්ෂණ ගුණාංගයකි.",sin,wili-2018,sinhala,sinhala
"සමහර හේතූන් නිසා, විශේෂයෙන් ජාතික මායිම් ඉක්මවූ සංක්රවමණ සම්බන්ධව හෝ යටත් විජිත ව්‍යාප්තිය වැනි කරුණු මත ජාතිකත්වය, ජාතියට සම්බන්ධ කෙරේ. බොහෝ මානව විද්‍යාඥයින් හා ඉතිහාසඥයන්, Ernest Gellner හා Benedict Anderson ගේ කෘතීන් අනුගමනය කරමින් ජාතිය හා ජාතිකත්වය දකිනුයේ 17 වන සියවසේ, නූතන ජනපද පද්ධතිවල නැගී සිටීමත් සමග ඇතිවන සංවර්ධනයක් ලෙසත්, ජනපද මායිම් සමග වර්තිත සම්පාතයෙහි (පරිපූර්ණ සම්පාතය) අනුමානයන්ට ඉඩ සලසන මායිම් හි “ජාතික ජනපදය” නැග සිටීමේ අවසානයකට එළඹීමක් ලෙසත්ය. මෙලෙස බටහිරෙහි, ජාතිය, ගෝත්‍රය (race) වැනි කරුණූ පිළිබඳ ජනවාර්ගික මතය, මුදල් පමණක් ධනය ලෙස සලකන ආදි ආර්ථික න්‍යාය (Mercantilism) සහ ධනපති ක්‍රමය (Capitalism) වර්ධනය වෙමින් තිබූ කාලයේදී, ජනගහනය ගෝලීය සංචලනය හා එම කාලයේදීම එම ජනපද (State) මායිම් වඩාත් පැහැදිලිව හා දැඩිලෙස අර්ථකථනය කරනු ලැබූ අවධියේදී යුරෝපීය යටත් විජිත ව්‍යාප්ති සන්දර්භය තුළ සංවර්ධනය වුණා. 19 වන සියවසෙහි සාමාන්යියෙන් නූතන ජනපද “ජාතිය” (Nation) නියෝජනය කිරීමට ඔවුන්ගේ හිමිකම තුළින් නීත්යාසනුකූල බව සොයන්නට උත්සාහ කළාය. කොහොම වුනත් විවිධ හේතූන් නිසා ජාතික විනය ඉවත් කළා වූ අවිචල්යරව ඇතුළු කළා වූ ජනගහනය ජාතික ජනපදයි. (Nation State) ඉවත් කළා වූ කණ්ඩායම්වල සාමාජිකයන්, එහි ප්‍රතිඵලයක් ලෙස සාධාරණත්වයේ පදනම ඇතුළත් කිරීමට ඉල්ලා සිටීවි හෝ ස්වාධීනත්වය සොයාවි. සමහර විට ඔවුන්ගේම ජාතික ජනපදයන්හි නිමකළ දේශපාලනික බෙදීම් විහිද වීමට පවා ඔවුන් ක්‍රියා කරනු ඇත. මෙම තත්වයන් යටතේ - මිනිසුන් එක් ජනපදයක සිට තවත් ජනපදයකට මාරුවීමේදී හෝ එක් ජනපදයක් යුධ බලයෙන් දිනා ගත් පසු හෝ යටත් විජිත මිනිසුන් එහි ජාතික මායිම්වලින් එහා ක්‍රියාකළ පසු - එක් ජාතියකින් හඳුනාගත් නමුත් වෙනත් ජනපදයක ජීවත්වන මිනිසුන් විසින් ජනවාර්ගික කණ්ඩායම් සකස් කරනු ලැබීය.",sin,wili-2018,sinhala,sinhala
"ශ්‍රී ලංකාව ඉතා හොඳ ජෛව විවිධත්වයකට හිමිකම් කියන රටකි.රට ප්‍රමාණයෙන් කුඩා වුව ද වෙනස් දේශගුණික තත්වයන් හා භූමි ලක්‍ෂණ නිසා පුළුල් පරිසර පද්ධති ව්‍යාප්තියක් දක්නට ලැ‍‍බෙන අතර ජෛව විවිධත්වය ඉහළ වේ.ශ්‍රී ලංකාවේ දක්නට ලැබෙන විවිධ ජෛව විද්‍යාත්මක පරිසර පද්ධති ප්‍රධාන වශයෙන් වර්ග 4කට බෙදා සාකච්ඡා කළ හැකි ය.එනම්,",sin,wili-2018,sinhala,sinhala
"Wireshark'හි ජාල දත්ත පටිගතකල ගොනුවෙහි ආකෘතිය(format) libpcap, libpcap සහ WinPcap සදහාද සහය දක්වන්නකි,එමනිසා එම ගොනු ආකෘතියට සහය දක්වන tcpdump and CA NetMaster මෘදුකාංග සමග දත්ත හුවමාරු කලහැක.තවද එයට snoop, Network General, සහ Microsoft Network Monitor මෘදුකාංග වල ග්‍රහණයන්(captures) කියවිය හැක.",sin,wili-2018,sinhala,sinhala
ගොඩනැගිලිවල හෝ නිවෙස්වල විද්‍යුත් පරිපථ හා සම්බන්ධ වු භූගත කම්බි වල ප්‍රතිරෝධය (Eart Rod) ඕම් 10 ට අඩු වන සේ තිබිය යුතුය. මෙම භූගත කම්බිය ලෝහ දණ්ඩක් හෝ ගැල්වනයිස් පයිප්පයක් හා සම්බන්ධ කර එය අඩි 5 ක් පමණ ගැඹුරට පොළොවේ වැළලිය යුතුය. මෙය පෘථීවි ගත කිරීම යනුවෙන්ද හැඳින් වේ. භූගත කූරු හෙවත් පෘථීවි දඬු භූගත කිරීමේදී හාරා ගන්නා වළට අගුරු සහ ලූණු කැට දැමීම සන්නායකතාව වැඩි කිරීමට හේතුවක් වේ.,sin,wili-2018,sinhala,sinhala
"පුරා විද්‍යා රක්ෂිතයක් ද වන නාමල් උයන කරුණු 5ක් යටතේ පුරා විද්‍යාත්මක අතින් වැදගත් වේ. ජාතික නාමල් උයනේ ප්‍රාග් ඓතිහාසික යුගයට අයත් වසර කෝටි 50 ක් පමණ පැරණි යැයි විශ්වාස කෙරෙන රෝස තිරිවාන නිධියක් ද පවති.මෙය දකුණු ආසි‍යාවේ ඇති පැරණිතම හා විශාලතම රෝස තිරිවාන නිධිය ලෙස ද හැදින්වේ. තිරිවාන නිධිය තුළ ""ආගනේය ""නම් පාෂාණ විශේෂය ඇති බවත් පර්යේෂණ මගින් සනාථ ක‍රගෙන ඇත.",sin,wili-2018,sinhala,sinhala
"වයර්ශාක් (Wireshark) යනු දත්ත පැකට්ටු විශ්ලේශක නිදහස් හා විවෘත මූලාශ්‍ර මෘදුකාංගයකි . එය පරිගණක ජාල වල දෝෂ සෙවීමට, විශ්ලේෂණයට, මෘදුකාංග හා සන්නිවේදන මූලලේකන විකසනය සහ අධ්‍යාපන කටයුතූ වලදී පරිශීලනය කරයි. මුලින්ම ""'එතීරියල් (Ethereal)'"", ලෙස හැඳින්වුනු මෙය වෙළෙද ලකුණු ප්‍රශ්න නිසා 2006 මාර්තු මසදී වයර්ශාක් (Wireshark) යනුවෙන් නැවත නම් කරන ලදී.",sin,wili-2018,sinhala,sinhala
"අනතුරුව ධාතු මානසිකාරය හා කායගතාසති කොටස විමසිය යුතු ය. ධාතු මනසිකාරය නම් කය සැකසී පවතින ස්වභාවය පිළිබඳව ඇති කරගන්නා වූ අවබෝධයම වන්නේ ය. මුලින්ම යෝගියා කය යනු කුමක්ද? එය සැකසී ඇත්තේ කෙසේ කුමකින් ද යන්න වටහා ගැනීම කළ යුතු ය. කය පිළිබඳව සිතන විට එය සැකසී ඇත්තේ රූප වලින් ය. එවිට රූප යනු කුමක්ද යන්න තේරුම්ගත යුතු ය. රූප සැකසී ඇත්තේ මොනවායින් ද යන්න වටහාගත යුතු ය. රූප යනු වෙනස් වන අස්ථාවර දෙයකි. මෙම අස්ථාවර කෂ්ණයක් කෂ්ණයක් පාසා වෙනස්වන රූප සැකසී ඇත්තේ සතර මහා ධාතූන්ගෙනි. සතර මහා ධාතු යනු පඨවි, ආපෝ, තේජෝ, වායෝ යන කොටස් ය. මෙම සතර මහා ධාතූන්ගේ ස්වභාවය නම් නිතර වෙනස් වන ගතියෙන් යුක්ත වීමය. නිතර වෙනස් වන ධර්මයකින් රූප සැකසී ඇති බවත් නිතර වෙනස් වෙමින් විනාශය කරා ගන්නා වූ රූප වලින් මෙම කය සැකසී ඇති බවත් වටහාගත යුතු ය. සතර මහා ධාතූන්ගේ සංකලනයක් වශයෙන් සැකසී ඇති කයෙහි එක් ධාතු කොටසක බිඳීයෑමක් හෝ සැලීයාමක් සිදු වුවහොත් අනෙකුත් ධාතූන්ගේ ද බිඳීයෑම ද සිදු වන්නේ ය. භාවනාවක් වශයෙන් ප්‍රගුණ කරන ලද සතිපට්ඨානය ඇති යෝගාවචරයාට රූපයෙහි ඇති අනිත්‍ය අසාර බව මනාව ප්‍රකට වන්නේ ය. බුදුරජාණන් වහන්සේ විසින් අනිච්චාවත සංඛාරා, උප්පාද වය ධම්මිනෝ... යන ස්ථානයෙහිදී උත්පාද, වය ලෙස හඳුන්වා ඇත්තේ ද හේතූන්ගෙන් හටගත්තා වූ සියල්ල නිරන්තර අනිත්‍යය තාවට පත්වන බව ය. මෙහිදී උත්පාද තිථි, භංග ලෙස සමහරු විග්‍රහ කළ ද එය ධර්මය නිවැරැදිව වටහා නොගත් අදහසක් ලෙස දැක්විය යුතු ය. ක්ෂණයක් පාසා වෙනස්වන ලෝකය තුළ කිසිවක සුළු මොහොතක හෝ පැවැත්මක් අපේක්‍ෂා කළ නොහැකි ය. රූපයත් එසේමය. බාහිර මසැසින් රූපය දෙස බලන අයෙකුට අවිද්‍යා සහගත සංඥාව නිසා ස්ථාවර රූපයකගේ පැවැත්මක් ඇතැයි සිතිය හැකි ය. එහෙත් ධර්මානුකූලව බලන ෂට එහි ඇත්තේ නිරන්තර වෙනස්වන ඇතිවීමත් සමඟම නැතිවන ධර්මයකි. කුඩා දරුවෙකු ලෙස උපදින බිළිඳා කාලයාගේ ඇවෑමෙන් තරුණයකු බවට පත් වෙයි. දැන් එහි බිළිඳකු නොමැත. මුහුකුරාගිය අයෙකු පෙනේ. අනතුරුව ඔහු ජීවිතයේ අවසාන භාගයට පිවිසෙන විට පෙනෙනුයේ ජරාවට ගිය රූපයකි. එසේ නම් කය නමැති රූපය නිතර වෙනස්වන ධර්ම කොටසක් වන අතර, සතර මහා ධාතූන් ගෙන් සැදුම් ලත් මෙම රූපය නිත්‍ය, සුඛ, ආත්ම වශයෙන් තමා වසඟයේ රඳවාගත නොහැකි බව මෙම ධාතු මනසිකාර කොටස ප්‍රගුණ කරන යෝගියාට වටහා ගත හැකි වන්නේ ය.",sin,wili-2018,sinhala,sinhala
"අල් කයිඩා උපනාකයක අයිමාන් අල් - සවාහිරිගේ ප්‍රකාශයක් චිත්‍ර පටියේ නැවතත් පෙන්වන ලදී. ඔහු මෙසේ කීවේය. “තන්වීර්ගේ විශ්වාසයන් මගින් පැහැදිලි වනවා ඔහු අල් - කයිඩා කෙරේ යොමු වුනේ මන්ද, ජීවිත පරිත්‍යාගයෙන් කෙරෙන මෙහෙයුම් ක්‍රියාත්මක කිරීමට තන්වීර් සහ මොහොමඩ් සිද්දික් ඛාන් බලාපොරොත්තු වන්නේ මක්නිසාද කියා” ඔහු තවදුරටත් කතා කරමින් අල් සවාහිර් කීවේ තන්වීර් සහ මොහොමඩ් සිද්දික් ඛාන්, අල් කයිඩා කඳවුරකට ඇතුළත් වූ බවයි. එම දෙදෙනා පාකිස්ථානයටද, මැඩ්රාසාස් වෙතද ගිය බව දැනගන්නට ලැබුණු නමුත් අල් කයිඩා වෙන් පුහුණුවක් ලැබුවා යයි කීම අළුත් දෙයක් විය.",sin,wili-2018,sinhala,sinhala
ක්‍රි.පූ. 300 දාතමින් පටන් ගත් ශ්‍රී ලංකාවේ පෞරාණික වාරිකර්මාන්ත ක්‍රමය පණ්ඩුකාභය රජ තුමාගේ කාලයේ සිට ඉදිරි ශතවර්ෂ 10ක් පුරා ලෝකයේ පැවති ක්‍රමවේදයන්ගෙන් විශිෂ්ටම හා සංකීර්ණම ක්‍රමයක් ලෙස පැවතුණි. උමං මාර්ග ඔස්සේ ජලය ගෙන යන මාර්ගවලට අමතරව සම්පූර්ණයෙන්ම කෘත්‍රීම ජලාශයක් ප්‍රථමවරට ඉදිකිරීමේ ‍ෙගෟරවය ද සිංහලයන් සතුව ඇත. පරාක්‍රම රජ සමයේ මෙම ක්‍රමවේදය වඩා පුළුල්ව පනගන්වන ලදී.,sin,wili-2018,sinhala,sinhala
"විකිරණ - රසායන විද්‍යාව යනු විකිරණශීලී ද්‍රව්‍ය පිළිබද රසායනයයි. එහිදී විකිරණශීලි සමස්ථානික , විකිරණශීලී නොවන සමස්ථානිකවල ගුණ හා රසායනික ප්‍රතික්‍රියා අධ්‍යයනය කිරිමට යොදා ගනු ලැබේ. (විකිරණ - රසායනය තුළදී විකිරණශීලී නොවන ද්‍රව්‍යවල සමස්ථානික ස්ථායී නිසා අක්‍රීය ලෙස විස්තර කරනු ලැබේ.)",sin,wili-2018,sinhala,sinhala
මෙහි දි උපකල්පනය කරන්නේ වැටුප් ඉහළ ගියත් ඵලදායිතාවය නොවෙනස්ව පවති යන්නය. ඉහළ වැටුප් සමඟ ඵළදායිතාවය ඉහළ ගියහොත් භාණ්ඩ ප්‍රමානයන් ඉහළයාම හේතුවෙන් මිළ ඉහළ නොයයි.,sin,wili-2018,sinhala,sinhala
"සේවා නියුකතිය ඉහළ යාම තුලින්, එනම් මුල්‍ය ප්‍රසාරනය හො ෆිස්කල් ප්‍රසාරන ප්‍රතිපත්ති තුලින් සමස්ත ඉල්ලුම ඉහළ දමා ද.දේ.නි. ඉහළ දමා සේවා නියුකතිය ඉහළ යැම හේතුවෙන් ඉල්ලුම වැඩි වි උද්ධමනය ඇති විම",sin,wili-2018,sinhala,sinhala
"For example, the Creative Commons Attribution (BY) license allows one to share and remix (create derivative works), even for commercial use, so long as attribution is given.",sin,wili-2018,sinhala,sinhala
"ව්‍යාප්තිකරණ 1-1+1-1+... හි තෙවැදෑරුම් කෞචි ගුණිතය වනුයේ 1-3+6-10+..., එනම් ත්‍රිකෝණික සංඛ්‍යාවල ප්‍රත්‍යාවර්තිත ශ්‍රේණියයි. එහි අබෙල් හා යුලර් සමාකලනය වනුයේ 1/8. 1-1+1-1+... හි චතුර්විධ කෞචි ගුණිතය 1-4+10-20+... වන අතර එය චතුස්තලීය සංඛ්‍යාවල ප්‍රත්‍යාවර්තිත ශ්‍රේණියයි. එහි අබෙල් ඓක්‍යය 1/16 වේ. 1-2+3-4+... හි තවත් ව්‍යාප්තිකරණයක් වනුයේ 1-2n+3n-4n+…. (අනෙක් n අගයන් සඳහා). n ධන නිඛිල සඳහා මෙම ශ්‍රේණිය පහත අබෙල් ඓක්‍යයන් ලබා දෙයි. Bn බනෝලි සංඛ්‍යා නම්, 1-2n+3n- ……. = ( 2^(n+1)-1)/(n+1) B_(n+1) ඉරට්ටේ n සංඛ්‍යා සඳහා මෙය පහත අයුරු වේ. 1-22k+32k-……. = 0",sin,wili-2018,sinhala,sinhala
"මස්තානි වටා ගෙතුණු ජනප්‍රවාද රැසක් පවතියි. ඉන් වඩාත්ම ප්‍රකට ජනප්‍රවාදය නම් මස්තානි යනු බුන්දෙල්ඛාන්ද් පළාතේ පන්නා ප්‍රාන්තයේ ආදිකර්තෘ වන බුන්දේලා රාජ්පුත් නායක මහරාජා ඡත්‍රසාල් (1649–1731) ගේ දියණිය බවයි. අලහබාද්හි මෝගල් නිලධාරියකු වූ පතන් මොහම්මද් ඛාන් බංගාෂ් 1727-28 අතර කාලයේ ඡත්‍රසාල්ගේ රාජධානිය ආක්‍රමණය කළේ ය. ඡත්‍රසාල් බුන්දෙල්ඛාන්ද් අවට ආක්‍රමණයක නියැළී සිටි Iවන බාජිරාඕගෙන් සහාය ඉල්ලා රහස් සංදේශයක් යැවී ය. බාජිරාඕ පැමිණ ඡත්‍රසාල්ව බේරාගත්තේ ය. මෙයට කෘතඥතාව පල කිරීමක් වශයෙන් ඡත්‍රසාල් සිය දියණිය වූ මස්තානි සමග ජාන්සි, සාගර් සහ කල්පි ප්‍රදේශ ඇතුළත් සිය රාජධානියෙන් තුනෙන් එකක ප්‍රමාණයක් සහ රන් කාසි ලක්ෂ 33ක් බාජිරාඕට ලබාදුන්නේ ය. මස්තානි සමග විවාහයේ දී ඔහු බාජිරාඕට දියමන්ති පතලක් සහ ප්‍රයෝජනවත් ගම්මාන කිහිපයක් ද ප්‍රදානය කළේ ය.",sin,wili-2018,sinhala,sinhala
පනතේ 5 වගන්තියට අනුව අතිකාල සේවාවන් හැර පැය 28කට නොඅඩු කාලයක් සතියකදී සේවය කර ඇති සේවකයෙකුටම වැටුප් සහිත දින එකහමාරක සති නිවාඩුවක් සදහා හිමිකම ඇත.,sin,wili-2018,sinhala,sinhala
"ෂාකූර් ඔහුගේ වෘත්තිමය දිවිය ආරම්භ කළේ රෝඩී, උපස්ථ නර්තන ශිල්පියෙකු, හා උත්සව අවස්ථා මෙහෙයවන්නෙකු ලෙස ඒකාන්තර හිප් හොප් කණ්ඩායමක් වූ ඩිජිටල් අන්ඩර්ග්‍රවුන්ඩ් හා කටයුතු කිරීමෙනි, එහි ප්‍රතිඵලයක් ලෙස ඔහු ඒකල කලාකරුවෙක් බවට පත්විය. ෂාකූර්ගේ ගීත බහුතරයක තේමාවන් දෝලනයවූයේ එක්සත් ජනපදයේ අභ්‍යන්තර නගරවල ජනතාව මුහුණදුන් ප්‍රචන්ඩත්වය, නැතිබැරිකම් හා වර්ගවාදය ඇතුළු අනෙකුත් සමාජ ගැටළු වටාය. ඔහුගේ මව හා පියා දෙපලමත්, පවුලේ තවත් සාමාජිකයින් කිහිප දෙනෙකුත් එක්සත් ජනපදයේ බ්ලැක් පැන්තර් පාර්ටියේ ක්‍රියාකාරී සාමාජිකයින් වූහ, කුඩාකල සිටම ඔවුන්ගෙන් ආභාශය ලැබූ ෂාකුර්ගේ ගීත තුළ මැනවින් එය දැකගත හැකිය. ඔහුගේ වෘත්තිය දිවියේ පසු කාලයේදී, ඊස්ට් කෝස්ට් - වෙස්ට් කෝස්ට් හිප් හොප් ප්‍රතිරෝධයේදී ඔහු සිය හඬ අවදි කරමින් එයට දායක වූයේ වෙනත් රැප් සංගීතවේදීන්, සංගීත නිෂ්පාදකවරුන්, සහ රෙකෝර්ඩ් ලේබල් (වාණිජමය සංගීත සන්නාම ආයතන)වල සාමාජිකයින් හා ගැටෙමිනි. එයින් වඩාත් කැපී පෙනුනේ ද නෝටෝරියස් බී.අයි.ජී. සහ සංගීත සන්නාම ආයතනයක් වන බෑඩ් බෝයි රෙකෝර්ඩ්ස්. සමග වූ කලහයයි.",sin,wili-2018,sinhala,sinhala
"ඉතිරිව පවතින වායු වලාකුළු හා දූවිලි (පූර්ව ග්‍රහ තැටිය) මඟින් විවිධ ග්‍රහලෝක නිර්මාණය විය. ඒවා වැඩීම (accretion) මඟින් නිර්මාණය වූ බවට විශ්වාස කෙරේ. මධ්‍ය ප්‍රාථමික තාරකාව වටා කක්ෂවල දූවිලි අංශු ලෙස ග්‍රහලෝක ආරම්භ විය. ඉන්පසු මේවා සෘජු ගැටීම් හරහා පරිධිය මීටර් එකක් හා දහයක් අතර අගයක් ගන්නා තැටියක් බවට පත්වේ. ඉන්පසු තව තවත් ගැටී ප්‍රමාණයෙන් 5km පමණ වන විශාල වස්තු (ප්ලැනටෙසිමල්ස්) බවට පත්වේ. ඉන්පසු තව තවත් ගැටීම් තුළින් දළ වශයෙන් වසරකට 15cm බැඟින් ඊළඟ වසර මිලියන ගණන පුරාවට විශාල වීම සිදුවේ. ඇතුලු සෞරග්‍රහ මණ්ඩලය ජලය හා මීතේන් වැනි වාෂ්පශීලී අණුවලට සංඝනීකරණය විය නොහැකි තරම් උණුසුම් නිසා එහි නිර්මාණය වන ප්ලැනටෙසිමල්ස් සාපේක්ෂව කුඩා වන අතර (තැටියේ ස්කන්ධයෙන් 0.6% ක් පමණ) සිලිකේට හා ලෝහ වැනි ඉහල ද්‍රවාංක සහිත සංයෝගවලින් විශාල ලෙස සමන්විත වේ. මෙම දෘඩ වස්තු කාලයක් සමඟම භෞමික ග්‍රහලෝක බවට පත්වේ. තවදුරටත් විමසා බලන කළ බ්‍රහස්පතීගේ ගුරුත්වාකර්ෂණ බලපෑම් නිසා ඒ අවට වූ ප්‍රාථමික ග්‍රහ වස්තුවලට එකතු වීමට නොහැකි විය. ග්‍රාහක වළල්ල නිර්මාණය වූයේ එලෙසය.වඩා වාෂ්පශීලී අයිස් සංයෝග ඝන ආකාරයෙන් පැවතිය හැකි වූ තුහින රේඛාවට පිටින් වූ ප්‍රදේශයෙහි වූ බ්‍රහස්පති හා සෙනසුරු වායු දැවැන්තයන් විය. යුරේනස් හා නෙප්චූන් අඩු පදාර්ථ ප්‍රමාණයක් අල්වා ගත් අතර අයිස් දැවැන්තයන් ලෙස හඳුන්වයි. එයට හේතුව ඔවුන්ගේ හර වැඩි වශයෙන් අයිස්වලින් (හයිඩ්‍රජන් සංයෝග) නිර්මාණය වී ඇතැයි විශ්වාස කිරීමය. අලුත් සූර්යයා ශක්ති නිපදවීම ආරම්භ කළ විට සූර්ය සුළං (solar wind) ප්‍රාථමික ග්‍රහ තැටියේ වායු හා දූවිලි තාරකාන්තර විශ්වයට පා කර හරින අතර ග්‍රහලෝකවල වර්ධනය නිමා කරයි. T ටෝරි තාරකාවලට, වඩා පැරණි ස්ථායී තාරකාවලට වඩා වැඩි ශක්තිමත් තාරකා සුළඟක් (stellar wind) පවතී.",sin,wili-2018,sinhala,sinhala
"මේ සියලු ප‍්‍රතිකාර ක‍්‍රම ගත්තද මේ සියල්ලෙන්ම ඉටු වන්නේ සමාජය තුළ විවිධ වූ කෘත්‍යයන් ඉටු කිරීමය. ඒ අනුව කෘත්‍යාත්මක පර්යාලෝකයක් හරහා අපිට මේ දෙස බැලිය හැකිය. කෘත්‍යවාදය යනු සමාජයේ පැවත්මට මිනිසුන් විසින් යම් යම් කෘත්‍යයන් ඉටු කිරීමය. මේ කෘත්‍යයන් හරහා සමාජ පැවත්ම රදා පවතී. විවිධ ප‍්‍රතිකාර ක‍්‍රමද සමාජයේ කෘත්‍යාත්මක වැදගත්කමක් දරණ ලද බව පෙනේ. ප‍්‍රථමයෙන් කතා කළ පරිදි රෝගි වීම තුළ සමාජ පර්යාය බිඳ වැටේ. මේ බිඳවැටෙන සමාජ පර්යාය නැවත ප‍්‍රතිසකස් කිරීමට නම් රෝග සඳහා අප සූදානම් විය යුතුය. එනම් ප‍්‍රතිකාර ක‍්‍රමයක් භාවිතා කළ යුතුය. මේ කෘත්‍යාත්මක අවශ්‍යතා ඉටු කර ගැනීම ප‍්‍රතිකාර හරහා සිදු වේ. අභිචාරාත්මක ප‍්‍රතිකාර හරහා සිදු වන්නේද එයමය. යකදුරා, කපුරාල, ශාස්ත‍්‍රකියන්නන්,ජෝතිශාස්ත‍්‍රඥයින්, හරහා සිදු වන්නේ එම කෘත්‍යයන් ඉටු කිරීමය. ‍මේ හරහා සමාජයේ අඛණ්ඩත්වය ස්ථාපනය වේ.",sin,wili-2018,sinhala,sinhala
වලාකුළක් හා පෘථීවිය අතර හටගන්නා අකුණු පබළු අකුණු යනුවෙන් හැඳින්වේ. මෙම අකුණු වල තිඛෙන විශේෂත්වය නම් මීටර් 10 ක පමණ දිගින් යුත් කොටස් වලට කැඩී හෝ කැඩී තිඛෙන ලෙස පෘථීවියට දර්ශනය වීිමයි.,sin,wili-2018,sinhala,sinhala
බොහෝ ඉන්දියානු දෙමළ ජනයා තමිල් නාඩුව තුල ජිවත් වේ. අතීත ප්‍රංශ කොලනියක් වූ පුදුචෙරි (Puducherry) හි වාසය කරන වැසියන්ගෙන් බහුතරය දමිළයන් වේ.එමෙන්ම අන්දමන් හා නිකොබාර් දූපත් වාසීන්ගෙන් හයෙන් එකක් පමණ ජනතාව දමිළ සම්භවයක් සහිත වුවන් බවට ගණන් බලා ඇත.,sin,wili-2018,sinhala,sinhala
හීලියම් - 3 (13He) වායුව පෘතුවිය මත ඉතා දුර්ලභ වන අතර න්‍යෂ්ටික වියලන පරීක්ෂණයක් සදහා යොදා ගන්නා බැවින් දැඩි ඉල්ලුමක් පවතී. එහෙත් 13He වායුව චන්ද්‍රයා මත පෘතුවියට වඩා සුලභව පවතින බව විශ්වාස කෙරේ. තාරකා මාධ්‍යයයේ ප්‍රෝටෝන - ප්‍රෝටෝන දාමය හා CNO වක්‍රය ආදි විවිධ ක්‍රම ඔස්සේ ද වියලනය මගින් මෙම 13He වායුව නිර්මාණය වේ.,sin,wili-2018,sinhala,sinhala
රාධිකා ආප්තේ (උපත 1985 සැප්තැම්බර් 07) ඉන්දියානු සිනමා නිළියක සහ වේදිකා නිළියකදවේ.මනඃකල්පිත චිත්‍රපටයක්වූ Vaah! Life Ho Toh Aisi! (2005)හිදී කෙටි භූමිකාවක් තුළින් ඇයගේ චිත්‍රපට ජීවිතය අරභන ලදී.,sin,wili-2018,sinhala,sinhala
මුල්‍ය වත්කම් වල ආයෝඡනය හා ඉතිරිකිරීම් කිරීම සදහා කිසිම දිරිගැන්වීමක් උද්ධමන කාලයකදී ඇති නොවේ.ආයෝඡනය හා ඉතුරැම් අධෛර්යමත් වේ.සමහර අවස්ථාවලදී ඉතුරැම් සදහා ලැබෙන සත්‍ය ඵලදායී පොලිය සෘණ(-) අගයක් ගනී.එ‍සේ වන්නේ පොලී අනුපාත වල ඇති දැඩි බව නිසයි.පොලී අනු‍පාත උද්ධමන අනුපාතයට වඩා අඩු වන විට ණය සදහා විශාල අධි ඉල්ලුමක් ඇති වේ.එනිසා විශාල මුල්‍ය ප්‍රසාරණයක් ඇති වන බැවින් අධිකාරි විසින් ණය පාලනය කිරීමට උත්සුක වේ.,sin,wili-2018,sinhala,sinhala
සටහන: මී පැණි උණු කරන ක්‍රමය ඉන්දීය ආයූර්වේදයේ එන්නේ නැහැ. එහෙත් දේශීය වෙදකමේ සහ යුනානි ක්‍රමයේ එය දකින්නට පුළුවන්. මෙම ඖෂධය සඳහන් වන්නේ “කාම කුතුහලය” නම් වෛද්‍ය ග්‍රන්ථයේ.,sin,wili-2018,sinhala,sinhala
එකල්හි මල්ල රජදරුවන් ගෞතම බුදුරජාණන් වහන්සේගේ ශ්‍රී දේහය අදාහනය කරන්නට සිතන්නාහු ඉතා අලංකාර වූ චිතකයක් සාදා එයට ගිනි දල්වන්නට උත්සාහ කරන මුත් ගිනි නොදැල්වෙන්නට හේතු මහා අනුරුද්ධ රහතන් වහන්සේගෙන් විමසීය. එවිට මහා අනුරුද්ධ රහතන් වහන්සේ තම දිව්‍යචක්ඛු ඥාණයෙන් බලා කාශ්‍යප රහතන් වහන්සේ බුදුරජාණන් වහන්සේට අවසන් ගෞරව දැක්වීම පිණිස වඩින බවත් එතෙක් කල් චිතකයට ගිනි නොදැල්වීම දෙවියන්ගේ අභිප්‍රාය බවත් දැන්වූහ.,sin,wili-2018,sinhala,sinhala
"ඒමි ලීට අනුව, ""Going Under"" ගීතයට පාදක වී ඇත්තේ පූර්වකාලීන කායිකව හා මානසිකව අසහනකාරී සම්බන්ධයකි. ඈ මේ පිලිබඳ වැඩිදුරටත් පැවසූයේ, ""මෙය හරියට ඔබ ඔබේ ලණුවේ අග කෙළවරට ළඟාවී, ඔබේ ඉවසීමේ සීමාව ඉක්මවා ගොස් ඇති වෙලාවක, ඔබට තවදුරටත් මෙය දරාගැනීමට බැරි බව දැනෙන්නාක් වගේ. මේක නියමයි. හරිම බලසම්පන්න ගීතයක්."" එය ඇල්බමයට ලියූ අවසන් ගීතය වන අතර පළමු තනි ගීතය ලෙස ඉදිරිපත් කිරීමට යෙදී තිබුණු නමුත්, ""Bring Me to Life"" එහි ප්‍රධාන තනි ගීය බවට පත්කෙරුණු නිසා එය දෙවැනි ගීතය ලෙස යෙදිණ. ""Bring Me to Life"" ලියැවුණේ ලී, බෙන් මූඩි, සහ ඩේවිඩ් හොජ්ස් විසින් වන අතර, එයට පාදක වූයේ ලී ගේ මිතුරියක විසින් අවන්හලකදී ඇය ඇගේ පවත්නා ප්‍රේම සම්බන්ධය පිළිබඳ සතුටට පත්වේදැයි ඇසීමය. තමා සැබැවින්ම සතුටින් නොසිටින බව ලී හට වැටැහී ඇත්තේ එවිට වන අතර, තමා හදිසියේම ""ඇහැරුණු"" සේ දැනුණු නිසා ම ""wake me up inside"" යන පදපෙල ගීයට යොදා ඇත. එම ගීය තම 2007 සිට සැමියා සහ දීර්ඝකාලීන මිතුරා වන ජොශ් හාට්ස්ල' වෙත වන බව ද ලී තවදුරටත් පැවසුවා ය.",sin,wili-2018,sinhala,sinhala
පළමුව සිතා තිබුනේ උමං මාර්ගය තුළ පිපිරුම් තුනක් නොව හයක් සිදු වුනාය යනුවෙනි. බස් බෝම්බය ලෙස සඳහන් කර තිබුනි. කෙසේ වෙතත් සිදු වූ මෙම වැරැද්ද එදිනම නිවැරදි කරන ලදි. මෙසේ වූයේ පිපිරීම් සිදු වුනේ දුම්රිය නැවතුම් පලවල් දෙකක් අතර වීමත් තුවාල කරුවන් දෙපස තුළ වූ දොරටු දෙකෙන්ම ඉහළට මතු වීමත් හේතුවෙනි. මේ නිසා නැවතුම් පලවල් දෙකේම පිපිරුම් සිදු වුනාය යන හැඟීම ඇති වී තිබුනි. පොලීසියද පිපිරුම් සිදු වූ වේලාවන් නැවත පුනරීක්ෂණය කළේය. මූලික වාර්තා වලින් පෙන්ණුම් කළේ සම්පූර්ණයෙන්ම පැය භාගයක් තුළ පිපිරීම් සිදු වූ බවයි. මෙය එසේ වූයේ ලන්ඩන් උමං දුම්රිය මග තුළ ඇති වූ අවුල් තත්වයක් හේතුවෙනි. මුලින් සිතා තිබුනේ හදිසියේ විදුලිය අධිකව ගලා ඒමක් නිසා මෙය සිදු වූවක් ලෙසිනි. අනතුරක් ඇඟවීමේ සංඥා පද්ධතිය ක්‍රියාත්මක කිරීම 09.19 ට ප්‍රකාශයට පත් වූ අතර සියලු දුම්රියයන් දුම්රිය ස්ථානවලට ගෙන එමින් සහ සියලු සේවා කටයුතු අත් හිටුවමින් ලන්ඩන් උමං දුම්රිය සේවය එහි කටයුතු නතර කිරීම ආරම්භ කළේය. එක් එක් උමං මාර්ගයට විශේෂිත වූ හේතු නිසා බෝම්බයෙන් සිදු වූ ප්‍රථිපලය ඒ ඒ උමං මාර්ගයට වෙනස් ලෙසින් බලපෑවේය.,sin,wili-2018,sinhala,sinhala
"මුමුන් කුඹල් යුගය (ක්‍රි.පූ. 1500–300 පමණ), වන විට පෙර පැවති පනා-හැඩැති මැටි බඳුන් වෙනුවට, මෝස්තර රහිත රළු මැටි බඳුන් භාවිතයට ගැනුණේ මැංචූරියාවේ සහ සයිබීරියාවේ සිට කොරියා‍ව වෙත සංක්‍රමණය වූ නව ජනගහනය හේතුවෙන් විය හැක. මෙම මැටි බඳුන්වලට සාමාන්‍යයෙන් ඝනකම් බිත්තියක් ඇති අතර, විවිධ හැඩ දක්නට ලැබේ. මෙමගින් උඳුන් තාක්ෂණයේ දියුණුභාවයන් පෙන්වයි. මෙම යුගය ඇතැම්විට ""කොරියානු ලෝකඩ යුගය"" ලෙස හැඳින්වුණ ද, ලෝකඩ පුරාවස්තු දුලබ අතර, ක්‍රි.පූ. 7වන සියවස තෙක්ම ඒවා එතරම් සුලබව දක්නට නොලැබේ.",sin,wili-2018,sinhala,sinhala
"බොහොමයක් වානිජමය හා ගෘහස්ථ වාරිමාර්ග පද්ධති වේ. එනම් සියළු දේ භූමිය තුළ වළ දමා ඇත. ජල නළ, වතුරමල් හා වාරිමාර්ග වෑල්ව සඟවා ඇති එමඟින් වඩා පිරිසිදු හා ප්‍රදර්ශනාත්මක භූ දර්ශනයක් සපයන අතර ගෙවතු නළ හෝ අනිකුත් අංග අතින් එහි මෙහා රැගෙන යාමට සිදු නොවේ.",sin,wili-2018,sinhala,sinhala
"පලමු වතාවට කාලතුවක්කු ප්‍රහාර ආරම්භ වුයේ Loos සටනේදිය. මෙහිදි පලාබල හමුදාවක් ක්‍රියා කලේ නැත. Somme සටනේ දි ප්‍රථම විශාල කාලතුවක්කු දිස් වු අතර, මෙහිදි පාබල හමුදාව ද එයට සහය දැක්විය. පහලොස්වන (xv) බල ඇණියේ කාලතුවක්කු පෙර සකසා තිබුණේ විනාඩියකට යාර 50 කට එකගවිමට. අවාසනාවකට එම කාලතුවක්කු පාබල හමුදාව ආරක්ෂා කිරිමට අසමත් වුයේ, පාබල හමුදාව හමුදා දෙකට මැදි වු අර්බුදකාරි බිමක් තරණය කිරිමේදිය. තවද Somme පෙරමුණේදි පාබල හමුදාවට කාලතුවක්කු සමග පියවර තැබිමට අපහසු විය. 1916 සැප්තැම්බර් සිට පාබල හමුදාව ප්‍රහාර වලදි භාවිතා වු උපායශිලි මෙහෙයුම වුයේ බිම ඇනො කාලතුවක්කුය. එම උපක්‍රමය ප්‍රංශ හමුදාවට විහිදුනු අතර 1916 නොවැම්බර් මස verdun හි Vaux බලකොටුව ප්‍රංශය නැවත ජයග්‍රහණය කිරිමට මෙය උපකාරි විය. Somme සටන‍ේ අවසාන බාගය වන විට බ්‍රිතාන්‍ය හමුදාවන් කාලතුවක්කු අසල සිටිමේ අනිසංසා දැන ගත්හ. BEF Aerial නිරික්ෂකයෙකුගේ වාර්තාවක PERFECT WALL OF FIRE සංකල්පයට ප්‍රකාශනිය තොරතුරැ ඇතුලත් වි තිබිණ. එහිදි බ්‍රිතාන්‍ය හමුදාවේ 50 වන කණ්ඩයේ පාබල හමුදාවට කාලතුවක්කු වලට යාර 50 ක් සිට කටයුතු කිරිටෙමන්, ‍ගමක් අවම විරෝධ හමුවේ අත්පත් කර ගැනිමට හැකිවිය. වාර්තාවකට අනුව අත්දැකිම් තුලින් පිළිබිඹු වනුනේ, විශාල තුවාලකරැවන් ප්‍රමාණයන් බෝම්බ වරඑැසාවන් ගැන ‍සෝදිසි නොවිමෙන් තුවාල ලබන වඩා සුළු තුවාලකරැවන් ප්‍රමාණයක් ත.මන්ගේ කාලතුවක්කු වලින් ඉදහිට තුවාල ලැබිම උචිත බව පවසිණි.",sin,wili-2018,sinhala,sinhala
"කැනඩාව, එක්සත් ජනපදය, ප්‍රංශය සහ ජර්මනිය වැනි රටවල්ද ඇතුලුව තවත් බොහෝ රටවල් ත්‍රස්තවාදි ක්‍රියා සම්බන්ධයෙන් ක්‍රියාත්මක වන, විශේෂයෙන් මහජන ප්‍රවාහන සේවා සඳහා අදාල වන, විපරම් මට්ටම ඉහළ දැම්මෝය. සීමිත කාලයකට, ලන්ඩනයට පිවිසීම මගහරින ලෙස, එක්සත් රාජධානිය තුල පිහිටුවා තිබෙන ඇමෙරිකානු හමුදා ඛණ්ඩවල ප්‍රධානීහු, එහි සාමාජිකයින්ට නියෝග කළේය.",sin,wili-2018,sinhala,sinhala
"ප්‍රකාශනයේ දකුණුපස ටේලර් ප්‍රසාරණය හෝ බහුපද ප්‍රකාශන සඳහා සම්මත දීර්ඝ බෙදීමේ ක්‍රමය මෙහිදී සලකා බැලිය හැක. වම් පස පදය (1+x) න් දෙවරක් ගුණ කිරීමෙන් හෝ 1-2x+3x2-4x3+... යන ගුණෝත්තර ශ්‍රේණිය වර්ග කිරීමෙන් හෝ ඉහත ක්‍රම යෙදිය හැක. අපර ශ්‍රේණිය අවකලනය කිරීමද යුලර් විසින් යෝජනා කරන ලද ක්‍රමයකි. නව අදහසට අනුව x=1 වන විට 1-2x+3x2-4x3+... ශ්‍රේණිය ශ්‍රිතයක් ලබා නොදෙයි. එනම් ප්‍රකාශනයට එම අගය ආදේශ කළ නොහැක. මෙහිදී සියළු |x|<1 සඳහා ශ්‍රිතය නිර්වචනය කළ හැකි බැවින් x, 1ට ළඟාවන සීමාව සැලකීමට හැක. මෙය අබෙල් සමාකලනයේ නිර්වචනයයි.",sin,wili-2018,sinhala,sinhala
දිනපතා පසේ බුදුවරුන්ට උපස්ථාන කරන්නාවූ රජතුමන් හට දීර්ඝකාලයකට පසු ජනපදයක ඇති වූ කැරැල්ලක් මැඬ පැවැත්වීමට යන්නට සිදු විය. පසේ බුදුන් වහන්සේලාට අප්‍රමාදීව උපස්ථාන කරන ලෙස දැන්වූ රජතුමා කැරැල්ල මැඬපැවැත්වීමට පිටව ගියහ.,sin,wili-2018,sinhala,sinhala
"ඔහු යම්තම් 20 වැනි වියපත් වත්ම ඇලෙක්සැන්ඩරයන්ගේ මැසිඩෝනියානු මාණ්ඩලිකයන් පරාජය කිරීම හා නන්ද අධිරාජ්‍යය අභිභවනය කිරීමෙහි සිට, දකුණුදිග ආසියාව තුළ මධ්‍යගත පාලනය නතු කර ගැනීම දක්වා විහිදෙන, ඔහුගේ මස්තකප්‍රාප්තීන්, ඉන්දියානු ඉතිහාසයේ අති සුප්‍රකට සිද්ධීන් ලෙස තවමත් සැලකේ. වසර දෙදහසක් ඉක්මවීමෙන් පසුවද, චන්ද්‍රගුප්ත හා, මහා අශෝක ඇතුළු ඔහුගේ අනුප්‍රාප්තිකයන්ගේ සම්ප්‍රසාධනයන්, දකුණු ආසියාතික හා ලෝක ඉතිහාසයෙහි පුරාවෘත්ත අධ්‍යයනයෙහි විෂය වස්තූන්ව පවතියි. ග්‍රීසියේ සෙලියුසිඩ් රාජ්‍යයේ පාලකයා වන සෙලියුකස් I සමඟ චන්ද්‍රගුප්ත නැවතත් යුද්ධයකට එළඹුණි. 305 පූර්ව ‍පොදු යුගයේදී ඇති වූ මහා සංග්‍රාමයේ දී ඔහු විසින් ඉන්දියාවේ වයඹ දිග ප්‍රදේශ නැවතත් අල්ලාගැනීමට උත්සාහ කරන ලදි. එහෙත් ඔහු අසාර්ථක විය. අවසානයේ පාලකයෝ දෙදෙනා සාම ගිවිසුමකට එකඟ වූහ. ‍රණකාමී ගිවිසුම අවසන් විය. රජ පෙළපත් අතර විවාහ සම්බන්ධතා සහ ග්‍රීසියේ වැසියන් සහ ඉන්දියානු වැසියන් අතර විවාහ සම්බන්ධකම් ගොඩ නැගුණි. චන්ද්‍රගුප්තට පැර‍පාමිසාදය (කාම්බෝජ සහ ගාන්ධාර), ඇරකෝසියා (කන්දහාර්) සහ ගෙඩ්රෝසියා( බලුකිස්ථානය) යන මාණ්ඩලික ප්‍රදේශ හිමි වූ අතර සෙලියුකස්I ට යුධ ඇතුන් 500 ක් ලැබුණි. 301 වන පූර්ව ‍‍පොදු යුගයේ දී ඇති වූ ඉප්සස් යුද්ධයේ දී බටහිර හෙල්ලනිස්ටික් රජු පරදා ජයග්‍රහණය ලැබීමට සෙලියකස් I ට ඇතුන් බෙහෙවින් උපකාරී විය. අනතුරුව ජාත්‍යන්තර සම්බන්ධතා පිහිටවූ අතර ඵෙතිහාසික වෙගස්තීනුවන්, ඩෙයිමාකෝස් සහ ඩයිනිසියස් වැනි ග්‍රීසින් කිහිපදෙනෙකුම මයුර රජ මාළිගයේ වාසය කළහ.",sin,wili-2018,sinhala,sinhala
"ගිනිගල්ගොඩගේ රම්බා අජිත් ද සිල්වා (උපත 12 දෙසැම්බර් 1952, ශ්‍රී ලංකාවේ, අම්බලන්ගොඩදී) යනු, හිටපු ශ්‍රී ලාංකික ක්‍රිකට් ක්‍රීඩකයෙකි. ටෙස්ට් තරග හතරකදී සහ එදිජා හයකදී, නිරවද්‍ය වමතින් මඳ වේග දඟ පන්දු යවමින්, ශ්‍රී ලංකාව වෙනුවෙන් ඔහු ක්‍රීඩා කලේය. 1982/83 දී, කැරළිකාර ඇරෝසා ශ්‍රී ලංකා කණ්ඩායම සමගින් දකුණු අප්‍රිකාව වෙත තරග සංචාරයට ඔහු සහභාගි වන තෙක්, වසර ගණනාවක් තිස්සේ ජාතික ක්‍රිකට් සංචිතයෙහි වැදගත් සාමාජිකයෙක් බවට ප්‍රත්‍යක්ෂව තිබුණි. මෙය නිසා, එම තරග සංචාරයෙහි අනෙකුත් ක්‍රීඩකයන් හා සමගින්, ඔහුද ලෝක ක්‍රිකට් තරග වලින් ඉවත් කරන ලදි. 1973 නොවැම්බර් මාසයෙහිදී ඇරඹි, එය තුලදී ඔහු විසින් කඩුළු 161 ක් (සාමාන්‍යය 27.44) දවාළු, ඔහුගේ පළමු-පෙල අභිවෘත්තිය මෙයින් නිමාවට පත්විය. 1982 වසරෙහිදී, එංගලන්තයට එරෙහිව, දේශීය භූමියෙහිදී ශ්‍රී ලංකාවේ පළමු එදිජා ජයග්‍රහණය වෙනුවෙන්, ඔහු වැදගත් භූමිකාවක් ඉටු කලේය. ශ්‍රී ලංකාව මුලින්ම පන්දුවට පහර දෙමින්, ජයග්‍රහණය සඳහා එංගලන්තයට ලකුණු 216 ක ඉලක්කයක් ලබා දුන් අතර, ග්‍රැහැම් ගූච් සහ ජෙෆ් කුක් විසින් හොඳ අඩිතාලමක් දමමින් කිසිවෙකු නොදැවී ලකුණු 109ක් ලබා ගත්හ. කෙසේවෙතත්, ද සිල්වා විසින් ආරම්භක පිතිකරු යුගලයම පිටියෙන් ඉවත් කල අතර ( මහේෂ් ගුණතිලක විසින් ස්ටම්ප් කෙරිණි), පිතිකරුවන් සතර දෙනක් දුවද්දී දැවී යමින්, එංගලන්තය ලකුණු තුනකික් පරාජය විය.",sin,wili-2018,sinhala,sinhala
"මේ යකුගේ ප‍්‍රාථමික රූපය හැර රූපාන්තර අටක් පවතී. ඔහුගේ ශක්තිය කෙතරම්ද යත් ඉර හා සඳ සිරසින් දරයි. රක්ත වූ ඇස් වලින් දස දෙසට රතු කිරණ විහිදයි. මුහුණ නිල්වන්ය. නාස් පුඩුවලින් ලේ ගලයි. කන්වලින් දුම් විහිදේ. නාසයෙන් දුගඳ විහිදේ. මුව මිනි මසින් පිරි ඇත. රීරි යකුගේ සිරුර ලෙයින් රත් වී ඇත. වර්ස් දක්වන ලෙසට ඔහුගේ ස්වභාවය වී ඇත්තේ මවගේ දරු ප‍්‍රසූති අවස්ථාවේදී ගැබින් නිකුත් වූ ලේ කැටියකිනි. ඔහු ඉපදී නොබෝ කලකින් මිනිසුන්ට පහර දීම ඔවුන්ගේ බෙල්ලේ නහර සපා කා ලේ උරා බීම ආදී දුෂ්ට ක‍්‍රියා පටන් ගත්තේය. මොහු බොහෝ දරුණු වූයෙන් මිනිසුන් සමන් දෙවියන්ට මෙය සැළකර සිටියහ. සමන් දෙවියන් රීරි යකුන් සමග කථා කළත් ඔහු වඩ වඩා කිපී මිනිසුන්ට මෙසේ හිංසා කිරීමට ඔහුට යක්ෂාධිපති වෙසමුණි රජුගෙන් වරම් ලැබී ඇතැයි පවසා අඩි හැප්පු විට ඔහු වාමන රූපයෙන් යෝධ රූපයක් ගත්තේය. සමන් දෙව් ඔහු යදම් වලින් බඳවා සූර්ය දිව්‍ය රාජයාගේ රථයට බැඳීමට අණ කළේය. රීරි යකු අවනත වී මින් මතු මිනිස් බිලි නොගන්නා ලෙසටත් මිනිසුන්ට ලෙඩ බෝ කිරිමෙන් පමණක් සෑහීමට පත් වන ලෙසටත් ගිවිස නිදහස ලබාගත්තේය. අලුයම, ඉරමුදුන්යම, සැදැව යන තුන්යාමෙහිම රීරියක් දැන් මෙසේ කරයි ( කැෆ්ෆෙරර්, 2007 : 215). මේ ආකාරයට යකුන් පිළිබඳව විවිධ අදහස් පවතී.",sin,wili-2018,sinhala,sinhala
"උතුරු රාජධානියක් වන බල්හේ කලාවේ ඇති සංයුක්ත ස්වභාවය බල්හේ කුමරියන් දෙදෙනකුගේ සොහොන්ගැබ් තුළින් හඳුනාගත හැක. රාජධානියේ තෙවන රජු වූ මුන් රජුගේ (ක්‍රි.ව. 737-793) දියණියක වූ ජොංහ්යෝ කුමරියගේ සොහොන්ගැබෙන් හමුවූ බිතු සිතුවම්වල වංශවතුන්, සෙබළුන්, සංගීතඥයින් සහ සේවිකාවන්ගේ රූප සිතුවම් කොට ඇත. සිතුවම්වල බල්හේ ජනයා පරිපූර්ණ අයුරින් සිතුවමට නගා තිබේ.",sin,wili-2018,sinhala,sinhala
"ක්‍රි.පූ. 2000 සිට 400 දක්වා වූ කාලය අවට කොරියානු අර්ධද්වීපයෙන් සහ මැංචූරියාවෙන් මෙගලිතික ශෛලමය සුසාන භූමි දක්නට ලැබේ. ක්‍රි.පූ. 900 අවට, භූමදාන පිළිවෙත් තවත් විචිත්‍ර ස්වභාවයක් ගත් අතර, එමගින් සමාජ ස්තරණය නිරූපණය කෙරේ. කොරියාවේ සහ මැංචූරියාවේ ශෛලමය සොහොන්ගැබ්වන ගොයින්දොල් සොහොන් නිර්මාණය කොට ඇත්තේ තිරස් පුවරුවකට ආධාරවන පරිදි කෙළින් අතට තැබූ පාෂාණවලිනි. මේවා නැගෙනහිර ආසියාවේ වෙනත් ප්‍රදේශවලට වඩා කොරියාව තුළ බහුලව දැකගත හැක. සෙසු නව භූමදාන ක්‍රම අතර, පාෂාණමය කුටි (පාෂාණවලින් මායිම් කළ භූගත භුමදාන කුටීර) සහ මැටි බුජම් මිනී පෙට්ටි හඳුනාගත හැක. පාෂාණමය සොහොන් තුළින් හමුවූ ලෝකඩ භාණ්ඩ, මැටි බඳුන් සහ ජේඩ් ආභරණ අනුව පෙනීයන්නේ එවැනි සුසානයන් වංශවතුන් සඳහා භාවිත වූ ඒවා බවයි.",sin,wili-2018,sinhala,sinhala
"උද්ධමනකාරී තත්වයකදී සෑම මිලක්ම එක ලෙස ඉහල නොයයි.රඡයක් විසින් වැදගත් පාරිභෝගික භාණ්ඩ මෙම උද්ධමනකාරී ප්‍රවනතාවෙන් මුදවා ගැනීමට,මිල පාලනයන් ක්‍රියාත්මක කරයි.එනිසා සාපේක්ෂ මිල ගණන් හා සම්පත් වෙන් කිරීම ව්‍යාකූල වේ.පොදු මිල මට්ටම් සමග වැඩි වීමට ඉඩ නොදෙන භාණ්ඩ සදහා,ආයෝඡනය කිරීමට ආයෝඡකයන් අධෛර්මත් වේ.",sin,wili-2018,sinhala,sinhala
"පහළ මළුව - පහළ මළුවට, ස්ථූපය, බෝධිය, රජමහා නාලෙන් විහාරය, පදුම රහත් විහාරය, සෙල් ලිපිය, පැරණි සීමා මාලකය, භාණක ලෙන සහ ගිරි ලිපිය අයත් වේ. විහාරය සම්බන්ධ කාර්යාලයක්ද මෙම මළුවෙහි පිහිටුවා තිබේ.",sin,wili-2018,sinhala,sinhala
• කෝඩෙක්ස් කුමැනිකුස් - ලතින් භාෂාවෙන් වූ පර්සියන් සහ කුමන් තුර්කි වචන අඩංගු ගැටපද විවරණය. • යුදෙව් ටාවුස් විසින් පර්සියනු භාෂාවට පරිවර්තනය කරන ලද පෙන්ටාටෙඋච් - (Pentateuch) • ෆ්‍රැන්සිස් ක්ෂේවියර්ගේ ක්‍රිස්තුගේ ඉතිහාසය සහ පීටර්ගේ ඉතිහාසය පිළිබඳව වෘතුගීසි භාෂාවෙන් කළ පරිවර්තනයක් (ක්‍රි.ව. 1602),sin,wili-2018,sinhala,sinhala
"ග්‍රීක රංග ශිල්පය හෝ ග්‍රීක නාට්‍ය යනු ක්‍රිපූ 550 හා ක්‍රිපූ 220 අතර දී පුරාතන ග්‍රීසියේ අතිශය ජනාදරයට පත් වූ නාට්‍ය සම්බන්ධ සම්ප්‍රදායකි. එම යුගයේ දී ග්‍රීසියේ දේශපාලනික හා යුධමය බලමුළුව වූ ඇතැන්ස් පුරාතන ග්‍රීක රංග ශිල්පයේ මධ්‍යස්ථානය විය. ශෝකාන්ත (ක්‍රිපූ 6 වන සියවසේ පසු භාගයේ දී), හාස්‍ය (ක්‍රිපූ 486) හා උපහාසාත්මක නාට්‍ය ලෝකයේ මතු වූ නාට්‍ය සම්බන්ධ ආකාරවලට උදාහරණ කිහිපයක් වේ. ග්‍රීක රංග ශිල්පය හා නාට්‍ය මඟින් බටහිර නාට්‍ය හා සංස්කෘතිය මත දිගින් දිගටම පවතින බලපෑමක් එල්ල කර ඇත.",sin,wili-2018,sinhala,sinhala
"මෙම මුල්කාලීන යුගයෙන් පසුව විවිධ කොරියානු රාජධානි සහ රාජවංශවල කලා ශෛලීන් දක්නට ලැබිණි. කොරියානු කලා ශිල්පීන් ඇතැම් අවස්ථාවල සරල අලංකාරත්වය, නිරායාසය සහ ස්වභාවධර්මයේ පවිත්‍රත්වය අගය කරමින් චීන සම්ප්‍රදායයන් වැඩිදියුණු කොට ඇත.",sin,wili-2018,sinhala,sinhala
අකුණු හටගන්නා විට එම අකුණු දිස්වන ආකාරයට අනුව ඒවා වර්ග කිරීමකට ලක් කෙරේ. මෙම වර්ග කිරීම රට රටවලට අනුව වෙනස් වේ. කෙසේ වෙතත් කරන ලද වර්ග කිරීම් වලට අනුව වඩාත් ප්‍රසිද්ධ අකුණු වර්ග මෙසේ සඳහන් කළ හැකිය.,sin,wili-2018,sinhala,sinhala
මස්තානි උපත ලැබූයේ බුන්දෙල්ඛාන්ද්හි රාජ්පුත් වංශයේ මහරාජා ඡත්‍රසාල්ට දාව ය. ඇය උපත ලැබූයේ මෞ සහානියා ප්‍රදේශයේ ය. (වර්තමානයේ මධ්‍ය ප්‍රදේශ්හි ඡතර්පූර් දිස්ත්‍රික්කයේ ගම්මානයකි) ධුබේලාහි මස්තානි ජීවත් වූ මන්දිරයක් මස්තානි ‍මහල් ලෙස හඳුනාගෙන ඇත.,sin,wili-2018,sinhala,sinhala
"සීසියම් ෆ්ලෝරයිඩ් (උතුරු ඇමෙරිකවේ සීසියම් ෆ්ලෝරයිඩ්) යනු සාමාන්‍ය තත්ව යටතේ ජලාකර්ශක සුදු පැහැති ඝනයක් ලෙස පවතින අකාබනික සංයෝගයකි. එය සෝඩියම් ෆ්ලෝරයිඩ් හෝ පොටෑසියම් ෆ්ලෝරයිඩ් වලට වඩා ඉතා හොඳින් ද්‍රාවය වන අතර, හොඳින් විඝටනය වේ. සීසියම් ෆ්ලෝරයිඩ් නිර්ජලීය තත්ව යටතේ පවතින අතර, ජලය උරාගනීමක් සිදුවූ විට රික්තකයක් තුල100 °C ක උෂ්නත්වයක් ලබා දීමෙන් ඝන තත්වයට නැවත පත්කල හැක.",sin,wili-2018,sinhala,sinhala
"ලෝහ කැටායනය , නයිට්‍රේට හා ට්‍රයිබියුටයිල් පොස්පේට් අතර සංකීර්ණයක් ඇතිවේ. නයිට්‍රේට 2ක් හා ට්‍රයිඑතිල් පොස්පේට 2ක් ඇති ඩයිඔක්සොයුරේනියම් (dioxouranium(VI)) සංකීර්ණයේ ආදර්ශ සංයෝගයක් X - කිරණ ස්පටික විද්‍යාව මගින් විදහා දක්වා ඇත.",sin,wili-2018,sinhala,sinhala
"මෙහිදී යකැදුරන්ගේ කාර්ය වන්නේ ධූරාවලිගත අනුපිළිවල සකස් කිරීම හරහා රෝගිභාවය දුරු කිරීමයි. රෝගයට හේතුව අධිස්වාභාවික රෝග කාරකයක් බව වටහා ගත් විට ඒ හා සම්බන්ධ ප‍්‍රතිකාර ක‍්‍රමයක් මගින් යක්ෂයාව මෙල්ල කිරීමට යකැදුරන් සමත්ය. යක්ෂයන්ගේ ස්වභාවය, ස්වරූපය, උපත, හැසිරීම පිළිබදව යකැදුරන් අවබෝධයකින් යුක්තය. එය යකුන් බැඳීමේදී ඔවුන් ප‍්‍රායෝගික තලයට ගෙන එති. එහිදී යකුන් පිළිබද උප්පැත්ති කතා පද්‍ය මගින් හෝ ගද්‍ය මගින් ඉදිරිපත් කරයි. ඒ ආකාරයට යක්ෂයා ගෙන්වා ගෙන ඔහුට දොළ පිදේනි කැප කැරීමෙන් ඔහු සතුටු කොට ආතුරයාගේ රෝග දුරු කරන ලෙස පවසයි. අණ කරයි. දොළ පිදේනි භාර ගෙන එයින් සතුටු වන යක්ෂයා ආතුරයාගේ රෝග ලක්ෂණ දුරු කොට පළා යයි. යක්ෂයන් පිළිබදව කැෆ්ෆෙරර් මෙසේ ඉදිරිපත් කරයි.",sin,wili-2018,sinhala,sinhala
"එළිමහනේ කටයුතු කරන අවස්ථාවලදී වියළි පාවහන් පැලිම හෝ විද්‍යුත් පරිවාරක ද්‍රව්‍යයන් හෙවත් රබර්, ප්ලාස්ටික්, වියළි දැව වැනි විදුලිය ගලා නොයෙන ද්‍රව්‍යයක් මත සිටීම අකුණු අනතුරු වලින් බේරීමට පහසු මාර්ගයක් වේ.",sin,wili-2018,sinhala,sinhala
"ට්‍රයි බියුටයිල් පොස්පේට් TBP සමග නිස්සාරක කාරකයක් , ocryl(phenyl) – N,N – dibutyl carbamoylmethyl phosphine oxide (CMPO) යොදා ගැනීමෙන් පියුරෙක්ස් ක්‍රියාවලිය ට්රූඑක්ස් (TRUEX ; TRansUranic Extraction) ක්‍රියාවලිය බවට පත් කළ හැකිය. මෙම ක්‍රමය හදුන්වා දෙන ලද්දේ ඇමරිකා එක්සත් ජනපදයේ ආර්ගෝන් (Argonne) ජාතික පර්යේෂණාගාරය විසිනි. එය නිර්මාණය කර ඇත්තේ පාර යුරේනිතලෝහ (Am / cm) අපද්‍රව්‍ය වලින් ඉවත් කිරීමටය. මෙහිදී අපද්‍රව්‍යවල ඇල්පා ක්‍රියාකාරීත්වය අඩු කරන අතර එමගින් ඉතා පහසුවෙන් අපද්‍රව්‍ය බැහැර කළ හැකිය. මෙම ක්‍රියාවලිය ක්‍රියාත්මක වන්නේ ද්‍රව්‍යතා යාන්ත්‍රණයක් හරහාය.",sin,wili-2018,sinhala,sinhala
"ඇමති පුත් තමන් විසින් අතීතයේ කරන ලද්දා වූ කුශල කර්ම වල මෙහෙයවීමෙන් සිය නිවසින් නික්ම බරණැස් නුවරට ගොස් රජ උයනේ මඟුල් උයනේ ගල් පුවරුවකට වී නිදා ගත්තේය. එය බරණැස් රජු කලුරිය කර සත්වන දිනය විය. එම රජුගෙන් පසු රාජ්‍යය භාර ගැනීමට කිසිවෙකුත් නොසිටියහ. එම නිසා සම්ප්‍රදාය අනුව මඟුල් ඇතු සරසවා ශ්වේත්ච්ජ්ත්‍රය සහිත පඤ්ච රාජ භාණ්ඩ එහි තබා ඇතුට යන්නට හැරියේය. එකල්හි මඟුල් ඇතු මඟුල් උයන දෙසට යන්නට විය. ඇතැම්හු ""ඇතු පුරුද්දට මඟුල් උයනට ගමන් කරනවා"" යැයි කියා ඇතු නවත්වන්නට උත්සාහ කලහ. පුරෝහිත බමුණා එය වළක්වා ඇතුට යන්නට දුන්නේය. මඟුල් උයනට ගිය ඇතු කුමරු ප්‍රදක්ෂිණා කර ඇතු පිට නැඟීමට හැකි පරිද්දෙන් සිට ගත්තේය. එවිට එහි පැමිණි පුරොහිත තෙමේ කුමරුගේ යටි පතුල් පරීක්ෂා කර බලා මේ තෙමේ මෙ නුවර රජකමට පමණක් නොව, සතර මහද්වීපයේ රජකටම වුවද සුදුසු බව"" දැන තූර්ය වාදනය කරවීය.",sin,wili-2018,sinhala,sinhala
වෛද්‍ය සමාජ විද්‍යාවෙහි පියා ලෙස සලකනුයේ ටැල්කොට් පාසන්ස් වන අතර එසේ වීමට හේතුව ඔහු විසින් සොයාගන්නා ලද “රෝගියෙකුගේ භූමිකාව” නම් විග්‍රහ කිරීමයි. මෙමගින් නිරෝගී පුද්ගලයෙකුට සාපෙක්ෂව රෝගී වූ පුද්ගලයෙකු නිරූපණය කරන භූමිකා‍වෙහි වෙනස විස්තර කරයි. ඔහු පුද්ගලයෙකු රෝගී වූ අවස්ථාවේ දී ඔහුගේ අභිප්‍රායන් රෝගියෙකුගේ භූමිකාව ලෙස විස්තර කරයි. නමුත් පාසන් විසින් මෙහිදී වෛද්‍යවරයෙකු වෙනත් වෛද්‍ය ආයතනයක් මගින් නිරූපණය කරන භූමිකාව විස්තර කර නොමැත. රෝගියෙකුගේ භූමිකාව කොටස් 4 කින් යුක්ත වේ.,sin,wili-2018,sinhala,sinhala
“මම සහ මම වැනි දහසක් දෙනා අප විශ්වාස කරන දෙය වෙනුවෙන් සෑම දෙයක්ම අත හරිමු. මෙම ලෝකයෙන් දෙන අතට දැනෙන පෙනෙන ද්‍රව්‍යවලින් අප සොයන දේ නොලැබේ. අපගේ ආගම ඉස්ලාමයයි. එකම සත්‍ය දෙවියාට කීකරු වීමයි. අනාගත වක්තෘන්ගේ අඩි පාරේ යාමයි.,sin,wili-2018,sinhala,sinhala
"විවිධ වු ක්‍රිස්තියානු කණ්ඩායම් බොහොමයකගේ අදහස වනනේ සියළුම තරාතිරම් එකම සංකේතමය හා සමස්ත පොදු විශ්වාසයකින් යුත් ක්‍රිස්තියානු සභාවකට අයිති වීමයි. ආදි කාලයේි කතෝලික සභාව යන පදය, කතෝලික සභාවේ සියළුම ඍජු හෝ අනියම් පල්ලි වලින් බෙදි අවුත් ගොඩනැගුනු කතෝලික රාජ්‍ය සභාව ලෙස බොහෝ සෙයින් සැලකේ. එනම්, මෙම පදය අපොස්කුලුවරැන්ගේ විශ්වාස ලක්ෂණය වෙත ආපසු හැරෙන ලද්දකි.",sin,wili-2018,sinhala,sinhala
"අෂ්‍රියානු සාමාන්‍ය වැසියෙක්, උසාවි නිලධාරියෙක් සහ වංශවතෙක් වශයෙන් බැබිලෝනියාවේ පුජක පදවිය පන්ති ගණනකට බෙදුණු එකක් විය. රෝග සුව කළ හැකි අයවලුන්ගේ පන්තිය ඉන් එකකි. අෂ්‍රියාවේ මිලිටෙරි වංශවතෙක්ගේ ප්‍රතිරූපය තිබුණි. හමුදාවට බලෙන් බදවා ගැනීමෙන් එහි බලය වැඩි වී තිබුණි. දෙවන ආසියානු අධිරාජ්‍යයා විසින් ඒ දේවල් සාර්ථක ලෙස දියුණු කරවන ලදී. තුරඟ සේනාවට රථ යොදන ලදී. ටිග්ලත් - IV පයිල්සර් අශ්වාරෝහකයන්, සෑදල සහ උස බූට් සපත්තු ද සෙන්නචෙරිබ් යුධ සේනාංකද තැනුවේය. ආචාර පෙළපාලිය ගමන් කරන විට කූඩාරම්, යුධ ආම්පන්න රථ සහ ප්‍රාකාර බිදින යුද්ධෝපකරණ ද ගෙන යන ලද අතර ටාටන් හෙවත් ප්‍රධාන අණ දෙන නිළධාරියා රජුට පමණක් දෙවැනි විය.",sin,wili-2018,sinhala,sinhala
පියුරෙක්ස් ක්‍රියා පටිපාටිය යූරෙක්ස් (UREX = URanium Extraction) ක්‍රියා පටිපාටියක් දක්වා නවීකරණය කළ හැක. එමගින් යූකා මවුන්ටන් (Yucca Mountain) වැනි මහා පරිමාණ න්‍යෂ්ටික අපද්‍රව්‍ය බැහැරලන ස්ථානවල ඉඩ පහසුකම් ඉතිරි කර ගත හැක. මෙමගින් අපද්‍රව්‍යවල ස්කන්ධයෙන් හා පරිමාවෙන් වැඩි ප්‍රමාණයක් අයත් කර ගන්නා යුරේනියම් ප්‍රතිචක්‍රීකරණය කර නැවත භාවිතයට යොදා ගනී.,sin,wili-2018,sinhala,sinhala
"ඇකඩමි සම්මාන වෙනුවෙන් නාම නිර්දේශිත, 1957 වසරේදී තිරගත වූ මදර් ඉන්ඩියා චිත්‍රපටියෙහි රාධාගේ භූමිකාව ඇගේ සිනමා දිවියේ වඩාත් ජනප්‍රිය වූ එක් සිනමා චරිතයක් සේ හැඳින්වේ. ඒ වෙනුවෙන් එම වසර සඳහා පැවති ෆිල්ම්ෆෙයාර් සම්මාන උළෙලදී ඇය හොඳම නිළිය වශයෙන් තේරී පත්විය. 1958 දී මදර් ඉන්ඩියාහී රංගනයෙන් දායක වූ සුනිල් දත් හා විවාපත් වූ ඇය 1960 දශකයේ තිරගත වූ සිනමාපට රැසකටම සිය දායකත්වය ලබා දෙන ලදී. 1967 වසරේදී ඇය විසින් සිය රංගන දායකත්වය ලබාදුන් රාත් ඕර් දින් චිත්‍රපටිය වෙනුවෙන් ඇය සමාරම්භක ඉන්දීය, ජාතික සිනමා සම්මාන උළෙලදී හොඳම නිළිය ලෙස සම්මානයට පාත්‍ර වූවාය.",sin,wili-2018,sinhala,sinhala
"ශ්‍රියානි අමරසේනගේ පළමු නිෂ්පාදනය වූවේ දත් කැකුළු පාලා වෘතාන්තයයි. මීට අමතරව ඇය විසින් ලන්ඩනය පසුබිම් කර ගනිමින් ටෙලි නාට්‍ය ත්‍රිත්වයක් නිෂ්පාදනය කල අතර, ඉන් පළමු ටෙලිනාට්‍ය ද්විත්වය වූ, ඉරබටු තරුව සහ හේමන්තයේ වසන්තයක්, යන නාට්‍ය ජාතික රූපවාහිනිය ඔස්සේ විකාශය විය.",sin,wili-2018,sinhala,sinhala
මස්තානි අසුන් පැදවීමට සහ සටනට සමත්කම් දැක්වූයේ යැයි විශ්වාස කෙරේ. මාලිගයේ එදිනෙදා ගැටලුවල දී තීරණ ගැනීමට ඇය බාජිරාඕ පේෂ්වා හට සහාය වන්නට ඇත.,sin,wili-2018,sinhala,sinhala
ප්‍රසූතිය හෝ දරුවෙකු පිළිසිද ගැනීම නිසා ඇතිවන රෝගී තත්වයක් නිසා සේවයෙන් පහ කිරීම තහනම් වේ. එසේම ප්‍රසූත නිවාඩු සිටින කාලය තුලදී සේවයෙන් පහකිරීම සම්බන්ධයෙන් දැන්වීම තහනම්වේ.,sin,wili-2018,sinhala,sinhala
"ඓතිහාසික වාර්තාවල වැදගත් කෘති පැරණි යුගයේ සිටම හොඳින් ලේඛනගත කොට ඇත. එසේම චලන මුද්‍රණ ක්‍රමය අනුව නිමැවූ කොරියානු ග්‍රන්ථ, බොහෝවිට රාජකීය කෝෂ ග්‍රන්ථ හා ඉතිහාස ග්‍රන්ථ සහ 7වන සියවසේ තුන් රාජධානි යුගයේ මුද්‍රණ ලී තහඩු ආධාරයෙන් නිමැවූ ග්‍රන්ථ ආදිය සංසරණය විය. ගොර්යෝ යුගයේ දී ලොව ප්‍රථම ලෝහ මුද්‍රණ මාදිලිය බිහිවූ හෙයින්, එමගින් ග්‍රන්ථ ද නිර්මාණය විය.",sin,wili-2018,sinhala,sinhala
තවද ඒ සදහා ඇති කදිම උදාහරණය වන්නේ මෙතෙක් ඉතිරිව ඇති නාම මාත්‍රයක් වශයෙන් හදුන්වනු ලබන ඩිංගිරි කඩුව නමින් පදේශයේ සෑම අයෙකුගේම සිත් ඇදගත් ඇල මාර්ගයක් වන ඩිංගිරි කඩුව යන ඇල මාර්ගයයි.,sin,wili-2018,sinhala,sinhala
"ක්‍රි.ව. 9 වන හා 10 වන සියවසේ, පාණ්ඩය සහ චෝළ ආක්‍රමණයන් උච්ච වූ අතර චෝළයන් ලංකාව අල්ලා ගැනීමට සමත් විය. ඔවුන්ගේ පාලනය ක්‍රි.ව. 11 සියවසේ මැද භාගය වන තෙක් පැවතුනි.",sin,wili-2018,sinhala,sinhala
සංරක්ෂිත වනාන්තරයක් වන ජාතික නාමල් උයන මේ වන විට ජනාධිපති පරිසර සම්මානලාභී වනවාසී රාහුල හිමියන්ගේ භාරකාරත්වයෙන් පවතී. උන්වහන්සේ නාමල් උයන සංරක්ෂණය කරවීමට දක්වන මෙහෙය පරිසර හිතකාමීන්ගේ ප්‍රශංසාවට ලක්වී ඇත.,sin,wili-2018,sinhala,sinhala
පුරාවිද්‍යාඥ සෙනරත් පරණවිතාන මහතාට අනූව කොරවක් ගල ශ්‍රී ලංකාවේ පැරණි විහාරාරාම ආශ්‍රිත දොරටු කෙරේ භාවිතා කිරීම ඉන්දියානු ආභාසය අනූව සිදුවූවක් වේ. නමුදු කාලය සමග මෙරට කොරවක් ගල ඊට අනන්‍ය ලක්ෂණ ගොඩනගාගෙන ඇත. මුල් සමයේ කොරවක්‌ගල ලී වලින් තිබී පසුව කළුගලින් නිර්මාණය වූ බව පරණවිතාන මහතාගේ අදහසයි.,sin,wili-2018,sinhala,sinhala
"එදින ඔහුගේ නිවසෙහි ඔහුගේ බිරිය හා නැඟණිය කලහ කරමින් සිටින්නාහ. එකල්හි ඒ පසේ බුදුන් වහන්සේ පිඬු පිණිස ඒ නිවස සමීපයට වැඩම කළ සේක. නැඟණිය පසේ බුදුන් වහන්සේට පිණ්ඩපාතය පිළිගන්වා "" මේ නපුරු ගැහැනියගෙන් මා යොදුන් සියයක් දුරු වේවා""යි පැතීය.",sin,wili-2018,sinhala,sinhala
"එම මහත් වූ ප්‍රීතිය හේතුවෙන් ඔහුට තමා පොරවා සිටින වස්ත්‍රයෙන්විපස්සී බුදුරජාණන් වහන්සේ පුදන්නට ඔහුට සිතුණි. එකල්හි, "" අප දෙදනාටම එලියට පොරවා ගෙන යෑමට ඇත්තේ මේ වස්ත්‍රය පමණි. මෙය දුනහොත් අපට ගෙයි සිටින්නටම වෙතියි සිතා මහත්හ් වූ මසුරු කමක් ඇති කර ගත්තේය.",sin,wili-2018,sinhala,sinhala
"අවසන් වරට සිකුරු සංක්‍රාන්තියක් දැක ගත හැකි වූයේ 2012 ජූනි 5 හෝ 6 හෝ දිනදීය. එය විසි එක් වන සියවසේ අවසන් සංක්‍රාන්තියයි. ඊට ප්‍රථම සන්ක්‍රාන්තිය සිදු වූයේ 2004 ජුනි අට වනදාය. ඊටත් ප්‍රථම සංක්‍රාන්ති යුගල සිදු වී ඇත්තේ 1874 සහ 1882 දීය. මීලඟ සංක්‍රාන්තිය 2117 දෙසැම්බර් 10,11 හෝ 2125 දෙසැම්බර් මස හෝ දැක ගත හැකි වේ යයි අනුමාන කෙරෙයි. සිකුරු සංක්‍රාන්තිය ඓතිහාසික සහ ඉතා උසස් වැදගත් කමකින් හෙබියි. මන්දයත් සූර්ය පද්ධතියේ විශාලත්වය පිළිබඳ තාත්වික ඇස්තමේන්තුවක් සැකසීමට එය භාවිත කළ හැකිය. 2012 සංක්‍රාන්තිය විද්‍යාඥයන්ට බොහෝ ගවේෂණ අවස්ථා සඳහා මං පාදා ඇත. එමෙන්ම ප්‍රධාන වශයෙන් ප්‍රසාධන ක්‍රියාවලියේදී තාක්ෂණික ක්‍රම සොයා ගැන්මටද එය උදව් වේ.",sin,wili-2018,sinhala,sinhala
මෙය අනෙකුත් ද්‍රාවය ෆ්ලෝරයිඩ ලෙසම මෘදු භෂ්මයකි. මේ සංයෝගයේ විශේෂත්වය වනුයේ එය ඉහලම අයනික තාවයකින් යුතු සංයෝගයක් වීමය. සීසියම් පහත්ම විද්‍යුත් ඍණතාවයක් පෙන්නුම් කරන අතර ෆ්ලෝරීන් ඉහලම විද්‍යුත් ඍණතාවයක් පෙන්නුම්කිරීම එම ඉතා ඉහල අයනිකතාවයට හේතුවේ.,sin,wili-2018,sinhala,sinhala
සමාජයක් යනු පුද්ගලයන් සමූහයකගේ සන්ධාන ගත වීමකි. සමූහයක් එක්ව තබා ගන්නේ සියලූදෙනා විසින් පිළිගනු ලබන්නා වූ සම්මතයන් සහ අන්‍යෝන්‍ය කි‍්‍රයාදාමයන් මගිනි. මෙහිදී සෑම පුද්ගලයෙකු විසින්ම සමාජයේ පැවැත්මට කෘත්‍යයන් ඉටු කළ යුතුය. නමුත් ‘‘රෝග ’’ යන සංසිද්ධිය තුළ එම සමාජ පැවැත්මට පිළිවෙලට බාධාවක් සිදුවේ.,sin,wili-2018,sinhala,sinhala
"01. පුද්ගලයකුට හෝ පවුලකට, කොඩිවිනයක් හෝ හූනියමක් කළ අවස්ථාවක හූනියම් යකාගෙන් උවදුරු පැමිණෙතැයි විශ්වාසයක් පවතිය. මේ උවදුරු දුරුකර ගැනීමට හූනියම් කැපිල්ල නම් තොවිලයක් කරයි. මීට අමතරව හූනියම් කැපිල්ලෙන් වස විෂ කැවුනරෝග, ආම රෝග, වාත රෝග, හොරි, දද, කුෂ්ඨ, උදර රෝග, උන්මාද රෝග, ඇස්වහ, කටවහ , ග්‍රහදෝෂ , දේව දෝෂ, වස් දොස් යන සියලු රෝගයන් සුවපත් වන බවට විශ්වාසයක් එදා මෙන් අදත් මිනිසුන් තුළ පවතී.",sin,wili-2018,sinhala,sinhala
ගෞතමීපුත්‍ර සාතකර්ණි යනුවෙන් හැඳින්වෙන්නේ 2017 තෙලිඟු වීරකථා ඓතිහාසික ක්‍රියාදාම චිත්‍රපටයකි. මෙය නිෂ්පාදනය කරන ලද්දේ වයි. රජීව් රෙඩ්ඩි සහ ජගර්ලාමුණ්ඩි සායිබාබු විසින් ෆස්ට් ෆ්‍රේම් එන්ටර්ටේන්මන්ට් සන්නාමය යටතේ ය. මෙය අධ්‍යක්ෂණය කරන ලද්දේ ක්‍රිෂ් විසිනි. මෙම චිත්‍රපටයේ ප්‍රධාන චරිත නිරූපණය කරන්නේ නන්දමුරි බාලක්‍රිෂ්ණා සහ ශ්‍රියා සරන් විසිනි. හේමා මාලිනී විසින් සහාය චරිතයක් නිරූපණය කරනු ලබයි. චිත්‍රපටයේ සංගීත කිර්මාණය සිදුකරන ලද්දේ චිරන්තන් භාට් විසිනි. ගෞතමීපුත්‍ර සාතකර්ණි සඳහා පාදක වී ඇත්තේ ක්‍රි.ව. 2වන සියවසේ සාතවාහන පාලකයකු වූ ගෞතමීපුත්‍ර සාතකර්ණි රජුගේ ජීවිත කථාවයි. මෙම චිත්‍රපටය නන්දමුරි බාලක්‍රිෂ්ණාගේ 100වන චිත්‍රපටය ද විය.,sin,wili-2018,sinhala,sinhala
13 වන සියවසේ චෝළ සහ පාණ්ඩය අධිරාජ්‍යයන්ගේ පාලනයෙන් මිදීමත් සමග ක්‍රමයෙන් බටහිර දමිළ භූමි ප්‍රදේශයන් අනෙකුත් දමිළ භූමි ප්‍රදේශයන්ගෙන් දේශපාලනමය වශයෙන් වෙන් විය. ඔවුන් දෙමළ බසින් ප්‍රභින්න වුත් ඔවුන්ටම විශේෂ්‍ය වූ භාෂා සහ සාහිත්‍ය සංස්කෘතියක් ගොඩනගා ගත් අතර වර්තමානයේ එය මලයාලම් භාෂාව දක්වා විකාශය වී ඇත.,sin,wili-2018,sinhala,sinhala
දෙමහල් ගොඩනැගිල්ලක් ලෙස පැවැති මෙහි ඉහළ මහළ තුල දළදා වහන්සේ සහ පාත්‍ර ධාතුව තැම්පත් කර තිබූ බව සැළකෙයි. බිත්ති වල යොදා ඇති ගල් පුවරු අතර නිශ්ශංක මල්ල රජුගේ ලිපි තුනක් දැකගත හැකිවේ. මෙහි වහළ දැව පරාල යොදා උළු සෙවිලි කොට තිබී ඇත.,sin,wili-2018,sinhala,sinhala
"ග්‍රන්ථකරණයට තේමාවූ මාතෘකා අතර වීර කථා, කාව්‍ය ග්‍රන්ථ, ආගමික ග්‍රන්ථ සහ බෞද්ධ හා කොන්ෆියුසියානු ඉගෙනීම පිළිබඳ වූ ග්‍රන්ථ ප්‍රමුඛ විය. එසේම විදේශ කෘතිවල පරිවර්තන, නාට්‍ය හා මාලිග චාරිත්‍ර, ප්‍රහසන, ශෝකාන්ත, මිශ්‍ර ගණයේ සහ නොයෙකුත් වර්ගයේ නවකථා කොරියානුවන් විසින් රචනා කරන ලදී.",sin,wili-2018,sinhala,sinhala
පළමු උඩරට යුද්ධය අවසානයේ හා දෙවැන්න අතර වූ අවුරුදු 10 ක කාලය තුළ සිදු වීම් කෙසේද කියතොත් දෙවැනි යුද්ධයේ ස්වරූපය පළමුවැන්නට වඩා සෑහෙන වෙනසක් ගත්තේය. 1805 දී බ්‍රිතාන්‍යයට උඩරට සතුරු රදළවරු රාශියක් සමග මත ගැටුම් ඇති කර ගැනීමට සිදු වූ නමුදු 1815 එම රදළවරුම උඩරටට පැමිණෙන ලෙස බ්‍රිතාන්‍යයින්ට ඇරයුම් කොට ශ්‍රී වික්‍රම රාජසිංහ රජු බලයෙන් පහ කිරීමට උදව් ද කළහ.,sin,wili-2018,sinhala,sinhala
"ක්‍රි.පූ. 108දී, චීනයේ හන් රාජවංශය විසින් විමන් ජොසොන් රාජ්‍යය ආක්‍රමණය කොට යටත් කරගන්නා ලදී. හන් රාජවංශය විසින් ගෝජොසොන් භූමිය පාලනය කිරීම සඳහා ආඥා භූමි හතරක් පිහිටුවන ලදී. පසුව ක්‍රි.පූ. 313දී ගොගුර්යෝව විසින් මෙම රාජ්‍යය ආක්‍රමණය කරන ලදී.",sin,wili-2018,sinhala,sinhala
"ගෝලීයකරණය යනු ගෝලීය වීමේ ක්‍රියාදාමයයි. යම් දේවල් හෝ විද්‍යාමාන දේවල් ගෝලීය දේවල් බවට පත් වී‍මේදී සිදුවන . එය විශ්ව ප්‍රජාව එකම සමාජයක් බවට ඒකාබද්ධ වීමේ සහ එකට වැඩ කිරීමේ ක්‍රියාදාමයක් ලෙසද විස්තර කළ හැකිය. මෙම ක්‍රියාදාමය ආර්ථික, තාක්ෂණික, සමාජීය සංස්කෘතික හා දේශපාලනික බලවේගවල සම්මිශ්‍රණයකි. ගෝලීයකරණය යන වචනය බහුලව භාවිතා වන්නේ වෙළඳාම, විදේශීය ඍජු ආයෝජනය, මුදල් ගලනයන්, සංක්‍රමණ සහ තාක්ෂණ ව්‍යාප්තිය යනාදීන් හරහා ජාතික ආර්ථිකයන් අන්තර්ජාතික ආර්ථිකය බවට එක්වීම හඟවන ආර්ථික ගෝලීයකරණය අර්ථ දැක්වීම සඳහාය. තෝමස් එල්. ෆ්‍රයිඩ්මන් ගෝලීය ආර්ථික බිඳවැටීමේ බලපෑම පිළිබඳ පර්යේෂණ කරන අතර ඔහු, ගෝලීයකරණය වූ වෙළඳාම, සැපයුම් දාම සහ දේශපාලනික බලවේග විසින් ලෝකය, වඩා හොඳ සහ වඩා නරක යන දෙයාකාරයෙන්ම වෙනස් කොට ඇති බවට තර්ක කරයි. තවද, ඔහු ගෝලීයකරණයේ විචලන වේගය ඉක්මන් බවද ව්‍යාපාර සංවිධානයේ සහ ව්‍යවහාරයේ ඝට්ඨන වර්ධනය තව දුරටත් පවතිනු ඇතැයිද කියා සිටියි.",sin,wili-2018,sinhala,sinhala
"සිද්ධිය වූ දිනයේ ඔවුනගේ ජංගම දුරකථන ජාල පෙ.ව.10.00 ට ධාරිතාවට ලඟා වූ බව වොඩෆෙ‍ාන් වාර්තා කළේය. හදිසි ඇමතුම් වලට ප්‍රමුඛතාවය දීමට හදිසි ක්‍රමවේදයක් ආරම්භ කිරීමට එයට බල කෙරුනි. අනෙකුත් ජංගම දුරකථන ජාලයද අඩු පාඩු වාර්තා කළේය. බෝම්බ පිපිරවීම සඳහා ජංගම දුරකථන උපයෝගි කර ගැනීමේ හැකියාව වැලැක්වීමට ආරක්ෂක සේවා විසින් දුරකථන ක්‍රමය නවත්වන ලදැයි බීබීසිය කල්පනා කළේය. මෙම මතය සැලකිල්ලට භාජනය වූ නමුත්, අධික භාවිතය හේතුවෙන් ජංගම සහ ස්ථාවර දුරකථන දෙවර්ගයම වරින් වර අකාර්යක්ෂම වීම ඊට හේතුව වූ බව පසුව පැහැදිලි විය.",sin,wili-2018,sinhala,sinhala
"In industrial uses, sometimes a packing material is used in the column instead of trays, especially when low pressure drops across the column are required, as when operating under vacuum. This packing material can either be random dumped packing (1-3"" wide) such as Raschig rings or structured sheet metal. Typical manufacturers are Koch, Sulzer and other companies. Liquids tend to wet the surface of the packing and the vapors pass across this wetted surface, where mass transfer takes place. Unlike conventional tray distillation in which every tray represents a separate point of vapor liquid equilibrium the vapor liquid equilibrium curve in a packed column is continuous. However, when modeling packed columns it is useful to compute a number of ""theoretical plates"" to denote the separation efficiency of the packed column with respect to more traditional trays. Differently shaped packings have different surface areas and void space between packings. Both of these factors affect packing performance.",sin,wili-2018,sinhala,sinhala
"ජාත්‍යන්තරීකරණය යන වදන අදාල වන්නේ ජාත්‍යන්තර වෙළඳාම, සම්බන්ධතා ගිවිසුම් යනාදියේ වැදගත්කමටයි. අන්තර්ජාතික යන්නෙන් අදහස් වන්නේ ජාතීන් දෙකක් හෝ කිහිපයක් අතර යන්නය. ගෝලීයකරණය යනු, ආර්ථිකමය අරමුණු වෙනුවෙන්, ජාතික යන සීමාව ඉවත් කිරීමයි.",sin,wili-2018,sinhala,sinhala
"පැවිදි වීමෙන් පසු කාශ්‍යප නම් ලද පිප්ඵලීමාණව තෙමේ යන ගමන් , ""මා පසු පසු මුළු දඹදිව තරම් වටිනා ස්ත්‍රී රත්නයක් එන්නීය. අප දක්නා සමහරුන් පැවිදිවීත් මොවුන් හට වෙන් විය නොහැකැයි සිතා සිත් දූෂ්‍ය කරගෙන අපායට යනු ඇත. එසේ හෙයින් මා විසින් මැය හැර දමා යා යුතුයැ""යි සිතීය.",sin,wili-2018,sinhala,sinhala
"ක්‍රි.පූ. 01වන ශතවර්ෂයේ හැන් අධිරාජ්‍ය සමයේ පහත් බිමක සිට උස් බිමකට ජලය ඇද ගන්නා පොම්ප ක්‍රමයක් භාවිතා කරන ලදී. මේවා පනගන්වන ලද්දේ පයෙන් පෑගීමෙන් ,ජල චක්‍ර හෝ ගවයන් විසින් ඇදන් යනු ලැබූ යාන්ත්‍රික රෝද වලිනි.මෙසේ සපයාගත් ජලය නාගරික නිවාසවල සාමාන්‍ය කටයුතු සඳහා,උයන්වතු සඳහා භාවිත කළ අතර ප්‍රධාන වශයෙන් වගා බිම් සඳහා ඇති. වාරිමාර්ගයන්ට ජලය සැපයීමට‍යොදා ගැණින.",sin,wili-2018,sinhala,sinhala
"ආසවනය is the most common form of separation technology used in petroleum refineries, petrochemical and chemical plants , natural gas processing and cryogenic air separation plants. In most cases, the distillation is operated at a continuous steady state. New feed is always being added to the distillation column and products are always being removed. Unless the process is disturbed due to changes in feed, heat, ambient temperature, or condensing, the amount of feed being added and the amount of product being removed are normally equal. This is known as continuous, steady-state fractional distillation.",sin,wili-2018,sinhala,sanskrit
"ගෝජොසොන් පිහිටුවීම පිළිබඳ පුරාවෘත්තය ඇතුළත් සම්ගුක් යුසා (1281) සහ වෙනත් මධ්‍යකාලීන කොරියානු ග්‍රන්ථ පවසන්නේ මෙම දේශය ස්ථාපනය කරන ලද්දේ ක්‍රි.පූ. 2333දී දෙව්ලොවෙන් බට දංගුන් නැමැත්තකු බවයි. මෙම ජනප්‍රවාදය බිහිවීම සඳහා කුමන කරුණු හේතුවූයේ දැයි කිසිදු සාක්ෂියක් හමුවී නොමැතිමුත්, මෙම වාර්තාව කොරියානු ජාතික අනන්‍යතාව නිර්මාණය කිරීමේ දී වැදගත් කාර්යභාරයක් ඉටු කොට තිබේ.",sin,wili-2018,sinhala,sinhala
මෙය හැඩයෙන් එස්රාජ් වාද්‍ය භාණ්ඩය හා සමානය. අතීතයේදී මුස්ලිම් රාජ සභා සංදර්ශන වලදී දිල්රුබා බහුල වශයෙන් භාවිතා කළහ. උතුරු ඉන්දීය සංගීතයේදී ඒකල වාදනය සදහා යොදා ගැනේ. මෙම වාද්‍ය භාණ්ඩය වාදනය කිරීමට යොමුවන්නෝද ස්වල්ප දෙනෙකි.,sin,wili-2018,sinhala,sinhala
"සේවකයෝ ගොස් ඒ පුවත ඇයට දැන්වීය. එකල්හි තමන්ට පැමණීමට ආභරණ නැති බව ඈ පැවසීය. සිටු පුත්‍රයාට ඒ කරුණ දැන ගන්නට ලැබී ආභරණ ලැබිය හැකි යැයි පවසා එන ලෙස නැවත දන්වා යැවීය. එකල්හි සේවකයෝ ඈ රැගෙන ආවේය. ඈ නිවසට පා තැබූ කල්හි මුළු ගෙයිම සඳුන් මල් සුවඳ හා මානෙල් මල් සුවඳ පැතිරෙන්නට විය. එවිට සිටු පුත්‍රයා පුදුම වී ""පෙර ඈ පැමිණි කල්හී වැසිකිළියක් මෙන් දුඟද පිට වන්නට වූ මුත් දැන් ඔබගේ කයින් සඳුන් සුවඳත්, මානෙල් මල් සුවඳත් නික්මෙන්නේය, ඊට හේතු කාරණා කිමදැයි"" විමසීය. එකල්හි සිටු දුව සිදුවූ සියල්ල ඔහුට පැවසීය.",sin,wili-2018,sinhala,sinhala
මුල්කිරිගල රජමහා විහාරය ශ්‍රී ලංකාවේ දකුණු පළාතේ හම්බන්තොට දිස්ත්‍රික්කයේ වීරකැටිය ප්‍රාදේශීය ලේකම් කොට්ඨාශයට අයත් මුල්කිරිගල බටහිර ග්‍රාමසේවා වසම තුල වූ රමණීය භූමි භාගයක පිහිටා තිබේ. එය මුල්කිරිගල හන්දියේ සිට 2 කි.මි. පමණ දුරකින් පිහිටා ඇත. දික්වැල්ල හෝ තංගල්ල පෙදෙස් වලින් ළඟා විය හැක. විහාරය කුඩා සීගිරිය ලෙසින්ද හැඳින්වේ.,sin,wili-2018,sinhala,sinhala
"මෙසේ වීම නිසා පොළොව මතුපිට තිබෙන ජලය සහ වායු වර්ග ඉතා සැණැණින් සෙල්සියස් අංශක 1000ක් තරම් අධික උෂ්ණත්වයකට රත්වීම නිසා ක්ෂණික පිපිරීමක් හටගනී. මේ නිසා අකුණු ගමන් ගත් පොළොව මතුපිට මාර්ගය පැළීම්, පිපිරිම් මෙන්ම පොළොව මතුපිට වළවල් හෑරීම්වලට ද ලක්වේ.මෙසේ පොළොව මතුපිට පැළීම්, හෑරීම් වැනි දේ අකුණු පහරකින් සිදුවන නිසා අකුණත් සමඟ ලෝහමය දණ්ඩක් පොළොවට ළඟා වන බව බොහෝ දෙනා විශ්වාස කරති.",sin,wili-2018,sinhala,sinhala
සේවකයන් අත යැවූ මේ හසුන් වැඩිහිටියන් හට හසුවී ඔවුන් විසින් අන් හසුන් දෙකක් පිළියෙල කර දෙදනාටම යැවූහ. අවසානයේදී මවුපියන්ගේ උවමනාව මත ඔවුන්ගේ විවාහය සිදු විය.,sin,wili-2018,sinhala,sinhala
"සිංගප්පූරුවේ ආණ්ඩුක්‍රම ව්‍යවස්ථාව යනු, සිංගප්පූරුවේ උත්තරීතර නීතිය වෙයි. ලිඛිත ආණ්ඩුක්‍රම ව්‍යවස්ථාවක් වන්නාවූ එහි පෙළ, 1965 අගෝස්තු 9 දින සිට බලාත්මක වූ අතර, එය ව්‍යුත්පන්න වූයේ 1963 සිංගප්පූරු රාජ්‍යයේ ආණ්ඩුක්‍රම ව්‍යවස්ථාව, සිංගප්පූරු ජනරජයේ නිදහස් පණත 1965 (No. 9 of 1965, 1985 Rev. Ed.) වෙතින් සිංගප්පූරුවට අදාළ පරිදී සකස් කෙරුණු මලයාසියාවේ ෆෙඩරල් ආණ්ඩුක්‍රම ව්‍යවස්ථාවේ විධිවිධානයන් සහ, සිංගප්පූරු ජනරජයේ නිදහස් පණත යන්නම යන දේ වෙතිනි. මෙම ආණ්ඩුක්‍රම ව්‍යවස්ථාවේ පෙළ, සිංගප්පූරුවේ ආණ්ඩුක්‍රම ව්‍යවස්ථා නීතියේ නීතිකව බන්ධනීය මූලාශ්‍ර අතුරින් එකක් වන අතර, අනෙකුන් වන්නේ ආණ්ඩ්‍රක්‍රම ව්‍යවස්ථාවේ අධිකරණ අර්ථ නිරූපණ සහ, වෙනත් අනෙකුත් ආඥා පණත් වෙති. බන්ධනීය-නොවන මූලාශ්‍ර වන්නේ, මෘදු නීතිය, ආණ්ඩුක්‍රම ව්‍යවස්ථාමය සම්මුති සහ, රාජ්‍ය ජාත්‍යන්තර නීතිය වැනි ආණ්ඩුක්‍රම ව්‍යවස්ථාමය නීතිය කෙරෙහි වන බලපෑම් වෙති.",sin,wili-2018,sinhala,sinhala
"2013 ජූලි 3 දිනදී, දෙවන ඇල්බර්ට් රජ, බෙල්ජියානු කැබිනට් මණ්ඩලයෙහි දින මැද සැසියට සහභාගි විය. ඔහු එවිට ප්‍රකාශ කළේ, සෞඛ්‍යය හේතුන් නිසා, ජූලි 21 දිනදී කිරුළ අත් හරින බවයි. 2013 ජූලි 21 දිනදී, ඔහු වෙනුවට පත්වූයේ ඔහුගේ පුත්, බෙල්ජියමේ පිලිප් කුමරුවාය. 2013දී කිරුළ අත්හැරිය සතරවන රජු ඔහු වූයේ, දහසය වන බෙනඩික්ට් පාප්වහන්සේ, නෙදර්ලන්තයේ බියට්‍රික්ස් රැජිණ, සහ කටාර්හී එමීර් හමාඩ් බින් කලීෆා යන්නන්ට පසුවය. මෙසේ කිරීමෙන්, ඔහු, කිරුළ අත්හැරිය දෙවන බෙල්ජියානු රජු වූයේ, 1951දී හාත්පසින්ම වෙනත් පසුබිමක කිරුළ අත්හැරිය, තුන්වන ලියෝපෝල්ඩ් රජුට පසුවය.",sin,wili-2018,sinhala,sinhala
දෙමළ ජනතාව යනු ද්‍රවිඩමය වාර්ගික කණ්ඩායමක් වන අතර ඔවුන් දෙමළ භාෂාව භාවිතා කරති. (එනමුත් සමහර බ්‍රාහ්මණ වංශිකයන්ය ඉන්දු-යුරෝපිය සම්භවයක් ඇතැයි සැලකේ). ලෝකය පුරා මිලියන 77 පමණ දෙමළ ජනතාවක් ඇත. ලොව භාෂාමය ශිෂ්ටාචාරයන් අතර තම ජාතිය බහුතරය වන දේශයක් නොමැති විශාලතම හා වඩාත්ම පෞරාණික ශිෂ්ටාචාරය ලෙස සැලකෙන අතර එබැවින්ම සිය ජාතිය බහුතරය වන දේශයන් ගොඩනැගීම පිණිස ඉතිහාසය තුලත් වර්තමානයේත් විවිධ අරගලවල යෙදේ.දෙමල ජාතිකයින් බහුතරයක් සිටින රට වනුයේ ඉන්දියාවයි.,sin,wili-2018,sinhala,sinhala
"බුදුරජාණන් වහන්සේ සිවුර මත වැඩ සිටිමින්, ""කාශ්‍යපය, නුඹගේ මේ පට සිවුර ඉතා මෘදුය""යි වදාළහ. එකල්හි තෙරුන් වහන්සේ බුදුන් වහන්සේගේ අදහස තේරුම් ගෙන ""ස්වාමීනි, මාගේ මේ පට සිවුර පිළිගන්නා සේක්වායි"" කීහ. එකල්හි තථාගතයන් වහන්සේ ""කාශ්‍යපය, පරිභෝග කිරීම නිසා දිරා ඇති මේ සිවුර නුඹට පාවිච්චි කල හැකිදැයි"" විමසීය. ""එසේය, හිමියනි. ලැබුණොත් පරිභෝග කරමියි"" කීහ.",sin,wili-2018,sinhala,sinhala
මෙම අධ්‍ය‍නයේ නියුක්ත මිනිසුන් ස්වදේශිය මිනිසුන්ගේ කොලොනිය කරණය දේශපාලන ස්වාධීනත්වය ස්වදේශිය මිනිසුන්ගේ සමකාලින ගැටලු නිරාකරණයට ගෙන ඇති පියවර ගැන පක්ෂව කතා කරයි.,sin,wili-2018,sinhala,sinhala
2. පිකැඩලි මාර්ගය මීටර් 30 (අඩි 100) ක් ගැඹුරින් පිහිටියේය. උමග පටුය. මීටර් 3.5 නොහොත් අඩි 11 කි. දුම්රිය හා උමග අතර හිස් ඉඩ කඩ සෙ.මි 15 ක් නොහොත් අඟල් 6 කි. මෙම පටු තත්වය පිපිරුමේ විනාශය වැඩි වීමට හේතුවක් විය.,sin,wili-2018,sinhala,sinhala
බොහොමයක් අවස්ථාවලදී අංශු පද්ධති ත්‍රිමාණ ග්‍රැෆික් පද්ධති තුළදී ක්‍රියාත්මක කරන මුත් සමහර තත්ව යටතේ ත්‍රිමාණ අංශු පද්ධති ද භාවිතා කළ හැකිය .,sin,wili-2018,sinhala,sinhala
"ISS යනු ඇමරිකා එක්සත් ජනපදයේ (NASA), රුසියාවේ (RKA), ජපානයේ (JAXA), කැනඩාවේ (CSA), සහ යුරෝපීය රටවල් එකොළහක (ESA) අභ්‍යාවකාශ ඒජන්සි විසින් හවුලේ කරගෙන යනු ලබන ව්‍යාපෘතියකි. බ්‍රසීලියානු අභ්‍යාවකාශ ඒජන්සිය (AEB, බ්‍රසීලය) නාසා ආයතනය සමඟ වෙනම ගිවිසුමක් හරහා මෙම ව්‍යාපෘතියට සම්බන්ධ වේ. එසේම ESA නැතිනම් යුරෝපීය හවුලට අයත් ඉතාලිය ද ESA හි කාර්යභාරයට අයත් නොවන විවිධ ක්‍රියාකාරකම් සඳහා වෙනම ගිවිසුම් ඇති කරගෙන තිබේ.",sin,wili-2018,sinhala,sinhala
"දිල්මන් යනු මෙසපොතේමියානු ශිෂ්ටාචාරය මඟින් තඹ අමුද්‍රව්‍යයේ ආකරය ලෙස සලකනු ලැබුද, ඉන්දු නිම්න හා මෙසපොතේමියානු ශිෂ්ඨාචාර වල එය ‍පොදු වෙළෙඳපොල ලෙස සැලකූ බිම් කඩකි. මෙම බිම්කඩ නිශ්චිතවම හඳුනාගෙන නැතත් එය බහරේනය, නැගෙනහිරි පළාත, ඕමානය අතර හෝ පර්සියන් ගල්ෆ් මුහුදේ ඉරාක වෙරළ සීමාවේ පිහිටා තිබු බව විශ්වාස කෙරේ.",sin,wili-2018,sinhala,sinhala
"1960 දශකයේ මැද සිට ක්වොන් යොං-වූ වැනි කලා ශිල්පීන් තෙරපුම් තීන්ත, ඇදීමේ පැන්සල්, පෙඟවූ කැන්වස්, ඉරුණු කඩදාසි, සහ වෙනත් මාධ්‍ය යොදාගනිමින් එකල බොහෝ සිත්තරුන් අයත් වූ සම්ප්‍රදායික තීන්ත සිත්තරුන් (තොන්ග්යැංහ්වාගා) සහ තෙල් සායම් සිත්තරුන් (සෝයැංහ්වාගා) ලෙස පැවති සංකල්පන සමාජයට අභියෝග කළේ ය. 1970 සහ 80 දශකයන්හි, මෙම අභියෝග හේතුවෙන් දන්සෙක්හ්වා හෙවත් කොරියානු ඒකවර්ණ චිත්‍ර කලාව කොරියාවේ විසිවන සියවසේ වඩාත් සාර්ථකම සහ මතභේදාත්මකම කලා සම්ප්‍රදායයක් බවට පත් විය. සාහිත්‍යමය වශයෙන් ""ඒකවර්ණ චිත්‍ර කලාව"" යනුවෙන් හැඳන්වෙන් මෙහි දී හා චොංහ්‍යුන්, පාක් සෝ-බෝ, ලී උෆන්, යුන් හ්යොන්-ක්‍යුන්, චෝයි මියොං-යොං, කිම් ගුයිලින් සහ ලී දොං-යොබ් යන සිත්තරුන්ගේ කලා කෘති සෝල්, ටෝකියෝ සහ පැරිස් යන නගරවල ප්‍රවර්ධනය කෙරිණි. තන්සෙක්හ්වා කලාව අද්‍යතන කොරියානු කලාවේ අන්තර්ජාතික මුහුණුවර ලෙස වර්ධනය වන්නට විය.",sin,wili-2018,sinhala,sinhala
"ගිජාගේ මතභේදය නොසැලකූ විට, පුරාවිද්‍යාත්මක සාක්ෂි මගින් ජනපදවාසීන්ගේ සංස්කෘතිය චීන සම්භවයට සම්බන්ධ බව පෙනී ගොස් ඇත. කොරියාවේ ලෝකඩ යුගයට (ක්‍රි.පූ. 800–400) අයත් අඩසඳ හැඩැති ශිලා පිහි සහ සූරන ලද පාෂාණ වී වගාවට සාක්ෂි සපයන අතර, එය ‍චීනයේ සිට කොරියාව වෙත සම්ප්‍රේෂණය වන්නට ඇත. නමුත් ලෝකඩ කිනිසි වැනි වෙනත් පුරාවස්තු කොරියාවේ විශේෂිත සංස්කෘතික ලක්ෂණ කියා පායි. කොරියාවේ යකඩ යුගයට අයත් ප්‍රදේශවලින් සොයාගැනුණු චීන කාසි, සිතියෝ-සයිබීරියානු ආරේ සත්ත්ව-හැඩැති බඳපටි ගාංචු වැනි පුරාවස්තු තුළින් චීනයේ යකඩ සංස්කෘතිය සහ සිතියො-සයිබීරියානු ප්‍රදේශවල ලෝකඩ සංස්කෘතිය ක්‍රි.පූ. 4වන සියවසේ කොරියාව වෙත සම්ප්‍රේෂණය වූ බවට සාක්ෂි සපයයි.",sin,wili-2018,sinhala,sinhala
"මුර්යොං රජුගේ සොහොන්ගැබෙහි නිධන් සොරුන්ගේ ග්‍රහණයට ලක්නොවූ පුරාවස්තු සහිත වස්තු සම්භාරයක් අන්තර්ගත විය. මෙම පුරාවස්තු අතර ගිනි සිළුවල හැඩය ගත් රත්රන් හිස පළඳනා, රන් ආලේපිත ලෝකඩ පාවහන්, රත්රන් බඳපටිය (රාජකීයත්වයේ සංකේතයකි) සහ මකර හා ෆීනික්ස් රූ ඇතුළත් රත්රන් මිටක් සහිත අසිපත් ද විය.",sin,wili-2018,sinhala,sinhala
"අපිරිමිත ශ්‍රේණිය අපසාරී වේ. එනම් එහි ආංශික ඓක්‍යය (1,-1,2,-2,...) නියත අන්තයක් කරා ළගා නොවේ. කෙසේ නමුත් 18වන ශතවර්ෂයේදී ලියොනාර්ඩ් යූලර් විසින් තේරුම් ගැනීම දුෂ්කර බවට ඔහු පිළිගත් සමීකරණයක් ඉදිරිපත් කරන ලදී.",sin,wili-2018,sinhala,sinhala
"වහලය සඳහා වීදුරු හෝ ප්ලාස්ටික් සහ බිත්ති සඳහා නිතොර වීදුරු හෝ ප්ලාස්ටික් වැනි, විවිධවූ වර්ගයේ ආවරණ ද්‍රව්‍ය සමගින් සැදි ගොඩනැගිලි ආකෘතියක් හරිතාගාරයක් සතු වෙයි; සූර්යයාගෙන් නිකුත් වන දෘශ්‍ය සූර්ය විකිරණය (මෙය සඳහා වීදුරු පාරදෘශ්‍ය වෙයි), ගොඩනැගිල්ල තුල ඇති ශාක, පස, සහ අනෙකුත් දේ විසින් උරාගැනීම නිසා එය උණුසුම් වෙයි. උණුසුම් අභ්‍යන්තර පෘෂ්ඨයන් විසින් නිකුත් කෙරෙන තාපය නිසා රත් වන වාතය නිදහස් වන්නට නොදී අභ්‍යන්තරයෙහි රඳා තබාගන්නේ වහලය හා බිත්ති වලිනි. මෙයට අමතරව, හරිතාගාරයෙහි ඇකුලත පිහිටි උනුසුම්වූ ව්‍යුහයන් සහ ශාක විසින් ඔවුන්ගේ තාප ශක්තියෙන් කොටසක්, අධෝරක්ත වර්ණාවලීයෙහි යළි-විමෝචනය කරන අතර, මෙය සඳහා වීදුරු භාගික වශයෙන් පාරාන්ධ වන බැවින් මෙම ශක්තියෙන් කොටසක් හරිතාගාරය තුල සීමා වෙයි. කෙසේවෙතත්, මුලින් දැක්වූ (සංවහන) ක්‍රියාවලිය හා සංසන්දනය කළ විට මෙම පසුව දැක්වුණු ක්‍රියාවලිය සුළු භූමිකාවක් ඉටු කරයි. මේ අනුව, හරිතාගාරයක ප්‍රාථමික උණුසුම්කරණ යාන්ත්‍රණය සංවහනය වෙයි. මෙය ප්‍රදර්ශනය කෙරුමට හරිතාගාරයක වහලයට කිට්ටු කුඩා කවුලුවක් විවෘත කර තැබිය හැක: උෂ්ණත්වය විගසින් පහළ බසියි. ස්වයංවාතානය නම් ස්වයංක්‍රිය සිසිලන ක්‍රමයෙහි පදනම මෙම මූලධර්මයයි. මේ අනුව, හරිතාගාරයක් සඳහා වීදුරු භාවිතා කෙරෙන්නේ, වාතය ගලායෑමට බාධකයක් පැනවීමට හා ඒ මගින් හරිතාගාරය තුල ශක්තිය සිර කර තබා ගැනීමට උත්සාහයක් දැරීමටය. භූමිය අසබඩදී උණුසුම්වූ වාතය අවහිරයක් නොමැතිව ඉහළ යෑම හා ඉවතට ගලා යෑම වලකනු ලැබේ.",sin,wili-2018,sinhala,sinhala
"අප ආරක්ෂාකාරී යයි අපට හැ‍ඟෙන තෙක් ඔබලා අපගේ ඉලක්කයන් වෙයි. ඔබලා බෝම්බ දැමීම, ගෑස් ප්‍රහාරයන් එල්ල කිරීම, සිරගත කිරීම් යන වද බන්ධන පැමිණවීම් නවත්වන තෙක් අපේ සටන නොනවතිනු ඇත. අපි යුද්ධයෙහි නිරත වී සිටින අතර මම සොල්දාදුවෙකු වෙමි. දැන් ඔබත් මෙම තත්වයේ යථාර්ථය විඳිනු ඇත”",sin,wili-2018,sinhala,sinhala
CuCl ද්‍රාවණ ස්ථාවර ද්‍රාවණ නොවන නිසා වෙනත් අණු නොමැති මාද්‍යයකදී එය ද්විධාරකරණය වී Cu හා CuCl2 යන ස්ථායී සංයෝග සාදයි. එමනිසා සමහර CuCl සාම්පල වාතයේදී කොල පැහැයෙන් දිස්වේ.,sin,wili-2018,sinhala,sinhala
එක්සත් ජනපදයේදී ඉන්ධන අපද්‍රව්‍ය ගබඩාවේ තැන්පත් කිරීමට ‍පෙර එක් වරක් පමණක් ජීව ප්‍රතික්‍රියාකාරක තුළ භාවිතයට ගනී. නූතන දීර්ඝ කාලීන සැලැස්ම වන්නේ භාවිතා කළ ඉන්ධන ගැඹුරු ගබඩා තුළ ඇසිරීමයි. මෙම පුණර්ජනාත්මක නොවන ක්‍රියා පටිපාටිය 1977 මාර්තු මස ආරම්භ කරන ලද්දේ න්‍යෂ්ටික අවි ප්‍රගුණ වීම පිළිබදව සලකමිනි. ජනාධිපති ජිමී කා‍ටර් (Jimmy Carter) එක්සත් ජනපදය තුළ ප්ලූටෝනියම් වාණිජමය ලෙස නැවත භාවිතය හා ප්‍රතිචක්‍රීකරණය දින නියමයක් නොමැතිව තහනම් කරන ලදී. මෙම නියමය එක්සත් ජනපදය විසින් අනෙකුත් රටවල් සදහා උදාහරණයක් ලබා දීමට දැරූ ප්‍රයත්නයක් වුවත් බොහෝ ‍රටවල් භාවිතා කළ න්‍යෂ්ටික ඉන්ධන නැවත භාවිතය සිදු කරන ලදී. ජනාධිපති පුටින් (Putin) යටතේ වූ රුසියානු රජය භාවිතා කළ න්‍යෂ්ටික ඉන්ධන ආනයනය තහනම් කර තිබූ නීතියක් ඉවත් කරන ලදී. එමගින් රුසියානුවන්ට රුසියාවෙන් පිට ගණුදෙණුකරුවන් සදහා නැවත භාවිතා සේවාවක් ලබා දීමට හැකිවිය. (BNFL ඉදිරිපත් කළ දෙයට සමාන),sin,wili-2018,sinhala,sinhala
"Alternate set-ups may utilize a ""ගවයා"" or ""ඌරා"" which is connected to three or four receiving flasks. By turning the ""ගවයා"" or ""ඌරා"", the distillates can be channeled into the appropriate receiver. A Perkin triangle is versatile piece of apparatus that can also be used to collect distillation fractions which does not require a ""ගවයා"" or ""ඌරා"" adapter. A Perkin triangle is most often used where the distillates are air-sensitive or where the fractions distill and are collected under reduced pressure, but can be used for a simple and fractional distillation.",sin,wili-2018,sinhala,sinhala
"නූතන දර්ශනවාදයේ ආරම්භකයා වූ ඩේකාට් (1596 - 1650) එක්තරා ක්‍රමයක් නිපදවූ අතර, අද ද එය සාර්ථකව යොදාගත හැකිය. ඒ නම් විධිමත් සන්දේහයයි (systematic doubt). සත්‍ය යයි තමාට ඉතා පැහැදිලිව විශේෂිතව නොපෙනෙන කිසිවක් තමා අදහන්නේ නැතැයි හෙතෙම තීරණය කළේය. හෙතෙම සැක කළ හැකි සෑම දෙයක්ම සැක කරයි. එය සැක නොකිරීමට හේතුවක් පෙනෙන තුරුම සැක කරයි. මේ ක්‍රමය යොදාගැනීමෙන් හෙතෙම, පැවැත්මක් ඇතැයි ඉතාම නිසැකව විස්වාස කළ හැක්කේ තමාගේ පැවැත්ම පිළිබදව පමණකි යන නිගමනයට ක්‍රමයෙන් එළඹුණි. ..... මේ අනුව ඔහුගේ පැවැත්ම ඔහුට සම්පූර්ණ නියතතාවකි. 'මම සිතමි. එහෙයින් මම සිටිමි' (කොජිටෝ, අර්ගෝ සුම්) හෙතෙම මේ නිශ්චිතතාව පදනම් කරගෙන, සිය සංශය නිසා සුණුවිසුණු වූ ලෝකය පිළිබද දැනීම නැවත ගොඩනංවන්නට පටන් ගනී.",sin,wili-2018,sinhala,sinhala
"බ්‍රහ්මණයාද ඔවුන් පිළිගෙන ඔවුන් පැමිණි කරුණ විමසා, ඉක්බිති ජාති කුල ගෝත්‍ර විමසා ""යහපති දරුවනි, අප සමාන කුල ජාති ගෝත්‍ර හා සම්පත් ඇති තැනකට දැරිය දෙමි""යි පවසා ගෙන ගිය පඬුරු පිළිගත්තේය. එකල්හි බමුණන් විසින් එය කපිල බ්‍රාහ්මණයාට දැන්වූහ. මවුපියෝ සුදුසු ස්ත්‍රී රත්නයක් ලද බව පිප්ඵලීමාණව හට දැන්වූහ.",sin,wili-2018,sinhala,sinhala
"මෙම සමීකරණය සඳහා පිළිගත හැකි විවරණයක් බොහෝ කලක් යන තුරු ඉදිරිපත් නොවුණි. 1890 පටන් අර්නස්ටෝ සෙසාරෝ, එමිලි බොරෙල් ආදී පිරිසක් යූලර්ගේ සමීකරණයට නව අර්ථකථන ඇතුළු අපසාරී ශ්‍රේණි වලට සාධාරික ඓක්‍යයන් දිය හැකි ක්‍රම පිළිබඳ පරීක්ෂණ සිදු කළහ.මෙම ක්‍රම බොහොමයකින් අවසානයේදී 1-2+3-4+... සඳහා 1/4 ක ඓක්‍යයක් ලැබුණි. සෙසාරෝ සමාකලනය යනු 1-2+3-4... සඳහා ඓක්‍යයක් ලබා නොදෙන ක්‍රම කිහිපයෙන් එකකි. එනම් එය අබෙල් සමාකලනය වැනි තරමක් ප්‍රබල ක්‍රමයක් අවශ්‍ය වන අවස්ථාවකට උදාහරණයකි. 1-2+3-4+... ශ්‍රේණිය 1-1+1-1+... යන ග්‍රැන්ඩිගේ ශ්‍රේණියට බොහෝ සමානතා දක්වයි. යූලර් විසින් 1-2n+3n-4n+…. (ඕනැම n අගයක් සඳහා) හි විශේෂ අවස්ථා ලෙස ඉහත ශ්‍රේණි සලකමින් ඔහුගේ බේසල් ගැටළුව Dirichlet eta ශ්‍රිතය හා Riemann zeta ශ්‍රිතය ලෙස අද හඳුන්වන ශ්‍රිතීය සමීකරණ දක්වා ගෙන යාමට සමත් විය. අපසාරීතාව ශ්‍රේණියේ පද (1,-2,3,-4...) ශුන්‍යයට ළඟා නොවේ. එබැවින් 1-2+3-4+... අපසාරී වේ. අපසාරීතාව පිළිබඳ මූලික දැනුමක් තිබීම පසුව වැදගත් වේ. නිර්වචනයට අනුව, ශ්‍රේණියක අභිසාරීතාව හෝ අපසාරීතාව නිශ්චය කරනු ලබන්නේ එහි ආංශික ඓක්‍යයන්හි අනුක්‍රමයේ අභිසාරීතාව හෝ අපසාරීතාව අනුවය. 1-2+3-4+... හි ආංශික ඓක්‍යයන් වනුයේ",sin,wili-2018,sinhala,sinhala
"In 2011, Free Software Foundation added CC0 to its free software licenses, making CC0 a recommended way of dedicating software to the public domain.",sin,wili-2018,sinhala,sinhala
"දවසේ වැඩි කාලයක් මධ්‍යම ලන්ඩනයේ ප්‍රවාහන සේවාව මහත් සේ අඩපන වූයේ උමං දුම්රිය සේවය සම්පූර්ණයෙන්ම වසා දැමීම, කලාප අංක 1 බස් සේවා ජාලය වසා දැමීම, හා රසල් චතුරස්‍රයේ සෙනග හිස් වීම හේතුවෙනි. එදිනම බස් සේවාව සවස 4 ට ආරම්භ වූ අතර බොහෝ ප්‍රධාන දුම්රිය නැවතුම් පල වල් ඊට ටික වේලාවකට පසු විවෘත විය. ගංගාවේ සංචාරක යාත්‍රාද ප්‍රවාහන සේවයට නොමිලේ සේවය ලබා දුන්නේ සෙනග තද බදයෙන් යුත් බස් සහ දුම්රිය ප්‍රවාහන සේවාවන්ට විකල්ප වශයෙනි. ජනතාව දහස් ගණනක් නිවෙස් බලා පයින් ගියහ. නැතහොත් ආසන්නයේම තිබුනු කලාප 2 බස් හෝ දුම්රිය නැවතුම් පොලවල් බලා ගියහ. හානියට පත් වූ දුම්රිය ස්ථාන හැර බොහෝ උමං දුම්රිය ස්ථාන ඊළඟ දවසේ තම තමන්ගේ කාර්යයන් සුපුරුදු ලෙස ආරම්භ කරන ලද ඇතැයි මගීහු නිවෙස් වල නතර වූහ.",sin,wili-2018,sinhala,sinhala
"ලියනගේ,සී. 2007. ”ප‍්‍රතිකාර අපේක්ෂිත චර්යාව. සමාජ සංස්කෘතික පද්ධතීන්ගේ අදාළත්වය හා වෛද්‍ය විද්‍යා ප‍්‍රවේශයන්ගේ සීමා පිළිබඳ මූලික පාඨනයක්”.පස්වන වෙළුම. කොළඹ, සමාජ සංස්කෘතික අධ්‍යයනය සඳහා වන කොළඹ ආයතනය.",sin,wili-2018,sinhala,sinhala
පෘථීවිය හා ශරීරයේ කොටස් ස්පර්ශව පවතින විට සිදුවිය හැකි උවදුරකි. පීථීවිය වෙත අකුණු ධාරාවක් ළගා වු ස්ථානයක සිට විහීදි යන ධාරාවක් ආසන්නම ශරිර ස්පර්ශ ස්ථානයෙන් ඇතුල් වී වෙනත් ස්ථානයකින් යලිත් පෘථීවිය දෙස ගමන් කරයි. මෙවන් අනතුරු බහුලව වාර්තා වන්නේ අකුණු පහර වැදුන ස්ථානයක් ආසන්නයේ හිට ගෙන සිටින අවස්ථාවලයි.,sin,wili-2018,sinhala,sinhala
අනෙකුත් ද්‍රාවය ෆ්ලෝරයිඩ සමඟ සලකන විට හයිඩ්‍රෝෆ්ලෝරික් අම්ලයේ පවතින අඩු ආම්ලිකතාවය එය මධ්‍යම ප්‍රමාණයේ භෂ්මයක් ලෙස සැලකීමට හේතු වී ඇත. ෆ්ලෝරයිඩ වල අඩු න්‍යෂ්ටිකතාවය නිසා එය කාබනික රසායනයේ භාවිතාකලහැකි ප්‍රයෝජනවත් පදනමකි. Knoevenagel ඝනීභවන ප්‍රතික්‍රියාවේදී පොටෑසියම් ෆ්ලෝරයිඩ් හෝ සෝඩියම් ෆ්ලෝරයිඩ් වලට වඩා ඉහල ප්‍රතිඵල ලබාදීමට සීසියම් ෆ්ලෝරයිඩ් සමත්වේ.,sin,wili-2018,sinhala,sinhala
"ඇතැම් විශේෂිත නර්තනයන් වැදගත් සංස්කෘතික උරුමයන් ලෙස සැලකිණි. අභිවාහ්‍ය කලා සෑමවිටම වස්ත්‍ර කලාවන් හා සම්බන්ධ විය. වස්ත්‍ර අතින් මෙන්ම නාට්‍යවල පසුතල, පදවි, තත්ත්වය නිරූපණයට යොදාගත් මසන ලද හෝ ගෙත්තම් කරන ලද ආභරණ, ෂාමන්වාදී ගුරුකම් වැනි අංග නිරූපණයට ද එය ඉවහල් විය.",sin,wili-2018,sinhala,sinhala
"යනුවෙන් පදවි වැවේ සෙල්ලිපියේ සඳහන් වූවා සේ මෙම ස්ථානයේ ද,කුමන හෝ තැනක එවන් වැකියක් සඳහන් වූවා නම් ඒ ප්‍රෞඪ අතීතය පිළිබඳ අනාගත ලොවට දැනෙන හැගීම කියා නිමකල නොහැක. කෙසේ නමුදු අවසාන වශයෙන් ප්‍රකාශ කළ යුතුව ඇත්තේ වැසී යන ප්‍රෞඪ ශිෂ්ටාචාරයක නටඹුන් වනයෙන් වැසී ගිය ද අදත් ඒවා ශේෂව පවතී.එබැවින් ඒ ශේෂ වස්තූන් හෝ රැක ගැනීමට කාගේ හෝ දෙනෙත යොමු විය යුතු කාලය එළඹ ඇති බවයි.",sin,wili-2018,sinhala,sinhala
"අධිරාජවරුන්හට තමන් පාලනය කළ යුත්තේ ආණ්ඩුක්‍රම නිලධාරීවාදය ද නැතහොත් ශිෂ්‍යත්ව, විනෝදාංශ හෝ කාන්තාවන් කෙරෙහි උනන්දු වීම යන දෙකෙන් එකක් දැයි තීරණය කළ යුතු විය. කෙසේනමුත්, ෆ්‍රෙඩ්රික් ඩබ්. මෝට් පවසන්නේ සිය ළමා විය සැප සම්පත්වලින් පිරි මාලිගාවල තනිව කොටුවී ගතකළ බොහෝ ‍සොං අධිරාජවරුන් ලෝකයේ සාමාන්‍ය කටයුතුවලින් පැහැර වූ නොසැලකිලිමත් ප්‍රතිසංස්කරණවාදීන් බවයි. මේ නිසා ඔවුන් රජය පාලනයේ දී නිලධාරීන් මත රඳා පැවතී ඇත. නමුත් බොහෝදෙනුකගේ මතය වන්නේ සොං රාජ මාලිගය සිවිල් නිලධාරීන් කෙරෙහි ඉහළ ආචාරශීලීත්වයක් සහ සංයමයක් දැක්වූ හෙයින් සාකච්ඡා හා සමුළුවල දී අධිරාජයා සහ අමාත්‍යවරුන් අතර සමීප සබඳතාවයක් පැවති බවයි.",sin,wili-2018,sinhala,sinhala
"පෝලි ව්‍යවර්තන මූලධර්මය යනු, සර්වසම පර්මියෝන (අර්ධ-නිඛිල බැමීම් සහිත අංශු) දෙකකට එකම ක්වොන්ටම් තත්ත්වය එකවිට දැරීම සිදු කල නොහැකි බව දැක්වෙන ක්වොන්ටම් යාන්ත්‍ර විද්‍යාත්මක මූලධර්මයකි. ඉලෙක්ට්‍රෝන විෂයයෙහි, එය මෙසේ ප්‍රකාශ කල හැක, බහු-ඉලෙක්ට්‍රෝන පරමාණුවක ඉලෙක්ට්‍රෝන දෙකකට ක්වොන්ටම් අංක (n, ℓ, mℓ සහ ms) සතර සඳහා එකම අගයයන් දැරිය නොහැක. එකම කාක්ෂිකයේ නේවාසික ඉලෙක්ට්‍රෝන දෙකක් සඳහා, n, ℓ, සහ mℓ එකම අගයයන් ගන්නා බැවින්, ms වෙනස් විය යුතු අතර ඉලෙක්ට්‍රෝන සඳහා විරුද්ධ බැමීම් තිබිය යුතුය. 1925දී මෙම මූලධර්මය සූත්‍රණය කරන ලද්දේ ඕස්ට්‍රියානු භෞතික විද්‍යාඥ වුල්ෆ්ගැන්ග් පෝලි විසිනි.",sin,wili-2018,sinhala,sinhala
පෘතුවියේ පවතින දුරේක්ෂ මඟින් සමකාලින ලෙස සිකුරු ග්‍රහයාගේ වායුගෝලය පිළිබඳ ගන්නා නිරීක්ෂණ මඟින් තාරකා විද්‍යාඥයන්ට සිකුරු ග්‍රහයාගේ වායුගෝලයේ අතරමැදි මට්ටම පිළිබඳ පැහැදිළි අවබෝධයක් ලබා ගත හැක. මේවා මඟින් එහි දේශගුණය පිළිබඳ පැහැදිළි අවබෝධයක් ලබා ගත හැක. මේවා මගින් එහි දේශගුණය පිලිබදව තවත් තොරතුරු ලබාගත හැකි වේ.,sin,wili-2018,sinhala,sinhala
"මහනුවර රාජධානිය තුල රිසි සේ සැරිසරමින්, විවාහපත්වී, දරුවන් ලැබ, තමන්ගේම නිවෙස් තනවා තමන් රිසි ජීවනෝපායයක යෙදෙමින් සිටීමට රජුගේ අවසරය නැවියන්ට ලැබුනද, රාජධානියෙන් පිටවීමට වරම් නොලැබූහ. නාවික සේවක පිරිසෙන් බොහොමයක් මහනුවරදී දේශීය කතුන් හා විවාපත් ව බර්ගර් ජනයා බිහිකිරීමෙහිලා මහෝපකාරී වූ අතර දැනටද ඉංග්‍රීසි‍යට හුරු අවසන් නම් වලට උරුම කම් කියති. මැල්රියාව වැලඳුනු පියා මිය ඇදුනද, තොප්පි විවීම, භාණ්ඩ වෙළඳාම සහ සහල් හා තිරිඟු ‍හා බැඳි ව්‍යාපාරයන්හි නියැලුනු නොක්ස් දිවි ගැට ගැස ගැනීමට සමත් විය. දහනව වසක් අත් අඩංගුවේ පසුවුනු නොක්ස් අවසානයේදී තවත් සහයාකයෙකු හා එක්ව පැන ගොස් දිවයිනෙහි වයඹ වෙරළ තීරයෙහි පිහිටි ඕලන්ද ජනාවාසයක් වූ අරිප්පු වෙත ලඟා වූහ.",sin,wili-2018,sinhala,sinhala
"කෙසේනමුත්, මේ පිළිබඳ ඓතිහාසික වාර්තා විවිධත්වයක් ගනියි. ඡත්‍රසාල් පිළිබඳ වෙනත් මතයක් අනුව කියැවෙන්නේ ඇය හයිදරාබාදයේ නිසාම්ගේ දියණිය බවයි. 1698දී ඡත්‍රසාල් විසින් නිසාම්ව පරාජය කළ අතර, මේ වනවිට මධ්‍ය ඉන්දියාවේ බලය අතින් ප්‍රමුඛත්වයට පත්ව සිටි බුන්දෙලාවරුන් සමග මිත්‍රශීලී සම්බන්ධතා පැවැත්වීමේ අරමුණින් යුතුව සිය දියණියව ඡත්‍රසාල්ට විවාහ කරදීමට ඔහුගේ භාර්යාව විසින් උපදෙස් දෙන ලදී.",sin,wili-2018,sinhala,sinhala
"අප දැන් යාන්ත්‍රක සමතුලිතතාවය (mechanical equalibrium) යෙහ මුලික මුලධර්මය ඉහත සදහන් සමිකරණයට යොදමු. මේ අනුව සෑම වස්තුවක්ම අවම ශක්ති මට්ටමක සමතුලිත විමට බලන බැවින්, ඉහත සමිකරණය අවකලනය කිරිමෙන් එම අදාල අවම ශක්ති මට්මේ ශක්තිය සොයා ගත හැක.",sin,wili-2018,sinhala,sinhala
උද්ධමනය හේතු වෙන් නිෂ්පාදන පිරිවැය ඉහළ යන විට ලාභය පහළ යන අතර සමාගම් නිෂ්පාදනය වැඩි කිරිම හා ආයොජන කිරිමට මැලිවන නිසා අඩු අර්ථක වර්ධනයක් සිදුවේ.,sin,wili-2018,sinhala,sinhala
1917 වසරේ Arros සටන් සමයේ මෙම බිම ඇදියන කාලතුවක්කු ඉතා විශාල හා සංකිර්න විය. එහි වෙඩි තැබිම lines 5ක් ‍ෙ‍තා්රා ගන්නේ තිබු අතර එය යාර 200 ක ගැඹුරක් පාබල හමුදාවට ඉදිරියෙන් ආවරණය කළේය. සතුරා මිත්‍ර චේතනාවෙන් රැවටිමට හා ඔවුන්ගේ ස්ථානයේ ආනාවරණය කිරිමට වානිජ කාලතුවක්කු ප්‍රහාර යොදා ගැනිණි. බිම ඇදෙන කාලතුවක්කු ප්‍රහාර කැනඩා වැටිය ජයග්‍රහණය කිරිමට බොහෝ සේ උදව් විය.,sin,wili-2018,sinhala,sinhala
"බ්‍රෙෂ්ට් ගේ නාට්‍ය හෙන්රි ජයසේන ශුරින් විසින් සිංහලට නගා ලංකාවේ රග දක්වා ඇත. එකදහස් නවසිය හැත්තෑව දශකයේ ඔහු නිෂ්පාදනය කළ බර්ටෝල් බ්‍රෙෂ්ට්ගේ ""ද චෝක් සර්කල්"" (හුණු වටයේ කථාව) මෙරට පරිවර්තන නාට්‍ය කලාවේ මුදුන් මල්කඩ ලෙස ශ්‍රී ලාංකික බහුතර විචාරක පිළිගැනීමයි. හෙන්රිගේ හුණු වටයේ කථාව පරිපූර්ණ නාට්‍යයක් පමණක් නොව, නාට්‍යකරු‍වෙකු ලෙස හෙන්රි ජයසේන විකාශනයේ කූටප්‍රාප්තිය පමණක් නොව, එය නූතන සිංහල නාට්‍ය කලාවේ විකාශනයේ අතිශය වැදගත් බවක් ද ගෙන ඇත. ඔහු අනුගමනය කළ ශෛලිගත , ස්වභාවික හා මිශ්‍ර රංග රීතිය තුළ ගීතය ද සුවිශාල මෙහෙවරක් කළේය. හෙන්රිගේ මෙම නාට්‍ය රීතිය හේතුවෙන් ශ්‍රි ලාංකිකයන්ට බ්‍රෙස්ට්ගේ නාට්‍ය ශෛලිය හදුනාගැනීමට තිබූ අවස්ථාව මග හැරී යාම අවාසනාවන්ත තත්වයකි.",sin,wili-2018,sinhala,sinhala
"බෙහෙත් බොන්නත් කෙලින් කටින් ඉඳලා ඕනෑ, ඇඟ දුර්වල වුණොත් බෙහෙත් වත් අල්ලන්නේ නෑ. ඒක නිසා තමන්ගේ ශරීරයට හොඳ ආහාර පාන ව්‍යායාම වලින් සලකලා තියා ගන්න එක අපි කළ යුතු යුතුකමක්, එහෙම නේද? අද කියාදෙන්නේ ආයුෂ වැඩි කරන, මාංශ පේශී පුෂ්ටිමත් කර ශරීරයට ශක්තිය බලය ගෙන දෙන, ශරීරය කාන්තිමත් කර පැහැය ලබාදෙන, මතක ශක්තිය වැඩිකර දෙන, ලේ - මාංශ - වසා - මේදය - ඇට - ඇට මිදුළු - ශුක්‍ර යන ධාතු හත; සප්ත ධාතු, වර්ධනය කර පුද්ගලයා නිරෝගීව තබන ඖෂධීය ආහාරයක් හදා ගන්නා හැටි. හරිම සරලයි, තමන්ගේ අතේ මුදල් තියන හැටියට අවශ්‍ය බෙහෙත් ප්‍රමාණ අඩුකර හදා ගත්තාට කමක් නැහැ. දිනකට ආහාරයට ගන්නා ප්‍රමාණය නම් අඩු කරන්න එපා. දිනකට ග්‍රෑම් 60 ක් (පලමක බර) ගන්න ඕනෑ උදේට.",sin,wili-2018,sinhala,sinhala
"උද්ධමන කාලයකදී ස්ථිර ආදායම්(වැටුප්) ලබන අයගේ මුර්ථ ආදායම්,විචල්‍ය ආදායම් ලබන අයට සාපේක්ෂව අඩුවේ.ස්ථිර ආදායම් ලබන අයගේ සිට විචල්‍ය ආදායම් ලබන අයට ආදායම් ප්‍රති බෙදීයාමක් හා ගලා යෑමක් දක්න‍ට ලැබේ.ණය ගැතියන් විසින් ගෙවන වාරික පොලී වල නාමික අග‍ය වෙනස් නොවුවත් ඒවා‍යේ මුර්ත අගය අ‍ගය අඩු වේ.එ‍ය මගහැරීමට තරම් අවශ්‍ය ප්‍රමාණයකට පොලී අනුපාත වැඩි නොවේ.",sin,wili-2018,sinhala,sinhala
"මැගිනොට් සීමාවට (මෙම නාමය ප්‍රංශ ආරක්ෂක ඇමතිවරයකු වූ ඇන්ඩ්‍රෙ මැගිනොට් සිහිවීමට යොදා ඇත.) කොන්ක්‍රීට් වළල්ලකින් ආරක්ෂාව සපයා ඇති අතර යුධ ටැංකි බාධක, කාලතුවක්කු, මැෂින් තුවක්කු සහ වෙනත් ආරක්ෂක පද්ධතීන්වලින් එය සමන්විතය. මෙම සීමාව ජර්මානු සහ ඉතාලි දේශසීමා ඔස්සේ තනා ඇති අතර I වන ලෝක යුධ අත්දැකීම් නිසා II වන ‍ලෝක යුද්ධයට හොදින් සූදානම් වීමට තනන ලදී. සාමාන්‍යයෙන් මෙවන් ආරක්ෂිත සීමාවක් ඉදි කිරීමට ජර්මනියට මුහුණ ලා සිදු කරන අතර එසේ සිදු කරන්නේ ප්‍රංශ සහ ඉතාලි ආරක්ෂක හමුදාව “අල්පයින්” සීමාව භාවිතයට ගෙන ඇති නිසාය.",sin,wili-2018,sinhala,sinhala
"මගධ රාජ්‍යයේ මුල් පාලකයින් සම්බන්ධයෙන් ඇති තොරතුරු අල්පය. ඉතා වැදගත් මූලාශ්‍ර වන්නේ පුරාණ ශ්‍රී ලංකාවේ බෞද්ධ වංශ කථා, සහ පාලි රීතිය වැනි අනෙකුත් ජෛන හා බෞද්ධ ග්‍රන්ථයන්ය. මෙම මූලාශ්ර වලට අනුව ක්‍රි.පූ. 684-424 දක්වා අවූ:200ක පමණ කාලයක් මගධ රාජ්‍ය ශ්‍රී නාග රාජපෙළපත විසින් පාලනය කල බව පෙනේ.",sin,wili-2018,sinhala,sinhala
"අසුන් පැදවීම, හෙල්ලය විසි කිරීමට සහ අසිපත් හරඹ කෙරෙහි ශූරතා දැක්වූ මස්තානි, දක්ෂ නළඟමෙන්ම ගායිකාවක ද වූවා ය. ඇය යුධ ආක්‍රමණවල දී බාජිරාඕ සමග සහායට පිටත් වූවා ය. බාජිරාඕ‍ට දාව ඔහුගේ පළමු බිසව වූ කාෂිබායි සහ මස්තානි එකිනෙකාට මාස කිහිපයක වයස් පරතයක් ඇති පුතුන් බිහි කළහ. කාෂිබායිගේ පුත්‍රයාව රඝුනාත්රාඕ ලෙස නම්කෙරිණි. මස්තානිගේ පුත්‍රයා ෂාම්ෂෙර් බහදූර් වූ අතර, උපතේ දී ඔහු ක්‍රිෂ්ණා රාඕ නම් විය.",sin,wili-2018,sinhala,sinhala
"මන්නාරම් බලකොටුව (ඉංග්‍රීසි: Mannar Fort; දෙමළ: மன்னார்க் கோட்டை) යන්න, ශ්‍රී ලංකාවේ, මන්නාරම දිවයිනෙහි පිහිටා ඇත. 1560 වසරෙහිදී එය තනවන ලද්දේ පෘතුගීසීන් විසිනි .",sin,wili-2018,sinhala,sinhala
පාට පිලිබඳ සිද්ධාන්ත වලට අනුව පාටකට සුදු එක්කිරීමෙන් ලා පැහැය (Tint) ද පාටකට කළු එක්කිරීමෙන් තද පැහැය (Shade)ද ලැබේ. පාටක ලා පැහැය මූලික අවස්ථාවට වඩා දීප්තිමත් අතර පාටක තද පැහැය මූලික අවස්ථාවට වඩා අඳුරුය.,sin,wili-2018,sinhala,sinhala
මෙම දුර ප්‍රමාණය අනුව ආරෝහණ අනුපිළිවෙලින් සකස්කරන ලද සෞරග්‍රහ මණ්ඩලය කේන්ද්‍ර කොටගත් මෙගාපාර්සෙක් 3.59 (ආලෝක වර්ෂ මිලියන 11.7 ක්) අරයක් තුල ඇති දැනට සොයාගෙන ඇති මන්දාකිණි ලැයිස්තුවකි.,sin,wili-2018,sinhala,sinhala
ක්‍රි.පූ. 326දී මහා ඇලෙක්සැන්ඩර් රජුගේ සේනාව විසින් මගධ රාජ්‍යයේ දේශසීමා ආක්‍රමණය කරන ලදී. ගංගා නදියේදී මෙම සේනාව තවත් ශක්තිමත් ඉන්දියානු හමුදාවකට මුහුණදීම‍ට බිය වී නැගෙණ බලා ඉදිරියට යාම ප්‍රතික්ෂේප කරන ලදී.,sin,wili-2018,sinhala,sinhala
බස්නාහිර පලාතට අයත් ගම්පහ දිස්ත්‍රක්කයේ තිබ්බොටුගොඩ ග්‍රාමයේ රෝමාණූ කතෝලික දුප්පත් පවුලකට අයත්ව 1963 ජනවාරි මස 22 වන දින මෙලොවට බිහිවන ලදී.පියා එස් ඩබ්ලිව් වෙිලිස් සිල්ව හා මව එච් මේරි හැරියට් ප්‍රනාන්දු විය.පමොහු වැඩිමල් සහෝදරයෙකුගෙන් හා බාල සහෝදරයෙකුගෙන් මෙන්ම සහෝදරියකුගේ පවුලේ දෙවැන්නා විය.ඉතාමත් කටුක දිවි පෙවෙතක් ගත කරමින් අධ්‍යාපන කටයුතු හදාරන ලද්දේ දෙමව්පියන්ගේ උත්සාය මතය.මව වන එච් මේරි හැරියටි ප්‍රනාන්දු ගමි ප්‍රෙද්ශයේ කාගේත් දුක සැප බලමින් කටයුතු කරමින් සිටිනා ලදී.රොගාතුරැව පියා වන එස් වේලිස් සිල්වා සිටියද ආර්ථිකය කෙසේ හෝ ගොඩ නංවා ගනිමින් දරැවන්ගේ අධ්‍යාපනයට නිතරම උර දීමට කටයුතු කරන ලදී.,sin,wili-2018,sinhala,sinhala
යටි ස්ථරය නැවත ආරමිභ විම ඇරෙඹි. ෙමි වන විට ගස්වල පත්‍ර සහිත ප්‍රදේශය විශාල වීම සිදුව ඇති අතර වයස්ගත වූ ගස්වල වර්ධන වේගය අඩු වී වියන්වල වූ හිදැස් ලපටි ශාක ගෝත්‍රවලින් පිරවීම සිදුවේ. මේ වන විට වනාන්තරය වයස් කණ්ඩායම් දෙකකින් සමන්විතය. ඇතැම් ස්ථානවල ආරමිභක ශාක ගෝත්‍රයන්ට අදාළ ගස් කිහිපයක් පමණක් ඉතිරි විම හෝ සම්පුර්ණටයන් නැති විම සිදුවිය හැක. වනාන්තරය වයස් කණ්ඩායමි රැසකින් සමන්විත වීම සිදුවනු ඇත. මියයාම අඛණ්ඩව සිදුවේ. විශාල ශාක මියයාමත් සමග වියන් වල විශාල ප්‍රමාණයේ හිඩැස් ඇති වේ. මෙය පශ්චාත්(පසු) සන්තති වනාන්තර වේ.,sin,wili-2018,sinhala,sinhala
"වෙල්යායක්, ක්‍රීඩා පිට්ටනියක්, වැනි වඩාත් එළිමහන් විශාල බිම් පෙදෙස්වල මෙන්ම ඇළදොළ, වැව් හා ගංගා වැනි ජලාශ්‍රීත ප්‍රදේශවල ගැවසීමද නොකළ යුතුය. එළිමහන් පිටියකදී හෝ කුඹුරකදී හෝ එවැනි ස්ථානයකදී ආරක්ෂා වීමට නම් දෙපා එකතු කර එකිනෙකට ආසන්නව තබා හිස සහ කඳ පහතට දමා පහත් වෙන්න.",sin,wili-2018,sinhala,sinhala
"පතෙල්ද ඇතුළුව අත්අඩංගුවට ගනු ලැබූ තිදෙනෙකු 2007 මැයි 15 දින නිදහස් කරන ලැබූහ. හතරවැන්නා වූ තනිකඩ, රැකියාවකින් තොර, දරු තිදෙනෙකුගේ පියෙකු වූ ඛාලිඩ් ඛාලික් නැමැත්තාට එරෙහිව අල් ඛයිඩා පුහුණු අත්පොතක් තබා ගැනීම සම්බන්ධයෙන් චෝදනා ගොනු කරන ලද නමුත් එම චෝදනාව ජුලි 7 දා බෝම්බ ප්‍රහාරයට අදාළ නොවීය. ත්‍රස්තවාදි ක්‍රියාවක් කිරීමට උපදෙස් දෙන පොතක් තම සන්තකයේ තබා ගැනීම අවුරුදු 10 ක් සිර දඬුවම් නියම කළ හැකි වරදකි.",sin,wili-2018,sinhala,sinhala
පහර දීම් 2004 මාර්තු 11 වෙනි දින මැඩ්රිඩ් දුම්රියේ බෝම්බ ප්‍රහාරය‍ට සමාන බවත් අල් ඛයිඩා ක්‍රමයේ පහර දීම් බවටත් අනුමාන කරනු ලැබින. බුඩාපෙස්ට් - මූලස්ථානය කර ගත් ආරක්ෂක විශ්ලේෂක සෙබස්තියන් ගොර්කා “නිසැකවම පෙනෙන පළමු කාරනය එක විට ප්‍රහාර සිදු කිරීමේ ස්වභාවයයි. එය අල් ඛයිඩාව හෝ ඊට සම්බන්ධ සංවිධානයක ස්වරූපයයි” යනුවෙන් රොයිටර් පුවත් සේවයට ප්‍රකාශ කළේය.,sin,wili-2018,sinhala,sinhala
"1946 වසර වන විට යුගල 390 ක් පිළිබඳ දැන සිටි අතර, පරිගණක වල ආගමනය හා සමගම එතැන් සිට තවද දහස් ගණනක යුගල සොයා ගැනිණි. කිසියම් පර්යන්තයකට අඩු සියළු යුගලයන් සොයා ගැනීම සඳහා නිරවශේෂ ගවේෂණයන් සිදු කෙරුණු අතර, මෙම පර්යන්තය 1970 වසරෙහිදී 108 සිට 1986 වසරෙහිදී 1010 දක්වාද, 1993 වසරෙහිදී 1011 දක්වාද සහ, 2015 වසරෙහිදී 1017 දක්වාද වැඩි කෙරිණි. 2015 වසරෙහි දෙසැම්බර් මස වන විට, ඉත සංඛ්‍යා යුගල 40,871,144 පිළිබඳ දැන සිටියි.",sin,wili-2018,sinhala,sinhala
"පිප්ඵලීමාණව තෙමේ ප්‍රාසාදයට පැමිණ ආහාර අනුභව කොට තම බිරිඳ අමතා තමන් සතු සියළුම ධනය ඈ හට පවරා පැවිදි වීමට අදහස් කරන බව පැවසීය. එකල්හි භද්‍රා කුමරිය තමන්ද මහණ වීමේ බලාපොරොත්තුවෙන් ඔහු පැමිණෙන තුරු සිටි බව පැවසීය. එවිට ප්‍රීතියට පත් ඔවුන් ඔවුනොවුන් විසින්ම හිස්කෙස් බූ ගා කසාවත් හා මැටි පාත්‍ර ගෙන්වා ""මේ ලෝකයේ යම් රහත් කෙනෙක් වේ නම් අපේ පැවිද්ද ඔවුන් උදෙසායි"" කහවත් හැඳ පොරවා ප්‍රාසාදයෙන් බැස ගියහ. ප්‍රාසාදයේ විසූ කිසිවෙකුටත් ඔවුන් හඳුනා ගත නොහැකි විය. එසේ වී නමුත් තමන්ගේ දාසයින් සිටි ගම් හරහා යන විට දාසයින් ඔවුන් හැඳින ගත්හ. එකල ඔවුන් හඬා වැටී තමන්ලා කුමක් නිසා අනාථ කලේ දැයි ඇසීය. එකළ තාපස යුවළ ඔවුන් දාස භාවයෙන් මුදවා ඔවුන් හඬද්දීම පිටව ගියහ.",sin,wili-2018,sinhala,sinhala
"මෙයට ප්‍රතිචාර ලෙස, වූ අධිරාජයා ගොඩබිම් මාර්ගයෙන් සහ මුහුදු මාර්ගයෙන් ජොසොන් වෙත ආක්‍රමණ දෙකක් මෙහෙයවී ය. ජොසොන් වෙත ප්‍රහාර එල්ල කළ හමුදා දෙක එකිනෙකා සමග සමා‍යෝජන කටයුතු නිසි පරිදි සිදු කරගැනීමට අපොහොසත් විය. මේ නිසා විශාල හානියක් සිදු විය. ක්‍රමයෙන් මෙම සෙන්පතීන් ඒකාබද්ධ කෙරුණු අතර, ක්‍රි.පූ. 108දී වංගොම් බිඳවැටිණි. ජොසොන්හි භූමිය අයත් කරගත් හන් අධිරාජ්‍යය පැරණි ගෝජොසොන්හි බටහිර පෙදෙස්වල හන් සිව් ආඥාභූමි පිහිටුවී ය.",sin,wili-2018,sinhala,sinhala
"එක් දවසක රජතුමා බුදුරදුන් හමුවට ගොස් ගඳකිළිය තුල බුදුරදුන් සමීපයෙහි හිඳ සිටියේය. එකල්හි තථාගත ශරීරයෙන් විහිදෙන ෂට් වර්ණ රශ්මීන් වැදී කම්බිලිය දිලිසෙමින් තිබුනි. රජු ඒ දැක බුදුරදුන්ගේන් කම්බිලිය පිළිබඳ විමසීය. එකල්හි බුදුරජාණන් වහන්සේ ""මහරජ, ඔබ විසින් කම්බිලිය බ්‍රාහ්මණයාට පුදන ලද්දේද, ඔහු විසින් නැවත අපහට එය පූජා කරන ලද්දේයැ""යි වදාලහ.",sin,wili-2018,sinhala,sinhala
"කෝවක්කා කොළ මැල්ලූම දියවැඩියා රෝගීන්ට හොද ඔසුවක් ලෙස සිංහල වෙදකමේ දී හැඳින්වේ. හේන් ගොවිතැන් කිරීමට කැලය කපන අවස්ථා වලදී කෝවක්කා වැල්ද කැපී යයි, එවිට කොවක්කා වැලෙන් වෑස්සෙන ජලය එකතු කර පානය කිරීමෙන් පිපාසය ඉක්මණින් සංසිදෙන බව ගොවීන්ගේ විශ්වාසය වේ.",sin,wili-2018,sinhala,sinhala
වාර්ථාගත ප්‍රථම ගවේශනය සිදු කිරීමෙ ගෞරවය හිමි වන්නේ ජෙරෙමිය හොරොක්ස් ටය. ඔහු එය සිදු කරන ලද්දේ මච් හූලෙ ප්‍රදේශයේ පිහිටි කාර් හොර්ස්හි තම නිවසෙදීය. එය එංගලන්තයේ ප්රෙස්ටං නගරයට ආසන්නය. ඔහුගේ මිත්‍රයෙකු වන විලියම් ක්‍රබ්ට්‍රී මේ සම්බන්ධයෙන් මැන්චෙස්ටර් ප්‍රාන්තයට ආසන්න බ්රෝග්ටන් හිදී 1639 දෙසැම්බර් හතර වනදා ගවේශනයක් සිදු කරන ලදී. 1631 සහ 1761 දී සංක්‍රාන්ති සිදු වන බවට සහ 1639 සිදු නොවන බවට කෙප්ලර් විසින් අනාවැකි පල කර තිබුණි. හොරොක්ස් විසින් සිකුරුගේ කක්ෂය පිළිබඳ කෙප්ලර් සිදුකරන ලද ගණනය කිරීම් නිවැරදි කරන ලදී.එමෙන්ම සංක්‍රාන්තිය යුගල වශයෙන් අවුරුදු 8ක් වශයෙන් සිදුවිය හැකි බව හදුන්වා දෙන ලදී. 1639 සංක්‍රාන්තිය පිළිබදව අනාවැකි පළකෙරිණි. එමෙන්ම එහි නිවැරදි කාලය ප්‍රකාශ කිරිඉමට ඔහුට නොහැකි විය.,sin,wili-2018,sinhala,sinhala
"මෙම 3.59 Mpc අරය තුළ ඇති සියලුම මන්දාකිණි තවමත් සොයා ගෙනනැත. ආසන්නතම වාමන මන්දාකිණි තවමත් සොයාගනිමින් පවතී, ක්ෂීරපථය මධ්‍යම තලයට පිටුපස පිහිටි මන්දාකිණි අවබෝධ කිරීම අතිශයින් දුෂ්කර වේ. ඕනෑම මන්දාකිණියකට එයට පිටුපසින් පිහිටා තවත් මන්දාකිණියක් වසං කිරීම කළ හැකි වේ.",sin,wili-2018,sinhala,sinhala
පද ප්‍රත්‍යස්ථතාවය නිරෑපණය කරයි. ( නියමයෙන්) පද නැවුම නිරෑපණය කරයි පද ගුරැත්වජ බලය නිරැපණිය කරයි. (ගුරැත්වාකර්ෂණය නිසා ඇත්වන ත්වරණය accelaration due to gravity බලන්න),sin,wili-2018,sinhala,sinhala
"Due to either disuse or criticism, a number of previously offered Creative Commons licenses have since been retired, and are no longer recommended for new works. The retired licenses include all licenses lacking the Attribution element other than CC0, as well as two licenses not allowing at least non-commercial verbatim distribution worldwide:",sin,wili-2018,sinhala,sinhala
භෞතික විද්‍යාවේ දී ප්‍රෝටෝනය සහ නියුට්‍රෝනය යන උප පරමාණුක අංශූන් වලට පොදුවේ නියුක්‍ලියෝන යන නම වැහැරේ. පරමාණුක න්‍යෂ්ටියක් සෑදෙන්නේ නියුක්‍ලියෝන එකක් හෝ කීපයක් එකතු වීමෙනි. නියුක්ලියෝන අංශු දෙවර්ගම ම බැරියෝන සහ ෆර්මියෝන පවුලට අයත් වන අතර ස්කන්ධයෙන් ද ආසන්න වශයෙන් සමාන වේ.,sin,wili-2018,sinhala,sinhala
"එකල්හි හිමාලය වනයේ වැඩ වසන පදුමාවතී දේවියගේ දරුවන් වන පන්සියයක් පසේ බුදුවරුන්ගෙන් වැඩිමහලු මහාපදුම පසේ බුදුන් වහන්සේට එය දැනී තම සහෝදර පසේ බුදුන් වහන්සේලා අමතා ""නන්ද රජු හෙට දින ඔබ සියලු දෙනාටම දනට ආරාධනා කරන්නාහ. ඔහුගේ ආරාධනාව ඉවසන්නැයි"" වදාල සේක.",sin,wili-2018,sinhala,sinhala
"සමහර විටෙක ෆර්මා (1601–1665) සහ ඩෙකාර්ට් (1596–1650) වෙත ආරෝපිත කෙරෙන තාබිත් ඉබ්න් කොර්රාගේ සූත්‍රය, ඔවුන් දෙදෙන විසින් යළි සොයාගන්නා ලද අතර, ඔයිලර් (1707–1783) විසින් එය තවදුරටත් විස්තීරණය කෙරිණි. 1972 වසරෙහිදී බෝහෝ විසින් එය තවදුරටත් විස්තීරණය කෙරිණි. අරාබි ගණිතඥයින් දැන සිටි ඉත සංඛ්‍යා යුගලයන් කිහිපයක් ෆර්මා සහ ඩෙකාර්ට් විසින් යළි සොයාගන්නා ලදි. ඔයිලර් විසින් නව යුගලයක් කිහිපයක්ද සොයාගන්නා ලදි. එවකට ගැටවරයෙක් වූ බී. නිකොලෝ අයි. පගනීනි (සංගීත රචක සහ වයලින් වාදක සමග පටලවා ගත යුතු නොවේ) විසින් 1866 වසරෙහිදී, දෙවන කුඩාතම යුගලය වන, (1184, 1210), සොයා ගත් අතර, මුල් ගණිතඥයින්ට මෙය මගහැරී තිබුණි.",sin,wili-2018,sinhala,sinhala
ලීඩ්ස්හි තිබෙන බෝම්බ නිෂ්පාදනාගාරය හඳුනා ගැනීමට හැකි වන ආකාරයට බෝම්බ කරුවන් හඳුනා ගැනීමේ සළකුණු ගෙන ගියේ මන්දැයි යන්න පැහැදිලි නැත. බෝම්බ නිෂ්පාදනාගාරය අනාගත ප්‍රයෝජනය සඳහා අරමුණු කර ගත් එකක් ලෙස පෙනි ගිය අතර ලුටෝන් ස්ටේෂමේදී සොයා ගත් බෝම්බ කරුවන්ගේ රථයේ තිබි පිපිරීම්වලට උපයෝගි කර ගන්නා තවත් උපාංග සොයා ගෙන ඇතැයි ප්‍රකාශ විය. ඊට අමතරව බෝම්බ කරුවන් ලුටොන් සිට ලන්ඩනයට ආපසු ඒමේ ප්‍රවේශ පත්‍රද මිළ දී ගෙන ඇත. එයින් අදහස් වූයේ බෝම්බකරුවන් ඔවුන් පැමිනි ආකාරයටම ආපසු යාමට අදහස් කළ බව ඇඟවීමයි. මෙයින් අනුමාන කිරීමට පිළිවන් වන්නේ බෝම්බකරුවන් ප්‍රහාරයෙන් දිවි ගලවා ගැනීමේ අදහසක් තිබුණු බවයි. සමහර විට ඔවුන් එතැනින් පලා යාමේ වෙලාව හෝ ඔවුන් රැගෙන ගිය උපකරණ වල ස්වභාවය වරදවා තේරුම් ගත්තා විය හැකිය.,sin,wili-2018,sinhala,sinhala
"ඔබේසේකරට අනුව පේ‍්‍රතයන් හා යක්කු බෞද්ධයන් ”දුෂ්ඨ” යනුවෙන් හදුන්වන දේ නියෝජනය කරති. ඔවුන් මිනිසුන්ට වැහෙන්නේ තණ්හාව, ලෝභය හා ක්‍රෝධය නිසාය. ඒ නිසා ඔවුහු දුෂ්ට දේ මූර්තිමත් කරති. ඔවුන්ට මේ නීච තත්වය ලැබී ඇත්තේ ඔවුන්ගේ පාපකර්ම නිසාය (ඔබේසේකර, 2007 : 6). යක්ෂයන්ගේ ධූරාවලිය පිළිබදව ඉදිරිපත් කරන කැෆ්ෆෙරර් පෙන්වා දෙන්නේ ධූරාවලියේ එක් එක් අධිස්වාභාවික සත්ත්වයන්ට හිමි ස්ථානය තීරණය වන්නේ ඔවුන් කෙතරම් දුරට බෞද්ධ ඉගැන්වීම් වලට අනුකූලද යන කාරණය මත බවයි. මෙම ධූරාවලියේ ඉහලින්ම දෙවියන් ඇති අතර මිනිසුන් සිටින්නේ දෙවියන්ට පහළින් හා යක්ෂයන්ට ඉහළිනි. එවිට යක්ෂයන් සිටින්නේ පහළම ස්ථරයේය. යක්ෂයන්ට තම මායම් බලයෙන් දෙවියන්ව රැවටිය හැකිය. එවිට සිදු වන්නේ තම මායම් බලයෙන් යක්ෂයන් ධූරාවලියේ ඉහළට ගමන් කිරීමකි. එවිට ධූරාවලිය අවුල් වේ. ධූරාවලිය බිද වැටේ. එවිට මිනිසුන්ව රෝගි කරවීමේ හැකියාව යක්ෂයන්ට ඇති වේ. නමුත් යක්ෂයන්ට තම නියම ස්වරූපයෙන් ධූරාවලියේ ඉහළට යා නොහැක. යා හැක්කේ වෙස් වළා ගැනීමකිනි. ශී‍්‍ර ලාංකික සමාජය තුළ පවතින පුද පුජාවල අරමුණ වන්නේ එම ධූරාවලිගත අනුපිළිවල ප‍්‍රතිසකස් කිරීමයි. යකැදුරන් තොවිල් වලදී කරනු ලබන්නේ එම ධූරාවලි අනුපිළිවෙල සකස් කිරීමයි.",sin,wili-2018,sinhala,sinhala
"කොරියානු අර්ධද්වීපයේ මානව ජනාවාසකරණය සිදුවූයේ ක්‍රි.පූ. 50,000දී වත් වන්නට ඇතැයි විශ්වාස කෙරේ. ක්‍රි.පූ. 7,000ට පමණ දින නිර්ණිත මැටි බඳුන් හමුවී ඇත. මෙම බඳුන් මැටියෙන් තනා සෙල්සියස් අංශක 700පමණ උෂ්ණත්වයට විවෘත හෝ අර්ධ විවෘත ආවාටමය උඳුන් තුළ පුළුස්සන්නට ඇත.",sin,wili-2018,sinhala,sinhala
"මෙම රටවල් දෙකෙහිම වහල්ලු බොහෝ සිටියහ. ඔවුන්ට ඉහළින් සිටියේ ආෂ්‍රියාවේ සාමාන්‍යයෙන් දුබලව සිටි වෙළෙද හා කෘෂි කර්මාන්තයේ නියුක්ත වූවන් ය . බැබිලෝනියාවට වඩා අෂ්‍රියාවේ වැදගත් වු කොටසක් ලෙස ලේඛකයන් හැදින්විය හැකිය. කම්කරුවන්, මුදල් ණයට දෙන්නන්, කවියන් හා සංගීතඥයන් රටවල් දෙකේම සිටියහ.",sin,wili-2018,sinhala,sinhala
"එකල්හි නිදා හුන් කුමරු ඇහැරී බලා ""කුමට ආවේදැයි"" විමසීය. ඉක්බිති කුමරු සිදු වී ඇති සියල්ල පුරෝහිත බමුණාගෙන් දැන ""එසේ වී නම් රාජ්‍යය කරමියි"" කියා රාජ්‍යය භාර ගත්තේය.",sin,wili-2018,sinhala,sinhala
"ලී හැරිස් 30, ගෘහ නිර්මාණ ශිල්පියෙකි. නැගෙනහිර ලන්ඩනයේ වයිට් චැපල් හි රෝයල් ලන්ඩන් ‍රෝහලේ ප්‍රතිකාර ලැබීමෙන් පසු මිය ගියේය. ඔහුගේ සහයිකාව වූ සමන්තා බැඩ්හැම්ද එම ප්‍රහාරයෙන් මිය ගියාය.",sin,wili-2018,sinhala,sinhala
"කොරියානු සෙලඩන් සතුව ඊටම අනන්‍ය ඔපයක් තිබූ අතර එය ""පිළිහුඩු"" වර්ණය ලෙස හඳුන්වයි. යකඩ පාදක කරගත් නිල්-කොළ පැහැ ඔපයක් වන මෙය උඳුනේ දී ඔක්සිජන් ඔක්සිහරණය කිරීමෙන් තනා ගැනේ. කොරියානු සෙලඩන් බඳුන් ජීවී රූ රැගත් අතර, මත්ස්‍යයින්, කොමඩු, සහ වෙනත් සතුන්ගේ හැඩය ගත් ගලායන ස්වරූපයේ නිර්මාණ ඒ අතර වේ. කොරියානුවන විසින් සංගම් නැමැති ගිල්ලවීමේ ක්‍රමයක් ද සොයාගත් අතර, එහි දී කුඹල්කරුවන් විසින් අර්ධ වශයෙන් වියළන ලද මැටි බඳුන්වල මෝස්තර සාරන ලද අතර, කළු හෝ සුදු පැහැ මැටි තැන්පත් කිරීම සිදු විය.",sin,wili-2018,sinhala,sinhala
"යාපනය පුරාවිද්‍යා කෞතුකාගාරය යාපනය නල්ලූර්හී පිහිටුවා තිබෙන කෞතුකාගාරයකි. එහි බෞද්ධ, හින්දු අාගම්වලට අයත් කෞතුක වස්තූන් රැසක් ප්‍රදර්ශනයට තබා තිබේ. එසේම කදුරුගොඩ පුරාවිද්‍යා කැණීම් වලින් සොයාගත් සමහරක් වස්තූන්ද මෙහි දැකගත හැකිවේ.",sin,wili-2018,sinhala,sinhala
"වර්ෂ 1826දී විදේශීය දිය සායම් සිතුවම් ශිල්පියෙකු වූ විලියම් ඩැනියෙල් විසින්, පර්වතයෙහි ඉහල ස්ථූපයත්, පාමුල දිය පහරක් හා වන සතුන් සැරිසරණ ආකාරය දැක්වෙන මුල්කිරිගල පාදක කොට ගත් සිතුවමක් නිර්මාණය කෙරූ අතර එය මුල්කිරිගල පුදබිම සිතුවම ලෙස හැඳින්වේ. මෙම සිතුවමෙහි වූ සාර්ථකත්වය හේතුවෙන් එකල එය සුදු ඒජන්තවරයාගේ නිවසේ තැමිපත් කොට තිබූ බව පැවසෙයි. නමුත් පසුකාලීනව ලන්ඩනයේදී වෙන්දේසි කිරීමට සූදානම් කොට තිබූ මෙම සිතුවම නැවත පරිශ්‍රමයක් දරා මෙරටට රැගෙන ආ බව සඳහන් වේ.",sin,wili-2018,sinhala,sinhala
"හුයිෂොං අධිරාජයාගේ පුත්‍රයකු වූ ගඔෂොං අධිරාජයා (රාජ්‍ය. 1127–1162) දකුණ වෙත පලාගොස් සොං රාජවංශය නැවත ස්ථාපිත කළේ වර්තමාන නැන්ජිං ප්‍රදේශයේ ය. 1129දී ඔහු ලින්’අන් (වර්තමාන හැංචෞ) ප්‍රදේශයේ තාවකාලික අගනුවරක් පිහිටුවූ අතර, 1132දී ඔහු එය සොං අධිරාජ්‍යයේ නිල අගනුවර ලෙස නම්කළේ ය. දකුණු සොං ආක්‍රමණයට ජින් කිහිප වරක්ම උත්සාහ දැරූ මුත් එය අසාර්ථක විය. නමුත් 1165දී සොංහි ෂියාඕසොං අධිරාජයා (රාජ්‍ය. 1162–1189) සහ ජින්හි ෂිසොං අධිරාජයා (රාජ්‍ය. 1161–1189) සාම ගිවිසුමක් සඳහා එකඟත්වය පලකළහ. මෙය අධිරාජ්‍ය ද්විත්වය අතර රාජ්‍යතාන්ත්‍රික ගිවිසුමක් ලෙසින් ක්‍රියාත්මක විය. 1279දී මොංගෝලයන්ගේ ඛාගන්වරයා වූ කුබ්ලයි ඛාන් යටතේ යුවාන් රාජවංශය විසින් සොං යටත් කරගන්නා තෙක්ම සොං රාජවංශය දකුණු චීනයේ පාලනය ගෙනගියේ ය. මෙහි අවසන් පාලකයා වූ චාඕ බිං (රාජ්‍ය. 1278–1279) 1279 මාර්තු 19වන දින මරාදැමුණේ යමෙන්හි නාවික සටනේ දී ය. මෙම ස්ථානය වර්තමානයේ ගුවාංදොං පළාතේ ජියෑංමෙන් පුරවරයේ ෂින්හුයි දිස්ත්‍රික්කයේ යමෙන් නගරයේ පිහිටා ඇත.",sin,wili-2018,sinhala,sinhala
"මුමුන්-වර්ගයේ මැටි ක්‍රි.පූ. 2000 පමණ කාලයේ දක්නට ලැබෙන අතර, ඒවා විශාල විසිතුරු නොකළ මැටි බඳුන් වේ. මේවා ආහාර පිසීමේ සහ ගබඩා කිරීමේ කටයුතු සඳහා භාවිතා වන්නට ඇත.",sin,wili-2018,sinhala,sinhala
"එසමයෙහි, විපස්සී බුදුරජාණන් වහන්සේ මහ පිරිස් මැද අතිමධුර වූ බ්‍රහ්මස්වරයෙන් ඉතා මිහිරි කොට දහම් දෙසන සේක. පිරිස් කෙළවර හිඳ දහම් අසන ඒකශාටක බ්‍රහ්මණ තෙමේට ප්‍රථම යාමේයේදීම මහත් වූ ප්‍රීතියක් ඇති විය.",sin,wili-2018,sinhala,sinhala
"ක්‍රි.පූ. 12වන සියවසේ දී, චීනයේ ෂෑං රාජවංශයේ කුමරකු වූ ගිජා විසින් ගිජා ජොසොන් රාජ්‍යය පිහිටුවූ බැව් පැවසේ. කෙසේනමුත්, පුරාවිද්‍යාත්මක සාක්ෂි මඳ හෙයින්, 20වන සියවසේ සිටම එහි පැවැත්ම අභියෝගයට ලක්ව ඇත. වර්තමානයේ මෙම යුගය පිළිබඳ මුඛ්‍යධාරා අදහසක් ගොඩනගා නැත‍‍.",sin,wili-2018,sinhala,sinhala
නුවර යුගයට අයත් එම කාලයේ ශිල්පීන් විසින් අදින ලද සිතුවම් නුවර යුගයේ සිතුවම් නමින් හැදින් වේ. මෙම සිතුවම් ලාංකේය අනන්‍යයථාවක් සහිතය. ඒවා අන්රටක සිත්තම් හා නොපෑහෙයි. දේශීය සිත්තරුන්ගේ අතින් නිමැවුණ මෙම සිතුවම් එකල සමාජ පරිසරය මැනවින් හුවා දක්වයි.,sin,wili-2018,sinhala,sinhala
ඉහත ආකාරයට ප‍්‍රතිකාර ක‍්‍රම ගණනාවක් ලාංකීය සමාජය තුළ පවතින අතර මේ නිසාම වෛද්‍යමය බහුත්වවාදයක් ඇති වී තිබේ. නමුත් ප‍්‍රතිකාර ක‍්‍රමයන් තිබු පමණින්ම ඔවුන් ඒ කෙරෙහි ළඟා වන්නේද නැත. රෝග කාරක මූලය මත ද ප‍්‍රතිකාර ක‍්‍රම විවිධ වේ. තම සංස්කෘතික චර්යාවට අනුව රෝග මූලය හඳුනා ගත් පසු ඔවුහු ඒ හා සම්බන්ධ ප‍්‍රතිකාර ක‍්‍රමයන්ට යොමු වෙති. එක් එක් රෝග කාරක මූලයන් හා සම්බන්ධ විවිධ ප‍්‍රතිකාර ක‍්‍රමයන් පුළුල් ප‍්‍රවර්ගයන් දෙකකට ඇතුළත් කළ හැකිය. එනම් ආනුභවික ප‍්‍රතිකාර හා අධිස්වාභාවික ප‍්‍රතිකාර වශයෙනි. ආනුභවික ප‍්‍රතිකාර වශයෙන් හැඳින්විය හැක්කේ ආයුර්වේද වෛද්‍ය ක‍්‍රමය හා බටහිර වෛද්‍ය ක‍්‍රමයයි. පුද පුජාමය ප‍්‍රතිකාර හා අභිචාරමය ප‍්‍රතිකාර බොහෝ දුරට අධිස්වාභාවික බලවේග හා සම්බන්ධ වත් පිළිවෙත් සමඟ සම්බන්ධ වේ.ඒ අනුව මෙහිදී සාකච්ඡාවට ලක් කරන්නේ අධිස්වාභාවික ප‍්‍රතිකාර යටතට අයත් වන අභිචාරමය ප‍්‍රතිකාර පිළිබඳවය.,sin,wili-2018,sinhala,sinhala
"වර්ෂ 2015 අප්‍රේල් මාසය වන විට මාධ්‍යවේදීන්, වාර්තාකරුවන්, සංස්කාරකයන්, උප-සංස්කාරකවරුන්, ඡායාරූප ශිල්පීන්, සහ සැලසුම්කරුවන් ඇතුළුව 179ක් විය.විදේශීය ජාතිකයන් විසි නවයක් උප-සංස්කාරකවරුන් හා මුද්‍රිත සහ ඩිජිටල් ප්‍රවෘත්ති සංස්කාරකවරුන් ලෙස වැඩ කරයි.ඉරිදා කර්තෘ පාවුල් රුෆිනි, ඕස්ට්රේලියානු ජාතිකයකු වේ.",sin,wili-2018,sinhala,sinhala
"රජයකට සත්‍ය උද්ධමනය හැංගිමට ක්‍රම ඇත. සංඛ්‍යාන වාර්තා විකෘති කිරීම (සැපයුම, උද්ධමනය හෝ සංචිතය) මෙම සංඛ්‍යාත පළ කිරීම මර්දනය මිල හා වැටුප් පාලනය ඉතිරි කිරිමේ ක්‍රම වලට බල කිරිම් මුදල් සංසරණය අවම කර ඉල්ලුම හා සැපයුම පාලනය මෙහි අරමුණයි. පාරිභෝගික මිල දර්ශකයේ ඇති මිල ශීග්‍රයෙන් වැඩිවන භාණ්ඩ එම ලැයිස්තුවෙන් ඉවත් කිරීම",sin,wili-2018,sinhala,sinhala
දේවියද රජතුමා ගිය දා පටන් මහත් වූ ගෞරවයෙන් යුතුව පසේ බුදුන් වහන්සේලාට ඇප උපස්ථාන කලේය. නමුත් රජතුමා නැවත් පැමිණීමට පෙර පසේ බුදුන් වහන්සේලාගේ ආයු කාලය ගෙවිණි. මහපදුම පසේ බුදුන් වහන්සේ රාත්‍රිය මුළුල්ලේ ධ්‍යාන සුඛයෙන් කල් ගෙවා අළුයම් කාලයේදී සක්මන කෙළවර හේත්තු වන ලෑල්ලට හේත්තූ වී සිට ගෙනම පිරිණිවන් පෑවාහුය. එදිනම ඒ වේලේම අනෙක් පසේ බුදුන් වහන්සේලාද පිරිණිවියහ.,sin,wili-2018,sinhala,sinhala
ගොඩනැගිල්ල වටා පෘථීවි දඬු කිහිපයක් සවි කර ගොඩනැගිල්ලේ විදුලි පරිපථයේ විවිධ ස්ථානවලදී පෘථීවි දණ්ඩට හොඳින් සම්බන්ධ කිරීමෙන් ප්‍රතිරෝධය අඩුකර ගැනීමට පුළුවන. ප්‍රතිරෝධය අඩු කර ගැනීම අකුණක් භූගත වීමට පහසු කරවීමකි.,sin,wili-2018,sinhala,sinhala
"මුල්කිරිගල විහාරස්ථානයේ වූ ලෙන් සිතුවම් මෙරට මහනුවර සිතුවම් සම්ප්‍රදායේ විශේෂ ස්ථානයක් හිමිකර ගනී. මෙහි වෙස්සන්තර, තේලපත්ත හා ශිවි වැනි ජාතක කතා තීරුගත ක්‍රමයට ද්විමාන සිතුවමින් නිරූපණය කොට තිබේ. මෙහිලා විශේෂිත සිතුවමක් ලෙස උඩුකය නිරුවත් ආභරණ පැළැඳි කතුන් බෙර වාදනයේ යෙදෙන අවස්ථාව හඳුනාගැනේ. විහාරස්ථානයේ පැරණිතම සිතුවම් ලෙස රජමහා විහාර මළුවේ තේලපත්ත ජාතක සිතුවම් හඳුනාගෙන තිබේ.",sin,wili-2018,sinhala,sinhala
"කොපර්(1) Chloride මූලික වශයෙන් දිලීර නාශක කොපර් ඔක්සි ක්ලෝරඉඩ් වලදී යොදා ගනී.මේ සදහා ජලීය කොපර්(1) Chloride,Comproportionation ක්‍රියාවලියෙන් පසුව ඔක්සිකරණය කීරීම තුලින් නිපදවා ගනී.Arenediazonuium Salt සමඟ CuCl පිරියම් කල විට ඇරිල් ක්ලෝරඉඩ නිපද වේ.",sin,wili-2018,sinhala,sinhala
"පුහුණුව අදියර දෙකකින් ලබා දී ඇත.මූලික පුහුණුව සාමාන්යෙන් සති 2-4ක් සඳහා, විවිධ හමුදා පුහුණු මධ්‍යස්තානයනහිදී ශ්‍රි ලංකා යුද හමුදාව විසින් සපයා ඇත. ජංගම පුහුණු ඒකක විසින්, ඒකක සේවයේ යොදවා ඇති ප්‍රදේශවල අමතර පුහුණුව වරින් වර සිදු කරනු ලබයි.",sin,wili-2018,sinhala,sinhala
"ඉන්දියාවේ කාශ්මීර ප්‍රාන්තයෙන් බිහිවූ වාද්‍ය භාණ්ඩයකි. ""තත් සියයක් ඇති"" යන අරුතින් ශත තන්ත්‍ර වීණ නමින්ද හැදින්වේ. ජන ගායනා සදහා මෙය භාවිත වෙයි. වර්තමානයේ උතුරු ඉන්දීය ශාස්ත්‍රීය සංගීතයට ද යොදා ගැනේ.",sin,wili-2018,sinhala,sinhala
"පළමු ඉත සංඛ්‍යා යුගල දහය වන්නේ: (220, 284), (1184, 1210), (2620, 2924), (5020, 5564), (6232, 6368), (10744, 10856), (12285, 14595), (17296, 18416), (63020, 76084), සහ (66928, 66992) වෙති.(OEIS හි A259180 අනුක්‍රමය). ((OEIS හි A002025 අනුක්‍රමය) සහ (OEIS හි A002046 අනුක්‍රමය) යන්නන්ද බලන්න)",sin,wili-2018,sinhala,pali
"1960 ගණන් වන තුරු, නියුක්ලියෝන යනු එයින් එක එකක් එයට කුඩා කොටස් වලින් සැදී නොමැති මූලිකාංශු බවට සැලකුණි. ඊනියා දැඩි අන්තර්ක්‍රියාවෙන් එකට බන්ධනයවූ ක්වාක් අංශු තුනක් වෙතින් සැදී ඇති ඒවා සංයුක්ත අංශූන් බව දැන් අවබෝධ වී ඇත.",sin,wili-2018,sinhala,sinhala
බොහොමයක් වාරිමාර්ග පද්ධති ප්‍රදේශවලට බෙදා ඇත. ප්‍රදේශයක් යනු තනි වාරිමාර්ග වෑල්වයක් හා නළ මඟින් එකිනෙක සම්බන්ධ වී ඇති වතුර විදින එකක් හෝ කිහිපයකි. මෙලෙස වාරිමාර්ග පද්ධතියක් ප්‍රදේශවලට බෙදා ඇත්තේ මුළු යායකට හෝ ක්‍රීඩාංගනයකට එකවර වතුර විදීම සඳහා ප්‍රමාණවත් තරම් පීඩනයක් හෝ ගැලීමක් ලබා ගත නොහැකි නිසාය. එක් එක් ප්‍රදේශයට වාරිමාර්ග පාලකයක් මඟින් වයරයක් හරහා පාලනය වන පරිනාලිකා වෑල්වයක් ඇත. වාරිමාර්ග පාලකයක් යනු යම් නිශ්චිත වේලාවක දී යම් ප්‍රදේශයකට ක්‍රියාත්මක වීමට හා එය විශේෂිත කාල පරාසයක් පුරාවට පවත්වා ගැනීමට සංඥා කරන යාන්ත්‍රික හෝ විද්‍යුත් උපාංගයකි. පාරිසරික තත්ව වලට අනුව ජලය දැමීමේ කාලය එමඟින්ම තීරණය කිරීමේ හැකියාව ඇති පාලක හැඳින්වීමට යෙදෙන වර්තමාන වදන වන්නේ ස්මාට් පාලක යන්නයි. ස්මාට් පාලක මඟින් වර්තමාන තත්ව තීරණය කරනු ලබන්නේ අදාල ප්‍රදේශය සඳහා වූ ‍ඓතිහාසික කාළගුණ දත්ත මඟින් එය ආර්ද්‍රතා සංවේදකයක් (ජල විභවය හෝ ජල අන්තර්ගතය) කාළගුණ ස්ථානයක් හෝ මේවායේ සංයුක්තයක් විය හැක.,sin,wili-2018,sinhala,sinhala
"ක්‍රි.ව.1055 දී පමණ ආරම්භ වූ පොලොන්නරු යුගය ශ්‍රී ලංකාව තුළ යම්තාක් දුරට සංගීතය ව්‍යාප්ත වූ වකවානුවකි. මෙම යුගයේදී හින්දු ආගමික කටයුතු සදහා ඉහළ රාජ්‍ය අනුග්‍රහයක් ලැබුණු බවත් එකල සංගීතය හා නැටුම් පැවැත්වීමට ""සරස්වතී මණ්ඩපය"" නමින් ගොඩනැගිල්ලක් වූ බවත් ඉතිහාස තොරතුරු වල දැක්වේ. බුත්සරණ කෘතියෙහිද එක් ස්ථානයක ""රසනැති දණ්ඩෙන් ගැසූවද වීණාව මධුරවූ ශබ්ද පවත්නා සේ"" යනුවෙන් උපමාවක් සදහන් කර තිබේ. මෙම තොරතුරු වලට අනුව තත්වාද්‍ය භාණ්ඩ අතීතයේ සිටම ශ්‍රී ලංකාව තුළ භාවිතවූ බව පැහැදිළි වේ.",sin,wili-2018,sinhala,sinhala
"වාරිතාක්ෂණයේ විශිෂ්ට නිර්මාණය සොයා යන ගමන් මග වැටී ඇත්තේ පරාක්‍රමපුර නගරය මධයේ සිට කිලෝමීටර 5 කට ආසන්න දුරකිනි. පරාක්‍රමපුර නගර මධයේ සිට කිලෝමීටර 1 1/2 ක දුරට උතුරු දෙසට තාර දැමූ මාර්ගය ඔස්සේ ගොස් එතැන් සිට බටහිර දිශාවට කිලෝමීටරයක දුරක් 11 වෙනි බෙදුම් ඇළට (ඩී 11) යාබද මාර්ගය ඔස්සේ ගොස් එතැන් සිට උතුරු දිශාවට කිලෝමීටර 2 1/2 පමණ දුරක් කටු පඳුරු වන ලැහැබවල් මැදින් වැටී ඇති පුංචි අඩිපාරක් දිගේ යා යුතුය. ඉතා දුෂ්කර වූ ගමනක වෙහෙස සංසිඳුවමින් අපි ලගාවූයේ රෑසියන්ගේ හඩ දෝංකාර දෙන විශාල ජල දහරාවක් ගලායන රූස්ස මහ වනය මැද පිහිටි විශ්මිත ""ගල් පාළම"" අභියසටයි. උතුරු දිශාවෙන් 223 බලසේනා මූලස්ථානයට ද , දකුණු දෙසින් සමූහ ගොවිපළකට ද , නැගෙනහිරින් යාය 5-6 කෙත් යායට ද , බටහිරින් නිකවැව ගම්මානයට ද මායිම් ව පවතින මෙය අනුරාධපුර දිස්ත්‍රීක්කයත් වන්නි දිස්ත්‍රීක්කයත් වෙන් කරන ඉසව්වේ පිහිටයි.NPPI",sin,wili-2018,sinhala,sinhala
ඉතින් ඇයි මේ කාශ්‍යපහිමියන්ගේ ශ්‍රී දේහය මෛත්‍රී බුදුහිමියන් අතින් ආදාහන වෙන්නෙ. ඒකට හේතුවක් තියෙනව. ඒ හේතුවම තමයි මෛත්‍රී බුදුහිමියන්ගෙ පිරිනිවීමටත් හේතුව වෙන්නෙ. අපේ බෝසතාණන් වහන්සේ එක් අවස්ථාවක රජකෙනෙක්ව ඉපදුනා. මෛත්‍රී බෝසතාණන් වහන්සේ එතුමාගෙ ඇත්හලේ ඇතුන් හික්මවන ඇත් ගොව්වා උනා. දිනක් රජු ඇතා පිට යද්දි ඇතාට ඇතින්නියකගේ ගද දැනී කැලයට පැන දිවූ අතර රජු ගසක එක්ලී බේරුනි. මින් චෝදනාව ආවේ ඇත් ගොව්වාටය. ඇතුන් ඔහුට අවනත නැතිබව රජු විසින් දෝෂාරෝපණය කරන ලදි. ඇතා දින කිහිපයකින් සිය අවශ්‍යතා සපුරාගෙන නැවත ආවේය. ඒ අවස්ථාවේත සිට ඉතා කීකුරුව ඇත්ගොව්වා සමග කටුයුතු කලේය. ඇත්ගොව්වා සිය ඇතා කීකරු බව පෙන්වීමට රජු කියන සෑම දෙයක්ම ඇතා ලවා කර පෙන්වීය. එහෙත් රජු සෑහීමට පත් නොවීය. අවසානයේදී ගිණිගෙන දිලිසෙන යකඩ ගුලියක් ඇතාට හොඩයෙන් ගන්නට කීවේය. ඇතා ඇත්ගොව්වාගේ අණ පරිදි කදුලු පිරි දෙනෙතින් එයද කලේය. හොඩ චිරි චිරි යන හඩින් පුපුරද්දිත් ඉවසා සිටියේය. ඒ සැනින් රජු වහා එය බිම දැම්මවීය. මෙහි විපාක ලෙස ඇත්ගොව්වා මෛත්‍රී බුදුන්ද විපාක ලබයි. එනම් මහා කාශ්‍යප හිමියන්ගේ සිරුර ආදාහනය කරන්නේ මෛත්‍රී බුදු හිමියන් විසින්. ඒ ආදාහනය කරන්නේ ශ්‍රී හස්තය මත තබාගෙනයි. එහි ගිණි සැරට බුදුහිමියන්ගේ ශ්‍රී හස්තය දැවී ඒ මත දිය බුබුලක් පැන නගිනවා. එහි ඵල විපාක ලෙස බුදුහිමියන් පිරිනිවන් පානවා.,sin,wili-2018,sinhala,sinhala
"Mention if the work is a derivative work or adaptation, in addition to the above, one needs to identify that their work is a derivative work i.e., “This is a Finnish translation of [original work] by [author].” or “Screenplay based on [original work] by [author].”",sin,wili-2018,sinhala,sinhala
"ජේම්ස් මේසිස් 28, ප්‍රාග් හි සෞඛ්‍ය සුරැකීමේ කොමිෂමක සේවය කරමින් සිට නිවාඩුවට පැමිණ ඇත. බ්‍රැස්බරිහි ඔහුගේ නිවසේ සිට ලින්කන් ඉන් හි පැවති සාදයක් සඳහා පිටත් වී ඇත. කිංග්ස් ක්‍රොස් හරහා උමං දුම්රියෙන් යාමට තීරණය කරන්නට ඇත.",sin,wili-2018,sinhala,sinhala
එම රේඛාව 1930 සිට විවිධ කාල පරිච්ඡේදයන්වල දී STG මඟින් CORF හි අධීක්ෂණය යටතේ ගොඩනැංවිනි. ප්‍රධාන ගොඩ නැංවීම ප්‍රංශ ෆ්රෑන්ක් බිලියන 3 ක පමණ වියදමින් 1939 වන විට බොහෝ දුරට සම්පූර්ණ කර තිබුණි.,sin,wili-2018,sinhala,sinhala
"බහුරෑප රාමු සහිත චිත්‍රපට වලදි මෙම අඛණ්ඩතාවය යන සිද්ධාන්තය භාවිතා කරනු ලැබුවේ 1879 සිට ය. එම වර්ෂයේ අගභාගයේ දී ‍ජෝජ් ඇල්බට් ස්මිත් විසින් "" The kids in the tunnel' නිපදවන ලදි. එම චිත්‍රපටියේ ආරම්භක රෑප රාමුවේ 'Phinatm ride' එකක් පෙන්නයි. මෙහිදි දුම්රියක් උමගක් තුලට ගමන් කරයි. පසු දර්ශණයේදි කාන්තාවක් සහ පුරැෂයෙකු දුම්රිය තුළදි සිපගන්නා දර්ශණයක් පෙන්වයි. ඉන්පසු නැතත් දුම්රිය උමගෙන් පිටතට එන අවස්ථාවේ 'Phinatm ride' එක නැවත පෙන්වයි. ඊට මසකට පසු යොක්ෂර් වල පිහිටි බැමිෆොක් වෙළද සමාගම මගින් එම චිත්‍රපටයම නැවත රෑගත කරන ලදි. මෙහිදි දුම්රිය උමගට ඇතුලුවන හා පිටවන රෑපරාමු එම දුම්රිය මාර්ගයේ පසකින් සිට රෑගත කරන ලද අතර පසුව එම දර්ශණ දෙක අතර‍ට සිප ගැනිමේ දර්ශණයක් ඇදන ලදි.",sin,wili-2018,sinhala,sinhala
මේ ආකාරයට රෝග සුව කර ගැනීම සඳහා අභිචාරාත්මක ප‍්‍රතිකාරයන්ට නැඹුරු වීම කෙරෙහි බලපාන සාධක ඔවුන්ගේ සංස්කෘතිය හා බැඳී පවතින බව පෙනේ. ඒ අනුව බහුත්ව වෛද්‍ය ක‍්‍රමයක් ක‍්‍රියාත්මක වුවද රෝගීන්ගේ ප‍්‍රතිකාර පරිහරණය යම් යම් සාධක මත වෙනස් වේ. විශේෂයෙන්ම ඔවුන් අභිචාරාත්මක ප‍්‍රතිකාර කෙරේ යොමු වන්නේ රෝග කාරක මූලය අධිස්වභාවික බලවේගයක් හා සම්බන්ධ වන බව වටහා ගත් විටය. නැතිනම් රෝග කාරක මූලය ස්වභාවික සංසිද්ධියක් වන්නේ නම් ආනුභවික ප‍්‍රතිකාර පරිහරණයෙන් රෝගය සුව නොවන විටදී ඔවුන් අභිචාරාත්මක ප‍්‍රතිකාර කෙරේ යොමු වූහ. එසේම සමාජ සමූහ ද මේ කෙරේ ඉමහත් බලපෑමක් සිදු කරන බව පෙනේ. මේ ආකාරයට පෙනී යන්නේ අන් ප‍්‍රතිකාර ක‍්‍රමවලට වඩා රෝගී මනසට අභිචාරාත්මක ප‍්‍රතිකාර සමීප බවය. අභිචාරාත්මක ප‍්‍රතිකාර මගින් සුව කරන්නේ මිනිස් මනසය. මිනිස් රුධිරය ය. එනම් ශාරීරික මෙන්ම මානසික රෝගී තත්වයන් දුරු කිරීම අපේක්‍ෂා කරයි. ආනුභාවික ප‍්‍රතිකාර ක‍්‍රමයන් තුළින් සිදු නොවන රෝගියා අපේක්‍ෂා කරන තත්වයන් ඒ තුළින් ඉටු වන නිසා අභිචාරාත්මක ප‍්‍රතිකාර කෙරේ ඔවුහු නැඹුරු වෙති. නමුත් මේ සියලූ ප‍්‍රතිකාර ක‍්‍රමයන් හරහා කෘත්‍යාත්මක අවශ්‍යතාවයන් ඉටු කරන නිසා ඒවා සහයෝගීව රෝගීන් වටා ක‍්‍රියාත්මක වන බව පෙනේ.,sin,wili-2018,sinhala,sinhala
මෙම අකුණු හටගන්නා විට ගිගිරුමක් නොඇසේ. එහෙත් වලාකුළු ආලෝකවත් වෙයි. පොළොව මට්ටමේ සිට කිලෝමීටර් 25 ක්ප මණ හෝ ඊට වඩා උසකින් හට ගනී. මෙම අකුණු ඇතිවීමට හේතුව ඉහළ වලාකුළු වලින් අකුණු පරාවර්තනය වීමයි.,sin,wili-2018,sinhala,sinhala
අකිල විරාජ් කාරියවසම් යනු ශ්‍රී ලංකාවේ දේශපාලඥවරයෙකු සහ පාර්ලිමේන්තු මන්ත්‍රීවරයෙකු වේ. ශ‍්‍රී ලංකා ප‍්‍රජාතාන්ත‍්‍රික සමාජවාදී ජනරජයේ වත්මන් අධ්‍යාපන අමාත්‍යවරයා වන ඔහු එක්සත් ජාතික පක්ෂයේ වර්තමාන නියෝජ්‍ය මහලේකම්වරයා සහ පක්ෂයේ මාධ්‍ය ප‍්‍රකාශකවරයා ද වේ.,sin,wili-2018,sinhala,sinhala
ශ්‍රී ලංකාවේ කෝට්ටේ යුගයෙහි විසූ කවියකු හා ශ්‍රාස්ත්‍රඥයකු වූ තොටගමුවේ ශ්‍රී රාහුල හිමියන් ලියූ කෘතියකි. මොග්ගල්ලානපංචිකා (මොග්ගල්ලානපඤ්චිකා) හෙවත් මොග්ගල්ලාන ව්‍යාකරණය නමින් හැඳින්වෙන පාළි ව්‍යාකරණ ග්‍රන්ථය උදෙසා ලියන ලද අර්ථ ව්‍යාඛ්‍යාවකි.,sin,wili-2018,sinhala,sinhala
"පිහිටි ගල්තලාවක් මත ඉදිකර ඇති මායාදුන්න පිහිටි විහාරය උහන ප්‍රාදේශීය ලේකම් කොට්ඨාශයට අයත් වේ. වර්තමාන විහාරයේ වූ බොහොමයක් ඉදිකිරීම් මෑතකාලීන ඒවා වන නමුත්, සිරිපතුල් ගල්, සදකඩපහණ කොටස්, ගොඩනැගිලි සහ කණු පාදම් වැනි සමහරක් පුරාණ ඉදිකිරීම් තවමත් විහාර පරිශ්‍රයෙහි දැකගත හැකිය. බුද්ධ ප්‍රතිමා නිර්මාණයට පෙරාතුව ජනයා විසින් ආසනඝර සහ සිරිපතුල් ගල් වැනි විවිධ වස්තූන් වෙත බුදුන් වහන්සේ අදහස් කරමින් වන්දනාමාන කලහ. මේ හේතුවෙන් විහාරයකදී සිරිපතුල් ගල් හෝ ආසනඝර හමුවීම පුරාවිද්‍යාවේදී සළකණු ලබන්නේ එම විහාරය රටේ බුද්ධ ප්‍රතිමා නිර්මාණයට පෙර පටන් පැවති බවට සාධකයක් වශයෙනි. විහාරයේ ප්‍රතිමා ගෘහය සහ පොකුණ අතරමැදි ගල්තලාවේ පිහිටි පර්වත ලිපිය ශ්‍රී ලංකා පුරාවිද්‍යා දෙපාර්තමේන්තුව විසින් සංරක්ෂණය කොට තිබේ.",sin,wili-2018,sinhala,sinhala
1815 දී ඉංග්‍රීසින් අතට සිරකරැවකු බවට පත් තුන් සිංහලයේ අන්තිම සිංහල රජ වන ශ්‍රී වික්‍රම රාජසිංහ නම් වූ මහ නිරිදුන් සිරකරැවකු ලෙසින් මහනුවර සිට කොලොම්තොටට රැගෙන යන ලද්දේද තිබ්බොටුගොඩ මායිමක් ගෙස සැලකෙන එමෙන්ම සභාවක් ලෙස 1999 ඔක්තෝම්බර් මස 01 වන තෙක් පැවති ප්‍රධාන දෙව් මැදුර අසලින් බව මුඛපරම්පරානුගත කථාවන්හි සදහන් වීම ද විශේෂත්වයකි.,sin,wili-2018,sinhala,sinhala
බැබිලේනියානු කැසයිට් රාජවංශයේ නයිපුර් වලින් සොයාගත් බර්නාබුරයාහ් රාජකාලයේ නම දරන ලිපි දෙකක දිල්මන් පිළිබඳව සඳහන් ව තිබුණි. එම ලිපි දිල්මන් හි ප්‍රාදේශීය නිලධාරියා විසින් සිය මෙසපොතේමියාවේ උන් ඉහළ නිළධාරියාට ලියන ලද ලිපිය. ඇක්කඩයන් යනු එම ලිපි යොමුකරනු ලැබු නාමයවේ. එම ලිපිවලට සබැඳි අදාල සෑම ලියකියවිල්ලකම අඩංගු වන්නේ එකල බැබිලෝනියාව හා දිල්මින් අතර තිබු රාජ්‍යතාන්ත්‍රික සම්බන්ධය පිළිබඳවයි. කැසයිට් අධිරාජ්‍යයේ බිඳ වැටීමෙන් පසු ක්‍රි.පූ. 1250 මෙසපොතේමියානු රජ කෙනෙකු දිල්මන් හා මෙලුහා හි පහල මුහුදේ හා උඩහ මුහුදේ රාජ්‍යත්වයට පත්වුණි. අවසාන වශයෙන් නිඕ බැබිලෝන් නැමති අධිරාජ්‍යය විසින් දිල්මනය පාලනය කරන ලදි. නිඕ - බැබිලෝන් රාජ්‍ය සමයෙන් පසු දිල්මිනය බිඳ වැටුණි.,sin,wili-2018,sinhala,sinhala
"ගෝජොසොන් රාජ්‍යය දියුණු වූයේ ලෝකඩ තාක්ෂණය උපයෝගී කර ගැනීමෙන් බව පෙනේ. එහි දියුණුභාවය ලෝකඩ අසිපත් හෝ ""මැන්ඩලීන්-හැඩැති සිරි"" (비파형동검, 琵琶形銅劍) වල විශිෂ්ට භාවයෙන් පෙනේ. මැන්ඩලීන්-හැඩැති සිරි ලියාඕනිං, හෙබෙයි, සහ කොරියානු අර්ධද්වීපය දක්වා පහළට ‍මැංචූරියාවෙනුත් හමුවේ. මෙමගින් යෝජනා වී ඇත්තේ ගෝජොසොන් විජිතයක්ව පැවතී ඇති බවයි. නමුත් විශේෂයෙන්ම ගෝජොසොන්හි ""මැන්ඩලීන්"" සිරිවල හැඩය චීනයෙන් හමුවන පුරාවස්තුවලින් සැලකිය යුතු ලෙස වෙනස් ය.",sin,wili-2018,sinhala,sinhala
වෛද්‍ය සමාජවිද්‍යාව යනු නොයෙකුත් රෝග අවස්ථාවන්හිදී පුද්ගලයන්ගේ හැසිරීම් පිළිබදව කෙරෙන අධ්‍යයනයකි. මෙහිදී වෛද්‍ය යන වචනය යෙදුනද වෛද්‍ය වෘත්තිකයන්ගේ හැසිරීම පමණක්ම අධ්‍යයනය නොකරයි. සියළුම මානව වර්ගයාගේ සෞඛ්‍ය සහ රෝගී අවස්ථාවන්හි දී ඔවුන් දක්වන චර්යාත්මක ප්‍රතිචාර පිළිබදව හදාරනු ලබයි.,sin,wili-2018,sinhala,sinhala
"රජතුමා පසු දිනම මහ දනක් පිළියෙල කළේය. බිසව සිල් සමාදන් වී ප්‍රාසාදයේ උඩුමහල් තලයට නැඟ නැගෙනහිර දිසාවට හිස ලා බිම දිගා වී නමස්කාර කොට ""මේ දිසාවෙහි රහතන් වහන්සේලා වැඩ වසන සේක් නම්, හෙට දින දන්ට වැඩම කර අපගේ භික්ෂාව පිළිගන්වා සේක්වා""යි ආරාධනා කළාය. නමුත් එම දිසාවෙහි රහතන් වහන්සේලා නොවූහ. පිළියෙල කල දානය නගරයෙහි වූ දුගී මගී යාචකාදීන්ට බෙදා දුන්හ. පසු දිනද දන් පිළියෙල කල එසේ කලාය. නමුත් රහතන් වහන්සේලා නොපැමිණියහ. තුන්වන දිනද එසේම කළේය. නමුත් රහතන් වහන්සේලා නොපැමිණියහ. සතරව දින ද මහත් වූ දානයක් පිළියෙල කර උතුරු දෙසට හිස ලා බිම දිගාවී දනට ආරාධනා කළාය.",sin,wili-2018,sinhala,sinhala
එසේම කෝල්මන්ට අනුව දේශපාලන පක්ෂයක් යනු තවත් එහා සමාන සංවිධාන සමග කාලානුරූප මැතිවරණ වලදී තරග වදිමින් විධිමත් රාජ්‍ය යාන්ත්‍රණයට සහබාගි වී රාඡ්‍යයේ පරිස් සහ ප්‍රතිපත්ති වලට බලපෑම් කිරීමේ අරමුණක් ඇති සංවිධානයකි.,sin,wili-2018,sinhala,sinhala
"Wang, Yu-ch'uan (June 1949). ""An Outline of The Central Government of The Former Han Dynasty"". Harvard Journal of Asiatic Studies 12 (1/2): 134–187.",sin,wili-2018,sinhala,sinhala
"වසර 602 (DCII) යනු ජූලියානු දින දසුන ප්‍රකාර, සඳුදා දිනයකින් ඇරඹෙන සාමාන්‍ය අවුරුද්දක් (බැඳිය විසින් මුළු දින දසුන දක්වනු ඇත) විය. මෙම වසර සඳහා 602 යන නාමය භාවිත වීම ඇරඹුනේ මුල් මධ්‍යතන යුගයේදී, වසර නම් කිරීම සඳහා යුරෝපයේ ප්‍රචලිත භාවයට පත් ක්‍රමය ලෙසින් ක්‍රිස්තු වර්ෂ දින දසුන් යුගය ඇරඹීම හා සමගය.",sin,wili-2018,sinhala,sinhala
"තෙරුන් වහන්සේ බුදුරජාණන් වහන්සේ කෙරෙන් කෙළෙස් ධූත ගුණයන් සමාදන්ව සත දිනක් වීර්ය කොට අටවන දිනයේදී සව් කෙලෙසුන් නසා අරහත් පත් වුණි. පසු කළෙක බුදුරජාණන් වහන්සේ මහා කාශ්‍යප රහතන් වහන්සේගේ ගුණ වදාරා ""එතදග්ගං භික්ඛවෙ මම සාවකානං භික්ඛූනං ධූතවාදනං යදිදං මහා කස්සපො"" යනුවෙන් උන්වහන්සේව ධූතවාදීන් අතරින් අග්‍රස්ථානයේ තබා වඳාල සේක.",sin,wili-2018,sinhala,sinhala
සංගීතය විශ්ව භාෂාවකි. සංගීතය නිර්මාණය වන්නේ ක්‍රමවත් නාදරටා වලිනි. නාදරටා මැවීමට ගායනය හා වාදන‍ය අවශ්‍යය. අතීත‍යේ සිටම නාද රටා නැංවීම සදහා වාද්‍ය භාණ්ඩ යොදාගන ඇත. නවීන වාද්‍ය භාණ්ඩ එකතු ‍වෙමින්ද පැවති වාද්‍ය භාණ්ඩ නවීකරණය වෙමින්ද වර්තමානය වන විට වාද්‍ය භාණ්ඩ ගණකාවක්ම බිහිවී ඇත. එම වාද්‍ය භාණ්ඩවල ස්වාභාවය අනුව ඒවා වර්ග ‍කොට ඇත. මෙහි සදහන් වන්නේ ශ්‍රී ලංකාවේ භාවිත වන තත්වාද්‍ය භාණ්ඩ පිළිබඳවයි.,sin,wili-2018,sinhala,sinhala
"රෝග සුව වීම සදහා මිනිසුන් අභිචාර විධි වලට පෙළඹීම යන්න වැදගත් මාතෘකාවක් වී ඇත්තේ ඇයි යන ගැටලුවද මෙහිදී ඉස්මතු වේ.එසේම විධිමත් සෞඛ්‍යය සංරක්ෂණ පද්ධතිය වර්තමානය වන විට ඉහළ ආධිපත්‍යම තලයක හිදී.නමුදු මිනිසුන් තවමත් රෝග සුව කර ගැනීම සදහා අභිචාරාත්මක ප‍්‍රතිකාරවල පිහිට පතති.මෙහිදී ඒ සදහා බලපාන ප‍්‍රධාන හේතුව වී ඇත්තේ කැෆ්ෆෙරර් ද සදහන් කර ඇති පරිදි යක්ෂ දෝෂයක් නිසා හටගත් රෝග සදහා අභිචාරාත්මක ප‍්‍රතිකාර ක‍්‍රමයක් අනුගමනය කළ යුතුම වීමය.මෙහිදී යම් පුද්ගලයෙකුට රෝගයක් වැළදුණ වහාම එය යක්ෂ දෝෂයක් නිසාම හට ගැනුණක් බව එකවර නොසිතිය හැකිය. නමුදු සිංහල සමාජයේ බහුත්ව වෛද්‍ය ක‍්‍රමයන් අතර හුවමාරු වන පුද්ගලයන් අවසානයේ හෝ රෝග මුලය අධිස්වභාවික තත්වයක් බව වටහා ගනිති. නැතිනම් බොහෝ විට අංජනම් බැලීම, ජෝතිශාස්ත‍්‍රඥයින්ගේ පිහිට පැතීම, ආදිය මගින්ද රෝග මූලය තහවුරු කර ගනිති.",sin,wili-2018,sinhala,sinhala
"ශ්‍රි ලංකා සිවිල් ආරක්ෂක බලකාය (සිවිල් ආරක්ෂක බලකාය,ආරම්භයේදි ජාතික නිවාස ආරක්ෂක බලකාය ලෙසද හදුන්වයි ) යනු යුධහමුදා බලඇණිවලට සමාන බලකායකි.එය ශ්‍රි ලංකා පොලිසියට සහකාරකයක් ලෙස කටයුතු කරයි.එය සිවිල් ආරක්ෂක දෙපාර්තුමේන්තුව මගින් පාලනය කරයි. 1985 අංක 40 දරණ හමුදා පනත යටතේ ජාතික නිවාස ආරක්ෂක බලකායට අදාල ක්‍රියාකාරකම් පිහිටුවන ලදී. දේශිය පොලිස් විධානය යටතේ දේශිය ග්‍රාම ආරක්ෂකයන් පැමිනෙන ලදි.ඔවුහු සියල්ලම එල්ටීටීඊ ප්‍රහාරයනගෙන් සිවිල් ජනතාව ආරක්ෂා කර ගැනීමට ඔවුන්ගේ උපන් නගරවල හා ගම්වල යොදවන ලද ස්වේච්චා සේවකයන්ය. සිවිල් ආරක්ෂක දෙපාර්තුමේන්තුව පිහිටුවීමත් සමග ග්‍රාම ආරක්ෂකයන් , සිවිල් ආරක්ෂක බලකාය ලෙස නැවත පත් කරන ලද අතර ඔවුන් ආරක්ෂක අමාත්‍යංශයේ විෂය පථය යටතේ පැමිනෙන ලදී . ශ්‍රි ලංකා යුධහමුදාවේ ස්වේච්චා සංචිත බලඇණියක් වන ශ්‍රි ලංකා ජාතික ආරක්ෂනය මගින් බලය පැහැදිලි වේ. සිවිල් ආරක්ෂක දෙපාර්තමේන්තුවේ වත්මන් අධ්‍යක්ෂක ජනරාල් මහතා චන්ද්‍රරත්න පල්ලේගම ( MA, BSc (Hons), PgD, JP (All-Island), FCPM, MAAT (SL) ) වේ.",sin,wili-2018,sinhala,sinhala
"උද්ධමනකාරී තත්වයක් මැඩ පැවැත්වීම සදහා රඡයක් විසින් කරනු ලබන සමාඡ පොදු කාර්යය,ආයෝඡන අඩු කිරීම් කරනු ලබයි.මෙම පොදු කාර්යය ආයෝඡනයක් කරනු ලබන්නේ ආර්ථික සංවර්ධනය උත්තේඡනය කිරීමටයි.ප්‍රමාණාත්මක පාලනයක් මගින් ආනයන සීමා කිරීම නිසා මෙම භාණඩ සදහා දේශීය වෙළදපල තුලට නැඹුරැ වීමක් දක්නට ලැබේ.‍දේශීය වෙළදපලේ එවැනි භාණඩ වර්ගයන්ට ලැබෙන ඉහල මිල ගනන් නිසා ආයෝඡකයින් මෙම ක්ෂේත්‍රවලට යොමු වීමක් දක්නට ලැබේ.තවද අනෙකුත් ක්ෂේත්‍රවලින් මෙම ක්ෂේත්‍රවල‍ට සම්පත් මාරැ කිරීමද දක්නට ලැබේ.මේනිසා ආයෝඡන ව්‍යුහය සහමුලින්ම අවුල් තත්වයට පත්වේ.",sin,wili-2018,sinhala,sinhala
"එකල්හි ""නුඹලාගේ රජු පිනැතියෙකු නොවෙමියි සිතමි. පැන් කෙණ්ඩියට වතුර ගෙනෙව්.සළු ලබනා සැටි මම පෙන්වමි"" යි කුමරු කියා ගෙනා පැන් කෙණ්ඩියෙන් මුවද, අත්ද සෝදා නැගෙනහිර දෙසට පැන් ඉස්සේය.",sin,wili-2018,sinhala,sinhala
සංජේ ලීලා භන්සාලි විසින් අධ්‍යක්ෂණය කළ 2015දී තිරගත වූ බාජිරාඕ මස්තානි නැමැති නාට්‍යමය චිත්‍රපටය තුළ මස්තානිගේ චරිතය නිරූපණය කරන ලද්දේ නිළි දීපිකා පදුකෝන් විසිනි.,sin,wili-2018,sinhala,sinhala
"‍මාලිග සංගීතඥයික් ස්මප්‍රදායික වස්ත්‍රවලින් සැරසී, දැඩි නිල ඉරියව්වෙන් යුතුව පංච තත් සහිත සංගීත භාණ්ඩ වයන ලදී. මෙය ඉගෙනීමට කොන්ෆියුසියානුවාදයේ එන ""යෙක් සසාං"" මූලධර්ම උපකාරී විය. මෙහි දී තානයේ පරිපූර්ණත්වය කෙරෙහි අවධානය යොමුකෙරිණි. සුප්‍රකට රාජමාලිග සංගීත නිර්මාණ අතරට යුනෙස්කෝ ලෝක උරුමයක් ලෙස නම්කෙරුණු ජොංමියෝ ජෙර්යෙක් සහ චෝයොංමු, තේප්යොංමු හා සුජෙචොන් යනාදිය ඇතුළත් වේ.",sin,wili-2018,sinhala,sinhala
"කොරියානු මුඛ පරම්පරාගත ඉතිහාසය යටතට අඛ්‍යාන පුරාණෝක්ති, ජනප්‍රවාද, ජන කථා, ගීත, ජන ගීත, ෂාමන්වාදී ගීත සහ පන්සෝරි, කෙටි ඉතිහාස පුවත් විදහා දක්වන ආප්තෝපදේශ, ප්‍රහේලිකා සහ වෙනමම කථා පවතින සැක සහිත වදන් ආදිය ඇතුළත් විය. චෝ දොං-ඉල්, චෝයි බන්-හක් සහ සොං ඉන්-සොප් වැනි විද්වතුන් විසින් මේවා අධ්‍යයනය කොට විදේශිකයන් සඳහා බොහෝ විට ඉංග්‍රීසි සංස්කරණ ලෙසින් හෝ ප්‍රාථමික පාසල් ගුරුවරුන්ට අධ්‍යයනය පිණිස සම්පාදනය කොට ඇත.",sin,wili-2018,sinhala,sinhala
"මෙම ශ්‍රේණිය සඳහා යුලර් තවත් ක්‍රමයක් ආදේශ කළේය. ඔහුගේ සොයාගැනීමක් වන එය යුලර් පරිණාමිතය ලෙස හැඳින්වේ. යුලර් පරිණාමිතය ගණනය කිරීම ප්‍රත්‍යාවර්තිත ශ්‍රේණියට අයත් ධන පද වලින් ආරම්භ කළ හැක- එය මෙහිදී 1,2,3,4,.... වේ. මෙම අනුක්‍රමයේ පළමු පදය a0 වේ. මීළඟට 1,2,3,4,... හි ඇති අභීප අන්තර අවශ්‍ය වේ. එනම් 1,1,1,1.... මෙම අනුක්‍රමයේ පළමු අගය ∆a0 යි. යුලර් පරිණාමිතය අන්තරයන්හි අන්තර හා පුනහ්කරණ මතද පදනම් වේ. නමුත් 1,1,1,1....අතර ඇති සියළු අභීප අන්තර 0 වේ. එබැවින් 1-2+3-4+...හි යුලර් පරිණාමිතය පහත ලෙස දැක්විය හැක.",sin,wili-2018,sinhala,sinhala
"සාමාන්‍යෙන් රූපවාහිනි නාලිකාවල දිනකට තුන - හතර වරක් ප්‍රවෘත්ති විකාශනනය වේ. උදෑසන 5-6 මධ්‍යනය ,සවස 5-6 සහ රාත්‍රී 10- 11 ලෙසය. බොහෝ ආයතන සිය ප්‍රවෘත්ති විකාශනය සදහා ආකර්ශනිය නම් යොදා ගනි. උදාහරණ ගුඩ්මෝනින්...... ,ලියවු ඇට් එයට්,මෙහි අරමුණ වන්නේ එක් ආයතනයක් තවත් ආයතනයකින් වෙන් කර හදුනා ගැනිමයටය. විශේෂයෙන් ප්‍රේක්ෂක සංඛ්‍යාව මැනිමේ සමීක්ෂණ වලද දී ප්‍රේක්ෂකයාට නාලිකාවේ නම අමතක වුවද ප්‍රවෘත්ති ප්‍රේක්ෂකයාගේ නම මතක තබාගත හැකිය.",sin,wili-2018,sinhala,sinhala
බාජිරාඕ ෂාම්ෂෙර් (පේෂ්වා) හට බන්දාහි ජාගිර් පදවිය පිරිනැමී ය. 1761 තෙවන පනිපත් සටනේ දී ඇ‍ගේ පුත්‍රයා අහමඩ් ෂා අබ්දාලිට විරුද්ධව මරාථවරුන්ට පක්ෂව සටන් වැදුණේ ය.,sin,wili-2018,sinhala,sinhala
"මෙම සොයාගැනීම organකොපර් රසායන විද්‍යවේ දියුනුවට ඉවහල් විය. උදා: CuCl,මෙතිල් ලිතියම් සමඟ ප්‍රතික්‍රිය කොට (CH3)2CuLi වැනි ""Gilman regents"" (ගිල්මාන් ප්‍රතිකාරකයන්) සාදයි.මෙයද විශාල වශයෙන් කාබනික සංස්ලේශනයන් වලදී උපකාර වේ.ග්‍රිනඩ් ප්‍රතිකාරක තුල Organoකොපර් සංයෝග වලට සමාන සංයෝග අඩංගු වේ.කෙසේ වෙතත් කොපර්(1) iodide වැනි අනිත් කොපර්(1) සංයෝග මෙවැනි ප්‍රතික්‍රියා වලට නිතර භාවිත කරයි.තවද කොපර්(1) chloride සමහර සිද්දීන් වලදී නිර්දේශීව පවතී.",sin,wili-2018,sinhala,sinhala
"මෙම යුගයේ දී කොන්ෆියුසියානුවාදයේ බලපෑම බුදු දහම අභිබවා යන්නට විය. කෙසේනමුත්, බෞද්ධ අංග ද නොනැසී පැවතුණු හෙයින් මෙකල බෞද්ධ කලාව පරිහානියට පත්වූයේ යැයි පැවසීම අසත්‍යයකි. බෞද්ධ කලාව ද පැවති අතර, එයට රාජකීය අනුග්‍රහය හිමි නොවූව ද, පෞද්ගලික නිවහන් සහ ජොසොන් රජවරුන්ගේ ග්‍රීෂ්ම මාලිග තුළ පවා බෞද්ධ කලාවේ ඇති චාම්භාවයට ඉහළ පිළිගැනීමක් හිමි විය.",sin,wili-2018,sinhala,sinhala
"ඉස්ලාමීය අධිරාජ්‍යයන් තුළින් ඉස්ලාමීය ශිෂ්ටාචාරය හා විද්‍යාව බිහිවූ අතර එමගින් වෙළෙන්දන් උගත් විද්‍යාඥයන්, ගගණගාමීන්, ගණිතඥයන්, වෛද්‍යවරුන් හා මාහාචාර්යවරුන් බිහිකළ ලෝක ඉතිහාසයේ වාර්තාමය යුගය විය. එවකට මුස්ලිම්වරුන්ගේ ක්‍රියා කලාපයන්, දේශපාලන මතයන් හා අනුගාමිකයන්ගේ විශ්වාසදායක ප්‍රතිපත්ති ඉස්ලාම් ලොවපුරා ව්‍යාප්ත වීමට තවදුරටත් හේතු විය. අද ලෝක ජනගහනයෙන් බිලියන 1.1 සහ 1.8 ක් අතර පමණවන මුස්ලිම් ජනතාව ලෝක ජනගහණයෙන් දෙවන ස්ථානය හිමිකර ගෙන ඇත.",sin,wili-2018,sinhala,sinhala
"ජුදා ආගම සජාතීය ආගමක් නොවන අතර, මත ප්‍රවාහ සහ අදහස් කිහිපයක් හා සමබර එකඟතාවයක් මත පිහිටයි. වර්තමානයේ, වඩාත් ප්‍රචලිත ප්‍රවාහය වන්නේ රෙබෙනික ජුදා ආගම වන අතර, එහිදී පිළිගැනෙන්නේ, ලිඛිත සහ වාචික ටෝරා යන දෙයාකාරයටම, සීනායී කන්දෙහිදී දෙවියන්වහන්සේ විසින්, උන්වහන්සේගේ නීති සහ පණත් මෝසෙස් වෙත හෙළිකල බවයි. ඓතිහාසික වශයෙන්, මෙම නිර්ධාරණය, දෙවන දේවමාලිගය යුගයේදී සද්දුසිවරු සහ හෙලනිස්තික ජුදා ආගම; මුල්කාලීන හා පසුකාලීන මධ්‍යතන යුගයන්හිදී කැරඅයිට්වරු සහ සබේෂන්වරු; සහ නූතන ප්‍රතිසංස්කරණ ව්‍යාපාරයන්ගේ ඛණ්ඩයන් වැනි බොහෝ කණ්ඩායම් විසින් අභියෝගයට ලක් කරන ලදි. නූතන කාලයේ මානවවේදී ජුදා ආගම වැනි ලිබරල් ව්‍යාපාරයන්, අදේවවාදී විය හැක.",sin,wili-2018,sinhala,sinhala
"1-2+3-4+....සඳහා ඓක්‍යයක් නොමැති ලෙස සලකන නමුත්, ඓක්‍යයක් දැක්වීමට අවශ්‍ය වුවහොත් S=1-2+3-4+...=1/4 යනු ඒ සඳහා යොදා ගත හැකි සුදුසුම සමීකරණය වේ. අපසාරී ශ්‍රේණියක ඓක්‍යය සඳහා නිර්වචනයක් ලෙස සමාකලන ක්‍රමය සැලකිය හැක. මෙහිදී සියලුම ශ්‍රේණිවල ඇතැම් උපකුලකයන්හි ඓක්‍යය සලකනු ලබයි. මේ සඳහා භාවිතා කළ හැකි තවත් ක්‍රම ඇති අතර ඒවායෙහි හා සාමන්‍ය සමාකලනයෙහි ලක්ෂණ අතර ඇති සමානතා අනුව ඒවා විවිධ වේ. ඉහත ගණනයෙන් සාධනය කරනු ලබන්නේ; 1-2+3-4+...ශ්‍රේණියට ඓක්‍යයක් දිය හැකි ඕනෑම රේඛීය හා ස්ථායී සමාකලන ක්‍රමයකින් ලබාදෙන ඓක්‍යය ¼ වන බවය. එසේම,",sin,wili-2018,sinhala,sinhala
ඉහල වාෂ්පීකරණයක් සහිත ප්‍රදේශ වල විශ සහිත ප්‍රදේශ වල ලුණු තැන්පත් වීම. මෙම තත්වයෙන් මිදීම සඳහා එම ලවණ ක්ෂය කිරීමේ ක්‍රමයක් හෝ ලුණු දියවී ගලා යෑමට පරිවහන ක්‍රමයක් යෙදිය යුතුය. නැතහොත් වාෂ්පීකරණය අවම කිරීම සඳහා ආවරනයක් යෙදිය යුතුය.,sin,wili-2018,sinhala,sinhala
මෙහි දි මුදල් සැපයුම ඉහළ යන්නේ නම් එම අනුපාතයේන් මිළ ඉහළ යයි.VහාT සඅථාවර යයි උපකල්පනය නොකලේ නම් මුදල් සැපයුම ඉහළ යන විට VහාTඉහළ යා හැක V පහළ යා හැක.මුදල් සැපයුම ඉහළ යාම හා මිළ මට්ටම ඉහළ යාම තුල ඍජු සම්බන්දතාවක් පවති.එහෙත් නිමවුම හෝ සේවා නියුක්ති මට්ටම වෙනස් නොවේ.,sin,wili-2018,sinhala,sinhala
"ආවර්තිතා වගුවට අයත් වන මූලද්‍රව්‍ය බොහෝමයක් ප්‍රධාන වශයෙන් පරමාණු හා ප්ලාස්මා යන තත්ව දෙකෙන් එක් තත්වයක් යටතේ දැක ගත හැක. එහෙත් පදාර්ථය මෙම අවස්ථාවලට අමතරව විවිධ අසාමාන්‍ය අවස්ථාවලදීද දැක ගත හැක. එහෙත් පදාර්ථය මෙම අවස්ථාවලට අමතරව විවිධ අසාමාන්‍ය අවස්ථා යටතේදී ද දැක ගත හැක. එවන් ස්ථාන සදහා උදාහරණ ලෙස සුදු වාමන තාරකා , ගුඨ ආගාඨ හා නියුට්‍රෝන තාරකා හැදින්විය හැක. නියුට්‍රෝන හා ෆෝටෝන (ප්‍රධාන වශයෙන් අන්තරීක්ෂ ක්ෂුද්‍ර තරංග පසුබිම් විකිරණයකි.)ලෙසද සාමාන්‍ය පදාර්ථය ස්වභාවයේ පවතී.",sin,wili-2018,sinhala,sinhala
උතුරු දකුණු රාජ්‍ය යුගය (ක්‍රි.ව. 698–926) යනුවෙන් හැඳින්වෙන්නේ කොරියානු අර්ධද්වීපයේ දකුණුදිග සහ උතුරුදිග කොටස්වල පිළිවෙලින් සිල්ලා සහ බල්හේ රාජ්‍ය ද්විත්වය පැවති කොරියානු ඉතිහාසයේ යුගයයි.,sin,wili-2018,sinhala,sinhala
"පදුමුත්තර බුදුරජාණන් වහන්සේට දන් පිළිගැන්වීමේ පිනෙන් ඔහු දීර්ඝ කාලයක් දෙව්මිනිස් සුගතියෙහි උපත ලබා , මීට කල්ප අනූ එකකට පෙර විපස්සී බුදුරජාණන් වහන්සේ බන්ධුමතී නගරය කේන්ද්‍ර කර ගනිමින් ධර්ම ප්‍රචාරය කරන කල්හි දෙව්ලොවින් චුතව විත් දුප්පත් වූ බමුණු ගෙයක උපත ලැබීය.",sin,wili-2018,sinhala,sinhala
"වෙනත් ආකාරයකින් සංස්ථාව යන්න හඳුනාගැනීමේදී, සංස්ථාව වූ කලී නිශ්චිත වූ නීතිමය තත්ත්වයක් සහිත සහ වෙනත් ස්ථාපිත නොවූ සාමාන්‍ය ව්‍යාපාරයකට, පුද්ගල කණ්ඩායමකට හෝ ස්වේච්ඡා සමාගමකට නොලැබෙන ආකාරයේ විශේෂ වරප‍්‍රසාදයන් ලැබෙන පුද්ගල සමූහයකි.",sin,wili-2018,sinhala,sinhala
"විශේෂඥයින් විසින් කොරියාවේ ඊ‍ටම අනන්‍ය කලා සංස්කෘතිය හඳුනා ගැනීමට සහ වර්ගීකරණයට උත්සාහ දරා ඇත්තේ එය චීන සංස්කෘතිය ප්‍රවර්ධනය කරන නිසා පමණක් නොව ඊටම අනන්‍ය කලාවක් ද නිර්මාණය කරන බැවිනි. ""ජාතියක් විසින් උපත දී පෝෂණය කරන ලද කලාවක් එයට අනන්‍ය වූ කලාවකි"".",sin,wili-2018,sinhala,sinhala
"මා පිරිණිවන් පෑ කල්හි මාගේ ශරීරයට අනතුරක් නොවන සේ මේ පර්වත තුන එකතු වන සේක්වා. මා වටා ඇති පහන් නොනිමේවා. මල් පරවී නොයේවා. මතු යම් දිනක මෛත්‍රී බුදුරජාණන් වහන්සේ ලොව පහළ වී තම පිරිස් සමඟ මෙම ස්ථානයට වැඩම කර මාගේ සිරුර දකුණු අත්ලේ තබාගෙන, පින්වතුනි, මාගේ මේ අත්ලෙහි සිටින තෙරුන් වහන්සේ පිළිබඳව ඔබ දන්නෙහිද ? මොහු මේ කල්පයේ ලොව පහළ වී වදාළ ගෞතම බුදුරජාණන් වහන්සේගේ මහා කාශ්‍යප නම් රහතන් වහන්සේයි. ධූතාංගධාරී හික්ෂූන් අතර අග්‍රස්ථානය වූ මොහු පිරිණිවන් පානා තෙක්ම ධූතාංග රකිමින් කටයුතු කළේය ආදී වශයෙන් පොළොව කුඩා කර මාගේ ගුණ මහත් කොට දේශනා කරනා සේක්වා. එකල්හි උන්වහන්සේගේ ශ්‍රී හස්තයේදීම මාගේ ශරීරය ගිණි ගෙන දැවෙන සේක්වා. එසේම මා පිරිණිවන් පෑ බව දැන මෙහි පැමිණෙන අජාසත් රජතුමන් හට මා වන්දනා කිරීමට මේ පර්වත තුන විවෘත වේවා. ඉන්පසු නැවතත් පර්වත එකට එක වේවායි යනුවෙනි. අජාසත් රජතුමා මේ බව දැනගත් වහාම මහා කාශ්‍යප හාමුදුරුවන් ගැන රජතුමාට තියෙන අසීමිත ගෞරවය නිසා රජතුමාට විපතක් වෙයි කියලා හිතන ඇමතිවරු වෛද්‍යවරුන්ට කියලා උක් යුෂ, කිරි, දී මණ්ඩි, ගිතෙල්, ගඳ කලල්, මැටි කලල් සහ සීතල ජලය තියෙන ඔරු 7 ක සකස් කරනවා. පස්සේ රජතුමාට මහා කාශ්‍යප හාමුදුරුවෝ පිරිනිවන් පාපු බව දැනුම් දීමත් එක්කම රජතුමාට සිහිය නැතිවෙනවා. ඇමතිවරු රජතුමා උක් යුෂ ඔරුවට දාලා පස්සේ කිරි ඔරුවට දාද්දී රජතුමාට සිහිය එනවා. නැවතත් මේ පුවත ඇමතිවරුන්ගෙන් ප්‍රශ්න කළාම සිහිපත් වුණාම රජතුමාට ආයි සිහිය නැතිවෙනවා. ඇමතිවරු රජතුමාව අනෙක් ඔරුවලටත් පිළිවෙලින් දාපුවාම රජතුමාට සිහිය එනවා. අන්තිමට රජතුමා කුක්කුට සම්පාත පර්වත භූමියට ගියාම මහා කාශ්‍යප හාමුදුරුවන්ගේ අධිෂ්ඨානයේ විදිහට පර්වත 3 විවර වෙනවා. බොහෝ කම්පා වෙන රජතුමා මහා කාශ්‍යප හාමුදුරුවන්ගේ දේහයට දින 7 ක් පූජා පවත්වලා අවසන් වීමත් එක්කම නැවතත් පර්වත 3 එකතු වෙනවා.",sin,wili-2018,sinhala,sinhala
එක්සත් රාජධානියෙහි විශේෂඥ උපාධි සදහා වෛද්‍ය සමාජ විද්‍යාව අන්තර්ගත වන ආයතන වශයෙන් නොටින්හැම් සරසවියේ ලන්ඩන් සරසවිය සහ ගෝල්ඩ්ස්මිත් විද්‍යාලය හැදින්විය හැකිය.,sin,wili-2018,sinhala,sinhala
ඇන්තනි ෆටායි විලියම් 26 : අවුරුදු 8 ක් එක්සත් රාජධානියේ ජීවත් වූ ඕල්ඩ් ස්ට්‍රීට් හි මූලස්ථානය තිබු ඔයිල් සහ ගෑස් කොම්පැනියේ විධායක නිලධාරියෙකි. මව් රට නයිජීරියාවයි.,sin,wili-2018,sinhala,sinhala
"ට්රූඑක්ස් ක්‍රියාවලියට විකල්පයක් ලෙස මැලොන්ඩයමයිඩ් (malondiamide) යොදා ගන්නා නිස්සාරණ ක්‍රමයක් හදුන්වා දී ඇත. ඩයමෙක්ස් (DIAMEX ; DIAMide Extraction) ක්‍රියාවලියේ වාසියක් වන්නේ කාබන්, හයිඩ්‍රජන් , නයිට්‍රජන් හා ඔක්සිජන් හැර වෙනත් මූල ද්‍රව්‍ය අඩංගු කාබනික අපද්‍රව්‍ය උත්පාදනය වීම වැළකීමයි. මෙම අපද්‍රව්‍ය අම්ල වැසිවලට උරදෙන ආම්ලික වායු නොසෑදෙන සේ දහනය කළ හැකිය. ඩයමෙක්ස් ක්‍රමය ප්‍රංශ CEA මගින් යුරෝපයේ භාවිතයට ගනී. ක්‍රියාවලිය ගැන දැනට පවතින දැනුමෙන් කාර්මික කම්හල් ඉදි කිරීමට තරම් මෙම ක්‍රියාවලිය පරිණත වී ඇත. මෙම ක්‍රියාවලිය ද භාවිතා කරන්නේ ද්‍රව්‍යතා යාන්ත්‍රණයක්ය.",sin,wili-2018,sinhala,sinhala
ආචාර්ය රංජිත් ලක්ෂ්මන් විජේවර්ධන (ඉංග්‍රීසි: Ranjith Laxman Wijayawardana) යනු ශ්‍රී ලංකා පරමාණුක බලශක්ති අධිකාරියේ සභාපති වරයායි. ඔහු පේරාදෙනිය විශ්ව විද්‍යාලයයේ භෞතික විද්‍යා පීඨ ජ්‍යෂ්ඨ ආචාර්ය වරයෙක් වශයෙන්ද කටයුතු කරයි.,sin,wili-2018,sinhala,sinhala
"ගෝජොසොන්හි ජුන් දකුණුදිග ‍කොරියානු අර්ධද්වීපයේ ජින් රාජ්‍යය වෙත පලාගිය බව සඳහන් වේ. ජින් රාජ්‍යය සම්හන් රාජ්‍ය සංගම් බවට පරිණාමය වූ අතර, බෙක්ජේ සහ සිල්ලා රාජධානිවල ආරම්භයට හේතු වූ මෙහි දී, උතුරු දෙසින් ජනයා සංක්‍රමණය වන්නට විය. සම්හන් සංයුක්ත රාජ්‍යයන් වූයේ මහන්, ජින්හන් සහ බ්යොන්හන් යන සංයුක්තයන් ය. ජුන් රජු මහන් රාජ්‍යය පාලනය කළ අතර, අවසානයේ දී බෙක්ජේ රාජධානිය විසින් එය ඈඳාගන්නා ලදී. ගොගුර්යෝ, ‍බෙක්ජේ සහ සිල්ලා රාජ්‍ය ක්‍ර‍මයෙන් කොරියාවේ තුන් රාජධානි බවට වර්ධනය විය. ක්‍රි.ව. 4වන සියවස අවට කාලයේ මෙම රාජධානි තුන සම්පූර්ණ අර්ධද්වීපයේම ප්‍රමුඛත්වයට පත් විය.",sin,wili-2018,sinhala,sinhala
"එකල්හි රජතුමා, ""මේ බමුණා අපට වඩා හොඳින් යුතුකම් දන්නේයැයි"" සිතා ඔහු කෙරෙහි වඩාත් පැහැදී මනුෂ්‍යයන්ට ප්‍රයෝජනවත් යම් දෙයක් වේද එයින් අට බැගින් ගෙන ඔහුට සබ්බට්ඨක දානයක් දී පුරෝහිත තනතුරට පත් කර ගත්තේය.",sin,wili-2018,sinhala,sinhala
යාවත් කාලීන වීම සම්පුර්ණ වීමෙන් පසු එක් එක් අංශුව සාමාන්‍යයෙන් වියන ලද පුවරු මත තබන ලද (billboarded) සිවුබිඩි ආකාරයකින් විදහනු ලැබේ. කෙසේ නමුත් මෙය අත්‍යවශ්‍ය නොවේ. අංශුව කුඩා විභේදනයක් සහිත සීමා කරන ලද සැකසුම් ජීව පරිසරවල තනි පික්සලයක් ලෙස විදැහිය හැකි වේ. අංශු නොබැඳි (off line) විදහීමේ දී මෙටා බෝල්ස් ලෙස විදැහිය හැකිය . අංශු - මෙටා බෝල්ස් මඟින් ගණනය කරන ලද සම මතුපිටවල් බොහෝ දුරට හඟවන තරල නිර්මාණය කරයි. අවසානයේ දී අංශු සඳහා 3D දැලිස් වස්තු පැවතිය හැක. හිම කුණාටුවක් තනි 3D හිම බිඳිත්තක් පිටපත් කර අංශු 1000ක හෝ මිලියනයක ස්ථානවලට ගැලපීම සඳහා භ්‍රමණය කරන ලද දේකින් සමන්විත විය හැකිය.,sin,wili-2018,sinhala,sinhala
සතිපට්ඨාන භාවනාවේ සඳහන් කායානුපස්සනාව පිළිබඳ සලකා බලන විට මෙය අනෙකුත් අනුපස්සනා අතරින් වෙනම දක්වන ලද්දේ වූවද එම කර්මස්ථානය ප්‍රගුණ කරන විට ඉතිරි අනුපස්සනා 3 ද මේ සමග වැඩෙන බව දත යුතු ය.,sin,wili-2018,sinhala,sinhala
"ගිටාරය බටහිර වාද්‍ය භාණ්ඩයකි. එසේ වුවද වර්තමානයේ උතුරු ඉන්දීය සංගීතයේ එන රාග වාදනය කිරීම‍ටද යෙදො ගැනේ. ඉතා ඈත අතීතයේ සිට මෙය භාවිත වූ බව සැලකුණද මේ සම්බන්ධයෙන් ලිඛිත තොරතුරු ලැබෙනු‍යේ 14 වැනි සියවසේ සිටය. මෙය ස්පාඤ්ඤයෙන් බිහිවූ වාද්‍ය භාණ්ඩයක් ලෙසද සැපකේ. 16 වැනි ශතවර්ශය වනවිට ගිටාරය ස්පාඤ්ඤ ජාතිකයින් අතර ඉතා ජනප්‍රියව පැවති බව සැලකේ. වර්තමානය වන විට මෙය බෙ‍හෝ රටවල ප්‍රචලිතව ඇත. රිදම් ගිටාර්, ලීඩ් ගිටාර්, බෙස් ගිටාර්, වශයෙන් විවිධ ගිටාර් වර්ගද තිබේ. ""හවයන් ගිටාර්"" නමින් ගිටාර් වර්ගයක්ද ඇත. විදුලියෙන් වයන විදුලි ගිටාර ප්‍රසංග වේදිකාවේදී බහුලව භාවිත වෙයි.",sin,wili-2018,sinhala,sinhala
"1947 ඉන්දියාව නිදහස ලැබීමෙන් පසු මදුරාසි පාලන ප්‍රදේශය මදුරාසි ජනපදය බවට පරිවර්තනය වුනි. එයට වර්තමාන තමිල්නාඩුව ,වෙරළ බඩ ආන්ද්‍රා ප්‍රදේශය , උතුරු කේරලය සහ කර්ණාටක ප්‍රාන්තයේ නිරිත දිග වෙරළ ප්‍රදේශ අයත්විය.",sin,wili-2018,sinhala,sinhala
දළදා වහන්සේ සහ පාත්‍රා ධාතූන් වහන්සේ ආරක්‍ෂාකොට පුතුවූ මාණාභරණ රජ වෙත භාරදී ඇත. මාණභරණ රජගේ මරණින් පසු රජරට රජකල පළමුවන පරාක්‍රමබාහු රජ රුහුණ ආක්‍රමණය කර සුගලා දේවිය ජීවග්‍රහයෙන් අල්වා දළදා වහන්සේ සහ පාත්‍රා ධාතූන් වහන්සේ තම භාරට ගෙන ඇත.,sin,wili-2018,sinhala,sinhala
"න්‍යෂ්ටික රසායනයේ තවත් වැදගත් අංශයක් වන්නේ විවිධ මතුපිටවල් සමග විඛණ්ඩනඵල ප්‍රතික්‍රියා කරන ආකාරයයි. මෙම අරමුණ සාමාන්‍ය තත්ව යටතේ දී අපද්‍රව්‍ය බහාලුම්වලින් හා අනතුරු තත්ව යටතේ දී ජව ප්‍රතික්‍රියාකාරක තුළ විඛණ්ඩන ඵලවල නිකුත් වීමේ හා සංරචණ සීඝ්‍රතා පාලනය කිරීමයි. ක්‍රෝමේට , මොලිබ්ඩේට , 99TcO4 ඇනායනවලට ලෝහ මතුපිට සමග ප්‍රතික්‍රියාකර විඛාදනයට ප්‍රතිරෝධී පටලක් සෑදිය හැක. මෙලෙස මෙම මෙටලොක්සෝ (metaloxo) ඇනායන ඇනෝඩීය විඛාදන නිශේධන ලෙස ක්‍රියා කරයි. ලෝහ මතුපිටවල 99TcO2 ඇතිවීම න්‍යෂ්ටික උපකරණ හා න්‍යෂ්ටික අපද්‍රව්‍ය බහාලුම් තුළින් 99 Tc නිකුත් වීම මන්දනය කරයි. මෙම 99TcO2 ස්ථරය ඇනෝඩීය විඛාදන ප්‍රතික්‍රියා නිශේධනය කරයි. ටෙක්නීටියම්වල විකිරණශීලී පසුබිම මෙම විඛාදන ආරක්ෂණය ප්‍රායෝගික නොවන තත්වයට පත් කරයි. තවද 99TcO4 ඇනායන සක්‍රීය කාබන් (ගල් අගුරු) හෝ ඇලුමිනියම් මතුපිට ද ස්ථර සාදයි.",sin,wili-2018,sinhala,sinhala
"මස්තානි යනුවෙන් හැඳින්වෙන්නේ මරාථ පේෂ්වා Iවන බාජිරාඕගේ දෙවන භාර්යාවයි. ඇය කලාව, සාහිත්‍යය සහ රණකාමය කෙරෙහි දස්කම් පෙන්වූ රූමත් අභීත කාන්තාවක බව පැවසේ. ඇයට පේෂ්වා බාජිරාඕ බෙහෙවින් ඇලුම්කළේ ය. නමුත් ඔහුගේ මෑණියන් වූ රාධාබායි සහ සොහොයුරා වූ චිමාජිඅප්පා ඇයව නොසලකා හැරියහ.",sin,wili-2018,sinhala,sinhala
"පූර්ව-නූතන කොරියාවේ, ගිජා මගින් චීන ශිෂ්ටාචාරයේ පැවැත්ම නිරූපණය කරන ලදී. 12වන සියවස‍ තෙක්ස, කොරියානුවන් පොදුවේ විශ්වාස කළේ දංගුන් කොරියානු ජනයාට මූලික සංස්කෘතිය දායාද කරදුන් බවත්, ගිජා විසින් කොරියාවට එහි උසස් සංස්කෘතිය හිමි කරදුන් බවත් ය. මෙය නීත්‍යානුකූල ශිෂ්ටාචාරයක් ලෙස නැගී සිටීමට උපකාරී විය.",sin,wili-2018,sinhala,sinhala
ක්‍රි.පූ 424දී සීඝුනාග රජවංශය නන්දරජවරුන් නම දෙනා යැයි කියනු ලබන මහා පද්ම නන්ද (මහා පද්ම රජු හා පුතුන් අටදෙනා) රජපෙළපත විසින් යටත් කරගන්නා ලදී. නන්ද රජ පෙළපතේ පාලනය අවුරුදු 100ක් පමණ විය.,sin,wili-2018,sinhala,sinhala
"චීනයේ ෂෑං රාජවංශය බිඳවැටී චෞ රාජවංශය බිහිවූ යුගයේ ෂෑං චීනයේ පුද්ගලයකු වූ ගිජා ක්‍රි.පූ. 1122දී කොරියානු අර්ධද්වීපය වෙත පලාගොස් ගිජා ජොසොන් රාජ්‍යය පිහිටුවූ බැව් පැවසේ. දකුණු කොරියාවේ, එක්ස්ත රාජධානියේ සහ එක්සත් ජනපදයේ බොහෝ විද්වතුන් විශ්වාස කරන්නේ ගිජා සහ ගෝජොසොන් අතර සම්බන්ධය චීනය විසින් ගොතන ලද කථාවක් බවයි. එසේම ගිජා සහ ගෝජොසොන් අතර සම්බන්ධයක් නොමැති බව ඔවුහු කියති. අතීතයේ දී, පැරණිතම ශේෂව ඇති කොරියානු වාර්තාව වන තුන් රාජධානිවල වාර්තා නම් මූලාශ්‍රයට ද ගිජා ජොසොන් පිළිබඳ ඇතුළත් කොට තිබේ. 1778දී රචිත දොංසා ගංමොක් මූලාශ්‍රයේ ගෝජොසොන් තුළ ගිජාගේ කාර්යභාරයන් දක්වා ඇත. ගිජාහි වාර්තා අෂ්ට නීතී (හංගුල්: 범금팔조; හන්ජා: 犯禁八條) ලෙස හන්හි ග්‍රන්ථය තුළ දක්වා ඇති අතර, මෙය ධුරාවලික සමාජයක් සහ පෞද්ගලික දේපළ සඳහා නීත්‍යානුකූල ආරක්ෂණයක් පැවති බවට සාක්ෂියකි.",sin,wili-2018,sinhala,sinhala
සිකුරු සංක්‍රාන්තියේදී සිදු වන්නේ සිකුරු ග්‍රහලෝකය සූර්යයා වටා පරිභ්‍රමණය වීමේදී සූර්යයා සහ පෘථිවිය(හෝ වෙනත් ග්‍රහලෝකයක්) අතරට එය පැමිණීමයි. මෙහිදී සුර්යාට එදිරිව සිකුරු පැමිණීම දැක ගත හැකි වේ. පරිභ්‍රමණය අතර තුළ හිරු තුළින් ගමන් කරන කුඩා කළු පැහැති තැටියක් ආකාරයට සිකුරු පෘථිවියට දර්ශනය වේ. සාමාන්‍යයෙන් සංක්‍රාන්ති කාල සීමාව මනිනු ලබන්නේ පැය වලිනි. (2012 සිදු වූ අවසන් සංක්‍රාන්තියට ගත වූ කාලය පැය හයයි මිනිත්තු හතලිහයි ). මෙම සංක්‍රාන්තිය චන්ද්‍රක්ග්‍රහනයකට සමානකම් දක්වයි. සිකුරුගේ විශ්කම්භය සඳ මෙන් තුන් ගුණයක් වුවද එය දිස් වන්නේ කුඩාවට වන අතර සූර්යා වටා ගමන් ගන්නේද සෙමිනි. එය පිහිටා තිබෙන්නේ පෘථිවියට සිට වඩා දුරින් වීම ඊට හේතුවයි.,sin,wili-2018,sinhala,sinhala
"නියමගවල් ගැන සලකන විට දත්ත පද සමාන්තරව බහු තන්තු වල හෝ යන සමාන්තර නියමන හෝ දත්ත ශ්‍රේනියක බිටු ආකාරයෙන් ගෙන යන ශ්‍රේණිගත නියමග රිය හැක. අතිරේක බල හා පාලන භු බැවුම් විශේෂිත ධාවක සහ දත්ත සබැදුම් එක එක අත් වලට ති‍බිමේ සාමාන්‍ය ප්‍රතිථලය වන්නේ බොහෝ ශ්‍රේනිගත නියමන වල 1-wire ශේ්‍රණිගත නියමග වල ඇති අවම සන්නායක සංඛයාව වන එකට වඩා සන්නායක අඩංගු විමයි දත්ත හුවමාරැ සීඝ්‍රතාව ඉහල යත්ම timing-skew ි ගැටළු, බලය පාිභෝජනය, විද්‍යුත් චුම්භක බාධධකය සහ සමාන්තර නියමන අතර cross talk යන ගැටළු මග හැර යාම වඩාත්ම අපහසු ව. නියමන අතර cross talk කිරිමට මෙයට ඇති එක් අර්ධ විසදුමකි. අඩු විද්‍යුත් සබැදුම් ගණන්ක් කිරිම මෙයට ඇති එක් අර්ධ විසදුමකි. අඩු විද්‍යුත් සැබැදම් ගනනක් ඇති වුවත් ශ්‍රේණිගත නියාමන වල සහජ timing skew හෝ cross talk ‍නොමැති නිසා බොහෝ වඅස්ථා වලදි සමාන්තර නියමගට වඩා වැඩි සමස්ථ දත්ත හුවමාරැ සීග්‍රතාවයක් දැකවිමට පුළුවන. talk හා ශ්‍රේනිගත ATA යමයට උදාහරණ වේ. වේගවත් ශ්‍රේණිගත නියාමන සදහා Muttictop සැබැදුම් එතරම් හොදින් ක්‍රියා නොකරන නිසා බොහෝ නවීන ශේ්‍රනිගත නියමග සදහා යොදා ගන්නේ daisy chain හෝ hab සැලසුම්ය.",sin,wili-2018,sinhala,sinhala
"දංගුන් කථාපුවත මිත්‍යාවක් ලෙස සැලකුණ ද, එය ගෝජොසොන් පිහිටුවීම හා සම්බන්ධ ඓතිහාසික කරුණු අනුසාරයෙන් ගොඩනැගූ මිත්‍යාමය ප්‍රබන්ධයක් විය හැක. මෙම මිත්‍යාවේ ප්‍රභවය පිළිබඳ නොයෙකුත් මතයන් ඉදිරිපත් වී ඇත. සියෝ සහ කං (2002) විශ්වාස කරන්නේ දංගුන් මිත්‍යාව ලෝකඩ යුගයේ අහස වන්දනාමාන කළ ආක්‍රමණික ගෝත්‍රයක සහ වලසුන් වන්දනාමාන කළ ස්වදේශික නියෝලිතික ගෝත්‍රයක ඒකාබද්ධ වීමෙන් ඇතිවූ බවයි. එමගින් ගෝජොසොන් බිහිවූයේ යැයි ඔවුහු පවසති. ලී කේ. බී. (1984) විශ්වාස කරන්නේ 'දංගුන්-වංගොම්' යනු පසුකාලීන ගෝජොසොන් අනුප්‍රාප්තික නායකයින් විසින් නිර්මාණය කළ පදවියක් බවයි.",sin,wili-2018,sinhala,sinhala
තවද දෙමළ බස කතා කරන සලකියයුතු මුස්ලිම් ජනතාවක් ශ්‍රිලංකාවේ වාසය කරයි. කෙසේ නමුත් ඉන්දියාවේ වෙසෙන දමිළ මුස්ලිම්වරු මෙන් ඔවුන් දමිළ වාර්ගිකයින් නොවෙති. එබැවින් ඔවුන් වෙනම ජනවාර්ගික කණ්ඩායමක් ලෙස නිල සංඛ්‍යා ලේඛන වල දක්වා ඇත.,sin,wili-2018,sinhala,sinhala
අකුණ වලාවක ඉහළ කිලෝමීටර කිහිපයක් දුරට සිදුවන රතු පැහැති පිපිරීමක් රතු දේවතාවා යන අකුණු වර්ගයට අයත් වේ. බොහෝ දෙනාගේ විශේෂයෙන් ශ්‍රී ලංකාවේ ගැමියන් තුළ පවතින අදහසක් වන්නේ අකුණත් සමග ලෝහමය හෙවත් යකඩ කූරක් ගමන් කරන බවයි. එය එසේ සිදු නොවන දෙයකි. මෙහිදී සිදු වන්නේ අකුණු පහරේ අන්තර්ගත ප්‍රබල විද්‍යුත් ධාරාව හේතුවෙන් එහි ගමන් මාර්ගයේ තිබෙන වායු කඳන් සැණින් රත් පැහැ ගැන්වීම හෙවත් රක්තතප්ත වීමයි. මේ ක්‍රීයාවලිය නිසා පොළොවට ළගාවන අකුණ එම ස්ථානයේ සිට පොළොව මතුපිට විවිධ දිශා ඔස්සේ සැණින් ගලායයි.,sin,wili-2018,sinhala,sinhala
"වෛද්‍ය සමාජ විද්‍යාව සාමාන්‍යයෙන් සමාජ විද්‍යාව , සායනික මනෝ විද්‍යාව සහ සෞඛ්‍ය අධ්‍යයනයන්හි කොටසක් ලෙස ඉගැන්වේ. තවද වෛද්‍ය විද්‍යාවෙහි ආචාර ධර්ම පද්ධතිය පිළිබදව අධ්‍යයනය කිරීමක් වශයෙන් එය විශේෂඥ උපාධිවලට ද අන්තර්ගත වේ.",sin,wili-2018,sinhala,sinhala
"රටවැසියන්, ඔවුන්ගේ සිරිත් විරිත් සහ කෘෂිකාර්මික ක්‍රමවේදයන් පිළිබිඹු කල චිත්‍ර සටහන් වලින්ද සමන්විතවූ 'ඇන් හිස්ටොරිකල් රිලේෂන් ඔෆ් දි අයිලන්ඩ් සිලෝන්, ඉන් දි ඊස්ට්-ඉන්ඩීස් ' නමැති ග්‍රන්ථය 1681දී රචනා කොට දොරට වැඩූ නොක්ස්, එමගින් තම අත්දැකීම් ලේඛනගත කලේය. මෙම පොත ලංකාවේ ජන දිවිය පිළිබඳ යුරෝපීය දෘෂ්ඨිකෝණය මැනවින් හා සවිස්තරාත්මකව පිළිබිඹු කෙරෙන පැරණිතම ලේඛනයක් ලෙසද 17වන සියවසෙහි දිවයින පැවැති තත්ත්වය පිළිබඳ ඉතාමත් අගනා හා අමිල වාර්තාවක් ලෙසද සැළකේ. මුල් දොරට වැඩුමෙන් අනතුරුව කිහිප වතාවක් මෙම ග්‍රන්ථය නැවත මුද්‍රණය කරන ලදි.",sin,wili-2018,sinhala,sinhala
"එක් දිනක් නන්ද රජුගේ දේවිය කණගාටු වනු දුටු රජු ඒ පිළිබඳ විමසන්නාහු, ""තමන්ගේ අතීත පුණ්‍යක්‍රියා නිසා තමන් මේ සා මහත් වූ සැප සම්පත්තියක් විඳින බවත්, අනාගතය පිණිස පුණ්‍යකර්මයක් නොකරන බැවින්"" තම දේවිය ඒ පිළිබඳව දුක් වන බවත් දැනගත්තේය.",sin,wili-2018,sinhala,sinhala
"ෆියෝනා ස්ටීවන් 29 : ලන්ඩනයේ, බාබිකන් හි විසු නීතිඥයෙකි. ඇයගේ දෙමාපියන් වූ එසෙක්ස් ප්‍රාන්තයේ ලිට්ල් බැඩෝ හි අයිටන් සහ අයිමා දෙපල කීවේ ඇය නැති පාඩුව පිරිමැරසිය නොහැකි බවයි.",sin,wili-2018,sinhala,sinhala
"වයසර අවුරුදු 12 දී, Shakur enrolled in Harlem's 127th Street Repertory Ensemble and was cast as the Travis Younger character in the play A Raisin in the Sun, which was performed at the Apollo Theater. In 1986, the family relocated to Baltimore, Maryland. After completing his second year at Paul Laurence Dunbar High School, he transferred to the Baltimore School for the Arts, where he studied acting, poetry, jazz, and ballet. He performed in Shakespeare plays, and in the role of the Mouse King in the ballet The Nutcracker. Shakur, accompanied by one of his friends, Dana ""Mouse"" Smith, as his beatbox, won many rap competitions and was considered to be the best rapper in his school. He was remembered as one of the most popular kids in his school because of his sense of humor, superior rapping skills, and ability to mix with all crowds. He developed a close friendship with a young Jada Pinkett (later Jada Pinkett Smith) that lasted until his death.",sin,wili-2018,sinhala,sanskrit
"දෙමළ ජනයා ඔවුන්ගේ භාෂාව අතර ප්‍රබල වූ සහසම්බන්ධයක් ඇත. සාහිත්‍ය තුල දී භාෂාව, දමිළ ජනයාගේ මාතෘ පදවිය සේ නිරතුරුව සලකා ගරුබුහුමන් දක්වයි. එය ඉතිහාසය පුරා හා වර්තමානයේ දෙමළ අනන්‍යතාවයේ ප්‍රධාන කේන්ද්‍රය හා සංකේතය සේ සලකනු ලැබේ. දකුණු ඉන්දියාවේ අනෙකුත් භාෂාවන්සේම දෙමළ භාෂාවද Dravidian භාෂාවක් වේ. අනෙක් Dravidian භාෂාවන් හා සසඳන කල දෙමළ භාෂාව සදහා සංස්කෘත භාෂාවේ බලපෑම ඉතා අල්ප වන අතර එය මුල් Dravidian හි මුල් අංග ලක්ෂණ ආරක්ෂා කොට ගෙන ඇත. සංස්කෘත හා ඉංග්‍රීසි වචන මුසු කොටගත් මුල් දමිළ භාෂාවෙන් නිදහස් ලෙස පරිවර්තනය වූ දමිළ භාෂාවක් වර්තමානයේ දී තමිල්නාඩු ජනයා භාවිතා කරනු ලැබේ. ඉන්දීය ජනරජය දෙමළ සාහිත්‍යයේ පෞරාණික බව නිසාම සම්භාවනීය පුරාණ භාෂාවක් ලෙස හදුන්වාදී ඇත. පෞරාණික දෙමළ සාහිත්‍යයේ පරාසය භාව ගිතයන්ගේ සිට කාව්‍ය ශාස්ත්‍රය සහ ආචාරධර්මී දර්ශන වාදය දක්වා විහිදී තිබේ. එය සමකාලීන පසු කාලීන ඉන්දියානු භාෂා සාහිත්‍යන්ගෙන් දෙමළ භාෂාව විශේෂ කොට දැක්වීමට මහෝපකාරී වී ඇත. තවද එය දකුණු ආසියානු ලෞකික සාහිත්‍යයේ පැරණිතම ස්වරූපය නිරූපනය කරයි.",sin,wili-2018,sinhala,sinhala
"බොහෝවිට සරල ලෙසින් මැල්කම් කාදිනල් රංජිත් හෝ මැල්කම් රංජිත් ලෙසින් හැඳින්වෙන, ඇල්බට් මැල්කම් රංජිත් පටබැඳිගේ දොන් (උපත 15 නොවැම්බර් 1947) යනු, නිල බලයෙන් ශ්‍රී ලංකාවේ අග්‍රධරයා ලෙසින් සේවය කරන කතෝලිත සභාවේ කාදිනල් තුමෙකු වෙයි. එතුමා, කොළඹ අගරදගුරු පදවිය හොබවන අතර, එය ශ්‍රී ලංකාවේ ප්‍රධානතම කතෝලික රදගුරු වසම වන නිසා ශ්‍රී ලංකාවේ කොළඹ පළාතේ පෞර අගරදගුරු වහන්සේ (Metropolitan Archbishop) වෙති.",sin,wili-2018,sinhala,sinhala
චීනය මේ සඳහා තවමත් හවුල් වී නොමැති නමුත් රුසියානු ඒජන්සිය සමඟ එක්ව කටයුතු කිරීමට ඉඩ ලැබෙන්නේ නම් ඔවුන් ද මේ ව්‍යාපෘතියට උනන්දු වන බව වාර්තා වී ඇත.,sin,wili-2018,sinhala,sinhala
භාණක ලෙනේ දැකගත හැකි මුල්කිරිගල ලෙන් ලිපිය ක්‍රි. පූ. 2-1 සියවසට අයත් වේ. පුරාණ සිංහල භාෂාවෙන් හා පූර්ව බ්‍රාහ්මී අක්ෂරයෙන් නිර්මිතය. මඤ්ධිමභාණක උපසෝණ නම් භික්ෂුවගේ ලෙන පැමිණි නොපැමිණි භීක්ෂූන්ට පූජා කිරීම ගැන විස්තර ඇතුලත් වේ.,sin,wili-2018,sinhala,sinhala
"විශාල රූස්ස වනයක් මැද විශාල ජල දහරාවක් හරස් කරමින් ප්‍රතාපවත් ලෙස නැගී සිටින මෙය දුටු හැම කෙනෙකුගේම සිත් ඇද ගන්නා බව නොරහසකි. අපි එතනට ලගාවන විට මධයහ්න 12 පසුවී තිබුනත් ඒ පරිසරය කියා පෑවේ සන්ධ්‍යාවක බිම් කරුවලට හුරු දසුනක්ය.ඒ රූස්ස ගස්වල අතු හිස් අවකාශයට වියන් බැඳ තිබූ බැවිනි. සතර දිශාවෙන්ම මහ වනයෙන් වටවී විහඟුන්ගේ නාදය දෙසවන් පිනවද්දී විටින් විට ඇසුණු වෙඩි හඩවල් කිහිපයක්අපේ සිත් බ්යට පත් කළෝය.එනමුත් මෙහි සුලමුල සොයා ගැනීමේ පරමාර්ථය මා සිත් දැඩි කොට බැඳ තබා තිබුණි. එබැවින් පරාක්‍රමපුර ගම්මානයේ මුල් පදිංචි කරුවෙකු වූ පේමචන්ද්‍ර මහතාගෙන් අපි මේ පිළිබද විස්තර විමසුවෙමු.ජනප්‍රවාදයේ පවතින ආකාරයට මීට වසර ‍2000 කටත් පෙර සිට මේ පාළම ප්‍රසිද්ධ ගමනාගමන මාර්ගයක් ලෙසද, විශාල වාරිමාර්ග පද්ධතියක් ලෙස ද, යොදාගෙන තිබේ. ක්‍රි:පූ 13 වන සියවසේ දී මහා පරාක්‍රමභාහු රජු විසින් ඉදි කරන ලද ""පදවි වැවේ""වැඩි ජලය පහත් බිම් කරා ගෙන යාමේ ජල මාර්ගයක් ලෙස ""මොර ඔය"" යොදා‍ගෙන තිබේ.එසේම කෙත්වතු වලින් ගලායන වැඩි ජලය ද මෙම මොර ඔය දිගේ පහළට රැගෙන යයි.වැළිඔය ගම්මානයට ජලය සපයන මෙම මොර ඔය ද, ඊට බටහිර දිශාවෙන් පිහිටි කිවුල් ඔය ද,එකට එක්වන ස්ථානය ,එනම් දෙමෝදර හරස් කොට මෙම ගල් පාළම නිර්මාණය කොට තිබේ.පළලින් අඩි 2 ක් ද, දිගින් අඩි 7 ක් ද වන ගල් එකමත එකතබා අඩි 8 කට ආසන්න උසකින් අඩි 6 කට ආසන්න පළලකින් යුක්ත ෙව්.",sin,wili-2018,sinhala,sinhala
"මහානිසභ තෙරුන් වහන්සේ කෙරෙහි පැහැදී සිටි ඒ උපාසක තෙමේ බුදුරජාණන් වහන්සේගේ බස් අසා උන්වහන්සේ කෙරෙහි මහත් වූ පැහැදීමක් ඇතිකර ගත්තේය. ඉන්පසු ""මටද අන් කිසිම සැපතකින් පලක් නැත.මමද අනාගතයේ බුදු සස්නක ධූතවාදීන් අතරින් අග්‍ර වෙමි"" යි සිතා නැවතත් බුදුරජාණන් වහන්සේට දන් පිණිස ආරාධනා කර සත්දිනක්ම බුදුපාමොක් මහ සඟනට මහත් වූ ශ්‍රද්ධාවෙන් දන් පිළියෙල කර පිළිගැන්වීය.",sin,wili-2018,sinhala,sinhala
"නූතන වෛද්‍ය ක‍්‍රමයට අනුව පුද්ගලයාගේ ශරීර සනීපයට බාධා කරන්නා වූ කවර හෝ තත්වයක් රෝගයක් ලෙස විස්තර කෙරේ. ඒ අනුව එම තත්වය පුද්ගලයාගේ සතුටට තර්ජනයකි. ඉන් පුද්ගලයාට සාමාන්‍ය අයුරින් කි‍්‍රයාත්මක වීමට බාධා පමුණුවන අතර ඔහුගේ අපේක්ෂිත ඉලක්ක ලබා ගැනීමට ඉන් බාධා පැමිණේ( ලියනගේ, 2000: 07).",sin,wili-2018,sinhala,sinhala
බෙල්ජියම එල්ල කල බාධා මැඩ පැවැත්වූ ජර්මනිය පහසුවෙන්ම බෙල්ජියම හරහා ප‍්‍රංශයට ඇතුළු විය. ඔස්ට‍්‍රියාව ජර්මන් ආධාර ඇතිව රුසියාවට හා සයිබීරියාවට පහර දී එම රටවල් වල හමුදා,sin,wili-2018,sinhala,sinhala
මෙවනි කතා බලි තොවිල්වලදී යකැදුරන් විසින් කියනු ලැබේ. යක්ෂයන් යනු අපවිත‍්‍ර ස්ථානවලින් උපත ලද භයානක ස්වරූපයකින් යුතු අයය. නමුත් ඔවුන් මෙල්ල කිරීමට ප‍්‍රලය කිරීමට යකදුරෝ සමත් වෙති. යක්ෂ ධූරාවලිය තුළ එක් එක් යක්‍ෂයන්ට ඇති බලය විවිධ වේ. එසේම ඔවුන්ගේ උත්පත්ති කතා ද විවිධය. එකම යකු හට වුවද විවිධ උත්පත්ති කතා පවතී. යකුන් ඔවුන්ගේ නායකයා වන වෙසමුණි රජු යටතේ කටයුතු කරති. දෙවියන් ඉදිරියේ යකුන්ගේ බලය හීනය. රීරි යකා පිළිබදව උත්පත්ති කතා කිහිපයක් ඇති අතර ඉන් එකක් කැෆ්ෆෙරර් විසින් මෙසේ සදහන් කර ඇත.,sin,wili-2018,sinhala,sinhala
"තවත් ලෙසකින් කිවහොත්, ජීවීන් සතුව ඇති අපරිමිත විවිධාත්මකභාවය ජෛව විවිධත්වය ලෙසින් හඳුන්වයි.නමුත් විද්‍යාත්මක ලෙස ජෛව විවිධත්වය අර්ථ දක්වන්නේ නම්, ප්‍රවේණිවල විවිධත්වය, අන්තර් සබඳතා, විශේෂවල විවිධත්වය,පරිසර පද්ධතිවල විවිධත්වය, වාසභූමි ආදී සියල්ලෙහිම පවතින්නාවූ විවිධත්වය ජෛව විවිධත්වය ලෙසයි.",sin,wili-2018,sinhala,sinhala
මේ හේතුව නිසා වලාකුළක් තුළ පවතින බිඳවැටීම් විද්‍යුත් ක්ෂේත්‍රය පෘථීවිය ආසන්න ස්තර වල තිබෙන බිඳවැටීම් විද්‍යුත් ක්ෂේත්‍රයට වඩා අඩුය. මේ නිසා බොහෝ අවස්ථාවලදී පෘථීවිය වෙතට අකුණු ගලා ඒමට පෙර වලාකුළ තුළ විද්‍යුත් විසර්ජන හෙවත් වලා අකුණු ආරම්භ වේ.,sin,wili-2018,sinhala,sinhala
"ලෙස්ටර් ජේම්ස් පීරිස් මහතා විසින් අධ්‍යක්ෂණය කරන ලද ගොළු හදවත, දෑස නිසා සහ අහසින් පොළවට යන චිත්‍රපටි ඇය විසින් රංගනයෙන් දායක වූ චිත්‍රපට ලෙස හැඳින්විය හැක.",sin,wili-2018,sinhala,sinhala
"මෙහිදී Bu ,n-butyl පංතිය නිරූපනය කරයි.CuCl නොමැති විට ග්‍රිනඩ් ප්‍රතිකාරක තනිවම 1,2 සහ 1,4 නිපදවීම් වල එකතුවක මිශ්‍රණයක් සාදයි.(උද: C=O බන්දනයකට ලඟින් පිහිටි C වෙත butyl එක් වේ)",sin,wili-2018,sinhala,sinhala
CPU හි කොටසක් සුපිරි අදිශ හා කොටස් එසේ නොවන අවස්ථාවකදි එම සුපිරි අදිශ නොවන කොටසට උපලේඛනය කිරිම නතර විම නිසා කා්ය සාධනය අතින් පාඩු විදිමට සදිදුවේ. මුල් Interl pentium(PS) හට එකකින් එක කාලය චක්‍රයකදි එක් උපදෙසක් ප්‍රතිගහළුණය කරන සුපිරි අදිශ අංක ගණිතය තර්ක එකක දෙකක් තිබු නමුත් එහි FPU හට එක් කාල චක්‍රයකදි එක් උපදෙසක් ප්‍රතිග්‍රහණය කළ ‍ොනාහැකි විය. එම නිසා P5 නිකිල අතින් සුපිර අදිශ වු අතර ඉපිලෙන ලක්ෂ්‍ය අතින් සුපිරි අදිශ නොවිය. Intel හි Penti um නිර්මිකතියට අනුප්‍රාපිතයාවු P6 හි ඉපිලෙසන ලක්ෂිය විශේෂාංග වලට සුපිරි අදිශ හැියාව එක් කර තිබු අතර එම නිසා ඉපිලෙන ලක්ඹෂිය උපදෙස් ක්‍රියා කරවිමෙහි සුවිශේෂි වර්ධනයක් සලසවා ගත හැකිවිය.,sin,wili-2018,sinhala,sinhala
"ISS යනු කලින් සැලසුම් කෙරුනු වෙනත් අභ්‍යවකාශ මධ්‍යස්ථාන ‍නොකඩවා පවත්වාගෙන යාමක් බව දැක්විය හැකිය. රුසියාවේ මීර් 2, දරුණු ලෙස අරමුදල් හිඟයකට ලක්වුනු ඇමෙරිකානු ෆ්‍රීඩම් අභ්‍යවකාශ මධ්‍යස්ථානය, යුරෝපීය කොළම්බස් සහ කිබෝ මධ්‍යස්ථාන, ජපානයේ එක්ස්පරිමන්ට් මොඩියුල් මධ්‍යස්ථානය එවැනි මධ්‍යස්ථාන කීපයකි.",sin,wili-2018,sinhala,sinhala
"Mellor, J. W., A Comprehensive Treatise on Inorganic and Theoretical Chemistry, Volume III, pp157-168. Longmans, Green & Co., London, 1967 (new impression).",sin,wili-2018,sinhala,sinhala
මෙම බරින් වැඩි මූලද්‍රව්‍ය නිර්මාණය වී ඇත්තේ තරු තුළදී වේ. තාරකා විද්‍යාඥයින් හයිඩ්‍රජන් හා හීලියම් හැර අන් සියලු මූලද්‍රව්‍ය ලෝහමය සේ සලකති. මෙසේ සැලකීමට හේතුව වන්නේ හයිඩ්‍රජන් හා හිලීයම් (සුළු වශයෙන් ලිතියම්ද) යන මූලද්‍රව්‍ය පමණක් ස්වාභාවික එනම් තාරකා තුළ සිදුවන න්‍යෂ්ටික විලයන ක්‍රියාවලින් තොරව විශ්වය නිර්මාණය වූ බැවිණි. එබැවින් ක්ෂීර පථයේ හෝ වෙනත් ඕනෑම වස්තුවක ඉහත ලෝහමය මූලද්‍රව්‍යයන්හි පැවැත්ම අතීත තාරකා‍ ක්‍රියාකාරිත්වය පෙන්වන සලකුණකි.,sin,wili-2018,sinhala,sinhala
"ක්‍රි.ව. 372දී ගොගුර්යෝවට පළමුව බුදු දහම හඳුන්වා දෙන ලද්දේ එහි භූමිය මැංචූරියාවෙන් වැඩි කොටසක් තෙක් හා කොරියාවේ උතුරු අර්ධය පුරා විහිදීමත් සහ උතුරු වෙයි වැනි උතුරු චීන රාජධානිවලට සමීපව පිහිටීමත් නිසායි. බුදු දහමේ ආභාසය හේතුවෙන් ගොගුර්යෝ රජවරු බුදුන් වහන්සේ වෙනුවෙන් පුදකළ කලා නිර්මාණ සහ ගෘහ නිර්මාණ ඉදිකරන්නට පෙළඹුණහ. ගොගුර්යෝ කලාවේ වැදගත් ලක්ෂණයක් ලෙස සොහොන්ගැබ් බිතු සිතුවම් හඳුනාගත හැක. මෙම සිතුවම් මගින් පුරාතන රාජධානියේ එදිනෙදා දිවිය සහ සංස්කෘතික අංග නිරූපණය කරයි. යුනෙස්කෝව විසින් ගොගුර්යෝ සොහොන් සංකීර්ණය ලෝක උරුම අඩවියක් ලෙස නම්කරන ලදී. ගොගුර්යෝ කලාව ජපානය ඇතුළු නැගෙනහිර ආසියානු කලාව හැඩගැස්වීමට දායක විය. මෙයට උදාහරණ ලෙස ගොගුර්යෝ ආභාසය ලත් ජපානයේ හොර්යු-ජි විහාරයේ බිතු සිතුවම් හඳුනාගත හැක. බිතු සිතුවම් කලාව සෙසු රාජධානි දෙක වෙත ද ව්‍යාප්ත විය. බිතු සිතුවම් මගින් බෞද්ධ තේමා නිරූපණය කෙරුණු අතර, රාජධානියේ ගෘහනිර්මාණය සහ වස්ත්‍ර වැනි අංශ පිළිබඳ වටිනා තොරතුරු රැසක් එමගින් සපයයි. මෙම බිතු සිතුවම් කොරියානු භූමි දර්ශන සිතුවම් කලාවේ සහ ආලේඛ සිතුවම් කලාවේ ආරම්භය යැයි සැලකිය හැක. කෙසේනමුත්, මෙම සොහොන්ගැබ් තුළ වූ වටිනා වස්තූන් වෙත පහසුවෙන් ළඟා විය හැකිවූ හෙයින්, ඒවා සොරුන් විසින් පැහැරගෙන ඇත. මේ නිසා සොහොන්ගැබ් තුළ හමුවන්නේ සුළු භෞතික පුරාවස්තු සංඛ්‍යාවකි.",sin,wili-2018,sinhala,sinhala
සිංහලයින්ගේ විශ්වාස පද්ධතියට අනුව මිනිසාගේ වේදනා විදීම අවාසනාව රෝග පීඩාදිය යනාදී සියළු දෙය සිදුවන්නේ යක්ෂ බලවේගවල කි‍්‍රයාකාරීත්වය නිසාය. සිංහලයින් යක්ෂයන් පළවා හැරීම සදහා පවත්වනු ලබන ප‍්‍රධාන පූජා පිළිවෙත් පවතී. මෙහිදී ඔවුන්ගේ අවශ්‍යතාවය වන්නේ මෙම යක්ෂ හෝ භූත කි‍්‍රයාවන්ට ගොදුරු වූ පූද්ගලයාගේ රෝග පීඩා යනාදිය දුරු කිරීමයි (කැෆ්ෆෙර්ර 1983 : 01).,sin,wili-2018,sinhala,sinhala
රාමානුජන් උපන්නේ ඉන්දියාවේ තමිල්නාඩු ප්‍රාන්තයේ එරොඩ්හි පල්ලිලෙයම් නම් ප්‍රදේශයේය. ක්‍රමානුකූල ගණිතයට අත‍්පොත් තබන විට හෙතෙම දස හැවිරිදි විය. ඔහු ගණිතයට සහජ දක්ෂතාවක් දැක්වූ අතර වයස අවුරුදු 13 වන විට එස්. එල්. ලෝනි විසින් රචිත උසස් ත්‍රිකෝණමිතිය පිළිබද ග්‍රන්ථ සම්පූර්ණයෙන් අධ්‍යයනය කර අවසන් කළේය. මේ වන විට ඔහු තමාගේම ප්‍රමේයයන් ගොඩනැගීමට ද සමත්ව සිටියේය. ඔහු පාසලේ දී ද ගණිතයට අසාමාන්‍ය හැකියාවක් පෙන්වමින් තෑගි හා ප්‍රශංසා ලැබීමට සමත් විය. වයස අවුරුදු 17 වන විට රාමානුජන් බර්නූලි සංඛ්‍යා සහ ඔයිලර් මැස්කරෝනි නියතය පිළිබඳ තමාගේම පරීක්ෂණ සිදු කිරීමට සමත් විය. ඔහුට මේ වන විට කුම්භකෝනන්හි රජයේ පාසලට ඇතුළත්වීමට ශිෂ්‍යත්වයක් හිමි විය. නමුත් ඔහුගේ විෂය මාලාවට අයත් වූ ගණිතමය නොවන ක්‍රියාකාරකම්වලින් අසමත් වීම නිසා ඔහුට ශිෂ්‍යත්වය අහිමි විය. අනතුරුව ඔහු ස්වාධීනව ගණිතමය පරීක්ෂණ සිදු කිරීම සදහා වෙනත් විද්‍යාලයකට බැදුණු අතර මේ කාලය තුළ සිය ජීවිකාව ලෙස හෙතෙම මදුරාසි කොටුවේ භාරකාර කාර්යාලයේ ජ්‍යෙෂ්ඨ ගණකාධිකාරී කාර්යාලයේ ලිපිකරුවෙකු ලෙස සේවය කළේය. 1912 හා 1013 අතර කාලයේ දී ඔහු සිය ප්‍රමේයන්හි සාම්පල කේම්බ්‍රිජ් විශ්ව විද්‍යාලයේ ආචාර්යවරුන් තිදෙනෙකුට යවන ලද අතර ඔහුගේ දක්ෂතාවයන් තේරුම්ගත් ජී. එච්. ගාමි රාමානුජන්ට කේම්බ්‍රිජ් විශ්ව විද්‍යාලයේ තමා යටතේ අධ්‍යයන කටයුතු කිරීමට ඇරයුම් කළේය.,sin,wili-2018,sinhala,sinhala
"However, application of a Creative Commons license may not modify the rights allowed by fair use or fair dealing or exert restrictions which violate copyright exceptions. Furthermore, Creative Commons Licenses are non-exclusive and non-revocable. Any work or copies of the work obtained under a Creative Commons license may continue to be used under that license.",sin,wili-2018,sinhala,sinhala
ප්‍රජාතන්ත්‍රවාදී ක්‍රමයකට තෝරා ගත් ඔ‍බේ ආණ්ඩු ලෝකය පුරා සිටින මාගේ ජනතාවට එරෙහිව දිගින් දිගටම කෲර ක්‍රියාවල යෙදී සිටියි. ඔබ ඔවුනට උදව් කිරීමෙන් ඔබ කෙළින්ම වගකිව යුතු වෙයි. එය හරියට මම මාගේ මුස්ලිම් සහෝදර සහෝදරියන්ගේ ආරක්ෂාව සහ පළිගැනීම් සම්බන්ධයෙන් කෙළින්ම වගකීමට බැඳී සිටිනවා මෙනි.,sin,wili-2018,sinhala,sinhala
ශ්‍රී ලංකාවේ ශාස්ත්‍රීය හා සරල යන සංගීත අංශ දෙකෙහිම භාවිත වන වාද්‍ය භාණ්ඩයකි. මෙහි ප්‍රධාන තත් හතරක් වේ.පර්දා සහිත අනුතත් හතකි. ඉන්දියානු වාද්‍ය භාණ්ඩයක් වන මෙය වැඩි වශයෙන් ප්‍රචලිත වන්නේ වංග දේශයේය.,sin,wili-2018,sinhala,sinhala
"සීසියම් ෆ්ලෝරයිඩ් හේලයිට් ව්‍යූහය ආකාරවේ. සීසියම් කැට අයන (Cs+) හා ෆ්ලෝරයිඩ් ඇන අයන (F−) බැදී පවතිනුයේ සෝඩියම්ක්ලෝරඩ් සංයෝගයේ සෝඩියම් කැට අයන (Na+)හා ක්ලෝරින් ඇන අයන(Cl−) ඝනව බැදී පවතින ආකාරයටය. සීසියම් කැටායනය ෆ්ලෝරයිඩ් ඇනායනය වලට වඩා විශාල වන නමුත් ලිතියම්, පොටෑසියම්, සෝඩියම් හා රුබීඩියම් හේලයිඩ වල කැටායනය, කැටායනයට වඩා කුඩාවේ.",sin,wili-2018,sinhala,sinhala
විද්‍යාවේ දියුණුව පිළිබද අවධානය යොමු කරන හා එහි ආවේනික ගති ලක්ෂණ අර්ථ දක්වන පර්යේෂණ මධ්‍යස්තානයක් වන්නේ ලබ්ලින්හි පිහිටි පෝලන්ත විද්‍යා ඇකඩමියේ කෘෂි භෞතික විද්‍යා ආයතනයයි.,sin,wili-2018,sinhala,sinhala
"කාශ්‍යප තෙරුණුවෝ දුරදීම බුදුරජාණන් වහන්සේ දැක ""මුන් වහන්සේ මාගේ ශාස්තෲවරයාණෝය.මාගේ පැවිද්ද මුන්වහන්සේ උදෙසාය"" දුටු තැන සිට නැමී නැමී තථාගතයන් වහන්සේ වෙත එළඹ තුන් තැනක හිඳ වැඳ,",sin,wili-2018,sinhala,sinhala
"සිය පුතු සංජේ දත්ගේ පළමු හින්දි සිනමා ආගමනයට දවස් කිහිපයකට පෙරාතුව අග්‍න්‍යාශයේ ඇතිවූ පිළිකාවක් හේතුවෙන් 1981 වසරේදී නාර්ගීස් මරණයට පත් වූවාය. 1982 වසරේදී ඇය ස්මරණය වෙනුවෙන් නාර්ගීස් දත් අනුස්මරණ පිළිකා පදනම ආරම්භ කරන ලදී. ඇයට ගෞරවයක් වශයෙන් එරට වාර්ෂිකව පැවැත්වෙන ජාතික සිනමා සම්මාන උළෙලේ, ජාතික එකමුතුභාවය පිළිබඳ විශේෂාංග ච්ත්‍රපටිය සඳහා වූ සම්මානය, නාර්ගීස් දත් සම්මානය ලෙස නම් කිරීමට පියවර ගෙන තිබිණි.",sin,wili-2018,sinhala,sinhala
"සිංහල ජාතිය තුල පවත්නා කුල ක්‍රමය, 13 වන සියවසේ පැමිණි දකුණු ඉන්දියානු සංක්‍රමනිකයින්ගෙන් . මෙය සිංහලයන් තුල සලාගම , දුරාව, කරාව යනුවෙන් කුල තුනක් ඉස්මතුවීමට අවකාශය සලසා දෙන ලදී.",sin,wili-2018,sinhala,sinhala
"නැවතත් සිත එක්තැන් කරගෙන බණ අසන ඒකශාටක බමුණු තෙමේට මධ්‍යම රාත්‍රියේදී නැවතත් ශරීරය පිණා යන තරමේ ප්‍රීතියක් දැණුනි. වස්ත්‍රය පූජා කරන්නට සිතුණත් පූජා කිරීමෙන් පසු සිදුවන අපහසුකම් ගැන සිතා වස්ත්‍රය නොදෙන්නට තීරණය කර ගත්තේය. පශ්චිම යාමේයේදී නැවතත් වස්ත්‍රය පුදන්නට තරම් ප්‍රීතියක් උපන් අතර ""පසුව කුමක් වුවත් මම මුන්වහන්සේට මේ වස්ත්‍රය පූජා කරමියි"" සිතා හැඳ සිටි වස්ත්‍රය හකුලා බුදුරජාණන් වහන්සේගේ දෙපා මුල තැබීය. එයින් බමුණු තෙමේගේ ප්‍රීතිය සිය දහස් ගුණයකින් වැඩි විය. වඩාත් වූ ප්‍රීතිය ඇත්තා වූ බමුණු තෙමේගේ මුවින් ""මා දිනුවා, මා දිනුවා"" යැයි ඉබේම කියවිණි.",sin,wili-2018,sinhala,sinhala
එක්තරා උදෑසනක කාශ්‍යප හිමියන් ගහේ තිබූ සියළුම මල් පරවී බිම වැටී තිබෙනු දැක එ කරුණින්ම බුදුරජාණන් වහන්සේ පිරිණිවන් පා වදාළ බව දැන තමන් වහන්සේගේ පා සිවුරු ගෙන කුසිනාරා නුවර බලා වඩින්නට විය.,sin,wili-2018,sinhala,sinhala
"රෝග සුව කර ගැනිම සඳහා යොදා ගන්නා අභිචාර විධි විමර්ශනය කිරීමේදී පෙනී යන්නේ ඒ සඳහා රෝගය බලපාන බවයි. රෝග ලක්ෂණ අනුව ඒ සදහා සුළු කෙම්පහන් විධි හෝ සංකීර්ණ අභිචාරාත්මක ක‍්‍රියා කෙරේ යොමු වෙති. විශේෂයෙන් සුළු කෙම්පහන් ලෙස දෙහි කැපීම, නුල් බැදිම, දෙහි මැතිරිම, තැඹිලි මැතිරිම, ආදී ක‍්‍රියාවන් ද සංකීර්ණ අභිචාර විධි සදහා දහඅට සන්නිය, සුනියම් යාගය, මහසොන් සමයම, රිද්දි යාගය, සන්නියැකුම ආදිය දැකිය හැකිය. ඒ ඒ ප‍්‍රතිකාර ක‍්‍රමයන් තිරණය වන්නේ රෝගි ස්වභාවය අනුව බව පෙනේ.",sin,wili-2018,sinhala,sinhala
"කොරියානු කඩදාසි කලාව යටතට ගෘහනිර්මාණ අරමුණු (ජනෙල් තිර, ගෙබිම ආවරණ), මුද්‍රණ කටයුතු, කලානිර්මාණ සහ කොරියානු නැමුම් කලා (කඩදාසි අවාන්, කඩදාසි රූ) සඳහා භාවිතා වන හස්ත නිර්මාණ කඩදාසි (හන්ජි) හා සම්බන්ධ සියලු කටයුතු අයත් ය. එසේම ජොන්ජු නගරයේ වාර්ෂිකව පැවැත්වෙන කොරියානු කඩදාසි ඇඳුම් විලාසිතා දැක්ම ලෝකයාගේ අවධානය දිනාගෙන ඇත.",sin,wili-2018,sinhala,sinhala
"• විකර්ශණ ශක්තිය යනු බාහිරින් එකතු කරන ලද කෘතිම පදාර්ථියකි. මෙයට හේතුව රෙද්ද තුල එකිවෙක චේදනයක් නොවිමටය. • භෞතික ක්‍රමයේ මෙන්ම ඇදනෙ සුළු බවෙහි ශක්තිය තිරණය කරනුයේ Hookes ගේ නියමයෙනි. • නැමෙන සුළු ගතියේ ශක්තිය මගින් එහි දැඩි බව පෙන්වයි • පන්දුලමේ ශක්තිය, රෙද්දෙහි විරැපනය කිර‍ිමේ හැකියාව පෙන්නුම් කරයි ( එක් තලයක් තුල සිදුවිය හැකි විරැපණය) • ගුරැත්වාකර්ෂණ හක්තිය රදා පවතිනුයේ ගුරැත්වාකර්ෂණය නිසා ඇති වන ත්වරණය මතය",sin,wili-2018,sinhala,sinhala
"ඉන්දියාවේ ප්‍රධාන ආගම් දෙකක් ආරම්භ වූයේ මගධ ප්‍රදේශයෙනි. ඉන්දියාවේ බලවත් රාජ්‍ය දෙකක් වූ මෞර්ය අධිරාජ්ය් සහ ගුප්ත අධිරාජ්යකය ආරම්භ වූයේ මගධයෙනි. මෙම අධිරාජ්යයන් පුරාණ ඉන්දියාවේ විද්‍යාව, ගණිතය, තාරකා විද්‍යාව ආගම සහ දර්ශන යන අංශයන්හි දියුණූව ගැන සලකා බලන ලද අතර එම කාල සීමාව ඉන්දියාවේ ස්වර්ණමය යුගය වශයෙන් සලකන ලදී. මගධ රාජධානියට රාජකුමාර වැනි සමූහාණ්ඩු ප්‍රජාව ඇතුලත් විය. ග්‍රාම වාසීන් ඔවුන්ගේ ප්‍රාදේශීය ප්‍රධානීන් වූ ග්‍රාමක වරුන් යටතේ රැස් වූහ.ඔවුන් පරිපාදනය විධායක, නෛතික සහ හමුදා කාණ්ඩ වලට බෙදා තිබින.",sin,wili-2018,sinhala,sinhala
මිරියම් හයිමන් 32 : උතුරු ලන්ඩනයේ බාර්නට් වලිනි. පින්තූර අධ්‍යයනය කරන්නා කිංග්ස් ක්‍රොස් ස්ටේෂමෙන් ගිය පසු ඇය පියා සමග දුරකථනයෙන් කතා කර තිබුනි. තමන් හොඳින් සිටින බවට ඇය නැවත වරක් සහතික කොට කියා ඇත.,sin,wili-2018,sinhala,sinhala
හිරු වෙත ඍජුව එල්ල කල නොහැකි නමුත් චන්ද්‍රයාගේ ආලෝකය කන්නාඩියක් ලෙස භාවිතා කරමින් හබල් දුරේක්ෂය මගින් සිකුරු ග්‍රහලෝකයේ වායුගෝල නිරීක්ෂණය කරනු ලැබේ. මෙම තාක්ෂනය සෞරග්‍රහ මණ්ඩලයෙන් පිටත ග්‍රහලෝක වලද වායුගෝලය නිරීක්ෂණය සදහා යොදාගත හැක.,sin,wili-2018,sinhala,sinhala
"ශ්‍රීමත් එඩ්වින් ඇලෝසියස් පෙරේරා විජයරත්න (8 ජනවාරි 1889 - 19 ඔක්තෝබර් 1968) වනාහි ශ්‍රී ලාංකීක දේශපාලනඥයෙක්, රාජ්‍ය තාන්ත්‍රිකයෙක් වූ ඔහු 1915 දී සිංහල මුස්ලිම් කෝලාහල සැකකරුවෙකු ලෙස අත්අඩංගුවට ගන්නා ලද අතර නිදහස් සටනේ පුරෝගාමියෙකු ද විය.",sin,wili-2018,sinhala,sinhala
"හෙලන් ජෝන්ස් 28, ස්කොට් ජාතික ගණකාධිකාරවරියකි. ඇය ඊට කලින් ලොකර්බි හි පෑන් ඈම් 103 ගුවන් යානය ගැටීමෙන් සිදු වූ අනතුරින්ද දිවි ගලවා ගත් තැනැත්තියකි. ගැලොවේ, ඩම්ෆ්‍රීස් සහ අන්නන් හි ඇයගේ පවුලේ අය “හෙලන් ඇයගේ පවුලේ අයගේද, ඇයගේ බොහෝ මිතුරු මිතුරියන්ගේද හදවත් තුළ ‍බොහෝ කල් ජීවත් වන්නීය” යනුවෙන් කියූහ.",sin,wili-2018,sinhala,sinhala
"සීසියම් ෆ්ලෝරයිඩ් යනු Organofluorine රසායනික විද්‍යාවේ බහුලව භාවිතාවන ෆ්ලෝරයිඩයකි. උදාහරණයක් ලෙස: සීසියම් ෆ්ලෝරයිඩ්, හෙක්සාෆ්ලෝරෝඇසිටෝන් සමග ප්‍රතික්‍රියාවෙන් සීසියම් පර්ෆ්ලෝරෝඇල්කොක්සයිඩ් ලවණය සාදන අතර එය අනෙකුත් අනුරූප සෝඩියම් හෝ පොටෑසියම් ලවණ මෙන්නොව 60 °C දී ස්ථායිව පවතී. එය ඉලෙක්ට්‍රෝන ඌණ ඇරිල් ක්ලෝරයිඩ, ඇරිල් ෆ්ලෝරයිඩ වලට පරිවර්තනය කරනු ලබයි. මෙය හේලෙක්ස් ප්‍රතික්‍රියාව ලෙස හැඳින්වේ.",sin,wili-2018,sinhala,sinhala
හඬපටය සංස්කරණය කර තිබුණු අතර අල් කයිඩා අංක දෙක අයිමාන් අල් සවාහිර්ද ඉදිරිපත් කරන ලද්දේ ඛාන් සහ අල් - ඛයිඩා අතර ඍජු සම්බන්ධයක් ති‍ෙබන බව හැඟී යන ආකාරය පෙනී යන පිරිද්දෙනි බෝම්බ ප්‍රහාරයට අල් කයිඩාව සම්බන්ධයෙන් තිබෙන බවක් ඛාන් විසින් පවසන ලද ලද බවට වාර්තා වී නොතිබුණි.,sin,wili-2018,sinhala,sinhala
"Creative Commons licenses are several copyright licenses that allow the distribution of copyrighted works. The licenses differ by several combinations that condition the terms of distribution. They were initially released on December 16, 2002 by Creative Commons, a U.S. non-profit corporation founded in 2001.",sin,wili-2018,sinhala,sinhala
මෙම දිනයේම බෝම්බ ප්‍රහාරය සිදුවන අතරේ ජූලි 7 වෙනි දින පෙරවරුවේ පීටර් පවර් තමන් කටයුතු කරමින් සිටි විෂයයක් වූ ත්‍රස්තවාදීන්ගේ ක්‍රමෝපායයන් පිළිබඳව සම්මුඛ සාකච්ඡා දෙකක් සඳහා මුහුණ දුන්නේය.,sin,wili-2018,sinhala,sinhala
"ශ්‍රී ලංකා‍ව තුළ ඉතා ජනප්‍රිය වාද්‍ය භාණ්ඩයකි. බටහිර, උතුරු ඉන්දීය හා කර්ණාටක ශාස්ත්‍රීය සංගීතය සඳහා මෙන්ම සරල සංගීතයේදී ද බහුලව භාවිත කරයි. කිසියම් සංගීත ශෛලියකට අනුව වාදනය කිරීමේදී එම සංගීත ශෛලියටම ආවේනික වාද්‍ය භාණ්ඩයක් ලෙස ධ්වනි නිපදවීමට හැකිවීම මෙහි සුවිශේෂී ගුණයකි. වයලීන‍යේ උපත පිළිබඳ මත කිහිපයක්ම පවතී. ඉන් එක් මතයකට අනුව වයලීනය ඉන්දියාවෙන් බිහිවූවක් බව පැවසේ. රාවණ රස්තම් නම් වූ වාද්‍ය භාණ්ඩය ඉනිදියාව, පර්සියාව, අරාබිය යන රටවල් හරහා යුරෝපයට ගොස් පරිවර්තනයට ලක්වී වර්තමාන ස්වරූපය ගත්බව තවත් මතයකි. යූරෝපීය මතයකට අනුව වියෝල් නම් වාද්‍ය භාණ්ඩය ඇසුරින් වයලීනය ඇතිවූ බව කියවේ. වියෝලා, චෙලෝ හා ඩබල්බේස් වාද්‍ය භාණ්ඩද වයලීනය පවුලට අයත්වේ.",sin,wili-2018,sinhala,sinhala
"ප්‍රධාන බාධා කිරිමක් වන වනයේ ගස් විශාල ප්‍රමාණයක් හෝ සියල්ල ඉවත් වීම, “භූමිය ප්‍රතිස්ථාපනය කිරීමට වන බාධා කිරීම ලෙස හැදින්වේ. මෙය වන සන්තතියේ මුල් අවධිය ආරමිභ කරන අතර එය භූමියේ ආරමිභය’’ ලෙස හැදින්වේ. බීජ වර්ධනය වීමත් සමගම ශාක ඇතිවීම සිදුවේ. ගස්වල වියන් එකට ගෑවීමත් සමගම දෙවන අදියර වන ගස්වල කදන් නිෂේදනය වීම ආරමිභ වේ. ගස් හිරු එළිය සදහා තරග කිරීම ආරමිභ කරන අතර මියයාමේ වේගය වැඩි වීමට පටන් ගනී. මෙම අවස්ථාවේ දී ශාකවල වියන් ක්‍රමවත් හැඩයකට පිහිටන අතර වියන එක් ප්‍රධාන විශේෂයකින් සමන්විත වේ. (වයස කණ්ඩායම්)",sin,wili-2018,sinhala,sinhala
"Amarasingham ,L. 1983' Laughter Suffering :sinhalese Interpretations of the Use of Ritual Humur. Baltimore : University of Margland School of Medicine",sin,wili-2018,sinhala,sinhala
"එවිට පිප්ඵලීමාණව තෙමේ ""මම එබඳු දැරියක් නොලැබෙතියි සිතුවෙමි. එසේ වී නමුත් ලැබුවේයැයි මොවුන් කියති. මම මෙය නවතාලමි"" සිතා ""භද්‍රාවෙනි, මාගේ බලාපොරොත්තුව ගිහිව විසීමට නොව පැවිදි වීමටය. එම නිසා සුදුසු සැමියෙකු සොයා ගන්නය""යි රහසින් හස්නක් යැවීය. ඒ වන විට සොළොස් වියෙහි සිටි භද්‍රා කුමරියද තමා සරණ පාවා දෙන්නට යන බව අසා ""තමා පැවිදි වීමට බලාපොරොත්තුවෙන් සිටින බව පවසා"" රහසින් හස්නක් යැවීය.",sin,wili-2018,sinhala,sinhala
"රාජරාජ චෝළ සහ ඔහුගේ පුත් රාජේන්ද්‍ර චෝළ යටතේ , ක්‍රි.ව. 10 වන සියවසේ දී චෝළයන් බලසම්පන්න වූ අතර දකුණු ඉන්දියාවේ බොහෝ ප්‍රදේශ හා ශ්‍රිලංකාවේ උතුරැ කොටසක් තම බලයට නතු කර ගනිමින් අධිරාජ්‍යයක් ගොඩ නැගීමට සමත් වුහ. චෝළ අධිරාජ්‍ය හා චීනයේ Song Dyanasty සහ ගිනිකොන දිග ආසියාවත් සමග ශක්තිමත් වෙළඳ සබඳතා පැවතුනි. ඔවුන් තම අධිරාජ්‍ය රට අභ්‍යන්තරයේ ගංගානම් ගංගාව තෙක් පුළුල් කල අතර බෙංගාල බොක්ක අවට වෙරළ තීරය තම පාලනයට නතු කර ගත්හ. රාජේන්ද්‍ර චෝළ තම පියාගේ නාවික බල ඇණිය සවිමත් කර ඉන්දියානු උප මහද්වීපයේ පළමු වන විශිෂ්ට ගණයේ කැපී පෙනෙන නාවික බල ඇණියක් නිර්මාණය කළේය. චෝළ නාවික හමුදාව ඉන්දුනීසියාවේ හා පිලිපීනයේ ශ්‍රී විජය අධිරාජ්‍ය පරාජය කර චීනය දක්වා වූ මුහුදු වෙළඳ මාර්ගය සුරක්ෂිත කළේය. චෝළයන් තම බලය පතුරවා තායිලන්තය හා කාම්බෝජය යන රටවලින් කප්පම් ලබාගත්තේය . නමුත් 13 වන සියවස ලංකාවේ සිංහලයන් දකුණුනින් ද බුරැමය සියම දැඩි ප්‍රහාර හේතුවෙන් චෝළ බලය හීන විය. එය පාණ්ඩය අධිරාජ්‍යයට කෙටි පුනර්ජීවයක් ලද්දා වූ කාලයක් විය. පසුව පාණ්ඩය අධිරාජ්‍ය නිරන්තර දකුණු ඉන්දියානු ඉස්ලාමීය ආක්‍රමණයන්ට ලක් වූ අතර 14 වන සියවසේ මුල් භාගයේ දී පාන්ඩයන්ගේ අගනුවර වූ මදුරාසිය, ජලලුදින් අෂාන් ඛාන් විසින් අත්පත් කර ගන්නා ලදි. පසුව එහි මදුරාසි සුල්තාන් රාජ්‍ය පිහිටුවන ලද අතර කෙටි කලක් තුල එනම් 1378 දී විජයනගර් අධිරාජ්‍ය විසින් එය අත්පත් කරගන්නා ලදි. 15 වන සියවස තුලදී දකුණු ඉන්දියාවේ බලසම්පන්න ම අධිරාජ්‍ය බවට විජයනගර් පත්වුණි. 1646 විජයනගර් අධිරාජ්‍යයේ පරිහානියත් සමග තමිල්නාඩුවේ බලය Madurai Nayak වැනි කුඩා ජනපද අත්පත් කර ගන්න ලදී.",sin,wili-2018,sinhala,sinhala
කොපර් ක්ලෝරයිඩ් පොදුවේ කියුප්රස් ක්ලෝරයිඩ් ලෙසද හඳුන්වයි. මෙය කොපර්වල පහලම ක්ලෝරයිඩය යි. රසායනික සූත්‍රය CuCl වේ. මෙම ඵලය සුදු පැහැති ඝණයක් වන අතර එය ජලයේ දිය නොවේ. නමුත් මෙය පූර්ණ වශයෙන් සාන්ද්‍ර HCl වල ද්‍රාවනය වේ. සංශුද්ධ නොවන කොපර්(I) Chlorideවල කොපර්(II) Chloride අන්තර්ගත නිසා මෙම සාම්පල් කොළ පැහැයෙන් දිස් වේ.,sin,wili-2018,sinhala,sinhala
ෆෙඩරල් ක්‍රමය ස්ථාපිත වීමත් සමග ස්වාධීන දෙමළ රාජ්‍යයක් පිළිබඳ අවශ්‍යතාව මතු වන්නට විය. කෙසේ නමුත් ශ්‍රිලංකාව තුල ඒකීය සංවිධාන හා ව්‍යවස්ථාදායකය දුර්වලතා මත දමිළ ජනයා පරිහාරයට ලක් වූ අතර එහි ප්‍රතිඵල ලෙස පෙඩරල්වාදී ඉල්ලීම් කරළියට පැමිණියේය. තවද 1970 වන විට එය ස්වාධීන දෙමළ දේශයක් වෙනුවෙන් වූ ව්‍යාපාරයක් දක්වා වර්ධනය විය. මෙම තත්වය තවත් නරක අතට හැරෙමින් 1980 දී සිවිල් යුද්ධයක් දක්වා වර්ධනය විය. 2002 වසරේදී දෙපාර්ශවය අතර සාම ගිවිසුමක් අත්සන් කල නමුත් ගිවිසුම් කඩකිරීමේ හේතුත් මත 2006 වසරේ දී එය පළුදු විය. 2009 වසරේදී ශ්‍රිලාංකිය හමුදා විසින් දියත් කල මානුෂිය මෙහෙයුම් තුලින් කොටි ත්‍රස්තවාදීන් පරාජයට පත් කරන ලදී. වර්තමානයේ ශ්‍රිලංකා ජනගහනයෙන් 18% ක් දෙමළ ජාතිකයින් වේ (මිලියන 3.8).,sin,wili-2018,sinhala,sinhala
"පළමු බෝම්බය නැගෙනහිර පෙදෙස බලා ගිය ලිවර්පූල් ස්ටීම් සහ ඇල්ඩ්ගේට් අතර ධාවනය වන අංක 204 දරන උමං දුම්රිය තුළ පුපුරා ගියේය. දුම්රිය කිංග්ස් ක්‍රොස් සෙන්ට් පැන්ක්‍රාස් පසු කර ගියේ මිනිත්තු අටකට කලිනි. පිපිරීම සිදු වූ අවස්ථාවේ දුම්රියේ තුන් වන මැදිරිය, ලිවර්පූල් ස්ට්‍රීට් සිට දළ වශයෙන් මීටර් 90 ක් (අඩි හාර සීයක්) ඈතින් තිබුනේය. සමාන්තර දුම්රිය මාර්ගය වූ හැමර්ස්මිත් සහ සිටිලයින් මාර්ගයටද අලාභ හානි විය.",sin,wili-2018,sinhala,sinhala
"ලෝහ, ජේඩ්, උණබට සහ පේෂකර්මවලින් යුත් නිර්මාණ සඳහා සීමිත පුනර්ජීවනයක් හිමිව තිබිණි. දකුණු කොරියානු රජය විසින් සම්මාන පිරිනැමීම සහ විරළ කොරියානු කලා සම්ප්‍රදායයන්හි නිරත කොරියානු සිසුන්හට ශිෂ්‍යත්ව ප්‍රදානය මගින් සංස්කෘතික අඛණ්ඩත්වය පවත්වා ගැනීමට උත්සාහ දරනු ලබයි.",sin,wili-2018,sinhala,sinhala
ඉන්දීය වාද්‍ය භාණ්ඩ අතර ඉතාමත් කන්කලු නාද උපදවන වාද්‍ය භාණ්ඩයක් ලෙස සැලකේ. ඉන්දීය වයලීනය නමින්ද වි්‍යවහාර වෙයි. කටහඬට වඩාත් සමීප වන අයුරින් වාදනය කළ හැකිවන මෙය ඉන්දීය ශාස්ත්‍රීය සංගීතයේද භාවිත කරයි. මෙහි ප්‍රධාන තත් තුනකි. ඇතැම් සාරංගී සඳහා අනුනත් 15-20 පමණ ඇත. මෙහි දිග අඩි 2ක් පමණ වෙයි. මෙය වාදනය කරනු ලබන්නේ අවම වශයෙනි.,sin,wili-2018,sinhala,sinhala
"බස්නාහිර පලාතට අයත් ගම්පහ දිස්ත්‍රක්කයේ තිබ්බොටුගොඩ ඉතාමත් දැකුම්ලළු සුන්දර ගම්මානයක් විය. තිබ්බොටුගොඩ,ගණේමුල්ල ගණේමුල්ල නගරයට සැතපුම් භාගයක් පමණ ඉතා ආසන්නයේ පිහිටි එකම ගම් දනව්වක් ලෙස හොරගොල්ල හා තිබ්බොටුගොඩ යන ගම්මානයන් දෙක හැදින්විය හැකිය.වර්ථමානයේ එම ගම්මානයන් දෙක වටා පිහිටි අනෙකුත් ගම්මානයන් වන්නේ පන්සලවත්ත,විලේගොඩ,පත්තිනිපිටිය සහ කුඩාබොල්ලත යන ගම්මානයන්ය. මෙම රමණිය ගම්මානයන් දෙක රමණිය කදු කිහිපයක් පිහිටා ඇති අතර ඒ සමගාමිව ගැමි ජිවිතයට නෑකම් කියන සරැසාර කෙත් යායකින් සමන්විත වන අතර කෙත් යාය මැදින් ගලා බස්නා උරැවල් ඔය කාගේත් නෙතට එක්කරනුයේ දැකුම්කලු මනහර දර්ශණයකි. ගැමි ජනයාගේ ප්‍රධානම ජිවනෝපාය කුඹුරැ ගෙවිතැන විය. මෙම ගම්මානයන්හි අතීතය හාරා අවුස්සාන්නාවු ඔනෑම අයෙකු හට දක්නට ලැබෙන්නේ පළමුවන රාජසිංහ රජ සමයේ දිවයින ආක්‍රමණය කොට සිටින ලද පෘතුග්‍රීසින් පලවා හැරීම සදහා යුධ සේනා මෙහෙයවද්දී මෙම පලාත් භාරව ඩිංගිරි නම් රජ කුමාරයෙක් මේ පදේශය භාරව ක්‍රීයාකර ඇති බවත්,සතුරන් හා සටන් කිරිම පිනිස ආරක්ෂිත ස්ථානයක් වශයෙන් මෙහි පිහිටි කදු ගැටයක් භාවිතා කළ බවට මුඛ පරම්පාරානුගත වංශ කථාවල පැවසේ.එසේ නම් නිරානුමානව රජ පවුලට අයත් කුමාරවරැ නිළමෙවරැ මෙන්ම රාජකීය පනිවුඩකරැවන් සහ රට ආරක්ෂාකිමට සහය වු රණවිරැවන් මෙම ගම් පියස් හරහා කොතෙකුත් ගමන් කොට ඇත්ද යන්න අප හට සිතාගත හැක.",sin,wili-2018,sinhala,sinhala
පොකුණ ගොඩනැංවූ සමය පිළිබඳ තොරතුරු අපහැදිලි වේ. පොදු පිළිගැනීම අනූව මෙම පොකුණ 15වන සියවසේ යාපනය රාජ්‍ය විචාල පරරාජශේකරම් සමයේ කරවන ලදැයි විශ්වාස කෙරේ.,sin,wili-2018,sinhala,sinhala
"ඒ අනුව අභිචාර යනු යම් අධිස්වාභාවික බලවේගයක් වන අතර විශේෂයෙන්ම එය රෝග නිවාරණ ක‍්‍රමයකි. මේ අකාරයට හඳුනා ගන්නා අභිචාර කොටස් දෙකකට බෙදිය හැක. එනම්,",sin,wili-2018,sinhala,sinhala
ඒ උපාසක තෙමේ කාශ්‍යප බුදුරජාණන් වහන්සේගේ කාලයේදී බරණැස් නුවර අසූ කෙළක් ධනය ඇති සිටු ගෙදරක උපන්නේය. ඔහුගේ බිරියද එවැනිම ගෙදරක උපන්නේය. සුදුසු කල් පැමිණි කල්හි ඒ සිටු දියණිය ඒ සිටු පුත්‍රයාට සරණ පාවා දෙන ලදී. එකල්හි එතෙක් කල් ඇයට විපාක නොදුන් පසේ බුදුන්ගේ පාත්‍රයට මඩ දැමීමේ පාපය විපාක දෙන්නට විය. සිය සැමියාගේ ගෙදරට ගිය කල්හි ඇගේ ශරීරයෙන් වැසිකිළියක මෙන් දුඟද හමන්නට විය. මේ ගඳ කොහින් එන්නේදැයි විමසන සිටු පුත්‍රයා හට එය අලුත ගෙනා මනාලියගෙන් පැමිණෙන්නේ යැයි දැන සිටු දුවණිය නැවත හරවා යැවීය.,sin,wili-2018,sinhala,sinhala
දේවාලය රාජකීය ඇතුල් නගරය හා දළදා මළුව අතර පිහිටා ඇත. මෙහි ගර්භ කොටස තුල දැකගත හැකි ශෙෙලමය ශිව ලිංගය ප්‍රධානතම පූජා වස්තුව වේ. මෙම දේවාලයේ ගොඩනැගිලි සැරසිලි අතර අන් කිසිම තැනක හමු නොවන තියුණු දත් විහිදා සිටින කැරකුණු අන් සහිත සත්ව රූපයක් දක්නට ඇත. කළුගල් මාද්‍ය කොට ගෙන ඉදිකොට ඇති මෙම ගොඩනැගිල්ල හින්දු ගෘහ නිර්මාණ ශිල්පය පිලිබදව තොරතුරු හෙළි කරයි. මෙම නිර්මාණය චෝළ වාස්තු විද්‍යාවට අනුව ඔවුන්ගේ උවමනාවට ඉදිකර නිමවා ඇත. හොදින්ම ආරක්ෂා වී ඇති පැරණිතම ශිව දේවාල ගොඩනැගිල්ල ලෙස මෙය හැදින්විය හැක. මෙය රන්කොත් වෙර දෙසට වැටී ඇති මාර්ගයේ මැණික් වෙහෙරට ආසන්නයේ පිහිට ඇත.,sin,wili-2018,sinhala,sinhala
"දංගුන් යන කොරියාවේ ජනප්‍රවාදගත ආදිකර්තෘවරයා වේ. මේ පිළිබඳ විවධ ග්‍රන්ථ සහ මුඛ්‍ය සම්ප්‍රදායයන්ගේ අන්තර්ගත කරුණු විවිධත්වයක් ගත්ත ද, ඉන් වඩාත් ජනප්‍රියම වාර්තාව වන්නේ 13වන සියවසේ ඉල්-යොන් (1206- 1289) නැමැති කතුවරයකු විසින් රචනා කරන ලද, සම්ගුංන්‍යුසා නම් පුරාවෘත්ත සහ කථාපුවත් ඇතුළත් ග්‍රන්ථය සඳහන් පදනම් මිත්‍යාව නැමැති ලිඛිත වාර්තාවයි. මෙයට සමාන වාර්තාවක් ජේවං උන්ගි තුළින් ද හමුවේ. ජනප්‍රවාදයට අනුව, දෙව්ලොව අධිපතියා වූ හ්වානින් හට හ්වානුං නැමැති පුත්‍රයකු විය. දෙව්ලොවෙන් බට හ්වානුං බෙක්දු කන්ද වෙත පැමිණ ෂින්සි නගරය පිහිටුවී ය. අනතුරුව හ්වානුං වෙත පැමිණි වලසකු සහ ව්‍යාඝ්‍රයකු තමන්ට මිනිස් බව ලබාගැනීමට අවශ්‍ය බව පවසන්නට විය. හ්වානුං ඔවුනට පැවසූයේ ගුහාවක් තුළට වී දින 100ක් මග්වර්ට් පැළෑටිය සහ සුදුළූණු පමණක් අනුභව කළහොත් ඔවුන් මිනිසුන් බවට පත්වනු ඇති බවයි. දින 100 අර්ධයක් යාමටත් පෙර, ව්‍යාඝ්‍රයා සිය උත්සාහය අත්හැර පලාගියේ ය. අනෙක් අතින්, වැලහින්න ඇගේ ව්‍යායාමයෙහි සාර්ථකව නිරත වී උංන්‍යෝ (웅녀, 熊女) නැමැති රූමත් මිනිස් ස්ත්‍රියක බවට පත්වූවා ය. පසුව හ්වානුං උංන්යෝ සමග විවාහ වූ අතර, ඔවුනට උපන් පුත්‍රයා දංගුන් න්ම විය.",sin,wili-2018,sinhala,sinhala
"අධිරාජයා හෙවත් හුවාංඩි යනු සොං රාජවංශය ද ඇතුළත්ව චීනයේ අධිරාජ්‍ය අවධියේ (ක්‍රි.පූ. 221 - ක්‍රි.ව. 1912) උත්තරීතර රාජ්‍යයේ ප්‍රධානියායි. ප්‍රවේණික පාලකයකු වූ ඔහු විධායක බලය සමග නිලධාරී විභාගවල දී පෙන්වන කුසලතාව අනුව විවිධ නිලතල දැරූ සිවිල් නිලධාරීන් මණ්ඩලයකට හිමිකම් කීයේ ය. සොං රාජවංශ සමයේ සිවිල් නිලධාරීවාදයේ සහ වංශවතුන්ගේ වැදගත්කම වර්ධනය වීම නිසා මහජන ප්‍රතිපත්ති හැඩගැස්වීමට අධිරාජයාට හිමිවූයේ සීමිත අවකාශයකි. එසේවුව ද ඔහු තවදුරටත් ඔහුගේ වංශවතුන්ගේ අධිකාරය පවත්වා ගැනීමට සමත් වූයේ ය. නව නීති ස්ථාපිත කිරීමට පරම අයිතිය ඔහුට හිමි විය. එසේවුව ද, ඔහු සිය රාජවංශයේ පෙර අධිරාජවරුන්ගේ නීතිමය පූර්වාදර්ශයන්ට ‍ගරුකරනු ඇතැයි අපේක්ෂා කෙරිණි.",sin,wili-2018,sinhala,sinhala
R-වාක්‍යාංශ (ඉංග්‍රීසි: රිස්ක් ෆ්‍රේසර්ස් යන්නට කෙටි යෙදුම; සිංහල: අවදානම පිළිබඳ වාක්‍යාංශ යන්නට කෙටි යෙදුම) යන්න යුරෝපියානු සංගමයෙහි නියෝගය 67/548/EEC: නේචර් ඔෆ් ස්පෙෂල් රිස්ක්ස් ඇට්‍රිබියුටඩ් ටු ඩේන්ජරස් සබ්ස්ටන්සර්ස් ඇන්ඩ් ප්‍රෙපරේෂන්ස් හී තුන්වන ඇමුණුමෙහි අර්ථදක්වා ඇත. නියෝගය 2001/59/EC හී ඒකාබද්ධ කොට ප්‍රකාශයට පත් කර ඇති මෙම ලැයිස්තුවෙහි අනෙකුත් යුරෝපියානු සංගම් භාෂා වලින් පරිවර්තන අඩංගු වෙයි.,sin,wili-2018,sinhala,sinhala
"එකල්හි මහා කාරුණික වූ තථාගතයන් වහන්සේ වේළුවනාරාමයේ වැඩ වසන සේක්, මහ පොළොව කම්පා වීමට හේතු විමසා, අන් කිසිවෙකුත් නිසා නොව පිප්ඵලීමාණව හා භද්‍රාකාපිළානි නිසා බව දැන ""මේ පින්වතුන් මහත් වූ ධනස්කන්ධයක් හැර පියා මා වෙනුවෙන් මහණ වූහ. මාද මොවුන්ට සංග්‍රහ කිරීම වටනේය""යි සිතා ගඳකිළියෙන් නික්ම තමන් වහන්සේ පමණක් තුන් ගවුවක් පමණ දුර ගමන් කර රජගහ නුවරටත්, නාලන්දාවටත් අතර වූ බහුපුත්‍රික නම් නුග රුක යට සමාධි සුවයෙන් වැඩ සිටින සේක.",sin,wili-2018,sinhala,sinhala
thumb|right|400px අකුණු ගැසීම හෙවත් අපේ ගැමි ව්‍යවහාරයට අනුව හෙණ ගැසීම පෘථීවිය මතුපිට සිදුවන්නා වු ස්වාහාවික ක්‍රියාවලියකි. එහෙත් මෙමගින් මිනිසුන්ට මෙන්ම අනෙක් ජීවීන්ට හා ස්වාභාවික පරිසරයට හානි සිදු වන බැවින් අකුණු ස්වාභාවික විපත් (Natural Desasters ) ගණයට අයත් වෙයි. පෘථීවියේ උපත සිදු වුයේ කවදාද එදා පටන් පෘථීවියේ අකුණු ගැසීම සිදු වන්නට ඇත. අකුණු ගැසීමෙන් ස්වාභාවික විපත් සිදුවුවත් පෘථීවි ජීවයේ උපතට අකුණු ගැසීම හේතුවක් වුවා සේම උපන් ජීවය අඛණ්ඩව පවත්වා ගැනීමට ද අකුණු ආධාර වේ. මේ නිසා පෘථීවිය මත අකුණු වල ක්‍රියාකාරිත්වයක් නොතිබුණා නම් ජීවින්ට ජීවත් වීමට සුදුසු ස්ථානයක් ලෙසට පෘථීවිය සැකසෙන්නේ නැත. එබැවින් අකුණු ගැන දැනුවත් වීම අකුණු අනතුරු වලින් බේරීමට තිබෙන පහසු මාර්ගයකි.,sin,wili-2018,sinhala,sinhala
"ෆිල් බියර් 22, කොණ්ඩා මෝස්තර ශිල්පි. ඔහුගේ මිත්‍රයා වූ පැ‍ට්රික් බාන්ස් සමග නයිට්බ්‍රිජ්හි සැන්රිස් සැලෝන් හි සේවයට යමින් සිටියේය. ඔහුගේ මිත්‍රයා තුවාල ලැබීය.",sin,wili-2018,sinhala,sinhala
"මෙම අවදානම් වාක්‍යාංශ, යුරෝපයෙහි පමණක් නොව, ජාතයන්තරව භාවිතා වන අතර, පූර්ණ ජාත්‍යන්තර එකමුතුව වෙත ලඟාවීමේ ඉදිරියට යන ප්‍රයත්නයක් වෙයි. (සටහන: දක්නට නොමැති R-සංඛ්‍යා සංකරණයන් වෙතින් දැක්වෙන්නේ මකාදැමුණු හෝ වෙනත් වාක්‍යාංශයක් වෙතින් ප්‍රතිස්ථාපනය කෙරුණු වාක්‍යාංශයන්ය.)",sin,wili-2018,sinhala,sinhala
"1980 දී ශ්‍රිලංකාව තුල ඇතිවූ වාර්ගික ගැටුම් හේතුවෙන් දෙමළ ජනයා විදේශ රාජ්‍යන් කරා සංක්‍රමණය වන්නට විය. මෙම සංක්‍රමණයන් බොහෝ විට ඔස්ට්‍රේලියාව , යුරෝපය , උතුරු ඇමෙරිකාව හා නිරිත දිග ආසියානු රටවල් වෙත සිදු විය. වර්තමානයේ දී දකුණු ආසියාවෙන් එපිට වැඩිම දෙමළ ජන ඝනත්වයක් ඇති ප්‍රදේශය ලෙස කැනඩාවේ ටොරොන්ටෝ ප්‍රදේශය සැලකේ.",sin,wili-2018,sinhala,sinhala
නමුත් ලංකික දෙමළ ජනයාගෙන් 73% කගේ ඩිඒන්ඒ(DNA) සැකස්ම සිංහල ජනයගේ (DNA) සමග ඉතාමත් හොදින් ගැලපෙන බව දේශිය සහ විදේශිය ව සිදුකරන ලද කරන ලද පර්යේෂණ තුලින් තහවුරැ කර අැත.Genetic studies on Sri Lankan Tamils,sin,wili-2018,sinhala,sinhala
Si-F බන්ධනයේ ඇති ප්‍රබලතාවය නිසා ෆ්ලෝරයිඩ් අයන කාබනික රසායනයේ ඇති සිලිකන් ඉවත්කිරීමේ ප්‍රතික්‍රියාව පිටු පෙළ.(desilylation reaction) සඳහා උපයෝගීවේ. සීසියම් ෆ්ලෝරයිඩ් එවැනි සිලිකන් කාණ්ඩ ඉවත්කිරීමේ ප්‍රතික්‍රියා වලට යෝග්‍යතම නිර්ජලීය ෆ්ලෝරයිඩයකි. විද්‍යාගාරයේදී සීසියම් ෆ්ලෝරයිඩ් යොදාගැනෙන ප්‍රධානතම අවස්ථාවක් වනුයේ සිලිකන් කාණ්ඩ ඉවත්කිරීමේ ප්‍රතික්‍රියාවයි. සීසියම් ෆ්ලෝරයිඩ් වල නිර්ජලීය ස්වභාවය ප්‍රතික්‍රියාවතුලදී ජලාකර්ෂක අතරමැදීන් ඉවත්කිරීමට යොදාගනුලැබේ. THF හෝ DMF තුල පවතින සීසියම් ෆ්ලෝරයිඩ් ද්‍රාවණය පුළුල් පරාසයක පවතින ඕගනෝසිලිකන් (Organosilicon) සංයෝග වලට පහරදීමෙන් ඕගනෝසිලිකන් ෆ්ලෝරයිඩ හා කාබනියන් (Carbanion) නිපදවනු ලබන අතර ඉන්පසු එය ඉලෙක්ට්‍රෝෆිල සමග ප්‍රතික්‍රියාකරයි. පහත උදාහරණය සලකන්න;,sin,wili-2018,sinhala,sinhala
නිෂ්පාදන පිරිවැය වැඩි වීම නිසා ඇතිවුණු සැපයුමේ අඩුවීම මගින් මිල මට්ටම ඉහල යන බව මෙම න්‍යාය මගින් පෙන්වා දෙයි.එය පහත ප්‍රස්ථාරයෙන් පෙන්විය හැක.,sin,wili-2018,sinhala,sinhala
පසුව කුක්කුට සම්පාත පර්වතයට වඩින මහා කාශ්‍යප මහ රහතන් වහන්සේ සෘද්ධි ප්‍රාතිහාර්ය පා රැස්ව සිටි පිරිසට අවවාද අනුශාසනා දී කුක්කුට සම්පාත පර්වත තුන මැද පිරිණිවන් පාන්නට අදහස් කළහ. එකල්හි එහි රැස්ව සිටි දෙවියෝ එහි ඇඳක් සාදා ඇඳේ පාද මත මල් පුරවන ලද්හ පුන් කලස් සතරක් තැබූහ.,sin,wili-2018,sinhala,sinhala
"ෆෝලන් යනු ඇමෙරිකානු රොක් සංගීත කණ්ඩායමක් වන එවැනසෙන්ස් විසින් නිපදවනු ලැබූ මුල්ම ස්ටූඩියෝ ඇල්බමය යි. 2003 මැදින්මස 4දා Wind-up Records තුලින් එය නිකුත්වුණි. මෙම ඇල්බමය හොලිවුඩ් හි Conway Recording Studios ඇතුලු සිටූඩියෝ රාශියකදී පටිගත කරන ලදී. මෙය කණ්ඩායමේ වැඩිම ආර්ථික සාර්ථකත්වයකට පැමිණි අල්බමය වන්නේ, එහි පිටපත් මිලියන 7ක් ඇමෙරිකාව තුල පමණක් ද, මිලියන 17ක් ලොව පුරා ද විකිණිනු බැවිනි. අන්තර්ජාතිකව, රටවල් 10කට වැඩි සංඛ්‍යාවක ගීත දර්ශකවල ඉහලටම පැමිණීමටද එයට හැකිවිය. ඇමෙරිකාවේ RIAA ප්ලැටිනම් සහතිකය හත් වතාවක් ද, ලොව වටා නානාවිධ සහතික රාශියක් ද මෙම ඇල්බමයට හිමිවුණි.",sin,wili-2018,sinhala,sinhala
"සමාජවාදී යතාර්ථවාදී කලා සම්ප්‍රදායයන්ට අමතරව, ජාතිකානුරාගී චිත්‍රපට 1949 සිට 1994 දක්වා කාලයේ සංස්කෘතිය තුළ වැ‍ජඹෙන්නට විය. පුනර්ජීවනය ලද ගෘහනිර්මාණ ශිල්පය, චාරුලේඛන කලාව, රෙදි නිර්මාණ සහ නව-සම්ප්‍රදායික චිත්‍ර කලාව 1994 සිට මේ වනතෙක්ම ප්‍රචලිත ය.",sin,wili-2018,sinhala,sinhala
"මෙම අරාබි අධිරාජ්‍යයේ බොහෝ ප්‍රදේශ සම්පූර්ණයෙන්ම වාගේ ස්වදේශීය භාෂාවන් ඉවත් කර අරාබි භාෂාව ප්‍රයෝජනයට ගත්හ. සිරියා, ඉරාක, ඊජිප්තු සහ උතුරු අප්‍රිකාව වැඩි වශයෙන් අරාබි භාෂාව භාවිතා කළහ. ඉරානය එසේ නොවීය. එහි පර්සියානු භාෂාව නොකඩවා පැවතුනේය. එහෙත් අරාබි ශබ්ද ශබ්ද කෝෂයේ සාරය ප්‍රයෝජනයට ගැනුනේය. එමෙන්ම ඉස්ලාමීය පෙරදිග වැදගත් භාෂාවක් ලෙස සාර්ථක තත්වයට පත් විය.",sin,wili-2018,sinhala,sinhala
"Kathe Kollwitz යනු ජර්මානු චිත්‍ර ශිල්පියෙක් , මුද්‍රණ නිර්මාපකයෙක් හා ප්‍රතිමා ශිල්පියෙක් වන අතර 20 වන ශත වර්ෂයේ මුල් භාගයේ මානවීය පසුබිමට දායක වු නිර්මාණ කරුවෙකි. අවසානාවන්ත ලෙස ඔහුගේ නැඹුරුව පැවතියේ වඩාත් ප්‍රසිද්ධව සිතුවම් කරණය, නිරේඛනය ලී කැටයම් හා ශෛල්‍යමය නිර්මාණ තුළින් දුප්පත්කමේ කුසගින්නේ හා යුද්ධයේ ගොදුරු වැළද ගැනීමටය. ආරම්භයේදී ඔහුගේ නිර්මාණ පාදක වුයේ ස්වභාවික වාදය වන අතර පසුව ප්‍රකාශන වාදි ගති ගුණ මත පාදක වු නිර්මාණ සිදු කළේය.",sin,wili-2018,sinhala,sinhala
මුල්‍ය වෙළදපොළ හා විනිමය හුවමාරැ අනුපාත ක්‍රියාකාරිත්වය සැළකිල්ලට ගතහොත් ලෝක ආර්ථීකය තුළ මෙම ප්‍රහාරය සම්බන්ධව ක්ෂනික ප්‍රතිචාර දැක්වීම් සීමා සහිත විය. පවුම ඇ.එ.ජ ඩොලරයට සමානුපාතිකව 0.89%කින් මාස 19පසු පහළ බසින ලදී. FTSE 100 දර්ශකය පළමු ප්‍රහාරයෙන් පැය 02කට පසුව ඒකක 200කින් පහත බසින ලදී. ඉරාකය එරෙහි යුද්ධය ආරම්භයේදී පෙන්නුම් කළ බිද වැටීමට පසු එලෙස විශාල බිද වැටීමක් පෙන්වු අවස්ථාවක් ලෙස මෙය හදුනා ගත හැකිය. කෙසේ වුවත් වෙළදපොල වසන විට කලින් දිනයේ අවුරැදු 03,sin,wili-2018,sinhala,sinhala
"එකල්හි පණ්ඩිත වූ බැමිණිය මෙලෙස සිතන්නාහු, ""අපගේ පුත්‍රයා බොහෝ පින් ඇතියෙක් බැවින් ඔහු හා විසුමට පින් කල කතක්ද සිටිය හැක. එම නිසා ඇය සෙවිය යුතුය"". මෙසේ සිතා බමුණන් අට දෙනෙකු කැඳවා රන් රුව හා සමාන ස්ත්‍රී රත්නයක් සොයා ගෙන එන ලෙසට දැන්වීය.",sin,wili-2018,sinhala,sinhala
"1,-2,3,-4,5,-6....සරල රටාවක් අනුගමනය කරන බැවින් 1-2+3-4+.... යන ශ්‍රේණියේ පද එකතු කිරීමෙන් සංඛ්‍යාත්මක අගයක් ලබා ගතහැකි වේ. යම් S සංඛ්‍යාවක් සඳහා s=1-2+3-4+...නම් පහත ගණනයෙන් S=1/4 බව පෙන්වයි.",sin,wili-2018,sinhala,sinhala
"ලංකා සම්භවයක් සහිත දමිළ ජනයා යාපනය රාජධානිය බිහිවීමටත් පෙර සිටම ලක්දිව තුල පදිංචිව සිටි දෙමළ ජනයාගෙන් පැවත එන්නන් වේ. මොවුන් අති බහුතරය ශ්‍රී ලංකාවේ උතුරු පළාතේ, නැගෙනහිර පළාතේ හෝ බස්නාහිර පලතෙය අයත් කොළඹ පරිපාලන දිස්ත්‍රික්යේ ජිවත් වෙයි.",sin,wili-2018,sinhala,sinhala
"විහාරයේ වූ ලෙන් විහාර 7 ක් පුරාවට දහ අට රියන් සැතපෙන හා පිරිණිවන් බුද්ධ ප්‍රතිමා, සතර බුදුවරුන්ගේ ප්‍රතිමා හා මතු බුදුවන මෙෙත්‍රී බුදුන්ගේ ප්‍රතිමාවද, අග සව් ප්‍රතිමා හා දෙවි දේවතා ප්‍රතිමා දැකගත හැකිය.",sin,wili-2018,sinhala,sinhala
"තීන්ත ධජය (හීබ්‍රෑ: דֶּגֶל הַדְּיוֹ‎‎, Degel HaDyo) යනු 1948 අරාබි–ඊශ්‍රායෙල යුද්ධයෙහිදී එයිලත් අල්ලාගත් අවස්ථාවෙහිදී එසවූ අතින් සැදූ ඊශ්‍රායෙල ධජයකි.",sin,wili-2018,sinhala,sinhala
"ආහාරමය ප්‍රයෝජන ලෙස කෝවක්කා මැල්ලුම, කෝවක්කා කැඳ, හා කොවක්කා ව්‍යංජනය භාවිතා වන අතර කෝවක්කා වැලෙහි ලපටි කොළ මැල්ලූම් සෑදීම සදහා භාවිතා කරයි.",sin,wili-2018,sinhala,sinhala
අප දන්නා පරිදි විශ්වීය පදාර්ථයේ බහුලම මූලද්‍රව්‍ය හයිඩ්‍රජන් වන අතර දෙවැනි තැන හීලියම්ට හිමි වේ. ඒවා පිළිවෙලින් 1 හා 2 යන පරමාණුක ක්‍රමාංකය දරණ මූලද්‍රව්‍ය වේ. නමුත් තෙවැනි සුලභතම මූලද්‍රව්‍ය ඔක්සිජන් වන අතර එහි පරමාණුක ක්‍රමාංකය 8 වේ. මෙම ප්‍රධාන මූලද්‍රව්‍ය තුන හා සැලකු කළ අන් සියළු මූලද්‍රව්‍ය වඩාත් අඩු ප්‍රමාණවලින් පවතී.,sin,wili-2018,sinhala,sinhala
"ඉන්පසු බුදුරජාණන් වහන්සේ ""තස්මාතිහ තෙ කස්සප එවං සික්ඛිතබ්බං"" යානාදී අවවාද තුනක් දුන්හ. කාශ්‍යපයන් ඒ අවවාද තුන් ඉතා ගෞරවයෙන් පිළිගත්හ. ඒ අවවාද තුන පිළිගැනිම උන්වහන්සේගේ උපසම්පදාව විය. එය ඕවාදපටිග්ගහණ උපසම්පදා නම් වේ.",sin,wili-2018,sinhala,sinhala
"ජුලි 25 වැනි දින වන විටත් (අර්නෝස් ග්‍රොව් සහ හයිඩ් පාර්ක් කොනර් අතර එක පැත්තකටවත් ධාවනය නොකරමින්) පිකැඩලි මාර්ගයේද, හැමිල්ටන් ඇන්ඩ් සිවිලියන් සහ සර්කල් ලයින් මාර්ගවල දුම්රිය ධවනයේ අක්‍රමිකතාවයන් තිබුනි. ජුලි 25 දින මුවර්ගේට් සහ ඇල්ඩ්ගේට් අතර මෙට්රොපොලිටන් ලයින් සේවාව නැවත ආරම්භ විය. වයිට්චැපල් සහ බේකර් ස්ට්‍රීට් අතර (සේවය අත්‍යවශ්‍යම වේලාවල් වලදි Peak hours) හැමර්ස් විත් සහ සිටි සේවාවද ක්‍රියාත්මක විය. බොහෝ උමං දුම්රිය සේවා ජාල යථා තත්වයට පත් වෙමින් තිබුනි.",sin,wili-2018,sinhala,sinhala
සතර සතිපට්ඨානය ප්‍රගුණ කිරීමට බලාපොරොත්තු වන යෝගාවචරයා විසින් මුලින් ම ආනාපාන සති කොට හොඳින් ප්‍රගුණ කළ යුතු ය. ආනාපාන සතියේ ස්වර්ණමය අවස්ථාව වන අර්පණාව නැතහොත් ප්‍රථම ධ්‍යානය දක්වා ප්‍රගුණ කළ අයට සතිපට්ඨානය මගින් ඉතා පහසුවෙන් විදසුන් නුවණ ඇති කරගත හැකි බව දත යුතු ය. එසේ වූවත් තමාට ධ්‍යානාංග නොමැති යැයි සිතා මෙය අත් නොහැරිය යුතු ය. කිසියම් දුරකට හෝ ප්‍රගුණ කරන ලද ආනාපානසතිය මගින් ළඟාකරගත් සමාධිය ද මේ සඳහා ප්‍රමාණවත් බවද මතක තබාගත යුතු ය. ආනාපාන සතිය පිළිබඳ අප අවබෝධයක් ලබාගත් නිසා පළඟට ඉරියාපථ කොටස පිළිබඳව සලකා බැලීම කළ යුතු ය.,sin,wili-2018,sinhala,sinhala
"මෙම පොකුණෙහි නාම සම්භවය පිළිබඳ ජනප්‍රවාදයක් පවතී. ඊට අනූව හින්දු ජනයා ආගමික වශයෙන් ශුද්ධ ක්‍රියාවක් සේ සළකණු ලබන කාවඩි සඳහා, ඉන්දියාවේ යමුනා ගංගාවේ සිට ජලය මෙහි ගෙනවුත් දැමූ බව පැවසෙයි.",sin,wili-2018,sinhala,sinhala
".ජනගහනය අනුව ශ්‍රී ලංකාවේ 15.36% ද,ඉන්දියාවේ 5.91% ද,මුරුසියේ 5.83% හා 5% සිංගප්පුරුවේ ද ද්‍රවිඩ ජනය අඩංගු වේ. එමෙන්ම පැරණි යටත්විජිතයන්ගෙද ද්‍රවිඩ ජනය දැක ගත හැකි අතර ද්‍රවිඩ ජනයා නිදහස සදහා කල අරගලයන් වූ දකුණු අප්‍රිකානු සත්‍යග්‍රහ හා මලයාසියානු Azad Hind ව්‍යාපාරය තුලදී ප්‍රධාන බලවේග අතර වුහ. ඉන්දියානු නිදහස් ව්‍යාපාරය තුලදී මහත්මා ගාන්ධින්ව දකුණු අප්‍රිකානු දෙමළ ජනයා බොහෝ දුරට ප්‍රබෝදමත් කරන ලදී.",sin,wili-2018,sinhala,sinhala
බහුදින යාත්‍රාවක් නම් එහි තිබෙන ඇන්ටනාවලට ස්පර්ශ වී සිටීමෙන් වළකින්න. මුහුද මැද සිටින අවස්ථාවකදී විදුලි කෙටීම් ඇතිවන්නේ නම් අකුණු අනතුරුවලින් බේරීමට හැකි සෑම පියවරක්ම ගත යුතුය. නැතහොත් හැකි ඉක්මනින් ගොඩබිමක් වෙතට සේන්දු වීම වඩාත් යෝග්‍ය වේ.,sin,wili-2018,sinhala,sinhala
"සමනළි' 2012 වසරේ 3D පරිගණක-සජීවිකරණ මනඃකල්පිත චිත්‍රපටය වේ පික්සර් ඇනිමේෂන් ස්ටූඩියෝස් විසින් නිෂ්පාදනය කරන අතර වෝල්ට් ඩිස්නි ස්ටූඩියෝ විසින් නිකුත් කරනු ලැබේ. එය ඩොලර් මිලියන 185 ක් වූ අතර එය ත්යාගය දිනාගත් අතර, එවැනි ඇකඩමි සම්මානය, ගෝල්ඩන් ග්ලෝබ් සහ හොඳම සජීවිකරණ චිත්‍රපටය (BAFTA සම්මානය). චන්ද්‍රයා නම් කෙටි චිත්‍රපටය සමනළි DVD මත නිදහස් කර තිබේ. ප්ලස්, මෙම ඩොල්බි ඇට්මොස් භාවිතා කිරීමේ පළමු සිනමා වේ.",sin,wili-2018,sinhala,sinhala
"එහි ප්‍රථමවර අධිකරණපාත්‍රතාව– එනම්, ප්‍රථමවර නඩු ඇසීමේ බලය – ව්‍යාපාරණයේදී, මහාධිකරණය විසින් අධිකරණමය පුනරික්ෂණ දෙකක් පිළිගනියි: නීති පද්ධතියේ අධිකරණමය පුනරික්ෂණය සහ, පරිපාලනමය පණත් වල අධිකරණමය පුනරික්ෂණය. ආණ්ඩුක්‍රම ව්‍යවස්ථාවෙහි IV කොටසෙහි දැක්වෙන මූලික නිදහස ලිහිල් ලෙසින් අර්ථකථනය කළ යුතු බවට 1980දී වූ නඩුවකදී ප්‍රිවි කවුන්සිලය විසින් පිළිගනු ලැබුවද, පාර්ලිමේන්තුවට අනුවර්තනයක් දැක්වීමේ සහ දැඩි ආණ්ඩුක්‍රම ව්‍යවස්ථානුකූල වලංගුතාවය දැඩි ලෙසින් පූර්වනිගමනය කිරීමේ දර්ශනයක්, සිංගප්පූරු අධිකරණයන් විසින් සාමාන්‍යයෙන් අනුගමනය කරන අතර, මෙය නිසාම සමහර නඩු විභාගයන්හිදී මූලික නිදහස පටු ලෙසින් අර්ථ විග්‍රහයට ලක්ව ඇත. ආණ්ඩුක්‍රම ව්‍යවස්ථාමය විධිවිධානයන්ට පාදකවූ අභිප්‍රාය හෝ විෂය වස්තුව හෝ වෙත අනුග්‍රහ දක්වන අර්ථ නිරූපණ වෙත පක්ෂපාතී අභිප්‍රායමය උපගමනයක් මෙම අධිකරණයන් විසින් අපත්‍යීකරණය කෙරෙයි.",sin,wili-2018,sinhala,sinhala
"11 වන සියවසේ අවසාන හා 12 වන සියවසේ මුල් භාගය තුල ශ්‍රේෂ්ඨ ශාක්‍ය වංශික වික්‍රමාදිත්‍ය 6 වන පාලන සමයේ බටහිර ශාක්‍ය රාජධානිය අවස්ථාවක් කීපයකදී ප්‍රබල ලෙස චෝළයන් පරාජයට පත් කර ඔවුන්ගේ රාජ්‍ය දුර්වල කරන ලදී. 12 වන සියවසේ දී දකුණු ඉන්දියාවේ චෝළ බලය පිරිහීමත් සමග කලාපයේ හොයිසල බලය ක්‍රමයෙන් වර්ධනය විය. හොයිසලයන් තම බල ප්‍රදේශ වර්ධනය කරමින් 1225 අතර තුර කාලයේදී ශ්‍රීනගර් ආසන්නයේ Kannaru Kuppam නමින් අගනගරයක් ඉදිකළ අතර ,එය දකුණු ඉන්දියානු දේශපාලනයේ පාලන බලයත්, දකුණු දිග ඩෙකෑනයේ හොයිසල ආධිපත්‍යයේ ආරම්භය සනිටුහන් කිරීමට මහෝපකාරී විය. හොයිසල වංශික 2 වන වීර නරසිම්හ රජුගේ පුත් වීර සෝමේශ්වරගේ දියණිවරු පාණ්ඩය හා චෝළ වංශිකයන් හා විවාහ වූහ. ශ්‍රිලංකාවේ චෝළ බලය පිරිහීමත් සමග පොළොන්නරු රාජධානියේ ප්‍රතිෂ්ඨාපනය ක්‍රි.ව. 11 වන සියවසේ අග භාගයේ දී සිදු විය.",sin,wili-2018,sinhala,sinhala
"එකල්හි බුදුරජාණන් වහන්සේ මේ උපාසක තෙමේ මහත් වූ තනතුරක් පතන්නේයැයි සිතා අනාගතය බලා, ""උපාසක, ඔබ විසින් මහත් වූ තනතුරක් පැතුවේය. අනාගතයේ කල්ප ලක්ෂයකින් පසු ගෞතම නම් වූ බුදුරජාණන් වහන්සේ නමක් පහල වන්නේය. ඔබ මහා කාශ්‍යප නමින් ඒ බුදුරජාණන් වහන්සේගේ තෘතීය ශ්‍රාවකයා වන්නේ "" යැයි වදාළ සේක. එවිට වේදේහ කෙළෙඹි පුත්‍රයා ""බුදු කෙනෙකුන්ගේ ප්‍රකාශයක් නම් නොවරදින සුළුය"" සිතා ඉමහත් වූ ප්‍රීතියට පැමිණ ඉන්පසුද බොහෝ දානාදී පින්කම් කර මරණින් පසු දෙව්ලොව උපත ලැබීය.",sin,wili-2018,sinhala,sinhala
"අනුකරණ අදියර තුළ දී නිර්මාණය කළ යුතු නව අංශු ගණන නිර්මාණය වීමේ සීග්‍රතාවය හා යාවත් කාලීන කිරීම අතර අන්තර මත පදනම්ව ගණනය කෙරෙන අතර ඒ එක් එක් එක විමෝචකයේ ස්ථානය හා වෙන් කරන ලද නිර්මාණය වීම් ප්‍රදේශය මත පදනම්ව 3D අවකාශයේ විශේෂිත ස්ථානයක නිර්මාණය වේ. එක් එක් අංශුවේ පරාමිතීන් (ප්‍රවේගය, වර්ණය etc) විමෝචකයේ පරාමිතීන්ට අනුව ක්‍රියාත්මක වේ. එක් එක් යාවත් කාලීන වීමේ දී පවතින සියලු අංශු ඒවායේ ජීවන කාලය ඉක්මවා ඇති දැයි පරීක්ෂා කෙරේ. එහිදී යම් කිසි ගැටළුවක් තිබේ නම් ඒවා අනුහුරුකරණයෙන් ඉවත් කරනු ලැබේ. එසේත් නැතිනම් අංශුවේ ස්ථානය හා අනෙකුත් ගති ලක්ෂණ යම් කිසි ආකාරයක භෞතික අනුහුරුකරණයක් මත පදනම්ව උසස් වන අතර එය ඒවායේ දැනට පවතින තත්වය පරිවර්තනය වීමක් ලෙස සරල ලෙස හෝ බාහිර බල (ගුරුත්වය, ඝර්ෂණය, සුළඟ, etc) සැලකිල්ලට ගනිමින් භෞතිකව නිවැරදි ගමන් පථ ගණනය කිරීම් සිදු කරන ලෙස සංකීර්ණ ලෙස ද විය හැක. දර්ශණයේ ඇති අංශු හා විශේෂිත 3D වස්තු අතර යම් කිසි ආකාරයේ ගැටුම් අනාවරන සිදු කිරීම බහුල වේ. එසේ සිදු කෙරෙනුයේ අංශු පොළා පැනීම සිදු කිරීමහෝ එසේත් නොමැති නම් පරිසරයේ ඇති බාධා සමඟ අන්තර් ක්‍රියාකාරී වීම සිදු කිරීමටය. අංශු අතර ඝට්ටන එතරම් භාවිතා නොවේ. මන්දයත් ඒවා මිළෙන් අධික හා බොහොමයක් අනුහුරුකරණවල දී ඇත්ත වශයෙන්ම ප්‍රයෝජනවත් නොවන බැවිනි.",sin,wili-2018,sinhala,sinhala
"මේ කියන්ට යන්නෙ අපේ තව ජාතික වීරයෙක් ගැන.. ඒත් කවුරුවත් වැඩිය කතා කරන්නෙ නැති කෙනෙක්.. ඉස්සර.. අපේ ගැමුණු කුමාරයා ඉපදුණු කාලෙදි හරි ආශ්චර්යමත් දේවල් වෙලා තියෙනව කියල ජනකතා වල තියෙනව නෙව.. එහෙම ආශ්චර්යමත් දේවල් ඇත්තටම සිද්ද වෙන්ටත් ඇති.. රට එකසේසත් කරල, ආගමට දහමට සෙත සලසන කුමාරයෙක් උපදිනකොට සොබාව දර්මෙත් සතුටු වෙන්ට ඇතිනෙ.. ඉතින්.. ගැමුණු කුමාරය උපන් දවස් වලම කුරණ ග්‍රාමයේ කඩොල් කැලෑවක පුංචි ඇත් පැටියෙක් තනි වෙලා ඉදල තියෙනව.. මේ ඇත් පැටියව දැකල තියෙන්නෙ කණ්ඩුල කියල බිලී වැද්දෙක්.. කණ්ඩුල බිලි වැද්දා මේ ඇත් පැටියා ගැන විස්තරේ කාවන්තිස්ස රජතුමාට ගිහින් කිව්වා.. ඔය කුරණ කියන නමේ තේරුම “මහ අලි කැලය“ කියන එක කියනව නෙව.. ඉතින් මේ අලි කැලයෙ ඇත් පැටියෙක් තනි වෙලා හිටිය එකත් එක අතකට පුදුම කාරණයක් නෙවෙයි.. ඉතින් මේ ඇත් පැටිය රජවාසලට එක්ක එන්ට කාවන්තිස්ස රජ්ජුරුවො ඇත්ගොව්වන්ව යවල තියෙනව.. මෙහෙම ගියපු ඇත් ගොව්වෝ රැකවල්ලාගෙන හිටපු තැන නිසා ඒ තැන පස්සෙන් පහු “රැකව“ විදිහට නම් කෙරුණලු.. දැන් ඔය රැකව කලපුව කියන්නෙ එතන තමා.. ඉතින් මේ රැකව කලපුවෙ ඉදල එක්කරගෙන ආපු ඇත් පැටියට කාවන්තිස්ස රජ්ජුරුවො නම තිබ්බෙ “කණ්ඩුල“ කියල.. ඇත්පැටියට කණ්ඩුල කියල නම තිබ්බෙ කණ්ඩුල කියන කෙනා මුලින්ම දැකපු හින්දලු.. හැබැයි මහාවංසෙ නං ලියල තියෙන්නෙ ගැමුණු කුමාරයගෙ පින් මහිමයට ගැමුණු කුමාරයා උපන් දවසෙම උපන් කණ්ඩුල ඇත් පැටියාව සද්දන්ත කුලේ නෑයො කුරණ කැලෑවෙ තියල ගියා කියලයි.. ඉතින් මේ සද්දන්ත කුලේ කණ්ඩුල ඇත් පැටියා හරිම බුද්ධිමත්, හොද මතකයක් තියෙන ඇත් පැටියෙක්.. එළාරත් එක්ක යුද්ධ කරන්ට කාවන්තිස්ස රජතුමා සූදානං වුණේ නැතත්.. ගැමුණු කුමාරයගෙ උපන් නැකතෙදි දෛවඥයො කියන්ට ඇතිනෙ මේ කුමාරයා මතු අනාගතේදි යුද්දයෙන් දිනල රට එක සේසත් කරනව කියල.. ඒ හින්දා ගැමුණු කුමාරයගෙ සටනට උවමනා විදිහට කාවන්තිස්ස රජ්ජුරුවො ඇතුන් අසුන් පුහුණු කරවලා තියන්ටත් ඇති.. කොහොමින් හරි මේ කණ්ඩුල ඇත් පැටියත් යුද්දෙකට ඕන කරන හරඹ හොද හැටි ඉගෙනගත්තා.. මේ කණ්ඩුල ඇත් පැටියා නාඹර පැටිය කාලෙදි තමයි නන්දිමිත්‍ර කියලා කෙනෙක් ගම් බිම් වල කලබල කර කර හිතුවක්කාර වෙනවයි කියල කාවන්තිස්ස රජතුමාට අහන්ට ලැබිල තියෙන්නෙ.. මේ නන්දිමිත්‍ර කියන හාදයා යෝදබල තියෙන හිතුවක්කාරයෙක් කියලයි රජ්ජුරුවන්ට ආරංචි වෙන්නෙ.. ඒ හන්ද මේ යෝද බල ඇති මනුස්සයව මෙල්ල කරන්ට කාවන්තිස්ස රජ්ජුරුවො කරන්නෙ කණ්ඩුල ඇතාව කුලප්පු කරලා නන්දිමිත්‍ර ඉස්සරහට යවන එක.. ඉතින් ඒ වෙනකොට ඒ හැටි වයසකුත් නැති කණ්ඩුල ඇතාව නන්දිමිත්‍ර මෙල්ල කරගන්නෙ කණ්ඩුල ඇතාගෙ දල දෙකෙන් අල්ලලා බිම ඇනල.. තමන්ට මේ කරපු අවමානය කණ්ඩුල ඇතාගෙ හිතේ තදින් ඇදෙනව.. මේ අවමානයට නන්දිමිත්‍රයාට කවදා හරි හොද පාඩමක් උගන්නන්ට හිතාගෙන කණ්ඩුල ඇතා හක්කේ පොල් ගෙඩියක් රදවගත්තලු.. ඊටත් අවුරුදු විසි ගාණකට පස්සෙ විජිතපුර මහ හටනෙදි එලාරගෙ සේනාවෙ ඈයො කඩොල් ඇතාගෙ පිටට විජිතපුර බලකොටුවෙ පවුරක් පෙරලන්ට හදපු වෙලාවෙදි ඒ පවුරට පිට දීලා කඩොල් ඇතාව බේරගෙන තියෙන්නෙ නන්දිමිත්‍ර යෝධයාලු.. ඉතින් එදා ඒ වෙලාවෙදි අර කවදාහරි නන්දිමිත්‍රයාට පාඩමක් උගන්නන්ට හිතාගෙන හක්කේ තියාගත්තු පොල් ගෙඩිය බිම දාලා කඩොල් ඇතා නන්දිමිත්‍රට නමස්කාර කළාය කියල වංස කතාවල කියවෙනව.. ඒ වගේ හොද මතකයක් තිබිච්චි ඇතෙක් තමයි කණ්ඩුල.. නැතිනම් කඩොල් ඇතා.. කණ්ඩුල තමයි කාවන්තිස්ස රජතුමාගෙ රාජකීය හස්තියා.. ඒ කියන්නෙ රාජ්‍යත්වයෙ සංකේතය.. ඉතින් කාවන්තිස්ස රජ්ජුරුවො මිය පරලොව ගිය වෙලේ රජකම අයිතිකරගන්ට හිතාගෙන තිස්ස කුමාරයා කඩොල් ඇතායි, විහාරමහා දේවියවයි අරගෙන දිගාමඩුල්ලට යන්ට ගියාලුනෙ.. මේ දෙන්නා ආපහු තමන්ට ගෙනවිත් දෙන්ටයි කියලා ගැමුණු කුමාරයා කොච්චර පණිවිඩ යැව්වත් තිස්ස කුමාරය නෙවෙයි කණකට ගත්තෙ.. අන්තිමේදී අයිය මලෝ දෙන්න මේ හින්දම සටන් කරන්ට වුණා.. ඒ එක සටනකදි තිස්ස කුමාරය සටනට ආවෙ කණ්ඩුල ඇතා පිට නැගල.. එදා ගැමුණු කුමාරයා සටනට ආවෙ දීඝතූනිකා කියල වෙළඹක් පිට නැගල.. ඒ සටනෙදි ගැමුණු කුමාරයා දීඝතූනිකා වෙළඹව කඩොල් ඇතා පිටින් තුන් වතාවක් පන්නලා තියෙනවා.. ඇතෙක් පිටින් වෙලඹක් පන්නනවයි කියන්නෙ ඇත් පරපුරට සුලු පටු නින්දාවක්යැ.. ඒකට කේන්ති ගියපු කඩොල් ඇතා තමන්ගේ පිටේ හිටපු තිස්ස කුමාරයව බිම දාලා, ගැමුණු කුමාරය ලගට ඇවිල්ල නමස්කාර කරල තියෙනව.. එදා තමයි ගැමුණු කුමාරය ඇත්තටම රජ වෙලා තියෙන්නෙ.. එතනින් පස්සෙ රාජකීය හස්තියා වෙලා ගැමුණු කුමාරය ලගින්ම හිටියෙ කණ්ඩුල.. ගැමුණු රජතුමායි එළාරයි අතරෙ ඇති වෙච්චි යුද්ද වලදි කණ්ඩුල ඇතා කරපු හපන්කම් සුලු පටු නෑ.. එක සටනකදි කඩොල් ඇතා එලාරගෙ බලකොටු දොරටුවක් බිදින්ට යනකොට ඒ බලකොටු පවුර උඩ ඉදපු එළාරගෙ සෙන්පතියො කඩොල් ඇතාගෙ පිට උඩට උණු කරපු ඊයම් වත් කළාලු.. ඒ වෙලාවෙදි ගැමුණු රජතුමා කඩොල් ඇතාට බෙහෙත් කරවලා මී හරක් හම් වලින් කරවපු ඇදුමකුත් තනවා දීලා තමයි ඊලග වතාවෙ සටනට කඩොල් ඇතාව යවලා තියෙන්නෙත්.. අපේ ගැමුණු රජ්ජුරුවො එළාරත් එක්ක කරපු අවසන් ද්වන්ධ සටනෙදි ගැමුණු රජ්ජුරුවො ඒ සටනට ගියේ කඩොල් ඇතා පිටේ.. එළාර ආවෙ පර්වත කියන හස්තියා පිටින්.. එළාර රජතුමාගෙ පර්වත හස්තියට දෙදණින් ඇණලා බිම වට්ටවලා ගැමුණු කුමාරයගෙ සටනට උදව් කලේ කඩොල් ඇතා තමයි.. ඉතින් අපේ රට බේරගන්ට ඉස් ඉස්සරෝම හටනට ගිය හස්ති රාජයා තමයි කණ්ඩුල ඇතා.. රට බේරගන්ට සටන් කරා විතරක් නම් මදෑ.. ඊට පස්සෙ ගැමුණු රජ්ජුරුවො තනවාපු වෙහෙර විහාර වලටත් ගල් කණු, වැලි ගඩොල් ඇදලා දීලා මහා පින් කන්දක් රැස් කරගත්තු පින්වන්ත ඇතෙක් කණ්ඩුල.. රුවන්වැලි සෑයෙ මලුව වටේ ඇවිදිද්දි ඒ මලුව තනන්ට ගල් වැලි ඇදලා දායක වෙච්චි කණ්ඩුල ඇතාටත් පින් දෙන්ට පුලුවනි නං යසයි.. ඉතින් ඔහොම ගැමුණු රජතුමා ලගින්ම ඉදපු කඩොල් ඇතාට ගැමුණු රජතුමා අසනීප වෙලා මිය පරලොව ගියපු එක නං දරාගන්ට බැරි වුණා.. කවදා හරි තමන් නැති දවසක කණ්ඩුල ඇතාව කතරගම දේවාලෙට බාර දෙන්ට කියලයි ගැමුණු රජතුමා කියල තිබුණෙ.. ඒ හින්ද ගැමුණු රජතුමා මිය ගියාට පස්සෙ සද්ධාතිස්ස රජ්ජුරුවො කණ්ඩුල ඇතාව කතරගම දේවාලෙට පිටත් කරනව ඇත් ගොව්වොත් එක්ක පෙරහැරින්.. ඒත් අවුරුදු ගාණක් තමන්ගෙ ලගින්ම උන්නු නෑදෑයා වෙච්චි ගැමුණු රජ්ජුරුවො නැතිවුනු දුකත් දරාගෙන වැඩි දුරක් යන්ට කඩොල් ඇතාට බැරි වෙනවා..යන මගදිම කඩොල් ඇතා හොදටෝම අසනීප වෙනවා.. අන්තිමේදී බුත්තල හරියෙ යුදගනා දාගැබට නමස්කාර කරගෙනම කඩොල් ඇතාත් සදහටම ඇස් දෙක පියා ගත්තා.. ඊට පස්සෙ කඩොල් ඇතාගේ දේහය ගරු බුහුමන් ඇතිව පොරමැඩිල්ල කියන ගමේ මිහිදන් කළාට පස්සෙ කඩොල් ඇතාගෙ දළ දෙක කතරගම දේවාලයට ගෙනිහින් තියෙනව.. මේ දල දෙක ගැන පවා අපූරු කතාවක් තියෙනව.. 1602 දී ඌව අල්ලා ගත්තු ඕලන්දක්කාරයො ඌවෙ ගම්බිම් විහාර දේවාල එහෙම විනාස කර කර කොල්ල කන්ට පටන් අරන් තියෙනව.. ඒ වෙලාවෙදි කතරගම දේවාලෙ උන්නු කපු රාලලයි නිලමෙලයි දේවාලෙ තිබුණු අනිත් වස්තුව වගේම කඩොල් ඇතාගෙ දළ දෙකත් වැඩි ආරක්ෂාවට හංගලා තියෙනවා.. ඒ හංගපු ඈයො පස්සෙ කාලෙක මිය පරලොව ගියාට පස්සෙ මේ දල දෙක ගැන ආරංචියක් කවුරුවත්ම දැනගෙන ඉදල නෑ.. ඒත් 1818 කැරැල්ලෙන් ඌව නිදහස් කරගත්තට පස්සෙ 1890 දී ඒ වෙනකොට කතරගම දේවාලෙ උන්නු කපු මහත්තයට අපූරු හීනයක් පෙනිල තියෙනව.. ආදිකාලෙදි දේවාලෙ උන්නු කපුරාල මේ කපුරාලට හීනෙන් පෙනිල කියල තියෙනව “කතරගම දේවාලෙට නැගෙනහිරින් යාල කැලේ ගල් තලාවක කුහර දෙකක් හාරලා කඩොල් ඇතාගේ දළ දෙක තැන්පත් කරල තියෙනව“ කියල.. ඉතින් ඇත්තටම ගිහින් හොයලා බලාපුවාම ඒ වගේම ගල් තලාවක ගල් කුහර ඇතුලෙ විශාල ඇත් දල දෙකක් තිබිලත් තියෙනව.. ඉතින් මේ ඇත් දල දෙක මහ පෙරහැරින් කතරගම දේවාලෙට ගෙනැවිත් තැන්පත් කරන්ට ඒ වෙනකොට උන්නු කපු මහත්තුරුයි නිලමෙලයි කටයුතු කරල තියෙනව.. ඒ ඇත් දල දෙක අදටත් කතරගම දේවාලෙ තියෙනව.. කතරගම මහ පෙරහැරේත් වඩම්මනව.. එහෙම තමයි.. රට වෙනුවෙන් හටන් කරල, ආගමට දහමට ලැදි බෝසත් ජීවිත ගතකරපුවම.. සතවරුස ගනනාවක් ගියත් පිදුම් ලබනව.. (නිම්මි මුදිතා හේරත් මහත්මියගේ ලිපියක් ඇසුරින්)",sin,wili-2018,sinhala,sinhala
"චන්ද්‍රගුප්ත, පාඨලීපුත්‍රයේ විශාල පාලක මණ්ඩලයක් සහිතව ශක්තිමත් මධ්‍යම රාජ්‍යයක් පිහිට වුයේය. මෙගස්තීනුන්ට අනුව මෙම මාළිගය ද්වාර 64 කින් සහ කුළුණු 570 කින් යුක්ත දැවමය බිත්තියකින් වටවී තිබුණි. එය අසිරිමත් අසමසම සූසා සහ එක්බැටානා වැනි මාළිගාවලටත් තරඟකාරී එකක් විය. චන්ද්‍රගුප්තගේ පුත් බින්දුසාර, ඔහුගේ මයුර රාජ්‍යයේ පාලනය දකුණු ඉන්දියාව දක්වා ව්‍යාප්ත කළේය. ඔහුගේ මාළිගයේ ඩෙයිමාකස් (ස්ට්‍රාබෝI 70 ) නම් ග්‍රීක තානාපතිවරයෙක් ද සිටියේ ය.",sin,wili-2018,sinhala,sinhala
"ශ්‍රී ලංකාවේ තෙත් බිම් ආශ්‍රිත පරිසර පද්ධති කිහිපයක් ඇත. එනම්, පිටාර තැනිතලා, ගොහොරු බිම්, ඇළ දොළ හා ගංගා, ජලාශ හා පොකුණු වශයෙනි.ශ්‍රී ලංකාවේ තෙත් බිම් වලින් බොහොමයක් දේශීය මෙන්ම විදේශීය වටිනාකමකින් යුක්ත බව හඳුනාගෙන ඇති අතර ජාත්‍යන්තර වශයෙන් පිළිගනු ලැබූ එක් තෙත් බිමක් ලෙස බූන්දල රැම්සා පරිශ්‍රය හැඳින්විය හැක. මේ තෙත් බිම් ආශ්‍රිතව විශාල ජෛව විවිධත්වයක් දැකිය හැකිය.එනම්,ජලජ ශාක ( ඕලු, කෙකටියා, දිය හබරල) ආවේණික මත්ස්‍ය විශේෂ(පුල්ලි අගිරවා) සංචාරක පක්‍ෂි විශේෂ හා ආවේණික උරග වර්ග දැකිය හැකිය.ඉන් බොහොමයක් ජාතික හා ජාත්‍යන්තර තර්ජනයට ලක්වී ඇති විශේෂ වේ.",sin,wili-2018,sinhala,sinhala
"විශ්වවිද්‍යාල ලේඛකාධිකාරීවරයෙකු සහ ව්‍යාපාරිකයෙකු ද වන ගොඩගේ විලියම් කාරියවසම් මහතාට සහ ඇලන් කාරියවසම් මැතිණියට දාව උපත ලත් අකිල හයදෙනෙකුගෙන් යුත් පවුලක පස්වැන්නා විය. කොළඹ විශ්වවිද්‍යාලයෙන් ආර්ථික විද්‍යාව, දේශපාලන විද්‍යාව, හා ජාත්‍යන්තර සම්බන්ධතා පිළිබඳ උපාධිය ලබාගන්නා ඔහු, කොළඹ විවෘත විශ්වවිද්‍යාලයෙන්, සිය දෙවැනි උපාධිය ලෙස නීතිවේදී උපාධිය සම්පූර්ණ කරන ලදී.",sin,wili-2018,sinhala,sinhala
"ඉන්දියානු ගණිතඥයෙකු වූ ශ්‍රිනිවාස් රාමානුජන් ඉයෙන්ගර් ගණිතමය විශ්ලේෂණය , සංඛ්‍යා වාදය , අපරිමිත ශ්‍රේණි‍ය සහ සන්තත භාග යන ගණි‍ත ක්ෂේත්‍රයන්ට විශාල දායකත්වයක් දැක්වූවෙකි. එහෙත් ශුද්ධ ගණිතය සඳහා ක්‍රමානුකූල පුහුණුවක් ඔහු නොල ද තරම් වේ.",sin,wili-2018,sinhala,sinhala
පෘථීවි අකුණු පහරක සාමාන්‍ය ධාරාව ඇම්පියර 25000 ක් පමණ වන අතර වෝල්ටීයතාව වෝල්ට් මිලියන 100 ක් පමණ වේ. ඒ අනුව කුලෝම්බ 5 ක පමණ විද්‍යුත් ආරෝපණයක් පෘථීවිය වෙත ගෙන එන අකුණු ධාරාවක් සතු ශක්තිය ජූල් මිලියන 500 ක් පමණ විශාල අගයකි. මෙයින් අකුණු පහරකට කොපමණ විනාශයක් කළ හැකිද යන්න තීරණය කිරීමට පුළුවන. එය වටහා ගැනීමට දළ උදාහරණයක් මෙසේ දැක්විය හැක. අකුණක් සතු ආරෝපණය යම්කිසි ආකාරයකට ගබඩා කරගතහොත් එම ආරෝපණය ශි‍්‍ර ලංකාව වැනි රටක අවුරුදු 10ක පමණ විදුලි අවශ්‍යතාව සැපිරීමට තරම් ප්‍රමානවත් වේ.,sin,wili-2018,sinhala,sinhala
"කෙසේනමුත් වඩාත් පිළිගැනෙන මතය නම්, ඇය ඡත්‍රසාල්ට දාව ඔහුගේ පර්සියානු මුස්ලිම් බිසව වූ රුහානි බායිට උපන් දියණිය බවයි. බොහෝ අවස්ථාවන්හි දී මස්තානි යනු බාජිරාඕගේ උපබිසවක හෝ අනියම් භාර්යාවක ලෙස සඳහන් වුව ද, සැබැවින්ම ඇය ඇය ඔහුගේ නීත්‍යානුකූලව විවාහ කරගත් භාර්යාවක වේ.",sin,wili-2018,sinhala,sinhala
කොන්ක්‍රීට් වලින් ගොඩනැගු ස්ථර ගොඩනැගිල්ලක් නම් එහි තිඛෙන කොන්ක්‍රීට් තට්ටු පොළොව හා සම්බන්ධ වන අන්දමට සිරස් සන්නායක කම්බි සහිත අමතර කොන්ක්‍රීට් කණුවක් ඉදිකිරිම අකුණු අනතුරුවලින් බේරීමට පහසු මාර්ගයකි.,sin,wili-2018,sinhala,sinhala
නැවත නැවතත් ඇය සත් තැනකට සරණ පාවා දුන් නමුත් ඒ සෑම තැනකින්ම දුඟද නිසා නැවත හරවා එවිණි. ඇය යම් ලෙසකින් නිවසේ සිටින්නේද එවිට කිසිම දුඟදක් ඇඟේ ශරීරයෙන් පිටවන්නේ නැත.,sin,wili-2018,sinhala,sinhala
"1990දී කැන්සාස් නගරය මිසුරි විශ්වවිද්‍යාලයෙ උපාදිධාරී ජෙරල්ඩ් කොම්බ්ස්(Gerald Combs) කුඩා අන්තර්ජාල සේවා සපයනු ලබන ආයතනයක සේවය කලා. එවකට වාණිජ ප්‍රොටෝකෝල විශ්ලේෂණ මෘදුකාංග$1500 සහ එම මෘදුකාංග ඔහු සේවයකල ආයතනයෙ ප්‍රදාන ක්‍රමලේඛන වලට (ලිනක්ස් සහ Solaris) අනුකූලතාවක් නොදක්වන ලදී, එමනිසා ජෙරල්ඩ් එතීරියල් මෘදුකාංගය ක්‍රමලේඛනය කරනලදී.එහි ප්‍රථම පිටපත 1998දී එළිදැක්වීමට සමත්විය..එතීරියල් වෙලදනාමය Network Integration Services යටතේ පැවතිනි. 2006 මැයි මසදී කොම්බ්ස් CACE තාක්ෂණ ආයතනයට එක්විනි. කොම්බ්ස් තවමත් එතීරියල් හි මූල කේතයෙහි වැඩි අයිතීය ඉසිලිය අනෙකුත් කොටස GNU GPL බලපත්‍රය යටතේ පැවතිනි.එමනිසා Wiresharkහි ඇතුලාන්තය සදහා එතීරියල් හි අනුපිටපත ක ඇතුලාන්තය(repository ) පදනම ලෙස බාවිත කරන ලදී. කෙසේ වෙතත් එතීරියල් වෙළද නාමය ඔහුට අයත් නොවීය එමනිසා Wireshark ලෙස නම වෙනස් කරන ලදී.Riverbed Technology CACE ආයතනය 2010 දී මිලදී ගැනුනි ඒ සමගම Wiresharkහි ප්‍රධාන අනුග්‍රහකයා ලෙස Riverbed තාක්ෂණික ආයතනය පත්විය. එතීරියල් වර්ධනය ඇනහිටිනි ඒ සමගම එතීරියල් ආරක්ෂක උපදේශකයන් Wireshark වෙත මාරුවීම නිර්දේශ කෙරුණි. Wireshark පසුගිය වසර කීපය තුල කිහිපවරක් ඇගයීමට පාත්‍ර විය, eWeek, InfoWorld, සහ PC Magazine.Insecureහි ,Org network ආරක්ෂන උපකරණ සමාලෝචනයහිවඩාත්ම පිළිගත් පැකට්ටු විශ්ලේෂණ මෘදුකාංගයවෙ සහ SourceForge 2010 අගෝස්තු මාසයේ ව්‍යාප්‍රතිය.කොම්බ්ස් Wiresharkහි සමස්ත ක්‍රමලේඛනය නඩත්තු කරන අතර නව සංස්කාරන නිකුත් කරයි. Wireshark හි වෙබ්අඩවිය තුල තවත් දායකයන් 600 ලියාපදිංචිවි ඇත.",sin,wili-2018,sinhala,sinhala
දිල්මන් මුලින්ම සොයා ගනු ලැබුවේ උරුක් නගරයේ පිහිටි ඉනන්නා දේව්දුවගේ දේව් මැදු‍රක තිබු සුමේරියන් නමැති කූඤ්ඤය හැඩැති මැටි කැබැල්ලක ආධාරයෙනි. එය ක්‍රි.පූ. 4 වන සියවසේ අගභාගයේ සටහන් වුවකි. දිල්මින් නමැති පදය පොරව සහ එක්තරා නිළධාරියෙකු සඳහන් කිරීමට යොදා ගනී.,sin,wili-2018,sinhala,sinhala
"මස්තානි කලක් පූනේහි ෂානිවාර් වාදා මාලිගයේ බාජිරාඕ සමග ජීවත්ව තිබේ. මෙම මාලිගයේ ඊසානදිග කෙළවරෙහි මස්තානි මහල් නම් ගොඩනැගිල්ලකුත්, මස්තානි දාර්වාසා නැමැති බාහිර ද්වාරයකුත් දක්නට ලැබිණි. මස්තානි කෙරෙහි සිය පවුලෙන් ඇතිවූ විරෝධය නිසා, බාජිරාඕ පසුකලෙක එනම්, 1734දී කොත්රුද්හි මස්තානි වෙනුවෙන් වෙනම නිවහනක් ඉදිකරවා තිබේ. මෙය ෂානිවාර් වාදා සිට මඳ දුරකින් පිහිටියේ ය. මෙම භූමිය වර්තමානයේ කාර්වේ මාවතේ මෘත්‍යුන්ජායි දෙවොල පිහිටි ස්ථානයේ දක්නට ලැබේ. කොත්රුද්හි මාලිගය ඉවත් කළ අතර, එහි කොටස් රාජා දින්කර් කේල්කර් කෞතුකාගාරයේ විශේෂ අංශයක ප්‍රදර්ශනයට තබා ඇත. බාජිරාඕගේ පාලන සමයයට අයත් මාලිග වාර්තාවල (බඛාර්) ඇය හා සම්බන්ධ කිසිදු සඳහනක් දක්නට නොලැබේ. ඉතිහාසඥයින් විශ්වාස කරන්නේ රාජා කේල්කර් කෞතුකාගාරයේ සහ වායි කෞතුකාගාරයේ ඇති මස්තානි නිරූපිත සිතුවම් සත්‍ය නොවන බවයි.",sin,wili-2018,sinhala,sinhala
"ඇ.එ.ජ වෙළදපොල දර්ශක ක්‍රමයෙන් වර්ධණය වන්නට වුයේ ඩොලර් දර්ශකය පවුම හා යුරෝවට සාපේක්ෂව ඉතා වේගයෙන් ඉහළ ගිය නිසයි. ඩෝව් ජෝන්ස් කාර්මික අගය 3.61 සිට 10,302.29 දක්වා වර්ධනයක් පෙන්වන ලදී. නස්ඩැක් ඒකාබද්ධ දර්ශකය 7.01 සිට 2075.66 දක්වා ඉහළ ගියේය. S & P 500 2.93 සිට 1197.87 දක්වා ඉහළ යන ලදී. ඒ 1% පහළ වැටීමකින් අනතුරැවයි. සියළු පිල් ලකුණු Benchmark වර්ධනයක් අත්පත් කර ගත්තේය. ජුලි 2වන දා සිට වෙළදපොළ නැවතත් යතා තතවයට පත් වුයේ අලාභයද සිතු තරම් බරපතල නොවන හෙයින්ය. ජුලි 07 වන විටත් සැළකිය යුතු මට්ටමක ප්‍රගතියක් දක්නට ලැබුණි. බ්‍රිතාන්‍යයෙ රක්ෂන හිමියන් තම ත්‍රස්ත වගකීම් වල පළමු 75,000,000 වඩා වැඩි වු විට Pool Re හි නැවත රක්ෂණය කරවා ගැනීමට කටයුතු කර ඇත. Pool Re සතුව සැළකිය යුතුත සංචිත ප්‍රමාණයක් ඇති බවත් විවිධ ඉල්ලීම් ඉතා ලෙහෙසියෙන් පියවීමට හැකියාව ලැබේ යැයි පුවත්පත් විශ්වාසය පළ කරයි.",sin,wili-2018,sinhala,sinhala
"නජාට්‌ වැලවුඩ් බෙල්කේසම් (උපත 1977 ඔක්තෝම්බර් 4) ප්‍රංශය සමාජවාදී පක්ෂයේ (ප්‍රංශය ) | | සමාජවාදී දේශපාලනඥවරියෙකි, ජාතික අධ්‍යාපන අමාත්‍යාංශය (ප්‍රංශය ) නියෝජනය කළ පළමු ප්‍රංශ කාන්තාව වූ ඇය 2014 අගෝස්තු මස 25 දින | වූ ඇය අධ්‍යාපන අමාත්‍යාංශය, උසස් අධ්‍යාපන, හා පර්යේෂණ, දෙවන Valls ආණ්ඩුවේ අමාත්‍ය මණ්ඩලය එක්විය.",sin,wili-2018,sinhala,sinhala
"අතීතයේ මිනිසුන් විසින් කරනලද විවිධ නිර්මාණ වලින් ශේෂ වූ ද්‍රව්‍යාත්මක සාධක පුරාවස්තූන් ලෙසට හඳුන්වනු ලබයි. තවද මේවා ආදිතමයන් පිළිබඳව තොරතුරු දැන ගැනීමට වන අතර පුරාවස්තුවක් ආකාර දෙකකින් හඳුන්වා දිය හැකිය. එනම්,",sin,wili-2018,sinhala,sinhala
ක්‍රිකට් ක්‍රීඩාවෙහි දීර්ඝතම තරගය ටෙස්ට් ක්‍රීඩාවයි. ජාතීන් දෙකක් අතර ක්‍රිකට් ක්‍රීඩාවේ දක්ෂතාවය උරගා බැලීමේ අවස්ථාවක ටෙස්ට් තරග එය ජනප්‍රියතාවයේ ඉහළම තරග හා ඕවර 20 තරග සමහර ක්‍රීඩා ලෝලීන් අතර වඩා ප්‍රචලිතව ඇත. ‘ටෙස්ට්’ යන නම ලැබෙන්නට හේතුව කණ්ඩායම් දෙකක් අතර ශක්තිය හා දක්ෂතාවය මැන බලන මිම්මක් ලෙස මෙම ක්‍රීඩාව සලකන බැවිනි. මුලින්ම මෙය ඇරඹුණේ එංගලන්තය හා ඕස්ට්‍රේලියාව අතර 1961 – 1962 දී පැවති තරගයයි. නමුත් අද එය ටෙස්ට් තරගයක් ලෙස නොසලකයි. ප්‍රථම නිළ ටෙස්ට් තරගයක් ලෙස නොසලකයි. ප්‍රථම නිල ටෙස්ට් තරගය ලෙස සලකනුයේ 1877 දී ඕස්ට්‍රේලියාවේ ටර්න්බුල්හිදී එංගලන්තය හා ඕස්ට්‍රේලියාව අතර පැවති තරගයයි. එහිදී ලකුණු 45 ක ජයක් ඕස්ට්‍රේලියා‍වට හිමිවිය. දෙවන තරගය එංගලන්තය විසින් දිනාගත් අතර ඒ විකට් හතරක ජයකි. ඒ අනුව 1 – 1 ලෙස ජය පරාජය සටහන් වූ තරගාවලියක් ලෙස අවසන් විය. මෙය ජාත්‍යන්තරව පැවති එකම ප්‍රථම තරගය නොවන අතර 1844 සැප්තැම්බර් 24 හා 25 දින කැනඩාව හා එක්සත් ජනපදය (ඇඑජ) අතර ජාත්‍යන්තර තරගයක් පැවැත්වුණි.,sin,wili-2018,sinhala,sinhala
කැෆ්ෆෙරර්ට අනුව සමාජයේ එක් කොටසක් දුකට පත් වීමටත් තවත් කොටසකට එසේ නොවීමටත් හේතු ලෙස සිංහල සමාජය තුළ විවිධ විශ්වාස පවතී. අවාසනාව එයට හේතු වන බව සමහරු විශ්වාස කරති. බුදු දහම තුළ සදහන් වන කර්මය පිළිබද සංකල්පය මේ අවාසනාව කෙරෙහි බෙහෙවින් බැදී පවතී. මෙහිදී අදහස් වන්නේ මේ ආත්මයේදී වැරදි ලෙස ජීවත් වුවත් මිය ගිය පසු යක්ෂයන් හෝ පේ‍්‍රතයන් ලෙස උපදින බවටසමාජයේ ඇති විශ්වාසයයි. මෙහිදී කර්මය යන සංකල්පය වැදගත් වේ (කැෆ්ෆෙරර් 1983 : 15). කර්මය යන අදහස සම්බන්ධයෙන් කතා කරන විට ස්කොට් ද පෙන්වා දෙන්නේ පේ‍්‍රතයන් යනු තම ජීවත් වන නෑදෑ වර්ගයාට නොයෙක් ආකාරයෙන් විවිධ ස්වරූපයෙන් කරදර බාධක ඇති කරන (දෝෂ ඇති කරන) මිය ගිය නෑයන්ගේ කළකිරුණු ආත්මයන් වන බවය. මේ ආකාරයට අභිචාර පිළිබඳ විවිධ වූ විශ්වාසයන් මිනිසුන් අතර පවතී.,sin,wili-2018,sinhala,sinhala
එල්ලේ ක්‍රීඩාව වෙනුවෙන් ප්‍රථම වරට පුවත් පතක් වශයෙන් එලිදක්වන ලද්දේ ගණේමුල්ල තිබ්බොටුගොඩ නො 56 බී දරණ නිවසේ පදිංචි {{එස් ජූඩ් සිල්වා S Jude Silva]] විසින් ගණේමුල්ල හොරගොල්ල දීපශිකා එල්ලේ කණ්ඩායමට වසර විසිපහක් පිරිම නිමිත්තෙන් ඒ පිළිබදව දැනුවත් කරමිනි එම පුවත් පත එම කණ්ඩායම පිළිබදව මෙන්ම එල්ලේ ක්‍රීඩා තොරතුරැ කිහිපයකින් සමන් විත වුවද දිවයින පුරා බේදා හැරිම පිණිස පුවත් පතක් නිර්මාණය කිරිමද {{එස් ජූඩ් සිල්වා S Jude Silva]] විසින් සිදුකරන ලද්දේ 2015 වසරේ ජුනි මස 19 වෙනිදිනය,sin,wili-2018,sinhala,sinhala
පැරණි ඊජිප්තු ඉතිහාසයෙන් ලැබෙන සාක්ෂි අනුව පාරාවෝ පෙළපත් තුන්වන ඇමෙනෙම්හෙට් රජ විසින් (දොලොස්වන අධිරාජ්‍යයේ) ක්‍රි.පූ. 1800 දී පමණ ෆ්යියුම් (faiyum) ක්ෂේම භූමි ප්‍රදේශයේ වියලි කාලයේදී ප්‍රයෝජන ගත හැකි ලෙස වැඩිපුර වූ ජලය තැන්පත් කරන තුන්වන ස්වභාවික ජලාශයක් ලෙස භාවිතා කළ බව පෙනේ. මෙම වැඩිපුර ජලය මෙහි රැස්වනුයේ වාර්ෂිකව පිටාර ගලන්නා වූ නයිල් ගංගාවෙනි.,sin,wili-2018,sinhala,sinhala
"ඉන්පසු දිනක් ඒකශාටක බමුණා ශීතකාලයේ බුදුරදුන්ගෙන් දහම් අසනු රජතුමා දැක, තමන් පොරවා සිටි ලක්ෂයක් වටිනා කම්බිලිය ඒකශාටක බමුණාට දී ""මෙය හැඳ දහම් අසන්නැයි"" පැවසීය. බමුණා නැවත් එය බුදුරජාණන් වහන්සේට පූජා කර යන්න ගියේය.",sin,wili-2018,sinhala,sinhala
"දඹුල්ල ගල්කිරියාගම ජාතික නාමල් උයන හා රෝස තිරිවානා කන්ද පිළිබඳ පුරාවෘත්තය ක්‍රිස්තු පූර්ව තුන් වැනි සියවසේ දේවානම් පියතිස්ස රජුගේ කාලය දක්වා විහිදෙයි. අනුරාධපුර යුගයේ පෞරාණික නටඹුන් ‍රැසක් පවතින මෙහි බෝධිඝර, පෞරාණික ගල් පඩි හා ගල් කණු ආදියෙන් සමන්විතයි. වසර කෝටි 50 ක් පැරණි ශාක පොසිල රැසක් හා වසර 2000 ක් පමණ පැරණි ඉතිහාසයක් නාමල් උයන සතුය. ක්‍රිස්තු වර්ෂ 924 දී ශ්‍රී ලංකාවේ රජ කළ දප්පුල නම් රජු විසින් මිනිසුන් සඳහා වූ අභය භූමියක් ලෙස නාමල් උයන නම් කර ඇති බව නාමල් උයනට පිවිසෙන ආඩියාගල මාර්ගයේ ඇති සෙල් ලිපියේ සඳහන් වේ.",sin,wili-2018,sinhala,sinhala
"පිප්ඵලීමාණව විසි අවුරුදු වියට පැමිණි කල්හි ඔහුගේ මවුපියන් සුදුසු තැනකින් විවාහයක් කර දෙන්නට සිතූහ. නමුත් පිප්ඵලීමාණව තෙමේ එය ප්‍රතික්ෂේප කළේය. නමුත් මවුපියන් නිතර නිතර ඒ පිළිබඳව පවසන්නට වූ කල්හි පිප්ඵලීමාණව තෙමේ එයින් ගැලවෙන්නට උපායක් යෙදීය. ඔහු රන්කරුවන් ලවා රන්කාසි දහසකින් ඉතා ශෝභන වූ ස්ත්‍රී රූපයක් තනවා මැනවින් ඔප ලා වස්ත්‍රාභරණයෙන් සරසා ""මැණියනි, මේ රන් රුව බඳු වූ ස්ත්‍රී රත්නයක් ලදහොත් මම ඇය සරණ පාවා ගනිමි. නොලදහොත් මෙලෙසම වෙසෙමි"" යි පැවසීය.",sin,wili-2018,sinhala,sinhala
"කාදිනල් රංජිත් හිමිපාණන්, මින් පෙර කොළඹ සහායක රදගුරු ලෙසින් (1991–1995) ද, රත්නපුර රදගුරු ලෙසින් (1995–2001) ද, ජනතා ධර්මදානය පිළිබඳ සසුන් නියෝජනයේ සම ලේකම් ලෙසින් (2001–2004) ද, ඉන්දුනීසියාව සහ නැගෙනහිර තිමෝරය සඳහා අපෝස්තලික තානාපති ලෙසින් (2004–2005) ද, සහ ජනවන්දනාව හා සක්‍රමේන්තු විනය පිළිබඳ සසුන් නියෝජනයේ මහලේකම් ලෙසින් (2005–2009) ද සේවය කර ඇති සේක.",sin,wili-2018,sinhala,sinhala
"තම සංගීත නිර්මාණයක් ශ්‍රාවකයා වෙත දායාද කිරීමට විවිධ නිර්මාණකරුවන් විවිධ ක්‍රමවේද අනුගමනය කරයි. ප්‍රෙක්ෂක බුද්ධි මට්ටම, සංගිත ශෛලය, සජීවි පටිගත කරන ලද නිර්මාණයක් ද යන වග, වාණිජමය අරමුණක් ඇත්ද යන වග මෙම ක්‍රමවේදයන් භාවිත කරන සංගීත භාණ්ඩ, වාදකයන් වෙනස් කරනු ලබයි.",sin,wili-2018,sinhala,sinhala
"අගෝස්තු 1, ග්‍රෙගරි දින දසුනට අනුව අවුරුද්දේ 213 වන දිනය වේ (අධික අවුරුද්දක නම් 214 වන දිනය). අවුරුද්ද අවසන් වීමට තවත් දින 152 ඉතිරිව තිබේ .",sin,wili-2018,sinhala,sinhala
1807 දී සාදා නිම කරන ලද නුවර වැවෙහි අලංකාරය හැරෙන්නට එම ව්‍යාපෘතිය ජනතා ප්‍රසාදයට ලක් නොවීය. ඊට හේතු වූයේ එයින් ප්‍රායෝගික වශයෙන් සේවයක් සිදු නොවීමයි. සාම්ප්‍රදායික වශයෙන් එවැනි විශාල වාරි කර්මාන්ත තැනවීමේ ප්‍රධාන අරමුණ වූයේ කුඹුරුවලට ජලය සැපයීම වුවත් මැද සෙංකඩගල කුඹුරු තිබුණේ නැත. 1810 දී රජු විසින් පිළිමතලාවේ අදිකාරම්ව ඔහු දරමින් සිටි ප්‍රධාන ඇමති ධූරයෙන් ඉවත් කරන ලදී. ඊළඟ වසරේ පිළිමතලාවේ අදිකාරම් කැරළි ගැසුවේය. රජතුමා විසින් නුවර ප්‍රධානීන්ද බියට පත්කරමින් ඔහු මරණයට පත් කරනු ලැබුවේය. රජු තවදුරටත් බලවත් බෞද්ධ සංස්ථා සතු ධනය හා ඉඩම් බලහත්කාරයෙන් ලබා ගෙන අන් සතු කළේය. මේ කාලය මුළුල්ලේ බ්‍රිතාන්‍ය සිවිල් සේවකයෙකු වූ ජෝන් ඩොයිලි සිංහල රදළවරු කීප දෙනෙකු සමග සම්බන්ධතා පවත්වා ගෙන ගියේය. ඔව්හු නායක රජ පෙළපතකට වඩා බ්‍රිතාන්‍ය පාලනය වඩා හොඳ යයි සිතූහ.,sin,wili-2018,sinhala,sinhala
"නිවන අරමුණු කොට සතර සතිපට්ඨානය ප්‍රගුණ කිරීමට බලාපොරොත්තු වන යෝගාවචරයා විසින් මෙහි සඳහන් අනුපස්සනා 4 වන කායානුපස්සනාව, වේදනානුපස්සනාව, චිත්තානුපස්සනාව සහ ධම්මානුපස්සනාව පිළිබඳ නිරවුල් අවබෝධයක් ඇතිකර ගත යුතු ය. එසේම සතිපට්ඨාන භාවනාවේ මුඛ්‍ය පරමාර්ථය වන සෝවාන් ආදී අධිගම සාක්ෂාත් කිරීම සඳහා සියලු අනාගත ප්‍රාර්ථනා අත්හළ යුතු ය. අනාගතයේ බුදු සසුනක නිවන් ප්‍රාර්ථනා කිරීම ඇතුලු සියලු අපේක්‍ෂා මෙයට අයත් වන්නේ ය.",sin,wili-2018,sinhala,sinhala
"The apparatus is assembled as in the diagram. (The diagram represents a batch apparatus, as opposed to a continuous apparatus.) The mixture is put into the round bottomed flask along with a few anti-bumping granules (or a Teflon coated magnetic stirrer bar if using magnetic stirring), and the fractionating column is fitted into the top. As the mixture boils, vapor rises up the column. The vapor condenses on the glass platforms, known as trays, inside the column, and runs back down into the liquid below, refluxing distillate. The column is heated from the bottom. The efficiency in terms of the amount of heating and time required to get fractionation can be improved by insulating the outside of the column in an insulator such as wool, aluminium foil or preferably a vacuum jacket. The hottest tray is at the bottom and the coolest is at the top. At steady state conditions, the vapor and liquid on each tray are at equilibrium. Only the most volatile of the vapors stays in gaseous form all the way to the top. The vapor at the top of the column, then passes into the condenser, which cools it down until it liquefies. The separation is more pure with the addition of more trays (to a practical limitation of heat, flow, etc.) The condensate that was initially very close to the azeotrope composition becomes gradually richer in water. The process continues until all the ethanol boils out of the mixture. This point can be recognized by the sharp rise in temperature shown on the thermometer.",sin,wili-2018,sinhala,sanskrit
"ශිවගේ හිස යනුවෙන් හැඳින්වෙන්නේ වැලිගල් පාෂාණයෙන් නිමවන ලද ශිව දෙවියන්ගේ ප්‍රතිමාවක හිස කොටසකි. මෙම ශිව දේව ප්‍රතිමා හිස ක්‍රි.ව. 10වන සියවසේ වියට්නාමයේ නිර්මාණය වූවකි. මෙම ප්‍රතිමාවේ උස සෙන්ටිමීටර 40ක් පමණ වේ. එහි පළල සෙන්ටිමීටර 21.9 වන අතර, සෙන්ටිමීටර 44.5 පමණ දිගින් යුක්ත වේ. හින්දු ආගමේ ප්‍රධාන දෙවිවරුන් තිදෙනාගෙන් අයෙකු ලෙස ශිව සැලකේ. ශිව, විෂ්ණු සහ බ්‍රහ්ම යන ත්‍රිත්ව දෙවිවරුන් එක්ව ගත් විට ත්‍රිමූර්තිය ලෙස හැඳින්වේ. මෙම දෙවිවරුන් තිදෙනා විශ්වයේ ශ්‍රේෂ්ඨතම දෙවිවරුන් තිදෙනා බවත්, විශ්වයේ නිර්මාතෘවරුන් ලෙසත් හින්දු පුරාණෝක්තිවේදයේ පිළිගැනේ. මෙවන් ආකාරයේ වැලිගලින් නිර්මාණය කරන ලද ශිව ප්‍රතිමා මධ්‍යම සහ දකුණු වියට්නාමයේ චම්ස් රාජධානි යුගයේ හින්දු දේවාලවල සුලබව දක්නට ලැබිණි.",sin,wili-2018,sinhala,sinhala
"Work licensed under a Creative Commons License is governed by applicable copyright law. This allows Creative Commons licenses to be applied to all work falling under copyright, including: books, plays, movies, music, articles, photographs, blogs, and websites. Creative Commons does not recommend the use of Creative Commons licenses for software.",sin,wili-2018,sinhala,sinhala
"ඉත සංඛ්‍යා යනු, එකිනෙකෙහි නියම භාජකයන්ගේ එකතුව අනෙකුත් සංඛ්‍යාවට සමාන වන ලෙසින් සබැඳෙන වෙනස් සංඛ්‍යා දෙකකි. (සංඛ්‍යාවක නියම භාජකය යනු, එම සංඛ්‍යාවෙහි ධන සාධකයන් අතරින්, එම සංඛ්‍යාව හැර අනෙකකි. නිදසුනක් වශයෙන්, 6 හි නියම භාජකයන් වන්නේ 1, 2, සහ 3 වෙති.) ඉත සංඛ්‍යා යුගලයක් විසින්, ආවර්තය 2 වන්නාවූ කතික අනුක්‍රමයක් තනයි. මෙය හා ආශ්‍රිත තවත් සංකල්පයක් වන්නේ පරිපූර්ණ සංඛ්‍යාවක් වන අතර, එයින් අදහස් වන්නේ, ස්වීය නියම භාජකයන්ගේ එකතුවට සමාන වන්නාවූ සංඛ්‍යාවක් වන්නාවූ, එනම් ආවර්තය 1 වන්නාවූ කතික අනුක්‍රමයක් සදන්නාවූ සංඛ්‍යාවක් වෙයි. ආවර්තය 2 ට වඩා වැඩි කතික අනුක්‍රමයන්ගේ සාමාජිකයන් වන සංඛ්‍යා හැඳින්වෙන්නේ ආශ්‍රේය සංඛ්‍යා ලෙසිනි.",sin,wili-2018,sinhala,sinhala
"රූපවාහනි පුවත් වැඩ සටහන් නෂ්පාදනය කරුවා විසින් සකස් ෙකරන අතර කුමක් ඇතුලු කර යුතුද,නැතිද කුමන කාලයක් සදහාද යන්න මෙන්ම,සද්ධි ඉදිරිපත් කල යුතු අනුපලිවෙලද ඔවුන් තිරණය කරයි.",sin,wili-2018,sinhala,sinhala
"එළිසබෙත් ඩැප්ලින් 26, ලන්ඩනයේ යුනිවර්සිටි කොලෙජ්හි පාලකයෙකි. ඇගේ සහකරු රොබ් බ්‍රෙනස් සමග හයිගේට්හි පිහිටි නිවසින් පිටත් වී පිකැඩලි ලයින් දුම්රියේ නැගීමට ගමන් කරමින් සිටියහ.",sin,wili-2018,sinhala,sinhala
මධ්‍යස්ථානයේ අලුත්වැඩියා කටයුතු මුලිකව සිදුකරන්නේ රුසියානු සොයුස් සහ ප්‍රොග්‍රස් අභ්‍යාවකාශ යානා සහ ඇමෙරිකානු අභ්‍යවකාශ ෂටල මඟිනි. 2008 වසරේ මාර්තු 9 වනදා ESA මඟින් ඇ‍රියෙන් 5 සමඟ පළමු ස්වයංක්‍රීය හුවමාරු වාහනය (Automatic transfer Vehicle) වන ජුල්ස් වර්න් ATV වාහනය කිලෝග්‍රෑම් 8000 කට අධික භාණ්ඩ ප්‍රමාණයක් ද සමඟ ISS කරා ගුවන් ගත කෙරුනි. 2008 අප්‍රේල් 3 වනදා එම භාණ්ඩ සාර්ථකව ලබා ගන්නා ලද බව වාර්තා වේ.,sin,wili-2018,sinhala,sinhala
බෙක්ජේ (හෙවත් පෙක්චේ) රාජධානිය තුන් රාජධානි අතුරින් විශිෂ්ටතම කලාවක් පැවති රාජධානිය ලෙස සැලකේ. නිරිතදිග කොරියාවේ පිහිටි රාජධානියක් වූ බෙක්ජේ ලියෑං රාජවංශය වැනි දකුණු චීන රාජවංශවල ආභාසය ලැබී ය. මෙකල ජපානයේ කලාව කෙරෙහි කොරියානු ආභාසය හඳදීමට වැදගත් වූ ප්‍රධාන රාධානිය්ක ලෙස බෙක්ජේ සැලකේ.,sin,wili-2018,sinhala,sinhala
"හැටදාගේ තනවා ඇත්තේ, ගල්, ගඩොල් සහ ලී භාවිතා කර මුත්, ගඩොල් සහ ගල් බිත්ති වල කොටස් පමණක් දැනට ශේෂ ව ඇත.දෙමහල් ව්‍යුවහයක් බවට පෙනෙන්නට ඇතත්, උඩු මහල දැනට විනාශ වී ඇත. සිද්ධස්ථාන ශාලාව තුල, කළුගලින් නෙළු බුදු පිළිම තුනක් තැන්පත් කර ඇත.",sin,wili-2018,sinhala,sinhala
"කෘෂි භෞතික විද්‍යාව, කෘෂි කර්මාන්තයේ ප්‍රධාන ගැටලු විසදීම සදහා අදාල විද්‍යා වල සොයා ගැනීම් උපයෝගි කර ගන්නා අතර පරිසරයේ තත්ත්වය හා ගොවිතැන් ද්‍රව්‍ය වල හා ආහාර නිෂ්පාදන වල තත්ත්වය පිළිබද වැඩි අවධානයක් යොමු කරමින් ද්‍රව්‍ය හා කෘෂි කාර්මික බෝග නිෂ්පාදනය හා සැකසීමේ දි සිදු වන ක්‍රියා වලි පිළිබද අධ්‍යයනය කිරීම සිදු කරයි.",sin,wili-2018,sinhala,sinhala
මෙම ශිව දේවාලයෙහි පැරණි නාමය සහ නිර්මාපකයා අවිනිශ්චිත වේ. කෙසේ නමුදු දැකගත හැකි වාස්තු ලක්ෂණ අනූව මෙම නිර්මාණය 13 වන සියවසේ පමණ ඉදිකරන ලද්දක් සේ සැළකේ.,sin,wili-2018,sinhala,sinhala
ඩී. බී. නිහාල්සිංහයන්ගේ ප්‍රථම වෘත්තාන්ත නිර්මාණය සේම ප්‍රථම සිනමාස්කෝප් වෘත්තාන්ත චිත්‍රපටය. සංදේශය චිත්‍රපටයෙන් ඇරැඹූ වීර කතා සම්ප්‍රදායේ ශක්තිමත් සන්ධිස්ථානයක් ලෙස මෙය විචාරකයන්ගේ අවධානයට ලක්විය.,sin,wili-2018,sinhala,sinhala
"එකල්හි බුදුරජාණන් වහන්සේ ""එසේය උපාසකය, අනුන් විසින් පිළිගන්වන දන් බලාපොරොත්තුවෙන් අපි අනුන්ගේ ගෙවල් වලට වී සිටින්නෙමු. ඒ භික්ෂුව එසේ නොහිඳින්නේය. අපි ග්‍රාමන්ත සේනාසන වල වෙසෙමුය. ඒ භික්ෂුව ආරණ්‍යයෙහිම වෙන්සෙන්නේයැයි"" පවසමින් මහානිසභ තෙරුන් වහන්සේගේ ගුණ අඩුවක් නොවන පරිද්දෙන්ම වර්ණනා කළ සේක.",sin,wili-2018,sinhala,sinhala
"කායානුපස්සනා භාවනා කොටසේ මීළඟට හඳුනාගත යුතු කොටස ‘චතුසම්පජඤ්ඤ’ නම් වෙයි. චතුසම්පජඤ්ඤ යනු අවස්ථා 4 ක් පිළිබඳව ඇති කරගන්නා වූ යෝනිසෝමනසිකාරය වන්නේ ය. එහිදී චතුසම්පජඤ්ඤ භාවනාව යැයි වෙනම කමටහනක් නොමැති අතර ප්‍රධාන කර්මස්ථානය සමගම ප්‍රගුණ වීමට ඉඩහළ යුතු කොටසක් ලෙස මෙය හඳුනාගත යුතුය. මෙහි පළමු කාරණය නම් තමා ප්‍රධාන කර්මස්ථානය ප්‍රගුණ කරන කල්හි කනට ඇසුණා වූ ශබ්දයක් මුල් කොට හෝ සිතට දැණුනා වූ සිතිවිල්ලකට අනුරූපව හෝ කර්මස්ථානයෙන් සිත බැහැරව ගොස් අවට පරිසරය බැලීමට සිතිවිල්ලක් පහළ වන විට යෝගියා විසින් තම සිතෙහි හටගත්තා වූ සිතිවිල්ලට අනුරූප නොගොස් අවට පරිසරය බැලීමේ ඇති වැදගත්කම හා නොවැදගත්කම පිළිබඳව නුවණින් විමසා බැලීම සිදු කිරීමයි. කොටින්ම කියතොත් අවට බැලීමෙන් සිදුවන වැඩ අවැඩ කුමක්ද යන්න විමසීමය. මෙය බුදුරජාණන් වහන්සේ පෙන්වා දෙන්නේ සාර්ථසම්පජඤ්ඤය වශයෙනි. මෙම සාර්ථසම්පජඤ්ඤය දියුණු වූයේ නම් බොහෝ දුරට නොයෙක් අරමුණු ඔස්සේ සිත දුවන ගතිය මඟ හැරී යනු ඇත. මීළඟට සත්පාය සම්පජඤ්ඤය දත යුතු ය. මෙහිදී අදහස් වන්නේ තමා පවත්වාගෙන යනු ලබන කර්මස්ථානයට බාධා වන අන්දමේ තත්ත්වයනට මුහුණ දීමෙන් වැලකී සිටීමය. එනම් භාවනාවට සත්පාය, අසප්පාය කරුණු වන, ජනයා ගැවසෙන ස්ථාන, ස්ත්‍රී පුරුෂ දර්ශනය ආදිය වැනි කරුණු ය. තමා ගමන්ගන්නා හෝ වසන ස්ථානයෙහි මෙකී අසත්පාය කරුණු එකකදු හෝ පවතී නම් එය බැහැර කර සිටීමේ සිහිය මෙයින් අදහස් කෙරේ. එසේම යෝගියා ආහාර අනුභවය කිරීම ආදී අන්‍ය වූ සියලු කාර්ය වල යෙදී සිටියදී පවත්වාගෙන පැමිණි කර්මස්ථානය අත්නොහැර විසීම ගෝචර සම්පජානය දියුණු කිරීම නම් වේ. එමෙන්ම තමා හිදීම, සිටීම, සක්මන් කිරීම සයනය යන මෙම සතර ඉරියව් පැවැත්ම පිළිබඳ සලකා බලන කල්හි මේ සතර ඉරියව්වක්ම සිදු කරන විට නොමුලා සිතින් කිරීම අසම්මෝහ සම්පජඤ්ඤය ප්‍රගුණ කිරීම නම් යැයි දත යුතු ය. මෙහිදී තමා ගමන් කරන විට මම ගමන් කරමියි යන අවිද්‍යා සහගත දෘෂ්ටිය බැහැර කොට මෙය සිදු වන්නේ සිතෙහි හටගත්තා වූ සිතිවිල්ලට අනුරූපව වායෝ ධාතුවෙහි ක්‍රියාකාරීත්වය නිසා බව මෙහිදී යෝගියා තේරුම් ගත යුතු ය.",sin,wili-2018,sinhala,sinhala
"Moreover, the efficiencies of the vapor-liquid contact devices (referred to as plates or trays) used in distillation columns, as seen in Figure 3, are typically lower than that of a theoretical 100% efficient equilibrium stage. Hence, a distillation column needs more plates than the number of theoretical vapor-liquid equilibrium stages.",sin,wili-2018,sinhala,sinhala
"ක්‍රිස්තු වර්ෂ 1711 (MDCCXI) නම් ග්‍රෙගෝරියානු දින දසුනේ, බ්‍රහස්පතින්දා දිනයකින් ඇරඹෙන සාමාන්‍ය අවුරුද්දක් (බැඳිය විසින් මුළු දින දසුන දක්වනු ඇත), පොදු යුගයෙහි (CE) සහ ක්‍රිස්තු වර්ෂ (AD) නාමකරණයන්හී 1711 වන වසර, 2 වන සහශ්‍රවර්ෂය තුල 711 වන වසර, 18 වන සියවස තුල 11 වන වසර, සහ 1710ගණන් දශකයෙහි 2 වන වසර ලෙසිනි. between 1583 and 1929 and with Julian Value: 1711 is 11 calendar days difference, which continued to be used until the complete conversion of the Gregorian calendar was entirely done in 1929.",sin,wili-2018,sinhala,sinhala
"ඉරානයේ භාෂා අධ්‍යයනය ඉස්ලාමය පැමිණීමට පෙර සියවස් ගණනාවක් පසු පසට දිවෙන්නේය. සස්සනිද් අධිරාජ්‍යය පැවති කාලයේ වර්ධනය වුනු අවෙස්තන් ස්වර මාලාවට මුල් වී තිබෙන්නේ පාලවී අක්ෂර මාලාවයි. මෙම ස්වර මාලාව නූතන කාලය දක්වා ස්වර ශාස්ත්‍රානුකූලව අලංකාර අක්ෂර මාලාවක් ලෙස භාවිතයේ පවතී. සොරොස්ත්‍රියන් (Zoroastrian) ක්‍රමය ඒ අවස්ථාව දක්වා වාචිකව පවත්වාගෙන එන ලදි. මෙම පුරාණ පාඨයන් ලේඛණ ගත කිරීම ඒවා ආරක්ෂා වීමට හේතුවක් විය. කෙසේ හෝ ඊටත් කලින් පවා පැරණි පර්සියානු අක්ෂර මාලාවේ සොයා ගැනීමෙන් ඉරාන ජනතාව තර්කානුකූලව, සහ නිර්මාණාත්මකව ඔවුන්ගේ භාෂාව ගැන සිතා තිබෙන බව පෙන්වා දෙයි. මෙම භාෂාවේ අක්ෂර වල හැඩය උකහා ගෙන ඇත්තේ කලින් පැවතුනු අකුරු ක්‍රමයක් උපයෝගී කර ගනිමිනි.",sin,wili-2018,sinhala,sinhala
"ඉරාකයේ සහ ලෙවන්තයේ ඉස්ලාමීය රාජ්‍යය (අයිඑස්අයිඑල්; අරාබි: الدولة الإسلامية في العراق والشام‎), ඉරාකයේ සහ සිරියාවේ ඉස්ලාමීය රාජ්‍යය (අයිඑස්අයිඑස්, /ˈaɪsɪs/) හෝ ඉරාකයේ සහ අෂෙම් හී ඉස්ලාමීය රාජ්‍යය, ඉස්ලාමීය රාජ්‍යය (අයිඑස්), හෝ ඩෑෂ් (داعش, Arabic pronunciation: [ˈdaːʕiʃ] ලෙසින්ද හැඳින්වෙන, ), යනු, සේලෆි ජිහාඩ්වාදී අන්තවාදී සටන්කාමී කණ්ඩායමක් සහ ස්වයං-ප්‍රකාශිත ඉස්ලාමීය රාජ්‍යයක් සහ කලීෆා රාජ්‍යයක් වන අතර, ඉරාකයේ සහ සිරියාවේ සුන්නි අරාබිවරුන් විසින් නායකත්වය සපයන සහ ඔවුන් වෙතින් ප්‍රධාන ලෙසින් සමන්විත වෙයි. 2015 මාර්තු මස වන විට, ඉරාකයේ සහ සිරියාවේ, මිලියන දහයක් වසන භූමි ප්‍රදේශයක පාලනය එය සතුව පැවති අතර, ලිබියාවේ, නයිජීරියාවේ සහ නැගෙනහිර දිග ඇෆ්ගනිස්තානයේ නන්ගරාර් පළාතේ කුඩා ප්‍රදේශ වල නාමික පාලනය සතු විය. දකුණු ආසියාව ඇතුළු ලෝකයේ අනෙකුත් කොටස් තුල මෙම කණ්ඩායම ක්‍රියාත්මක වෙමින් හෝ අනුබද්ධිත සංවිධාන සහිත හෝ වෙති.",sin,wili-2018,sinhala,sinhala
2006 ජුලි මාසයේ දී ESA ගගනගාමී ජර්මානු ජාතික තෝමර් රයිටර් විසින් එක්ස්පඩිෂන් 13 කණ්ඩායමට එක්වූයේ වෙනත් අභ්‍යවකාශ ඒජන්සියකින් පැමිණි ප්‍රථම සාමාජිකයා ලෙස වාර්තා ගත වෙමිනි. මේ වන විට මධ්‍යස්ථානය ගවේෂණ කිරීමට රටවල් 16 ක ගගනගාමීන්ට හැකිවී තිබේ. ප්‍රථම අභ්‍යවකාශ සංචාරයකින් පස් දෙනාගේ ද චාරිකා අන්තය වුයේ ‍‍ ISS ය.,sin,wili-2018,sinhala,sinhala
"කුමාරස්වාමි නන්දගෝපන් (1970 –14 නොවැම්බර් 2008), හෙවත් රඝු, යනු තමිල් මක්කල් විඩුතලයි පුලිකල් පක්ෂයේ (TMVP) හිටපු සභාපතිවරයා සහ සිවනේසතුරෙයි චන්ද්‍රකාන්තන්ගේ උපදේශකවරාය ලෙස කටයුතු කල පුද්ගලයා වේ. දැඩි පිල්ලෙයාන් හිතවාදියෙකු ලෙස සැළකෙන ඔහුව, ටීඑම්වීපී (TMVP)හී සභාපතිවරයා ලෙස පත්කිරීමේ තීරණයට කරුණා විසින් විරෝධය දැක්වූ බවද පැවසෙයි. 2008 නොවැම්බර් 14 වන දිනදී ඔහු සැකකටයුතු එල්ටීටීඊ තුවක්කුකරුවෙකු අතින් කොළඹදී ඝාතනයට ලක් විය.",sin,wili-2018,sinhala,sinhala
"ෂාකූර්ගේ මුල්විය ගෙවුනේ කළුජාතික විමුක්ති සේනාව සමග සම්බන්ධ පුද්ගලයින් අතරේ සහ බරපතල අපරාධ පිළිබඳ දෝෂිත හා බන්ධනාගාරගත වූ පුද්ගලයින් අතරය. ඔහුගේ ඇපකාර පියා, එල්මර් ""ජෙරනිමෝ"" ප්‍රැට්, උසස් නිලයක බ්ලැක් පැන්තරයෙකු වූ අතර, ඔහු 1968දී මංකොල්ලයක් අතරතුර සිදුවූ පාසල් ගුරුවරයෙකු ගේ ඝාතනයකට දෝෂිත පුද්ගලයෙකි, එසේ වුවත් එම දණ්ඩනය පසුකලකදී පරදවන ලදී. ඔහුගේ සුළුපියා, මුටුළු, 1982 වසරේ ආරම්භයේ සිට වසර හතරක් එෆ්බීඅයිහි වඩාත් අවශ්‍යකරන පලායිතයින් අතරට ඇතුළත්ව සිටින ලදී. මුටුළු අවශ්‍යකර තිබුනේ ඔහුගේ සහෝදරිය වන (ජොආන් චෙසිමාර්ඩ් නමින්ද හඳුනන) අස්සාටා ෂාකූර්ට නිව් ජර්සි හි සිරගෙයකින් පැනයාමට උදව් කළේ යන චෝදනාවටය. ඇය සිරගත කර තිබුනේ 1973දී පොලිස් භටයෙකු ඝාතනය කිරීමේ චෝදනාවකටය. මුටුළු 1986දී කොටුවූ අතර, 1981 දී සන්නාහ බ්‍රින්ක්ස් ට්‍රක් රථයක් මංකොල්ලකෑම පිළිබඳ චෝදනාවට සිරගත කරන ලදී. එම මංකොල්ලකෑමේදී පොලිස් නිලධාරීන් දෙදෙනෙකු සහ ආරක්ෂකයෙකු ඝාතනයට ලක්විය. ෂාකූර්ට ඔහුට වසර දෙකක් බාල අර්ධ සහෝදරියක වූ, ස්කෙයිවා, හා වැඩිමහල් සුළු සහෝදරයෙක් ද සිටියේය. ඒ පසුකාලීනව ඔහුගේ සංගීත නිර්මාණ බොහොමයක ද පෙනී සිටි මොප්‍රිම් ""කොමානි"" ෂාකූර්ය.",sin,wili-2018,sinhala,sinhala
"කොරියානු කාව්‍ය ශාස්ත්‍රය තුන් රාජධානි යුගයේ දියුණුව පැවතිණි. කාව්‍ය එකතූන් නිතර නිතර මුද්‍රණය කෙරිණි. ජොසොන් ජාතිකවාදයේ නැගීමත් සමග, කාව්‍ය ශාස්ත්‍රය ශීඝ්‍රයෙන් දියුණු වූ අතර, 18වන සියවසේ දී උච්චස්ථානයට පත් විය. 20වන සියවසේ මුල් භාගයේ සහ මුල්කාලීන ජනරජ යුගයේ සංකල්පරූපවාදී සහ නූතනවාදී කාව්‍ය ක්‍රමවේද හඳුන්වා දීමේ උත්සාහයක් පැවතිණි. දේශාභිමානී කෘති අතිශයින් සාර්ථක විය. 1970 දශකයේ සිට ගායනා කළ හැකි කාව්‍ය රචනය ප්‍රමුඛ විය.",sin,wili-2018,sinhala,sinhala
"අර්ධද්වීපයේ ලෝකඩ යුගයේ ආරම්භය ලෙස සාමාන්‍යයෙන් සැලකෙන්නේ ක්‍රි.පූ. 1000 පමණ ය. නමුත් එය ක්‍රි.පූ. 13 සිට 18 දක්වා වූ සියවස් තෙක් පැතිර පවතින්නට ඇතැයි ඇස්තමේන්තු කෙරේ. කොරියානු ලෝකඩ යුගයේ සංස්කෘතිය ලියාඕනිං සහ මැංචූරියාවෙන් සම්භවය වුව ද, එහි–විශේෂයෙන්ම චාරිත්‍ර මෙවලම් තුළ–ඊටම අනන්‍ය දර්ශවාදයක් සහ ශෛලියක් දක්නට ලැබේ.",sin,wili-2018,sinhala,sinhala
නීතු ජාසින් 37 : යුස්ටන් වලින් ඉවත් වී ඇයගේ සේවා ස්ථානයට යාමට බසයකට නැගුනාය. පරිගණක විශ්ලේශකවරියක් ලෙස සේවය කළාය. ජාසින් මෙනෙවිය. සැලසුම් කරමින් සිටියේ ඇයගේ පෙම්වතා ගවුස් අලි නව ස්ථානයක පදිංචියට යාමටයි.,sin,wili-2018,sinhala,sinhala
"න්‍යායාත්මකව, අධිරාජයාගේ බලය සීමා රහිත විය. නමුත් හන් රාජවංශ යුගයේ පවා, ඔහු විධායක බලය සිවිල් නිලධාරීන් සමග බෙදාගෙන ඇති අතර, සාමාන්‍යයෙන් සිය තීරණ සඳහා පාදක කරගත්තේ සිය අමාත්‍යවරුන්ගේ උපදෙස් සහ නිල එකඟත්වයන් ය. සොං රාජවංශ සමයේ, ජාතික විභාග ක්‍රමය (සිවිල් සේවා විභාගය) මගින් නිර්ණය කළ විද්වත්-නිලධාරීන් සිය නිලධාරී මණ්ඩලයට පත් කරගැනිණි. මාලිග විභාගයෙන් (අධිරාජ්‍යයේ ඉහළම මට්ටමේ විභාගය) සමත්වූවන් ඍජුවම අධිරාජයා විසින් ඉහළම මධ්‍යම රජයේ පදවිවලට පත්කරන ලදී. සාමාන්‍ය වැසියන් සේම, මෙම ජ්‍යෙෂ්ඨ නිලධාරීනට ද අධිරජුගේ නියෝගයන්ට අවනත වීමට සිදුවූ අතර, නැතහොත් දඬුවම් පැමිනවිණි. කෙසේනමුත්, ජ්‍යෙෂ්ඨ නිලධාරීන් අධිරාජයාගේ ප්‍රතිපත්තිවලට අභියෝග කොට ඔහුට බාධා පැමිණවූයේ සිය විද්වත් වංශාධිපති පන්තියේ කොන්ෆියුසියානු අගයයන් පිළිබඳ සිහි ගන්වමිනි.",sin,wili-2018,sinhala,sinhala
"සාම්ප්‍රදායිකව ගත් කල පුරුෂයන්ට වඩා ,හුදකලා වූ කාන්තාවන්ට වඩාත්”පුරුෂමය “වැඩසටහන් පර්භෝජනය කිරීමේ සමාන අවස්ථා ලැබෙන අතරතුර බොහෝ රූපවාහිනී වැඩසටහන් වල පවතින භාවාත්මක උත්තේජන ස්වභාවය පුරුෂයන් තුල පවතින ස්ත්‍රී පාර්ෂවයන්ටම බලපෑම් ඇති කළේය. රූපවාහිනියට කාන්තා ව්‍යාපාරයේ ප්‍රධාන ස්ථානයක් හිමි විය. රූපවාහිනිය පෙන්වන පෙන්වන බොහෝ කාන්තාවන් , බොහෝ පුද්ගලයන් තුල පවතික පොදු ඒකාකාරී මතයට අනුකූලවුවත් රූපවාහිනිය මිනිසුන්ගේ ජීවිත මෙන්ම ප්‍රවෘත්ති සහ කාලීන සිදුවීම්ද ඉදිරිපත් කළේය. රූපවාහිනිය ඔස්සේ පෙන්වූ මෙම ‘අනෙකුත් ජීවිත’වලට කාන්තාවන් ගේ පවතින සම්බන්ධ සමාජකරණය පිළිබඳ තෘප්තිමත් නොවූණි. මෙය සමාජය තුල කාන්තාවන්ගේ භූමිකාව පිළබඳ බෙහෝ කතිකාවන් සහ තර්ක විතර්ක මතු කළේය. රූපවාහිනිය වාණිජමය වශයෙන් භාවිතයට පැමිණි 1930 අග භාගයේ සිටම රූපවාහිනී තිරය මත කාන්තා හා පුරුෂ නියෝජනය සමාජය තුල සාකච්ඡාවට තුඩුදුන් මාතෘකාවක් විය. 1964 දී බෙටී ෆ්‍රීඩන් විසින් “- ඇමරිකානු කාන්තාව ,සිය දුක්ඛදායක, මෝඩ ,කම්මැලි දිවා කාලය ආදරය පිළිබඳ සිහින දකිමින් සහ සිය ස්වාමිපුරුෂයන් පිළිගැනීමට යටිකූට්ටු සැලසුම් හදමින් ගතකරන මෝඩ අසුන්දර අස්ථිර කුඩා ගෘහ සේවිකාවක් ලෙස ඉදිරිපත් කර ඇත.” යනුවෙන් ප්‍රකාශ කර ඇත. 1960 සහ 1970 වකවානුවල කාන්තාවන් විසින් සාමාජයේ සම තත්වය ලබා ගැනීම සඳහා කළ විප්ලව සහ විරෝධතා වලදී ඔවුන් විසින් ආමන්ත්‍රනය කරනු ලැබුවබූ එක් කාන්තාවක් වන්නේ රූපවාහිනිය තුල ඔවුන්ගේ නිරූපනයයි. මාධ්‍යවේදී 1980 වකවානුවේ ජාලගත රූපවාහිනියේ භාවිතය සහ වැඩසටහන් කරණය පෙර පැවති කාන්තාව පිළිබඳ සමාජයේ වූ පොදු ඒකාකාරී මතය වෙත නැවත කැඳවාගෙන යාමේ ප්‍රයත්නයක් ලෙස ප්‍රකාශ කළේය. රූපවාහිනිය ඔස්සේ නිවසටම සීමා වූ කාන්තාවකට වුවද ක්‍රීඩා, යුද්ධය,ව්‍යාපාර, වෛද්‍ය, නීති සහ දේශපාලන යන කාලයක් තිස්සේ මූලික වශයෙන් පිරිමින්ට සීමා වූ ‍ෙලස සැලකූ අපේ සංස්කෘතියේ කොටස් අත්දැකීමෙන් දැනගැනීමේ හැකියාව ලැබී ඇත. රූපවාහිනිය සතු සහජ මිත්‍රශීලීභාවය සුපුරුදු පරිදි අලංකාරවත් ලෙස සැරසුණු මිනිසුන්ව ඔවුන්ගේ බාහිර ස්වරූපය සහ අලංකාරය යන කාරණාවලින්ද වින්ශ්චයට ලක් කරන, සමාජයේ ඇති පොදු රංග භූමි කිහිපයෙන් එකක් බවට එය පත් කරයි.",sin,wili-2018,sinhala,sinhala
"හැටදාගේ යනු, ශ්‍රී ලංකාවේ, පොළොන්නරුව නගරයෙහි පිහිටා ඇති පෞරාණික ගොඩනැගිල්ලකි. මෙය අතීතයේ දළදා මාලිගාව ලෙස යොදාගෙන ඇත. එය තනවා ඇත්තේ නිශ්ශංක මල්ල රජ විසිනි.",sin,wili-2018,sinhala,sinhala
"ජර්මනියේ ජයග්‍රහණය සනිටුහන් කළේ ෆීෆා ලෝක කුසලාන අර්ධ-අවසාන තරගයකදී වැඩිම සීමාන්තිකයකින් ලත් ජයග්‍රහණයයි. මෙම තරගය අවසානයේදී, ලෝක කුසලාන ඉතිහාසයේ වැඩිම ගෝල ප්‍රමාණයක් රැස් කිරීම ජර්මනිය විසින් මුදුන්පත් කර ගත්තේ, ඔවුන්ගේ ගෝල් සංඛ්‍යාව වූ 223, බ්‍රසීලයේ 221 අභිබවා යෑම නිසාය.",sin,wili-2018,sinhala,sinhala
"පවත්නාවූ 1-2+3-4+...හි (c,1) සෙසාරෝ ඓක්‍යය පෙන්වීම සඳහා, ශ්‍රේණියේ ඓක්‍යයන්හි මධ්‍යයනය ගණනය කිරීම අවශ්‍ය වේ. ආංශික ඓක්‍යයන් වනුයේ: 1,-1,2,-2,3,-3,....... හා මධ්‍යයන වනුයේ: 1, 0, 2/3, 0, 3/5, 0, 4/7,..... මෙම මධ්‍යයන අනුක්‍රමය අභිසාරී නොවේ. එබැවින් 1-2+3-4+...... සෙසාරෝ සමාකල්‍ය නොවේ. සෙසාරෝ සමාකලනය සඳහා පිළිගත් ව්‍යාප්තිකරණ දෙකකි. වඩා සරල වනුයේ, n ප්‍රකෘති සංඛ්‍යා සඳහා වන (H, n) අනුක්‍රමයයි. (H, n) ඓක්‍යය සෙසාරෝ සමාකල්‍ය වන අතර අනෙක් සංකීර්ණ ක්‍රම මධ්‍යයනය ගණනය කරයි. ඉහත ක්‍රමයේ, ඉරට්ටේ සංඛ්‍යාවල මධ්‍යයනය 1/2 වන අතර ඔත්තේ සංඛ්‍යාවල මධ්‍යයනය 0ට සමාන වේ. එබැවින් මධ්‍යයනයන්හි මධ්‍යයනය 0 හා 1/2 හි සාමාන්‍යය වෙත අභිසාරී වේ. එනම් 1-2+3-4+..., 1/4 ට (H, n) සමාකල්‍ය වේ. H මඟින් “ඔටෝ හෝල්ඩර්” සංකේතවත් වේ. ඔහු 1882 දී පළමු වරට අබෙල් සමාකලනය හා (H,n ) සමාකලනයේ සම්බන්ධය පෙන්වා දෙන ලදී. 1-2+3-4+...ඔහුගේ ප්‍රථම උදාහරණයයි. 1/4 යනු 1-2+3-4+...හි (H, 2) සමාකලනය වීම, එය අබෙල් සමාකලනය බව තහවුරු කරයි. මෙය පහත සාධනය කර ඇත. අනෙක් පිළිගත් සෙසාරෝ සමාකලනයෙහි ව්‍යාප්තිකරණය වනුයේ (C,n ) අනුක්‍රමයයි. (C,n ) සමාකලනයේ හා (H,n ) සමාකලනයේ අගය සමාන බව ඔප්පු කර ඇති නමුදු ඓතිහාසික පදනම වෙනස් වේ. 1887 දී සෙසාරෝ (C, n) සමාකලනයේ නිර්වචනය දැක්වීමට සමත් වුවද ඔහුට ඉදිරිපත් කළ හැකි වූයේ සුළු උදාහරණ ප්‍රමාණයකි. 1-2+3-4+... හි ඓක්‍යය 1/4 ලෙස ඔහු (C, n) වැනි ක්‍රමයකින් ගණනය කළද එය නිවැරදි ලෙස සාධනය කිරීමට ඔහු අසමත් විය. ඔහු 1890දී (C,n ) ක්‍රම නිර්වචනය කරමින් ඔහුගේ නියමය ඉදිරිපත් කළේය. එනම් (C, n) සමාකල්‍ය ශ්‍රේණියක හා (C,m ) සමාකල්‍ය ශ්‍රේණියක කෞචි ගුණිතය (C, m+n+1) සමාකල්‍ය වන බවයි.",sin,wili-2018,sinhala,sinhala
"Pandav, Bivash 1993 A preliminary survey of the water monitor (Varanus salvator) in Bhitarkanika Wildlife Sanctuary, Orissa Hamadryad 18: 49-51",sin,wili-2018,sinhala,sinhala
"මහා පරිමාණ කාර්මික towers use ප්‍රතිවාහී to achieve a more complete separation of products. Reflux refers to the portion of the condensed overhead liquid product from a distillation or fractionation tower that is returned to the upper part of the tower as shown in the schematic diagram of a typical, large-scale industrial distillation tower. Inside the tower, the reflux liquid flowing downwards provides the cooling needed to condense the vapors flowing upwards, thereby increasing the effectiveness of the distillation tower. The more reflux is provided for a given number of theoretical plates, the better the tower's separation of lower boiling materials from higher boiling materials. Alternatively, the more reflux provided for a given desired separation, the fewer theoretical plates are required.",sin,wili-2018,sinhala,sinhala
රාමානුජන් ඔහුගේ කෙටි ජීවිත කාලය තුළ විවිධ ප්‍රතිඵලයන් 3900කට අධික සංඛ්‍යාවක් ප්‍රකාශයට පත් කළේය. (මේවා බොහෝමයක් සර්වසාම්‍යයන් සහ සමීකරණ විය) මේවා අතරින් සුළු සංඛ්‍යාවක් සාවද්‍ය බවත් තවත් සමහරක් ඉන් පෙර සොයාගන්නා ලද කරුණු බවත් ඔප්පු වී තිබෙන නමුදු ඔහුගේ සොයාගැනීම්වලින් බොහොමයක් සත්‍ය හා නිවැරදි බව මේ වන විට පිළිගෙන තිබේ. රාමානුජන් ප්‍රථමක හා රාමානුජන් තීටා ශ්‍රිතය ආදිය කලින් රාමානුජන්ගේ ස්වීය හා අසාමාන්‍ය චින්තන ක්‍රමය පැහැදිලි වන අතර ඉහත ආකාර සොයාගැනීම් විශාල පරාසයේ බව පරීක්ෂණවලට මග පාදා තිබේ. කෙසේ නම් ඔහුගේ ප්‍රධාන සොයාගැනීම් කිහිපයක්ම ගණනයේ ප්‍රධාන ප්‍රවාහයන්ට එක්වීම සිදු වූයේ ඉතා සෙමිනි. වර්තමානයේදී රාමානුජන්ගේ අදහස් හා ක්‍රියාකාරීත්ව මත පදනම්ව සිදු කරන සියලු ආකාර පරීක්ෂණවල විස්තර හා ප්‍රතිඵල ප්‍රකාශනය කිරීම සඳහා වර්තමාන “රාමානුජන් ජර්නලය” නම් අන්තර්ජාතික ප්‍රකාශනයක් පළ කෙරේ.,sin,wili-2018,sinhala,sinhala
"1993 දී සිදුවූ ඔහුගේ වැඩිමහළු සහෝදරයාගේ මරණයේ සිට 2013 දී ඔහුගේ කිරුළ අත්හැරීම වන තුරු, දෙවන ඇල්බට් රජ (උපත 6 ජූනි 1934) බෙල්ජියානුවන්ගේ රජ වශයෙන් රාජ්‍යය පාලනය කළේය. ඔහු, ""බෙල්ජියම්"" රාජ වංශයේ සාමාජිකයෙකි; පූර්වයේ මෙම රාජ වංශය හැඳින්වුනේ සැක්ස්-කෝබර්ග්- ගෝතා ලෙසිනි. ඔහු, ලක්සම්බර්ග්හී දැනට රාජ්‍යය කරන මහා ආදිපාද, හෙන්රිගේ මාමා වෙයි.",sin,wili-2018,sinhala,sinhala
යම් ප්‍රදේශයක් ක්‍රියාත්මක වීමේ දී ජලය ආංශික මාර්ග හරහා පැමිණ ජල විදිනවල හිස් අසලින් අවසන් වේ. බොහොමයක් විදිනවල පතුලෙහි පොට සහිත ඇතුළත් කිරීම් ඇති අතර එමඟින් එයට නලයක් සම්බන්ධ කිරීමට ඉඩ ලබා දෙයි. ජල විදින සාමාන්‍යයෙන් ස්ථාපනය කර ඇත්තේ ඒවායේ හිස භූමි මට්ටමේ පවතින ලෙසය. ජලය පීඩනය භාජනය කළ විට එම හිස් භූමිය ඉවතට මතු වී වෑල්ව වැසී ජලය ගැලීම නවතින තෙක් අදාල ප්‍රදේශයට ජලය විදීම සිදු වේ. ආංශික මාර්ගයේ තවදුරටත් ජල පීඩනය නොපවතින විට ජල විදින හිස නැවත භූමිය තුළට කිඳා බසිනු ඇත.,sin,wili-2018,sinhala,sinhala
"ඉත සංඛ්‍යාවන්ගේ කුඩාම යුගලය වන්නේ (220, 284) වෙයි. ඒවා ඉත වන්නේ, 220 සංඛ්‍යාවෙහි නියම භාජකයන් 1, 2, 4, 5, 10, 11, 20, 22, 44, 55 සහ 110 වන අතර, ඒවායේ එකතුව 284 වන අතරතුර, 284 සංඛ්‍යාවෙහි නියම භාජකයන් 1, 2, 4, 71 සහ 142 වෙමින්, ඒවායේ එකතුව 220 වන නිසාය.",sin,wili-2018,sinhala,sinhala
ශ්‍රී ලංකාවේ පිහිටීම දෙස බලන විට අකුණු ඇතිවීම අන්තර් මෝසම් කාල සීමාවලදී බෙහෙවින් සිදුවන බව පෙනේ. සෑම වසරකම මාර්තු මස සිට මැයි මුල් සති දෙක දක්වා වු කාල සීමාව ප්‍රථම අන්තර් මෝසම් කාල සීමාව යනුවෙන් හැඳින්වේ. දෙවන අන්තර් මෝසම් කාල සීමාවට ඔක්තෝම්බර් දෙවන සතියේ සිට දෙසැම්බර් දෙවන සතිය දක්වා වු කාල සිමාව අයත් වෙයි. ශ්‍රී ලංකාවේ අකුණු ඇති කරවන කැටි වලාකුළු වැඩි වශයෙන් වර්ධනය වන්නේ මේ අන්තර් මෝසම් කාලසීමාවලදීය. තත්ත්වය එසේ වුවත් වසර පුරා හට ගන්නා විවිධ කාලගුණික තත්ත්වය යටතේ අකුණු අනතුරු ඇතිවිය හැකි බැවින් ඒ පිළිබඳ වඩාත් අවදියෙන් සිටිය යුතුය.,sin,wili-2018,sinhala,sinhala
"ක්වින් රාජවංශයේ (ක්‍රි.පූ. 221–206) සිට ක්විං රාජවංශය (1644–1912) දක්වා රාජ්‍යයේ පාලන ප්‍රධානියා හැඳින්වුණේ හුවාංඩි හෙවත් අධිරාජයා යන නාමයෙනි. චීන ඓතිහාසික ග්‍රන්ථවල, සොං රාජවංශයේ මෙන්ම ටෑං සහ යුවාන් රාජවංශවල අධිරාජවරුන් ද සඳහන් කොට ඇත්තේ ඔවුන්ගේ විහාර නාමයන්ගෙනි. ටෑං රාජවංශයට (618–907) පෙර අධිරාජවරුන් සාමාන්‍යයෙන් ඓතිහාසික ග්‍රන්ථවල සඳහන් කරන ලද්දේ ඔවුන්ගේ මරණාපර නාමයන්ගෙනි. මිං (1368–1644) සහ ක්විං රාජවංශවල දී, අධිරාජවරුන් ඉතිහාස ග්‍රන්ථවල සඳහන් කරන ලද්දේ ඔවුන්ගේ තනි යුග නාමයෙනි. නමුත් සොං ඇතුළු පෙර රාජවංශවල අධිරාජවරුන්ට බහුවිධ යුග නාම පැවතී ඇත. මරණාපර නාමයෙහි භාවිතා වූ ලිඛිත අක්ෂර සංඛ්‍යාව හන් රාජවංශ (ක්‍රි.පූ. 202 – ක්‍රි.ව. 220) සමයේ සිට ශීඝ්‍රයෙන් වර්ධනය විය. මේ නිසා රාජ්‍යේශයන් සඳහන් කිරීමේ දී එම නම් භාවිතා කිරීම අපහසු වූයේ දීර්ඝ වැඩි නිසායි. උදාහරණයක් ලෙස, ක්විං රාජවංශය පිහිටුවීමට මූලික වූ මැංචු රාජ්‍යයේ ආදිකර්තෘ නුර්හාකිගේ (රාජ්‍ය. 1616–1626) මරණාපර නාමය සැලකීමේ දී , එය ලිඛිත අක්ෂර 29කින් සමන්විත විය. ටෑං රාජවංශය වන විට, අධිරාජයා සඳහන් කිරීමේ දී වඩා කෙටි විහාර නාමයන් භාවිතය ජනප්‍රිය වූ අතර, මෙම සම්ප්‍රදායම සොං රාජවංශයේ ද භාවිතා කෙරිණි. සෑම අධිරාජයකුටම සොහොන්ගැබ් නාමයක් (陵號; ලිංහාඕ) සහ වෙනත් ගෞරව නාම ගණනාවක් පැවතී ඇත.",sin,wili-2018,sinhala,sinhala
"අංශු පද්ධති යන වදන යෙදෙන්නේ සාමාන්‍යයෙන් විදැහුම් තාක්ෂණික ක්‍රම මගින් නිෂ්පාදනයට ඉතා අපහසු යම් යම් වියවුල් සහිත සංසිද්ධි අනුකරණය සඳහා වූ පරිගණක ග්‍රැෆ්‍රික් තාක්ෂණික ක්‍රමයක් හැඳින්වීමට අංශු පද්ධති මගින් බහුලව අනුකරණය කරන සංසිද්ධි අතරට ගින්න , පිපිරිලි, දුම්, ජලය ගලායාම , පුළිඟු , වැටෙන කොළ ,වළාකුළු, මී දුම , හිම , දූවිලි, කෙස්, මල , තණකොළ හා වැනෙන වලිග, මැජික් මන්ත්‍ර වැනි දෘෂ්‍ය ආචරණ ඇතුළත්ය.",sin,wili-2018,sinhala,sinhala
"Fractional distillation is also used in air separation, producing liquid oxygen, liquid nitrogen, and highly concentrated argon. Distillation of chlorosilanes also enable the production of high-purity silicon for use as a semiconductor.",sin,wili-2018,sinhala,sinhala
"ගෞතම බුදුරජාණන් වහන්සේ පිරිණිවන් පා වදාළ විට එහි සිට සුභද්‍ර"" නම් භික්ෂුවක් ""ඇවැත්නි; සෝක නොකරව්, නොවැලපෙව් ඵ් මහා ශ්‍රමණයාගෙන් අපි හොඳින් මිදුනෙමු. මේ තොපට කැපය. මේ අකැපයැයි ඹහුගේ නීති පැනවීමෙන් අපි පීඩා වින්දෙමු. දැන් අපි යමක් කැමති නම් ඵය කරන්නෙමු. යමක් අකමැතිනම් ඵය නොකරන්නෙමු."" කියනු අසා මතු යම් දිනෙක බුදුන් වදාළ ධර්මයට සිදු විය හැකි හානිය දැක එය වළක්වානු ලස් ධර්ම සංගායනාවක් පැවැත්වීමට මූලිකත්වය ගත්හ.",sin,wili-2018,sinhala,sinhala
"ක්‍රි.පූ. 109දී, හන්හි වූ අධිරාජයා ලියාඕ ගංගාව අවට ප්‍රදේශය යටත් කරගත්තේ ය. ක්‍රි.පූ. 109දී අරගලයක් පැනනගින්නට වූයේ, විමන්ගේ මුණුපුරා වූ උගෝ රජු (우거왕, හන්ජා: 右渠王 ) විසින් ජින්හි තානාපතීන්ට සිය භූමිය ඔස්සේ චීනය වෙත ළඟා වීමට අවසර දීම ප්‍රතික්ෂේප කිරීමත් සමගයි.උගෝ රජු සමග මෙම ගමනෙහි අයිතිය පිළිබඳ සාකච්ඡා කිරීමට වෙයි අධිරාජයා ෂේ හේ (涉何) නැමැති තානාපතිවරයා වංගොම්-සොං වෙත පිටත් කරහැරිය ද, එය ප්‍රතික්ෂේප කළ උගෝ රජු සිය සෙන්පතියකු ලවා ෂේව නැවත හන් අධිරාජ්‍යය වෙත පිටත් කළේ ය. නමුත් ඔවුන් හන් ‍දේශසීමාව වෙත ළඟාවත්ම ‍සෙන්පතියාව ඝාතන කළ ෂේ වූ අධිරාජයාට පැවසූයේ තමන් සටනකින් ජොසොන් රාජ්‍යය පරාජය කළ බවයි. ඔහුගේ රැවටිල්ල ගැන නොදත් වූ අධිරාජයා ඔහුව ලියාඕදොං ආඥාභූමියේ සෙන්පතියා ලෙස පත්කළේ ය. මින් කෝපයට පත් උගෝ රජු ලියාඕදොංහි ආක්‍රමණයක් මෙහෙයවා ෂේ හේව මරාදැමී ය.",sin,wili-2018,sinhala,sinhala
"ඇඩ්රියන් ජොන්සන් 37, දරුවන් දෙදෙනෙකු සිටින දක්ෂ ගොල්ෆ් සහ හොකි ක්‍රීඩකයෙකි. හේමාර්කටි හි බර්බෙරිමෝස්තර ආයතනයක සේවය සඳහා යමින් සිටියාය. ඔහු එහි නිෂ්පාදන තාක්ෂණ කළමණාකරුවෙකි.",sin,wili-2018,sinhala,sinhala
"එකල්හි රජතුමා, ""දේවියනි, අපි කා හට නම් දන් දෙමුද ? මේ නුවර සිල්වතුන් නම් නැතැයි"" කීහ. එවිට බිසව ""දේවයන් වහන්ස, මේ දඹදිව රහතන් වහන්සේලාගෙන් නම් හිස් වන්නේ නැත. නුඹ වහන්සේ දන් පිළියෙල කරනු මැනවි. මම රහතන් වහන්සේල සොයා දෙමි"" යි කීය.",sin,wili-2018,sinhala,sinhala
"ඒවා නම්, මුළු රෝගී කාලය තුළ බටහිර හෝ ආයුර්වේද ප‍්‍රතිකාර ක‍්‍රමවල පිහිට පැතීම, රෝගී කාලය තුළ අධිස්වාභාවික බලවේග හා සම්බන්ධ වත්පිළිවෙත්වල පිහිට පැතීම, පළමුව අධිස්වාභාවික බලවේගවල පිහිට පතා දෙවනුව ආනුභවික ප‍්‍රතිකාර වල පිහිට පැතීම, මුලින් බටහිර වෛද්‍ය ක‍්‍රමය කෙරෙහි යොමු වී පසුව ආයුර්වේද වෛද්‍ය ක‍්‍රමයට මාරුවීම, මුලින් ආයුර්වේද ක‍්‍රමයේ පිහිට පතා පසුව බටහිර වෛද්‍ය ක‍්‍රමයට මාරුවීම හා එකවර බහුවිධ මූලයන්ගේ පිහිට පැතීම යනාදී වශයෙනි ( ලියනගේ, 2000: 10).",sin,wili-2018,sinhala,sinhala
"2015 නොවැම්බර්/දෙසැම්බර් සහ 2016 මාර්තු මාසයන් තුලදී, නවසීලන්ත රජය මගින් නවසීලන්ත ධජය පිළිබඳ ජනමතවිචාරණ දෙකක් පැවැත්විණි. පළමු ජනමතවිචාරණය වෙතින් අභිරුචිකර විකල්ප ධජය තෝරාගන්නා ලද අතර, දෙවන ජනමතවිචාරණය වෙතින් එය නවසීලන්තය විසින් අපත්‍යිකරණය කල යුතු දැයි නිශ්චය කෙරිණි. පළමු ඡන්දය පැවැතියේ 2015 නොවැම්බර් 20 සහ දෙසැම්බර් 11 අතරතුර වන අතර, ""නවසීලන්ත ධජය වෙනස් වන්නේ නම්, ඔබට අභිරුචි වන්නේ මෙහි කුමන ධජයද?"" යන පැනය විමසන ලදි. ප්‍රතිඵල පරිදී, කයිල් ලොක්වුඩ් විසින් නිර්මිත කළු, සුදු සහ නිල් රජත මීවන ධජය දෙවන ජනමතවිචාරණයට සුදුසුකම් ලැබූ අතර, 2016 මාර්තු 3 දින සිට 24 වන දින දක්වා පැවැති එහිදී ඡන්දදායකයන් වෙතින් ඉල්ලා සිටියේ, දැනට පවතින නවසීලන්ත ධජය සහ පළමු ජනමතවිචාරණයෙහිදී තොරාගනු ලැබුණු අභිරුචිකර විකල්ප සැලසුම අතර තම තේරීම ප්‍රකාශ කරන ලෙසයි. මහජනයා විසින් මෙම ක්‍රියාවලිය පිළිබඳ විවේචනාත්මක ආකල්පයක් දැරූ අතර විශාල උද්‍යෝගයක් නොදැක්වූහ.",sin,wili-2018,sinhala,sinhala
පසුව එතුමිය පොළොන්නරුවට රැගෙනගොස් එහි ජීවත් විමට සැලැස්සු අතර එතුමියගේ මරණින් පසු එතුමියගේ දේහය ගෞරව සහිතව පොළොන්නරුව මීවත්පුර ගම්මානයේ විශාල ගල් පර්වතයක් මත තිබූ ගල් ගුහාවක තැන්පත් කල බව ජනප්‍රවාදයේ සඳහන්ය.,sin,wili-2018,sinhala,sinhala
"• සිබවයිස් නම් පළමු අරාබි ව්‍යාකරන පොත් වලින් එකක් ලියූ තැනැත්තා. • අවිසෙන්නා - අබු අලි අල් - උසයින් ඉබ්න් අබ්ද් අල්ලාහ් ඉබන් සිනා - (ක්‍රි.ව. 980) නමැත්තා ඉස්ලාමයේ ස්වර්ණමය යුගයේ දාර්ශනිකයින්ගෙන් කෙනෙකි. එමෙන්ම තාරකා විද්‍යාව, දර්ශනය, තර්ක ශාස්ත්‍රය සහ තාක්ෂණය වැනි විෂයයන්ට දායකත්වය සැපයූ අයෙකි. එමෙන්ම නව වචන එකතු කරමින් පර්සියානු භාෂාවේ වර්ධනයටද දායක විය. • අසාද් ලෙසි - පර්සියන් භාෂවේ ප්‍රමිතියක් ඇති කිරීමට ඔහුගේ ශබ්ද කෝෂය ඉවහල් විය.",sin,wili-2018,sinhala,sinhala
"යුධ ටැංකි මගින් ප්‍රහාර එල්ල කිරිමේදි සමාන තරම් කාලතුවක්කු හමුදාවක් අවශ්‍ය ‍නොවේ. 1917 cambrai සටන් දි එක් කාලතුවක්කු ප්‍රහාරයක හෝ මුළු ඉදිරි ආක්‍රමණයේ බාවිතයේදි අත්හරින ලදි. නවින වෙඩි තැබිමේ පාලන ක්‍රම මගින් පාබල හමුදාව, කාලතුවක්කු ප්‍රහාර වල සහාය ඍජුව ලබා ගැනිම අඩු කළ අතර එම බාගය හදුනාගත් සතුරැ ස්ථාන ඉලක්ක කිරිමේදි යොදා ගැනිමට ද අවම කෙරිනි.",sin,wili-2018,sinhala,sinhala
ආරම්භයේ සිට ISS ව්‍යාපෘතිය අවසන් වීමට නියමිත 2017 වර්ෂය දක්වා මේ සඳහා වැය වන මුදල ඩොලර් මිලියන 157 ක් වන අතර මානව වර්ගයා විසින් මෙතෙක් ගොඩ නගා ගෙන ඇති මිල අධිකම වස්තුව ISS වේ.,sin,wili-2018,sinhala,sinhala
"අනෙකුත් ද්‍රාවය ෆ්ලෝරයිඩ ලෙසම, සීසියම් ෆ්ලෝරයිඩ් යනු මධයම ලෙස විෂසහිත සංඝටකයකි. , එමනිසා අම්ල සමග මිශ්‍රකිරීම සිදුනොකල යුතුය. එයට හේතුවනුයේ එමගින් ඉතා විශසහිත හයිඩ්‍රෝෆ්ලෝරික් අම්ලය නිපදවීමයි. සීසියම් ධනායන (Cs+) හෝ සීසියම් ක්ලෝරයිඩ් සාමාන්‍යයෙන් විශසහිත ලෙස නොපිලිගැනේ.",sin,wili-2018,sinhala,sinhala
"ලොකු ඇතිලියක් ලිප තබා වේලෙන්න ටිකක් තියන්න. හොඳින් තෙත ගියාම එළඟිතෙල් ටික වත් කරලා දිය වෙන්නට තියන්න. ගිතෙල් දිය වුණාම ඒකට එළ කිරි සහ මී පැණි එක් කරන්න. ගිතෙල් කිරි එක්ක කලවම් වෙන්න හොරයි. ඒත් හැඳිගාන කොට පුංචි බිඳිති වලට කැඩිලා කලවම් වෙනවා. අන්න ඒ වෙලාවට සීනි ටික දාලා දිය කරන්න. නොනවත්වාම හැඳි ගාන්න ඕනා. සීනි දිය වුණාම පිටි ටික පොඩ්ඩ පොඩ්ඩ එකතු කරන්න. ඒ ගමන් හැඳි ගාමින් රත් කරන්න. හැබැයි මද ගින්නේ. මද ගින්න කියන්නේ ලිපේ දැල්ල නගින්න බැහැ. හනසු, පොල්ලෙලි, දර වගේ දේවල් තමයි මේ වැඩේට සුදුසු. මෙහෙම උයා ගන්න ඕනා තෙත ගතිය අයින් වෙලා යනකම්. ඊට පස්සේ ලිපෙන් බාලා නිවෙන්න තියන්න. නිවුනාම කට ලොකු බෝතලයක හෝ පිඟන් මැටි බඳුනක සුළං නොවදින විදියට අහුරා තබන්න. හැමදාම උදේට ග්‍රෑම් 60 ක් විතර ආහාරයට ගන්න. සතියක් පමණ යන විට ඇඟ මැලි ගතිය පහවෙලා යනවා. වැඩ කරන්න නිරායාසයෙන්ම ඉදිරිපත් වෙනවා. අමතක වෙන ගතිය මග ඇරෙනවා. ශරීරය පාට වැටිලා පුෂ්ටිමත් වෙනවා. බර වැඩිවෙනවා කියලා තේරෙනවා නම් ලේ දන් දෙන්න. එතකොට පාලනය වෙනවා.",sin,wili-2018,sinhala,sinhala
"ශ්‍රී ධර්මේන්ද්‍රාරාම පුරාණ රජ මහා විහාරය (හෝ මායාදුන්න පන්සල) යනු ශ්‍රී ලංකාවේ නැගෙනහිර පළාතේ මායාදුන්න පිහිටි පුරාණ බෞද්ධ විහාරස්ථානයක් වේ. ගොනාගොල්ල ග්‍රාමයට අයත් වන විහාරය අම්පාර – මහඔය ප්‍රධාන මාර්ගයෙහි උහන නගරයේ සිට කිලෝමීටර 10ක් පමණ දුරින් පිහිටයි. ශ්‍රී ලංකාවේ පුරාවිද්‍යා ආරක්‍ෂිත ස්මාරකයක් ලෙස වර්තමානයේදී විහාරය, රජය විසින් නම් කොට තිබෙන අතර නාමකරණය 2014 වර්ෂයේ ඔක්තෝම්බර් 10වන දිනදී රජයේ ගැසට් අංක 1884 යටතේ සිදුකොට තිබේ.",sin,wili-2018,sinhala,sinhala
"ක්‍රි.පූ. 2000 සහ ක්‍රි.පූ. 300 අතර කාලයේ ලෝකඩ භාණ්ඩ කොරියාව වෙත ආනයනය කිරීම සහ නිර්මාණය කිරීම සිදු විය. ක්‍රි.පූ. හත්වන සියවස වන විට, කොරියාව තුළ ස්වදේශික ‍ලෝකඩ සංස්කෘතියක් බිහිවූ අතර,කොරියානු ලෝකඩ භාණ්ඩ සතුව ඉහළ සින්ක් ප්‍රතිශතයක් පැවතීමෙන් මේ බව පැහැදිළි වේ. මෙකල නිර්මාණය වූ භාණ්ඩ අසිපත්, සිරි සහ හෙලි තුඩු වැනි ආයුධ විය. මීට අමතරව දර්පණ, සීනු සහ ගිගිරි වැනි චාරිත්‍ර භාණ්ඩ ද නිමැවිණි. මෙම භාණ්ඩ සංස්කෘතියේ වංශවතුන්ගේ ශිලා සුසාන තුළ භූමදාන කෙරිණි. මීට අමතරව, යකඩවලින් පොහොසත් රතු මැටි බඳුන් ක්‍රි.පූ. 6වන සියවස අවට නිර්මාණය වීම ඇරඹිණි. කොකොක් යනුවෙන් හැඳින්වෙන නෙෆ්රයිට්වලින් නිර්මාණය කළ කොමා-හැඩැති පබළු ද මෙම ශිලා සුසාන තුළින දක්නට ලැබේ. ඇතැම්විට මෙම කොකොක් වලස් නිය නිරූපණය කිරීමට නිමවන්නට ඇත. මෙහි සත්ත්වයින් නිරූපිත ශිලා සිතුවම් තුළ ද, සයිබීරියානු ආභාසය දැකගත හැකි අතර, ඒවායේ සයිබීරියානු කලාවේ X-කිරණ ශෛලියේ ජීවමාන රේඛා දැකගත හැක.",sin,wili-2018,sinhala,sinhala
විකිරණශිලී රසායනය යනු පදාර්ථයමත විකිරණවල රසායනික බලපෑම අධ්‍යයනයයි. මෙය විකිරණ - රසායනයට වඩා බෙහෙවින් වෙනස්ය. මන්ද යත් විකිරණය මගින් රසායනිකව වෙනසවන ද්‍රව්‍යය කිසිම විකිරණශීලීතාවයක් තිබීම අත්‍යවශ්‍ය නොවේ. උදාහරණයක් ලෙස ජලය හයිඩ්‍රජන් වායුව හා හයිඩ්‍රජන් පෙරොක්සයිඩ් බවට හැරවීම.,sin,wili-2018,sinhala,sinhala
"මෙම අනුක්‍රමයේදී සියළු නිඛිල එක් වරක් හමු වෙන අතර--ශුන්‍ය ආංශික ඓක්‍ය සැලකූ විට 0 ද ඇතුලත් වේ-- එමඟින් z නිඛිල කුලකයෙහි ගණ්‍යතාවය තහවුරු කරයි. ආංශික ඓක්‍යයන්ගේ අනුක්‍රමය මෙම ශ්‍රිතය එක් නිශ්චිත සංඛ්‍යාවක් වෙත අභිසාරී නොවන බව පැහැදිලි කරයි ( ඕනැම x සීමාවක් සඳහා ආංශික ඓක්‍යයන් [x-1, x+1] පරාසයෙන් පිටත පිහිටන ලක්ෂ්‍යයක් ඇත ). එනම් 1-2+3-4+...අපසාරී වේ.",sin,wili-2018,sinhala,sinhala
2015 වසරේ සිට එක්සත් ජාතීන්ගේ අනුබද්ධ ආයතනයක් වූ යුනෙස්කෝ සංවිධානයේ මෙරට සභාපතිවරයා ලෙස තේරී පත්වන අකිල විරාජ් කාරියවසම් මහතා රටවල් 186 ක් අතරින් රටවල්149ක ඉහළ ඡන්ද සංඛ්‍යාවක් හිමි කරගනිමින් යුනෙස්කෝ සංවිධානයේ විධායක කමිටු සාමාජිකයෙකු ලෙස තේරී පත්විය.,sin,wili-2018,sinhala,sinhala
විද්‍යුත් සහ සන්නායක පද්ධති හා සම්බන්ධව හෝ ආසන්නව සිටියදී පද්ධතිය වෙත ළගා වන අකුණු පහරවල බලපෑමෙන් ප්‍රේරණය වන ක්ෂණික අධි වෝලටීයතා පද්ධති ඔස්සේම සම්ප්‍රේෂණය වීම.,sin,wili-2018,sinhala,sinhala
"J. L. Proust විසින් කොපර් හි එකිනෙකට වෙනස් ක්ලෝරයිඩ 2ක් විස්තර කරන ලදි. මොහු CuCl2 වෙත වාතය නොමැති මාද්‍යයක් ක් තුල රක්ත තාපය සැපයීම තුලින් CuCl නිපදවන ලදි. මෙහිදී එක් ක්ලෝරීන් පරමාණුවක් ඉවත් වන අතර ඉතිරි CuCl2 ජලය මගින් සෝදා ඉවත් කරනු ලැබේ. CuCl වල ආම්ලික ද්‍රාවණ, වායූන්වල කාබන් මොනොක්සයිඩ් අන්තර්ගතය විශ්ලේෂණය කිරීමට අතීතයේ භාවිතා කරන ලදි. උදාහරණයක් වශයෙන් Hempal’s වායු උපකරණය දැක්විය හැක. තාපය හා ආලෝකය සඳහා ගල් අඟුරු වායුව බහුලව භාවිතා කල 19 හා 20 වන ශත වර්ශ වල මෙම සේදීම ඉතා වැදගත් විය.",sin,wili-2018,sinhala,sinhala
"""වාරි කර්මාන්තය"" යනු වගා බිම්වලට කෘත්‍රිම ජලය සපයා දෙන ක්රමයයි. බෝග නිෂ්පාදනයේදී මෙම ජලය සැපයීම වැසි හිඟ කාලවලදීත් ප්‍රධාන වශයෙන් වියළි කාලගුණයක් ඇති ප්‍රදේශවලටත් ක්රියාත්මක කරයි. එලෙසම වගාවන් හිම පතනයෙන් වැළැක්වීම උදෙසාත් ජලය මෙලෙස කෘත්‍රිමව සැපයීම කරයි.",sin,wili-2018,sinhala,sinhala
"රාජපුරුෂ තෙමේ නැවත පැමිණ ඒ කරුණ රජතුමාට දැන්වීය. රජතුමා සිතන්නාහු, ""පූජාවක් කල යුතු බව අපිට නොතෙරුණේය. නමුත් බමුණාට වැටහුනේයැයි"" කියා වඩාත් සතුටු වී බමුණාට සළු යුවලක්ම යැවීය. බමුණා එය පිළිගෙන ""මේ සියල්ල මට ලැබුනේ බුදුරදුන්ගේ ගුණ කීම නිසාය, මේ වස්ත්‍ර ජෝඩුවද මම තථාගතයන් වහන්සේටම පුදමි"" යි සිතා එම වස්ත්‍ර යුවල බුදුරදුන්ට පිදීය.",sin,wili-2018,sinhala,sinhala
"""Everybody's Fool"" ලී,මූඩි හා හොජ්ස් විසින් ලියැවී ඇති අතර, ඉන් කියැවෙනුයේ සම්පූර්ණයෙන්ම ප්‍රෝඪාකාරී ප්‍රතිරූප මවාගත් ජනප්‍රිය පුද්ගලයින් පිළිබඳව ය. VH1 නාලිකාව සමග කළ සාකච්ඡාවකදී, ලී කියාසිටියේ, ""මගේ නැගණිය මේ වගේ, කාටවත් බනිනවා නොවෙයි, ඒත්, ප්‍රෝඪාකාරී, වංචනික ප්‍රතිමූර්තිවලට අහුවෙලා හිටියේ. ඇය ඔවුන් වගේ අඳින්න-පළඳින්නත් පටන්ගත්තේ අවුරුදු 8 දි විතර. ඉතින් මම ඇයට මේ ගැන පහදලා ගීතයක් ලිවුවා."" යන්නයි. ""My Immortal"" පියානෝ රොක් බැලඩ් ගීයක් වන අතර, ලී විසින් කොටස් යොදා ප්‍රතිනිමවන්නට පෙරම මූඩි විසින් ඔහුගේ කෙටි කතාවකට ලියන ලද්දකි. මූඩි කියාසිටියේ එය ඔහුගේ සීයා වන බිල් හොල්කොම්බ් වෙත පිදෙන වගයි. ""Haunted"" ද ඔහුගේම තවත් කෙටි කතාවකට ලියන ලද්දක් වන අතර, අනතුරුව එම කතාව කණ්ඩායමේ එව්පුවරුවට ද එක්කරන ලදී. ""Tourniquet"" ක්‍රිස්තියානි මෙට්ල් කණ්ඩායමක් වන ""Soul Embraced"" වෙත පළමුව ලියන ලද්දක් සේ සැලකෙන්නේ මෙම කණ්ඩායමේ පූර්ව සාමාජිකයෙකු වන ""රොකී ග්‍රේ"" එවැනසෙන්ස් කණ්ඩාමට බැඳීම නිසා ය.",sin,wili-2018,sinhala,sinhala
දුප්පත් දෙම්පියන්ට දාව බස්නාහිරතේ ගම්පහ දිස්ත්‍රික්කයට අයත් ගණේමුල්ල නගරයේ තිබ්බොටුගොඩ නම් සුන්දර ගම්මානයේ උපත ලද එස් ජූඩ් සිල්වා තම ජීවිත කාලය තුලදී මහත්වු හැල හැප්පීම් භාධකයන්ට මෙන්ම දුක් කරදරයන්ට මුහුණ දුන්නද තම ජිවිතයේ මෙන්ම තම දරැවන්ගේ ඥාතීන්ගේ සහ ප්‍රදේශයේ ජනතාව මෙන්ම ශ්‍රී ලාංකීය ජනතාවගේ සුභ සිද්ධිය සදහා කටයුතු කරනා ලද පුද්ගලයෙකු විය ඔහුගේ ජිවිත කථාව පිළිබදව ඔහු විසින්ම අන්තර්ජාලයට ලියා ඇති විස්තරය වර්ථමානයේ මෙන්ම අනාගත පරපුට මහත් ආදර්ෂයක් වනු ඇත්තේ ඔහු තුල පැවති ධ්‍යෛය සම්පන්න භාවය මෙන්ම නිවරදි දෙය තෝරාගෙන එය තම පණටත් වඩා ආදරයෙන් වැළද ගනිමින් එම කටයුත්තේ සාර්ථකත්වය සදහා ගන්නා උත්සාහයයි,sin,wili-2018,sinhala,sinhala
"සොං රාජවංශය පිහිටුවන ලද්දේ චාඕ කුවාංයින් (ටයිෂු අධිරාජයා) (රාජ්‍ය. 960–976) විසින් 960දී ය. මෙය සොං රාජවංශය විසින් නියම චීනය සම්පූර්ණයෙන් එක්සත් කිරීමට එනම් ප්‍රාන්ත දහසයක් පමණක් හැර සෙසු ප්‍රදේශ එක්සත් කිරීමට පෙර සිදු විය. සොං රාජවංශය, උතුරු චීනයේ ප්‍රාන්ත දහසයක පාලනය අතැතිව සිටි ඛිටන්වරුන් විසින් පාලනය කළ ලියාඕ රාජවංශය (1125–1279) සමග යුද්ධ මාලාවකට අවතීර්ණ විය. සොං හමුදා සහ වුකිමයි (ටයිෂොං අධිරාජයා) (රාජ්‍ය. 1123–1134) යටතේ ජුර්චෙන්වරුන් ඒකාබද්ධව සිදුකළ ප්‍රහාර හේතුවෙන් 1125දී ලියාඕ රජය බිඳවැටිණි. කෙසේනමුත්, ක්ෂණිකව ජින්, සොං රාජවංශයට පිටුපා සොංහි උතුරු භූමිය ආක්‍රමණය කළේ ය. ජිංකං සිද්ධිය ලෙස හැඳින්වෙන සිදුවීමේ දී, ජින් හමුදා 1127දී සොං අගනුවර වූ බියෑන්ජිං (වර්තමාන කායිෆෙං) යටත් කරගත් අතර, ඒ වනවිට විශ්‍රාමලත් අධිරජු වූ හුයිෂොං අධිරාජයා (රාජ්‍ය. 1100–1126) සහ පාලනය ගෙනගිය ඔහුගේ පුත් ක්වින්ෂොං අධිරාජයාව (රාජ්‍ය. 1126–1127) ද අල්ලා ගත්හ.",sin,wili-2018,sinhala,sinhala
අකුණු වලාවේ මැද පෙදෙසට ඉහළ සිට ඊට ඉහලින් පිහිටි වලාකුළු දෙසට ඉතා සැණින් පිපිරී යන අකුණු නිල් ජෙට් යනුවෙන් හැඳින්වේ. එසේ හැඳින්වීමට හේතුව නිල් පැහැති කේතුවක හැඩයෙන් යුත් ආලෝක ධාරාවක් පිටවීමයි.,sin,wili-2018,sinhala,sinhala
"පූර්වප්‍රාප්තික ටෑං රාජවංශයේ දී, සිවිල් සේවා විභාගවලින් සොං රාජවංශයේ මෙන් විශාල නිලධාරීන් සංඛ්‍යාවක් බිහි වූයේ නැත; එකල මාලිගයේ පැවති ප්‍රවේණික වංශාධිපති ක්‍රමය මගින් පදවි දැරීම සහ නිලතල හෙබවීම සිදු විය. සොං පාලකයින්, විශේෂයෙන්ම හුයිෂොං අධිරාජයා අතීත ඥානවන්ත රජවරුන්ගේ පරමාදර්ශ අනුගමනය කිරීමට තැත් කළ ද, එයට සුවිසල් දේශපාලන ප්‍රතිවිරෝධයක් ඇති විය. රජු හට දේශපාලන අධිකාරියේ ඒකාධිකාරීත්වය දැරීමට නොහැකි වීම, නිලධාරි මණ්ඩලයේ වංශවත් සහ විද්වත් පාන්තිකය‍න්ගේ නැගීමට හේතු විය.",sin,wili-2018,sinhala,sinhala
"මිනිස් හෝ සත්ත්ව ජීවිතයෙහි ක්‍රියාකාරිත්වය හෝ සංතුලිතය හෝ වෙත හානි පැමිණවිය හැකි කරදරකාරී හෝ අධිමාත්‍ර ඝෝෂාව, ඝෝෂා දූෂණය හෝ ඝෝෂා කරදරය ලෙසින් හැඳින්වෙයි. ලොව පුරා බොහෝ ගෙපිට ඝෝෂාවෙහි මූලාශ්‍රය සලසන්නේ යන්ත්‍ර සහ ගමනාගමන පද්ධති, මෝටර් රථ, ගුවන්යානා, සහ දුම්රිය විසිනි.",sin,wili-2018,sinhala,sinhala
"ක්‍රි.පූ. 300 අවට, යැන් රාජ්‍යය විසින් කොරියාවට යකඩ තාක්ෂණය හඳුන්වා දෙන ලදී. ක්‍රි.පූ. 2වන සියවස වන විට, අර්ධද්වීපයේ දකුණු කොටසෙහි ප්‍රාදේශීය වශයෙන් යකඩ නිෂ්පාදනය කෙරිණි. චීන වාර්තා අනුව, නිරිතදිග ප්‍රදේශයේ පිහිටි පහළ නක්දොං ගංගාවෙන් හමුවූ යකඩවලට අර්ධද්වීපය සහ ජපානය තුළ ඉහළ වටිනාකමක් හිමි විය.",sin,wili-2018,sinhala,sinhala
"1930 සිට 2007 දක්වා දිවා රූපවාහිනිය එතරම් වෙනසකට ලක්වී නැත. Soap operas සහ talk shows වැසටහන් තවමත් දිවා වැඩසටහන් ලේඛනයේ ඉහළින්ම වැජ‍ෙඕ. 1950 සිට වැඩිම පිරිසක් රූපවාහිනිය නරඔන වේලාවන් පිරිමින් ඉලක්කරගෙන සහ ඔවුන්ගේ අවශ්‍යතාවලට සරිලන පරිදි නිර්මාණය විය. 1952දී මෙ වේලාව තුලදී විකාශනය වූ නාට්‍ය වල චරිත 68% ක්ම පිරිමි චරිත වූඅතර 1973 දී එය 74% ක් විය. 1970දී ‘කාන්තාවන් සඳහා ජාතික සංවිධානය’(NOW) මේ සඳහා පියවර ගනු ලැබුණි. ඔවුන් විසින් , රූපවාහිනියේ පෙන්වන මෙම අපහාසාත්මක පොදු ඒකාකාරී ස්වරූපයේ කාන්තාවන් පිළිබඳ අධ්‍යනය කොට වෙනස් කිරීමට කාර්ය බලකායක් පිහිටුවිය.1972 වර්ෂයේදී ඔවුන් විසින් විකාශන ජාල හිමි ආයතන 2කට කාන්තාවන්ට අසාධාරණ ලෙස වැඩසටහන් නිර්මාණය කිරීම සම්බන්ධව ඔවුන්ගේ බලපත්‍ර වලට අභියෝග එල්ල කරනු ලැබිණි. 1960 වකවානුවේදී විකාශය කෙරුණුI Dream of Jeannie සහ Bewitched යන නාට්‍ය තුලින් ඉදිරිපත් කල අදහස වූයේ කාන්තාවන්ට සිය රාජකාරිය මගහැරී යාමට ඇති එකම ක්‍රමය වන්නේ ඔවුන්ගේ මායිම් තුලින් බවයි. ඇ.එ. ජනපදයේ Carat රාජ්‍යයේ කර්මාන්ත විශ්ලේෂිකා Shari Anne Bril “අවුරුදු ගණනාවක් තිස්සේ පිරිමින් කැමරා පිටුපස රඟ දක්වන විට කාන්තාවන්ට හිමි වුයේ මෝඩ තත්වයකි. නමුත් වර්තමානයේදී ඔබට අති දක්ෂ වීරවරියන්ගේ සහ දක්ෂ ව්‍යාපාරික කාන්තාවන්ගේ චරිත රඟපාන කාන්තා නායිකාවන් දැකිය හැකිය.” ලෙස ප්‍රකාශ කළාය. වර්තමාන විකාශන ජාල වලට විවිධ වූ විශේෂ කාන්තා චරිත ඇතුලත් කර තිබේ.",sin,wili-2018,sinhala,sinhala
"දිනක් ඔහු රථයකට නැගී කර්මාන්ත පරීක්ෂා කරන්නට යන්නාහු, සීසෑ තැන්වලින් මතුවන පණුවන් කන කාක්කන් දැක ""මොවුන් කුමක් කරන්නේදැයි "" විමසීහ. ""උතුමාණෙනි, පණුවන් කති"" යි කීහ. එවිට ""මේ පව හිමි වන්නේ කාටදැයි"" ඇසීය. ""උතුමාණෙනි, ඔබටය"" ජනයා කීහ. එවිට පිප්ඵලීමාණව තෙමේ ""මේ සියලු පාපයන් මට නම් මේ ධනයෙන් ඇති ප්‍රයෝජනයක් නම් නැත. සියල්ලම භද්‍රාවන්ට දී මහණ වෙමියි"" සිතා ගත්තේය.",sin,wili-2018,sinhala,sinhala
"උද්ධමනය යනු අඛණ්ඩ සහ නිරන්තර සාමාන්‍ය මිල මට්ටමේ ඉහල යෑමක් ලෙස නිර්වචනය කල හැක. යම් කිසිකාල පරිචිඡේදයක් තුල ආර්ථිකයේ භාණ්ඩ හා සේවාවල සාමාන්‍යය මිල මටිටමේ අඛණ්ඩ වර්ධනය උද්ධමනය ලෙස හැදින් වේ. තාවකාලික ලෙස භාණ්ඩ හා සේවා මිල ඉහළ යාම උද්ධමනය ලෙස සලකනු ලබන්නේ තැත. උද්ධමනය රටින් රටට වේනස් වේ, දියුනු රටවල උද්ධමනය 2%- 3%ක මට්ටමක පවති, ඵය සාමාන්‍යය තත්වයකි නමුත් ඵය 8%- 9% පවති නම් ඵය උද්ධමනයේ සැලකිව යුතු තත්වයකි.",sin,wili-2018,sinhala,sinhala
මෙම වාද්‍ය භාණ්ඩයට දීර්ඝ ඉතිහාසයක් ඇත.විසිවැනි සියවසේ ඉතාලියේ උපත ලද මෙය යුරෝපීය රටවලදට ව්‍යාප්ත විය. මුල්කාලීනව සරල ශාස්ත්‍රීය සංගීත සඳහා පමණක් භාවිත වුවද පසුව මෙය බටහිර ශාස්ත්‍රීය සංගීතයේදී ද සහය වාද්‍ය භාණ්ඩයක් සේ යොදාගැනුනි. දහසය හා දහහත්වැනි ශතවර්ශවලදී ශ්‍රී ලංකාවට පැමිණි විදේශිකයින් මැන්ඩලීනය මෙරටට ගෙන එන්නට ඇතැයි සැලකේ. ශ්‍රී ලංකාව තුළ මැන්ඩලීනය වර්ග තුනක් භාවිත වේ. එනම්,sin,wili-2018,sinhala,sinhala
න්‍යෂ්ටික ඉන්ධන චක්‍රයේ කිසියම් හෝ කොටසක් සම්බන්ධ රසායනයයි. ඉන්ධන චක්‍රයට ඉන්ධන නිෂ්පාදනයේදී යොදෙන සියළු ක්‍රියාදාම අන්තර්ගත වේ. කැනීමේ සිට ලෝපස් ක්‍රියාවලිය හා වැඩි දියුණු කිරීම හා ඉන්ධන නිෂ්පාදනය දක්වා. (චක්‍රයේ ඉදිරිපස අවසානය) තවද මෙයට චක්‍රයේ පසු පස අවසානයට පෙර (in-pile) හැසිරීමට ද ඇතුළත් වේ. චක්‍රයේ පසුපස අවසාන කොටසේ අන්තර්ගත වන්නේ පාවිච්චි කරන ලද න්‍යෂ්ටික ඉන්ධන භූගත අපද්‍රව්‍ය ගබඩා වෙත හෝ නැවත නිෂ්පාදනය සදහා යැවීමට පෙර ශීතවන පොකුණු තුළදී හෝ වියළි ගබඩා තුළදී කළමණාකරණය කරන ආකාරයයි.,sin,wili-2018,sinhala,sinhala
බ්ලූටූත් යනු ස්ථාවර සහ ජංගම උපාංග මගින් කෙටි පරතරයක් අතර දත්ත මාරු කිරීම (කෙටි තරංග ආයාම රේඩියෝ සම්ප්‍රේෂණ භාවිතයෙන්) සදහා ඉහල අදියරකින් යුත් ආරක්ෂාවක් සමග ස්‍වකීය ප්‍රදේශ ජාල (PANs) නිර්මාණය කිරීම සදහා වූ හිමිකාර විවෘත නිස්තර තාක්ෂණික ප්‍රමිතියකි.,sin,wili-2018,sinhala,sinhala
"මිදුලේ සිට නැඟණියගේ ප්‍රාර්ථනාව අසා සිටින්නා වූ ඔහුගේ බිරිය, ""මැගේ පිණ්ඩපාතය මේ ශ්‍රමණයාට වළඳන්නට මම ඉඩ නොදෙමි""යි සිතා පසේ බුදුන් වහන්සේගේ පාත්‍රය අතින් ගෙන එහි වූ පිණ්ඩපාතය විසි කර දමා එයට මඩ පුරවා පිළිගැන්වීය.",sin,wili-2018,sinhala,sinhala
"අඛ්‍යාන කථාන්තර පැවසීම කාව්‍යමය නාට්‍ය ගීත වශයෙන් යැංබැන් විද්වතුන් විසින් හෝ, විකටයින් විසින් නිරූපණය කිරීම සිදු විය. මෙහි දී සාමාන්‍යයෙන් පුරුෂයන් දායක විය. සැබැවින්ම කොරියාවේ ප්‍රහසන කලාවක් නොපැවති අතර, උපහාස-අපහාස, පෞද්ගලික මතවාද සහ ජ්‍යෙෂ්ඨයන්ට ගරු කිරීම වැනි සංස්කෘතික තහංචි එයට හේතු විය. නමුත් වර්තමානය වන විට ගෝලීයව කොරියානු හාස්‍යජනක චිත්‍රපට දැඩි සමාජ සංවරය මධ්‍යයේ ප්‍රචලිත වී ඇත.",sin,wili-2018,sinhala,sinhala
"කිම් ඉල්-සුංගේ පාලන සමයේ සමාජවාදී යතාර්ථවාදී ගණයේ චිත්‍ර කලාවට පමණක් අවසර හිමිවූ අතර, උතුරු කොරියාවේ දෘශ්‍ය කලා අතර සම්ප්‍රචාරක පෝස්ටර්වලට ප්‍රධාන ස්ථානයක් හිමි විය. 1994 කිම් ඉල්-සුගේ මරණින් පසු, චිත්‍ර කලාව කෙරෙහි වූ බලපෑම් ලිහිල් වූ අතර, කිම් ජොං-ඉල්ගේ පාලනය යටතේ එවැනි බලපෑම් සම්පූර්ණයෙන් අහෝසි විය. මේ අතර නව කලා සම්ප්‍රදායයන්, විශේෂයෙන් උපස්ථිතිවාදී කලා සම්ප්‍රදායයක් උතුරු කොරියානු පෝස්ටර සඳහා අදේශ කෙරිණි.",sin,wili-2018,sinhala,sinhala
"අප්‍රේල් 20, ග්‍රෙගරි දින දසුනට අනුව අවුරුද්දේ 110 වන දිනය වේ (අධික අවුරුද්දක නම් 111 වන දිනය). අවුරුද්ද අවසන් වීමට තවත් දින 255 ඉතිරිව තිබේ .",sin,wili-2018,sinhala,sinhala
මෙය φ(x) = exp (-x) වන විට අබෙල් සමාකලනය පැහැදිලි කරයි. ශ්‍රේණියේ පද m වටා යුගලනය කිරීමෙන් සහ ප්‍රකාශනය රීමන් නිඛිලයක් බවට පරිවර්තනය කිරීමෙන් එය සාධනය කළ හැක. මීළඟ පියවර ලෙස 1-1+1-1+... හී සාධනය මධ්‍යයන අගය ප්‍රමේය යොදා ගනී. නමුත් මෙහිදී ඒ සඳහා ටේලර් ප්‍රමේයයේ ලාග්‍රාන්ජ් අවස්ථාව අවශ්‍ය වේ.,sin,wili-2018,sinhala,sinhala
කොරියාවේ යකඩ යුගය ක්‍රි.පූ. 300 අවට කාලයේ ආරම්භ විය. කොරියානු යකඩවලට චීන ආඥාභූමි සහ ජපානය තුළ ඉහළ වටිනාකමක් හිමි විය. මෙකල සකපෝරුව සහ කඳු ආකාර උඳුන් තාක්ෂණය හඳුන්වාදීමත් සමග කොරියානු කුඹල් කර්මාන්තය දියුණු විය.,sin,wili-2018,sinhala,sinhala
"මැදි සිට පසුකාලීන-ජොසොන් රාජවංශ සමය දක්වා වූ කාලය කොරියානු චිත්‍ර කලාවේ ස්වර්ණමය යුගය ලෙස සැලකේ. මෙය චීනයේ මිං රාජවංශයේ බිඳ වැටීමත්, මැංචු අධිරාජවරුන්ගේ අනුප්‍රාප්තියත් හා සමකාලීන වේ. ‍මේ නිසා කොරියානු සිත්තරුන්හට ජාතිකවාදය සහ සුදුසු කොරියානු තේමාවන් අනුසාරයෙන් නව කලා සම්ප්‍රදායයක් ගොඩනැගීමට සිදු විය. මෙකල චීන පූර්ව-අගනා ආභාසය ලැබීම වැළැක්වූ හෙයින් කොරියානු කලාව තමන්ගේම ශෛලියක් අනුව යමින් වෙනස්ම මුහුණුවරක් ගන්නට විය.",sin,wili-2018,sinhala,sinhala
"පිපිරුම් හතරක් වාර්තා වූ අතර ඒවාට මරාගෙන මැරෙන බෝම්බ ප්‍රහාරයන් ලෙස පුළුල් ප්‍රචාරයක් ලැබුනි. එහෙත් ඒවා මරාගෙන මැරෙන බෝම්බ ප්‍රහාරයන් ලෙස සළකනු ලබන්නේ ප්‍රහාරකයන් බෝම්බ පිපිරුමෙන් මරණයට පත් වූ බව පහසුවෙන් තහවුරු වන්නේ නම් පමනි. කෙසේ වුවද 2005 ජුලි 21 දින ලන්ඩන් නගරයේ සිදු වූ බෝම්බ පිපිරීම, සහ ජින් බාර්ලිස් ඩි මෙනෙසෙස් වෙඩි තැබීමේ සිද්ධිය වැනි සිදුවීම්වල ප්‍රථිපලයක් ලෙස ශ්‍රීමත් ඉයන් බ්ලෙයාර් ප්‍රසිද්ධියේ ස්ථිර කළේ ඔවුන් කටයුතු කරමින් සිටියේ මරාගෙන මැරෙන බෝම්බ කරුවන් සමග බවයි.",sin,wili-2018,sinhala,sinhala
පිරිවැයේන් තල්ලු වු උද්ධමන තත්වයක දි නශ්පාදන පිරිවැය ඉහළ යයි එවිට භාණ්ඩ හා සේවා සැපයුම පහළ ගොස් සාධක ඉල්ලුම ද පහළ යයි.මේ නිසා සමස්ත සැපයුම් වක්‍රය වමට විතැන් වේ.,sin,wili-2018,sinhala,sinhala
"කොරියානු කලා වෙළඳපොල ඉන්සාදොං දිස්ත්‍රික්කයේ සෝල්හි කේන්ද්‍රගතව ඇත. මෙහි 50කට අධික කුඩා ගැලරි ප්‍රදර්ශනයට විවෘත කොට ඇති අතර, ඇතැම් අවස්ථාවල ලලිත කලා වෙන්දේසි ද පවත්වනු ලැබේ. ගැලරි සහයෝගීත්වයෙන් පවත්වාගෙන යනු ලබයි. සෑම නගරයකම, කුඩා ප්‍රාදේශික කලාගාර දක්නට ලැබෙන අතර, ඒවායේ සම්ප්‍රදායික සහ අද්‍යතන කලා ශෛලීන් අනුව නිමකළ ප්‍රදේශයේ ශිල්පීන්ගේ කෘති දක්නට ලැබේ. කලාගාරවල සාමාන්‍යයෙන් මාධ්‍ය සම්මිශ්‍රණයක් දැකගත හැක. බටහිර සංකල්ප සහිත කලාවන් පෙරබිම කෙරෙහි සංයෝජනය කිරීමට දැරූ උත්සාහයන් කොරියාවෙන් පිටත නිව් යෝක්, සැන් ෆ්‍රැන්සිස්කෝ, ලන්ඩන් සහ පැරිස් වැනි ප්‍රදේශවල අතිශයින් සාර්ථකත්වයට පත්ව තිබේ.",sin,wili-2018,sinhala,sinhala
"සාධාර්මික සභාව සහ ‍අනෙකුත් ධාර්මිකයන් ඔවුන්ව බොහෝ විට අවධාරණය කරනුයේ රෝමානු කතෝලික සභාව ලෙසටය. පෙරදිග සාධාර්මිකයන් ඔවුන්ගේ සභාව එක්සත් හා සත්‍ය ප්‍රකාශ කරන සභාවක් සේ පිහිටුවා ගැනිම කරණකොට ගෙන අදහස් දක්වයි. එලෙසම, බටහිර දෙසින් කතෝලික යන පදයට, රෝමානු කතෝලික සභාවේ විශාලත්වය හා බටහිරහි බලපෑම මුල් කරගෙන අදහස් දක්වයි.",sin,wili-2018,sinhala,sinhala
"දමිළ දෘශ්‍ය කලාව ප්‍රධාන ස්ථානයන් හි ඉදිකරන ලද අලංකාර වාස්තුවිද්‍යාත්මක සිද්ධස්ථාන නිර්මාණයන් සහ ලෝකඩ හා ශෛලමය දේව ප්‍රතිමා මගින් විද්‍යමාන වේ. චෝල සමයේ ලෝකඩ නිර්මාණයන් අතරින් විශේෂිත වූ නටරාජා මුර්තිය, හින්දු ධර්මයේ සංකේතය බවට පත්ව ඇත. ද්‍රවිඩ ප්‍රසාංගික කලාව (performing art) ජනප්‍රිය හා ශාස්ත්‍රීය වශයෙන් කොටස් දෙකකි. ශාස්ත්‍රීය ආකාරය වන භරත ගම්මානයන්හි සිද්ධස්ථානයන් වලද ජනප්‍රිය ආකාරය ලෙස හදුන්වන kuthus විදි වල රග දක්වයි. ද්‍රවිඩ සිනමාව කොලිවුඩ් (kollywood) ලෙස හදුන් වන අතර එය ඉන්දිය සිනමාවේ වැදගත් අංගයකි. එසේම සංගීතයද ශාස්ත්‍රීය වශයෙන් කර්ණාටක ලෙස හා ජනප්‍රිය ලෙස විවිධ ප්‍රභේදයන්ට වෙන් කෙරේ. බොහෝ ද්‍රවිඩ ජනතාව හින්දු භක්තිකයන් වුවත්, බොහෝමයක් පරිචය කරනුයේ ජන හින්දුදහම ලෙස සලකන ගම්භාර දෙවි දේවතාවන් වන්දනාමාන කිරීමය.ද්‍රවිඩ සම්භවයක් සහිත ක්‍රිස්තියානි සහ මුස්ලිම් ජනයාද තරමක ප්‍රමාණයක් වෙසෙති. චිරාත් කාලයක් පුරා නොනැසී පැවත එන කුඩා ජෛන ආගමික ප්‍රජවක්ද ඉතිරිව ඇත. ද්‍රවිඩ ඉවුම් පිහුම් වීවිධ වූ නිර්මාංස හා මාංශමය අංගයන් ප්‍රාදේශීයව සපයා ගත හැකි කුළුබඩු වලින් රසකර ඇත. ඔවුන්ගේ ආදී ජනයා මෙන්ම සංගීතය, වාස්තු විද්‍යාව හා සුවිශේෂි මුර්ති ශිල්පය කෙරෙහි ද්‍රවිඩ ජනයා ඇල්ම දක්වනවා මෙන්ම තවමත් ඒවා පුරුදු පුහුණු කරති. ඉංග්‍රීසි ඉතිහාසය.... සහ ප්‍රචාරකයෙකු වන මයිකල් වුඩ් ද්‍රවිඩ ජනයා මිහි මත නොනැසී වෙසෙන අවසාන පෞරාණික ශිෂ්ඨාචාරය ලෙස හදුන්වයි. ද්‍රවිඩ මුඛ්‍යධාරාව නුතන ගෝලීය ව්‍යාප්තිය තුලද ඔවුන්ගේ ඇදහීම් , සංස්කෘතිය , සංගීතය සහ සාහිත්‍යයේ මුලිකාංග ප්‍රමාණවත් ලෙස ආරක්ෂා කරගැනීමට සමත් වීමයි.",sin,wili-2018,sinhala,sinhala
"පීටර් කේ. බොල් ප්‍රකාශ කරන්නේ වං අන්ෂිගේ ව්‍යාප්තිවාදී ආධාරකරුවන්, ඔහුගේ නව ප්‍රතිපත්තිවල සක්‍රීය මධ්‍යම රජය හේතුවෙන් පෙනෙන්නට වූයේ ඔහු විසින් පුරාතන බටහිර චෞ (ක්‍රි.පූ. 1050 ප. – ක්‍රි.පූ. 771) වෙත රාමරාජ්‍යය උදාකළ දාඕ අවබෝධ කොටගෙන සිටි බවයි. සීමාකරන ලද අධිරාජයා අතීතයේ මාලිග චාරිත්‍ර සහ නීති ප්‍රතිසංස්කරණ මගින් සමාජය සාමකාමී තත්ත්වයකට ගෙන ආ පැරණි ප්‍රඥාවන්ත රජකු යන ප්‍රබන්ධය වැළඳ ගත්තේ ය. හුයිෂොං අධිරාජයාගේ රාජ්‍ය සමයයට පසුව පවා, සොං පාලකයින් සහ නිලධාරීහු නව ප්‍රතිපත්ති නොසලකා සමාජය ප්‍රාදේශිකව පහළ-සිට-ඉහළට දිවෙන ක්‍රමවේදයක් ඔස්සේ ප්‍රතිසංස්කරණය කෙරෙහි උනන්දු වූහ. නිදසුනක් ලෙස, හුයිෂොං අධිරාජයා 1107–1120 කාලයේ රජයේ විද්‍යාලයකට ඇතුළත් නොවී මහජන කාර්යාලයක සේවයේ යෙදුණු තැනැත්තන් ඉවත් කිරීමට උත්සාහ දැරී ය. එලෙසින් ඔහු ‍සිය සම්‍යක්දෘෂ්ටිය වූ කොන්ෆියුසියානු චින්තනය පිළිනොගත් ඕනෑම අයකුම ප්‍රතික්ෂේප කළේ ය. කෙසේනමුත්, දකුණු සොං රාජවංශ සමයේ දී පෞද්ගලික ශාස්ත්‍රාල හේතුවෙන් රජයේ විද්‍යාල පද්ධතියට තිබූ ප්‍රමුඛත්වය අහිමි විය. මුල්කාලීන උතුරු සොං යුගයේ පැවති රජයේ පාඨශාලා සංඛ්‍යාව ඉක්මවා යාමට පෞද්ගලික විද්‍යාල මෙකල සමත් විය. හුයිෂොං අධිරාජයාගේ සමයයට පෙර පවා, වං අන්ෂිගේ දේශපාලන ප්‍රතිවාදියකු මෙන්ම ප්‍රමුඛ චාන්සලර්වරයකු වූ සිමා ගුවාං (1019–1086) මහා ප්‍රතිසංස්කරණ සහ මහජන නීති හැඩගැස්වීමේ දී අධිරාජයාගේ කාර්යභාරය පිළිබඳ සඳහන් කර ඇත්තේ අල්ප වශයෙනි. ඔහු සඳහන් කොට ඇත්තේ අධිරාජයා අවශ්‍ය විට ප්‍රධාන පත්කිරීම් සිදුකළ බව පමණකි.",sin,wili-2018,sinhala,sinhala
"For example, fractional distillation is used in oil refineries to separate crude oil into useful substances (or fractions) having different hydrocarbons of different boiling points. The crude oil fractions with higher boiling points:",sin,wili-2018,sinhala,sanskrit
චමින්ද ඉන්දික විජේකෝන් (1981 සැප්තැම්බර් 15) යනු ශ්‍රී ලංකාවේ මීටර් 1500 මැදි දුර දිවීමේ ඉසව්ව නියෝජනය කල මළල ක්‍රීඩකයෙකි. 2011 ලෝක මළල ක්‍රීඩා ශූරතාවලියේදී ඔහු මීටර 1500 ඉසව්ව සඳහා නව ශ්‍රී ලංකා වාර්ථාවක් පිහිටුවීමට සමත් විය.,sin,wili-2018,sinhala,sinhala
"කැරොලිනා ග්ලක් 29, පෝලන්තයෙන් පැමිණි අයෙකි. උදෑසන 8.30 ට ඇගේ පෙම්වතා වූ රිචඩ් ඩියර්ට ගුඩ්බායි කීවාය. IT උපදේශකවරයෙකි. ෆින්ස්බරි පාර්ක් සිට රසල් චතුරස්‍රය දක්වා ගමන් කරමින් සිටියේය.",sin,wili-2018,sinhala,sinhala
ශිව දේවාල අංක 2 ගොඩනැගිල්ල පොළොන්නරුව පෞරාණික නගරය තුල දැකගත හැකි පැරණිම ගොඩනැගිල්ලක් සේ සැළකේ. මෙය මාදේවි ඉසාර මුදියර් දේවිය සිහිවීම පිණිස ඇගේ පුත් රාජේන්ද්‍ර රජ විසින් ක්‍රි.ව. 1015-1044 කාලයේදී තනවන ලද බව ද්‍රවිඩ අක්ෂර සහිත සෙල් ලිපියෙන් සනාථ වේ. පාණ්ඩ ගෘහ නිර්මාණ ශිල්පය අනුව සොලින් විසින් ශිව දේවාලය ඉදි කළ බවට සාක්ෂි හමුවේ.,sin,wili-2018,sinhala,sinhala
ක්‍රි.පූ. 800 දී පර්සියාවේ ක්වාන්ට්ස්වරු විසින් භාවිතා කළ වාරිමාර්ග ක්‍රම උපාංගයන් පැරණිම ක්‍රමවේද ලෙස අදටත් භාවිත ‍ෙකරේ. අද එම ක්‍රමවේදයන් ආසියාවේ මැදපෙරදිග හ‍ා උතුරු අප්‍රිකාණු රටවල ද දැකිය හැකි වේ. මෙම ක්‍රියාවලියේ දී භූමි ගතව ඇති ජලය නල මාර්ග ඔස්සේ තද බෑවුම්වල හා ප්‍රපාතයන්ට විහිදී ඇති උමං මාර්ග හා සෘජුවම තැනූ ළිංවලින් සමන්විත ජලය ලබා ගැනීමේ දාමයක් ලෙස ක්‍රියාත්මක විය.,sin,wili-2018,sinhala,sinhala
"එක්සත් ජාතීන්ගේ පරිසරය හා සංවර්ධනය පිළිබඳ සම්මේලනය හෙවත් මිහිතල සමුළුව සම්මුතිය මඟින් දී ඇති නිර්වචනය වඩාත් පැහැදිලි එකකි.එනම්, ජෛව විවිධත්වය යනු 'භෞමික සමුද්‍රික සහ අනෙකුත් පරිසර පද්ධතීන් සහ පාරිසරික සංකීර්ණ ඇතුළු සියළුම මූලාශ්‍රයන්හි අඩංගු සහ ඒවායේ කොටසක් වන ජීව වස්තූන් අතර ඇති වෙනස් වීමේ හැකියාවයි'. තව ද, 'ඒ ඒ ජීවී (ශාක හා සත්ත්ව) විශේෂයන් තුළ ඇති විවිධත්වය වේ'.",sin,wili-2018,sinhala,sinhala
"බොහෝ දමිළයන් තවමත් මෙම රාජ්‍යන් හි ජිවත් වේ. සිංගප්පූරුව , මලයාසියාව, දකුණු අප්‍රිකාව යන රට වල වෙසෙන දමිළ ප්‍රජාව ඔවුන්ගේ උරුමය වූ ආදිමය සංස්කෘතිය හා භාෂාව බොහෝ සෙයින් නොවෙනස්ව පවත්වා ගැනීමට සමත්ව ඇත. දෙමළ පාසල් වලට යන මලයාසියානු ළමුන් ගණන බොහෝ වේ. මුරුසියේ හා ...... වෙසෙන දමිළ ළමුන්ගෙන් සැලකියයුතු මට්ටමකගේ මුඛ්‍ය භාෂාව දමිළ වේ. සිංගප්පූරුවේ දමිළ සිසුන් ඔවුන්ගේ ප්‍රාථමික භාෂාව ලෙස ඉංග්‍රීසි සහ ද්ව්තියක භාෂාව ලෙස දමිළ ඉගෙන ගනී. දමිළ භාෂාව ආරක්ෂා කර ගැනීම සදහා සිංගප්පූරු රජය එය නිල භාෂාවක් ලෙස නම් කර ඇත. දකුණු අප්‍රිකාව හා ෆීජි වැනි රටවල වෙසෙන දමිළ ප්‍රජාව ඔවුන්ගේ ප්‍රාථමික භාෂාව සේ දෙමළ භාවිතා නොකරනමුත් සවිමත් වූ දෙමළ අනන්‍යතාවයක් රඳවා ගැනීමට හැකි ව ඇත. ඔවුන් බොහොමයකට දෙමළ පිළිබද අවබෝධයක් පවතින අතර බොහෝ වැඩිහිටි ජනයා දෙමළ ඔවුන්ගේ ප්‍රාථමික භාෂාව ලෙස තවම භාවිතා කරති.",sin,wili-2018,sinhala,sinhala
"වෛද්‍ය ක‍්‍රමයක් සමාජ ක‍්‍රමයක් තරමටම සංකිර්ණ වේ. ඔවුන් ලෙඩ රෝග සඳහා ප‍්‍රතිකාර දැක්වීමට තම සංස්කෘතිය තුළින්ම ඉගෙන ගනිති. බහුත්ව වෛද්‍ය ක‍්‍රමයක් තුළ රෝගීන්ට නිදහසේ කැමති ප‍්‍රතිකාර ක‍්‍රමයක් තෝරා ගැනිමට අවස්ථාවක් නොමැත. මක් නිසාද යත් යම් යම් රෝග ලක්ෂණ සඳහා තෝරා ගතයුතු ප‍්‍රතිකාරය කුමක්ද යන්න සංස්කෘතිය තුළින්ම තීරණය වන නිසාය. මෙහිදි රෝගය කුමක්ද යන කාරණය ද වැදගත් වේ. සාමාන්‍යයෙන් යක්ෂ දෝෂයක් බව ක්ෂණිකව වටහා ගත්තේ නම් ඔවුන් හැකි ඉක්මනින් යකැදුරු වෙත යන අතර ස්වාභාවික හේතු කාරකයක් නම් ආනුභවික ප‍්‍රතිකාර වෙත යොමු වෙති. නමුත් එය සුව විමට කල් ගතවන්නේනම් කේන්ද්‍රය පරීක්ෂා කිරිම, සාස්තර ඇසීම, පේන බැලීමට යාම ආදියට නැඹුරු වෙති. කෙනෙකු බරපතල ලෙස රෝගී වූ වහාම ඔවුන් ඉහත ක‍්‍රමයන්ගෙන් කුමක් හෝ බොහෝ විට භාවිත කරති. මේ කි‍්‍රයාදාමය හුදෙකලාව සිදු වන්නක් නොවේ. ඥාතීන්, අසල්වැසියන්, හිත මිතුරන් මේ සදහා උපදෙස් ලබා දෙති. අභිචාරාත්මක ප‍්‍රතිකාර වලින් පසුවද සමහර අවස්ථාවල ඔවුන් ආනුභවික ප‍්‍රතිකාර යොදා ගනිති. මෙය රෝගයේ ස්වභාවය මත පදනම් වන බව පෙනේ.",sin,wili-2018,sinhala,sinhala
වසර එකසිය විස්සක් ජීවත්වූ මහා කාශ්‍යප රහතන් වහන්සේ දිනක් තමන්ගේ ආයුෂ අවසන් වී ඇති බව දැන පසු දින කුක්කුට සම්පාත නම් කන්දේදී පිරිණිවන් පෑමට තීරණය කළ සේක. ඒ බව සහෝදර භික්ෂූන් වහන්සේලාටද දැනුම් දී පසු දින පිඬු පිණිස වැඩම කර අවසන අජාසත් රජුටද දැනුම් දීමට පිටව ගියහ. එකල්හි රජු දිවා ආහාරය රැගෙන නිදාගන්නා බව දැන ගත් කාශ්‍යප හිමියන් රාජපුරුෂයන්ට තමන් වහන්සේ අද දින සවස කුක්කුට සම්පාත පර්වතයේදී පිරිණිවන් පානා බව රජුට දැනුම් දෙන්නැයි කියා ඉන් පිටව ගියහ.,sin,wili-2018,sinhala,sinhala
"2) NMR වර්ණාවලීක්ෂය 1H හා 13C හා අනෙක් NMR න්‍යෂ්ටීන් (11B , 19F , 31P , 195Pt) මූලද්‍රව්‍ය පිළිබද වැදගත් තොරතුරු අනාවරණය කරන ලදී. එනම් NMR වැනි අනු ක්ෂේත්‍ර චුම්භක මගින් මූලද්‍රව්‍යවල ව්‍යුහමය පැවැත්ම හොදින් අනාවරණය කරයි. ප්‍රෝටෝන NMR වැදගත් වන්නේ හයිඩ්‍රජන් වැනි සැහැල්ලු මූල ද්‍රව්‍ය X - කිරණ ස්ථිතික විද්‍යාව මගින් හදුනාගැනීමට නොහැකි බැවිනි.",sin,wili-2018,sinhala,sinhala
"මෙම ප්‍රතික්‍රියාවට පුලුල් විශය ශේත්‍රයක් අයත් වන අතර හොඳ ඵලයක් ලබා දේ. පැරණි පර්යේශකයින්ගෙ සඳහන් කෙරීම් වලට අනුව කොපර්(1) halides 1,4 ග්‍රිනාඩ් ප්‍රතිකාරකයන්ගේ alpha,beta-අසංතෘප්ත කීටෝන වලට එකතු කිරීමේදීද උත්ප්‍රේරකයක් ලෙස ගනී.මෙය කාබනික සංස්ලේශනයන් හීදී බහුලව භාවිතා වන organocuprate ප්‍රතිකාරක නිපදවීමට ඉවහල් වේ.",sin,wili-2018,sinhala,sinhala
"1931 වසරේදී පැවති ප්‍රථම මැතිවරණයෙන් රාජ්‍ය මන්ත්‍රණ සභාවේ කෑගල්ල කොට්ඨාශයෙ ප්‍රථම මන්ත්‍රීවරවරයා ලෙසින් තේරී පත් විය. එක්සත් ජාතික පක්ෂයෙහි ආරම්භක සාමාජිකයෙක් වූ අතර, සෙනෙට් සභිකයෙක් ද විය. ශ්‍රීමත් එඩ්වින් විජයරත්න යන් ඩී. එස්. සේනානායක රජයේ ස්වදේශ කටයුතු සහ ග්‍රාමීය සංවර්ධන කැබිනට් අමාත්‍යවරයා ලෙස කටයුතු කර පසුව එක්සත් රාජධානියේ සහ ඉන්දියාවේ",sin,wili-2018,sinhala,sinhala
ක්‍රි.පූ.1441 දී එනම් 15වන ශතවර්ෂයේ දී කොරියානු ජාතිකයන් විසින් ප්‍රථම වරට ජලය මනින උපකරණයක් නිපදවන ලදී.ඒ චෝසන් අධිරාජ්‍ය සමයේ සිටි සේ යොන්ග් අජුගේ අනුග්‍රහය ඇතිව ජාන්ග් යන්ග් සිල් නැමති කොරියානු ඉංජිනේරුවකු විසිනි. මෙම උපකරණය වැසි ජලය ලැබෙන ජලාශවල භාවිතා කරන ලදී. මින් ලබාගන්නා තීරණ අනුව සැලසුම් ශිල්පීන්ට හා ගොවියන්ට සිය කටයුතු හොඳින් සංවිධානය කර ගැනීමට හැකි විය.,sin,wili-2018,sinhala,sinhala
"රජතුමා රාජ්පුරුෂයා විමසන්නාහු, බමුණා ඒ වස්ත්‍ර යුවලද බුදුරජුන්ට පූජා කල බව දැන නැවත සළු හතරක් යැවීය. බමුණා ඒ සළු හතරද බුදුරජාණන්ට පිදීය. රජතුමා ඒ බවද දැනගෙන නැවත සළු දෙගුණ කොට යැවීය. බමුණු තෙමේ සළු බුදුරජාණන් වහන්සේට පූජා කරන්නේද, රජතුමා නැවත නැවතත් සළු දෙගුණ කොට යැවීය. අවසන රජතුමා සළු තිස්දෙකක් එවූ කල්හි බමුණා ""මෙලෙස වස්ත්‍ර පිදීම වැඩි කොට ගැනීමක් වැනිය"" සිතා තමන්ට හා බැමිණියට සළු දෙකක් ඉතිරි කර අනෙක්වා සියල්ල බුදුරජාණන් වහන්සේට පූජාකලේය.",sin,wili-2018,sinhala,sinhala
සජීවී නොවන එනම් මළ හෝ කළල රූපයක් වුවද ප්‍රසූත කල විට සාමන්‍ය ප්‍රසූතියකදී මෙන් දින 42ක ප්‍රසූතිකාධාර පහසුකම් හිමිවේ. ( මෙම හිමිකම ලැබීමට කළලය සති 42 හෝ අගල් 12ක් දිග හෝ රාත්තල් දෙකක් බර විය යුතුය.),sin,wili-2018,sinhala,sinhala
"සූර්යාදිනාත පවසන ආකාරයට බටහිර සමාජ වල බිහිවී ඇති නිර්වචන වලට බටහිර නොවන සමාජවල ඇත්තේ සිමිත භාවිතාවකි. ඔහු පවසන්නේ සංවිධානයේ කාර්යයන් ඉතා වැදගත් වන බැවින්,එම සංවිධානයට තමන්ව දේශපාලන පක්ෂයක් ලෙස හඳුනාගැනිමට වඩා වැදගත් වන්නේ දේශපාලන කාර්යයන් මුල් කර ගනිමින් ගොඩනැගිම බවය.",sin,wili-2018,sinhala,sinhala
"1740 අප්‍රේල් මස, ඛාර්ගොන්හි සිය බිම්වල විමර්ශනයක යෙදී සිටිය දී බාජිරාඕ උණ රෝගයක් වැළඳී හදිසියේම රෝගාතුර විය. (තාප ආඝාතයක් විය හැක) කාෂිබායි, චිමාජිඅප්පා සහ බාලාජි (නානාසහේබ්) ඛාර්ගොන් වෙත පැමිණියහ. ඔහුගේ අවමංගල්‍යයට සහභාගී වීමට මස්තානිට අවසර හිමි නොවිණි. 1740 අප්‍රේල් 28 දින නර්මදා ගං ඉවුරේ රාවේර් ඛේද්හි දී බාජිරාඕගේ සිරුර ආදාහනය කෙරිණි. ඉන් මඳ කලකට පසු, පූනේ අසල පාබල් ගම්මානයේ දී මස්තානි ද මරණයට පත් විය‍.",sin,wili-2018,sinhala,sinhala
"ක්‍රි.පූ. 4වන සියවස වන විට, මුල්කාලීන ලෝකඩ යුගයට අයත් ""පවුරු බැඳි නගර-රාජ්‍ය"" ප්‍රදේශවල දියුණුවූ දේශපාලන ව්‍යූහයක් සහිත රාජ්‍ය වර්ධනය විය. මේ අතරින් අර්ධද්වීපයේ වූ දියුණුම රාජ්‍යය ගෝජොසොන් විය. යාබද නගර-රාජ්‍ය සමග සන්ධාන හෝ යුධ ආක්‍රමණ මගින් මෙම නගර-රාජ්‍ය සිය භූමි ව්‍යාප්තිය පුළුල් කරගන්නට විය. මෙලෙසින් තේදොං සහ ලියාඕ ගංගා අතර දේශපාලන බල ප්‍රදේශ විශාල රාජ්‍ය සංගමයක් ලෙස සංවිධානය විය. ගෝජොසොන් පරිණාමය වීමේ දී, චෞ රාජවංශ සම්ප්‍රදාය අනුකරණය කරමින් එහි නායකයා ""රජ"" (හාන්) යන පදවිය ආරූඪ කරගත්තේ ය. මෙකලම යැන් (燕) නායකයා ද මෙම ක්‍රමය අනුගමනය කොට තිබිණි. මෙම කාලයට අයත් වාර්තාවල, උතුරු චීනයේ වැඩවසම් රාජ්‍යය සහ ගෝජොසොන් ""සංයුක්ත"" රාජධානිය අතර එදිරිවාදිකම් පැවති බව සඳහන් ය. ලියාඕ ගංගාවට එපිට දී යැන්වරුන්ට ප්‍රහාර එල්ල කිරීමට සැලසුමක් ද විය. මෙම ඝට්ටනය ක්‍රමයෙන් ගෝජොසොන්හි පරිහානියට සහ බිඳ වැටීම හේතු විය. යැන් වාර්තාවල ගෝජොසොන් විස්තර කොට ඇත්තේ ""උඩඟු"" සහ ""කෲර"" රාජ්‍යයක් ලෙසයි. නමුත් එහි පුරාතන රාජධානිය සංකීර්ණ සමාජ ව්‍යූහයක් පැවති, සමෘද්ධිමත්, ලෝකඩ යුගයේ ශිෂ්ටාචාරයක් වූ බැව් පෙනේ. ‍එහි අශ්වාරෝහක සෙබල කණ්ඩායම් ද පැවති අතර, ඔවුහු උතුරුදිගින් ලියාඕදොං ද්‍රෝණියේ වැඩි ප්‍රමාණයක් දක්වා ගෝජොසොන් රාජ්‍යය පුළුල් කිරීමට දායක වන්නට ඇත.",sin,wili-2018,sinhala,sinhala
"Fractional distillation in a laboratory makes use of common laboratory glassware and apparatuses, typically including a Bunsen burner, a round-bottomed flask and a condenser, as well as the single-purpose fractionating column.",sin,wili-2018,sinhala,sinhala
"බෙක්ජේ බෞද්ධ ප්‍රතිමාවලට ලාක්ෂණික වූ ස්වාභාවිකත්වය, උද්‍යෝගීභාවය සහ ලාලිත්‍යවත්භාවය අනන්‍ය කොරියානු‍ ශෛලියක් නිරූපණය කරයි. කොරියානු ආභාසයට අනන්‍ය වූ තවත් ලක්ෂණයක් ලෙස සුවිශේෂී ""බෙක්ජේ සිනහව"" දැක්විය හැක. බොහෝ බෙක්ජේ ප්‍රතිමාවල මෙම ගුප්ත සිනහව දක්නට ලැබෙයි. දැවමය ගෘහනිර්මාණ ශිල්පය පිළිබඳ නොනැසී පවතින උධාහරණ දැකගත නොහැකි වුවත්, මිර්යුක්සා භූමියෙහි විනාශ වූ විහාරයක අත්තිවාරම් පාෂාණ දැකගත හැකි අතර, බෙක්ජේ ගෘහනිර්මාණය පැවති ආකාරය පිළිඹිබු කෙරෙන ග්‍රැනයිට් ස්තූප දෙකක් නිරුපද්‍රිතව පවතී. බෙක්ජේ ගෘහනිර්මාණ ශිල්පයේ ආභාසය ලත් තවත් ගොඩනැගිල්ලක් ලෙස ජපානයේ හොර්යු-ජි විහාරය සැලකිය හැක්කේ, එහි මුල් විහාරය ඉදි කිරීමට බෙක්ජේ වාස්තු විද්‍යාඥයින් සහ කලා ශිල්පීන් උපකාරී වූ නිසායි.",sin,wili-2018,sinhala,sinhala
ශාස්ත්‍රීය සංගීතයේදී මෙය බහුලව භාවිත වේ. තාන්බුරා නමින්ද හැදින්වේ.උතුරු ඉන්දීය හා දකුණු ඉන්දීය ශාස්ත්‍රීය සංගීතයේ ශ්‍රැති පිහිටුවා ගනු ලබන්නේ මෙමගිනි. තත් සතරකින් යුක්ත වේ. පිරිමි හා ගැහැණු කටහඬට උචිත වන ලෙස තාන්පුරා නිර්මාණය කිරීම විශේෂත්වයකි. සිතාරයේ මෙන් විහාල තුම්බාවක් ඇත. මෙහි පර්දාවක් නොමැත.,sin,wili-2018,sinhala,sinhala
"භාගික ආසවනය is the separation of a mixture into its component parts, or fractions, such as in separating chemical compounds by their boiling point by heating them to a temperature at which several fractions of the compound will evaporate. It is a special type of distillation. Generally the component parts boil at less than 25 °C from each other under a pressure of one atmosphere (atm). If the difference in boiling points is greater than 25 °C, a simple distillation is used.",sin,wili-2018,sinhala,sinhala
ඊළඟ ඡේදවලින් කියවෙන කරුණුවලදී තොග සංස්ථාවල තොග හිමියන් හැඳින්වීමටත් තොග නොවන සංස්ථාව සාමාජිකයන් හැඳින්වීමටත් ”සාමාජිකයන්” යන පදය භාවිත කරනු ලැබේ.,sin,wili-2018,sinhala,sinhala
කේන්සියානු න්‍යායට අනුව සමස්ත ඉල්ලුම ඉහළ යනවිට ඉල්ලුම් වක්‍රය දකුනට විතැන් විම නිසා ඉල්ලුමෙන් ඇදෙන උද්ධමනය ඇති වේ.එනම් සමස්ත ඉල්ලුම ඉහළ යන නිසා සේවා නියුක්තිය ඉහළ යයි .සේවා නියුක්තිය ඉහළ යන විට සමස්ත ඉල්ලුම ඉහළ යයි මෙහි දි මිලට ඇති වන බලපැම තිරනය කරනුයේ සමස්ත සැපයුම් වක්‍රයේ හැඩ යයි.,sin,wili-2018,sinhala,sinhala
"DevNations: a Developing Nations license, which only applies to countries deemed by the World Bank as a ""non-high-income economy"". Full copyright restrictions apply to people in other countries.",sin,wili-2018,sinhala,sinhala
ඇතැම් අද්‍යතන කොරියානු සිතුවම් කොරියානු සෙරමික් සහ කුඹල් කර්මාන්තය හා සම්බන්ධව අධ්‍යයනය කළ හැක. මේවායේ ඔපය සහ බටහිර සිත්තම් සම්ප්‍රදායයන්ට සාපේක්ෂව කොරියානු නිර්මාණවල භාවිතා වූ ඔප දැමීමේ රටාවන් මෙහි දී වැදගත් වේ. බුරුසු පහර මේනම මෙය ද බටහිර කලා ශිල්පීන්ට වැදගත් අංගයකි. බුරුසු පහර අනුව සිතුවම් විනිශ්චය කිරීම ශුද්ධ ක්‍රමවේදයකට එහාගිය දෙයකි.,sin,wili-2018,sinhala,sinhala
"නිහාරිකාව තුළ සංඝනීකරණය වීමත් සමඟම එය තුළ වූ පරමාණු වැඩිවන සංඛ්‍යතයකින් ගැටීමට පටන් ගැණුනි. වැඩිම ස්කන්ධ ප්‍රමාණයක් එකතු වී ඇති මධ්‍යයය තැටියේ අනෙක් පෙදෙස්වලට වඩා උණුසුම් විය. ගුරුත්වය, වායු පීඩනය, චුම්භක ක්ෂේත්‍රය හා භ්‍රමණය නිහාරිකාව මත ක්‍රියාකර එය භ්‍රමණය වන දල වශයෙන් පරිධිය 200AU වන මධ්‍යයේ උණුසුම්, ඝනත්වයෙන් ඉහළ පූර්ව තරුවකින් (proto sun) යුත් ප්‍රාථමික ග්‍රහ තැටියක් බවට පත් විය. වයසින් අඩු, පරිණාමයේ මෙම අවස්ථාවේ දී හිරුට සාමාන යැයි විශ්වාස කෙරෙන පූර්ව විලයන සූර්ය ස්කන්ධ තාරකා, (T ටෝරි තාරකා) පිළිබඳ අධ්‍යයනයන් පෙන්වන්නේ එම තාරකා නිතරම පූර්ව ග්‍රහ පදාර්ථවලින් යුත් තැටි සමඟ ඇති බවයි. මෙම තැටි නක්‍ෂත්‍ර ඒකක සිය ගණනක් දක්වා විස්තීරණය වන අතර එළඹෙන උපරිම උෂ්ණත්වය කෙල්වින් දහසක් පමණ වේ.",sin,wili-2018,sinhala,sinhala
"ජර්මානු කම්කරු පක්ෂය (ජර්මානු: ඩොයිෂ් ඇල්බර්ටාපාර්ටයි, ඩීඒපී) යනු, නාසි පක්ෂයෙහි (ජර්මානු: නැටිසියොනාලසෝෂියලිට්ස්ෂසර් ඩොයිෂ් ඇල්බර්ටාපාර්ටයි, එන්එස්ඩීඒපී) මන්දායුෂ්ක පූර්වප්‍රාප්තිකයා විය.",sin,wili-2018,sinhala,sinhala
ඒකාධිකාරි වෙළඳපොල ස්වරුපයක් හෝ ද්වි අධිකාරි තත්වයක් හෝ සමාගම් කිපයක් පවතින අවස්ථාවක මෙවනි තත්වයක් ඇති වේ.ද්වි අධිකාරි හා කතිපයාධිකාරි සමාගම් අතර තරගයක් නම් ලාභ ලැබිය නොහැක එහිදි රහස් ගිවිසුම් වලට එළඹිමෙන් මිළ ඉහළ මට්ටමක පවත්වා ලාභ තල්ලු වු උද්ධමනය ඇති කල හැක.,sin,wili-2018,sinhala,sinhala
ශ්‍රී ලාංකීයනට උරැමකම් කියන ලද එල්ලේ ක්‍රීඩාව වසර ගණනක් පුරා අතීත මුතුන් මිත්තන් විසින් විනොදාත්මක ක්‍රීඩාවක් වශයෙන් කරගෙන ගියද ජත්‍යන්තර වශයෙන් ඉදිරියට නොගිය අතර එය අන්තර්ජලයේ කිසිදු සටහනක් දක්නට නොමැති විය එය මනා ලෙසින් වටහා ගත් මොහු එල්ලේ ක්‍රීඩාව අන්තර්ජාලයට යොමු කිරිමට කටයුතු සලස්වමින් එල්ලේ ක්‍රීඩාවේ ප්‍රථම වරට බ්ලොග් අඩවි මගින්ද පසුව එල්ලේ ක්‍රීඩාව සදහාම වු ප්‍රථම සහ එකම අන්තර්ජාල පිටුව වශයෙන් www.srilankaelle.com එල්ලේ ක්‍රීඩාව පිළීබදව යන වෙබ් පිටුව නිර්මාණය කරමින් මෙම ක්‍රීඩාව ජාත්‍යන්තර තලයට රැගෙන යාම පිණීස කටයුතු කරන ලදී එම ප්‍රථම වෙබ් පිටුව,sin,wili-2018,sinhala,sinhala
"මිනිසුන් රෝගි කිරිමට සමත් බලයක් යක්ෂයන් සතුව ඇත. ඔහු ඒ සම්බන්ධයෙන් යක්ෂයන් අතර නායකයා වන වෙසමුණි රජුගෙන් අවසර ගෙන ඇත. යක්ෂ භූත පිසාචයන් ලෙඩ රෝගවලට මුල් වන බව පෙනේ. යක්ෂයින් තුළද විවිධ තරාතිරම් ඇත. නායකයෙකු වෙයි. ඔහු වෙසමුණි නම් වේ. මිනිසුන් මැරීමට යකුනට තහනම් කර ඇති මොහු ලෙඩ රෝග ඇති කර තම අභිමතාර්ථ සාධනයට ඉඩ හැර ඇත. යක්ෂයන් අතර වුව රීරි යකා බල සම්පන්නයෙකු ලෙස හැදින්වේ. මොහු විශේෂයෙන්ම ලේ හා සම්බන්ධ රෝගවලට ප‍්‍රධාන වන ආකාරයක් පෙනේ. විශේෂයෙන්ම ස්ත‍්‍රීන්ගේ රෝග හා සමග මෙම සංකල්පය ගොනු වී ඇත. කිළි අවස්ථාවලදී විශේෂයෙන් මෙම බලපෑම් වලින් මිදීමට නොහැකි බව ඔවුන්ගේ විශ්වාසයක් පවතින නිසා කෑම ගැනීම්වලින් පවා ඉතා ප‍්‍රවේශම් වේ (ධර්මකීර්ති, 1996 : 178).",sin,wili-2018,sinhala,sinhala
"Design and operation of a distillation column depends on the feed and desired products. Given a simple, binary component feed, analytical methods such as the McCabe-Thiele method or the Fenske equation can be used. For a multi-component feed, simulation models are used both for design and operation.",sin,wili-2018,sinhala,sinhala
"මුහුදු මට්ටමේ සිට අඩි 672ක් පමණ උස්වූ ගල් පර්වතයෙහි ගොඩනැගූ මුල්කිරිගල රජමහා විහාරය ප්‍රධාන මළු පහකින් සමන්විත වෙයි. සියඹලා මළුව, පහළ මළුව, මැද මළුව, රජමහා මළුව, උඩහ මළුව යන මළු ඊට අයත් වේ. විහාරස්ථාන පර්වතයෙහි මුදුනතට පිවිසීම සඳහා ආසන්න වශයෙන් පියවර 550ක පමණ පඩි තරණය කල යුතු වේ.",sin,wili-2018,sinhala,sinhala
"ජීවිතය:මානව යහපත සඳහා වන කතා, සංචාරක, රථ වාහන, තාක්ෂණික, විනෝදාත්මක පුවත්, සමාජයක් පිටුව, උපදෙස් තීරු, විහිලු ප්‍රෙහෙළිකා, මෙරට රූපවාහිනී ලේඛණ සහ චිත්‍රපට දැන්වීම් ඇතුළු විශේෂාංග කොටස.",sin,wili-2018,sinhala,sinhala
මෙහි පහත සඳහන් වන්නේ 7/7 බෝම්බ ප්‍රහාරයට ගොදුරු වූ හඳුනාගත් පුද්ගලයින් 52 දෙදෙනෙකුගේ තොරතුරුය. සිද්ධියට ලක් වූ සහ තුවාල ලත් අය සම්බන්ධ වැඩි විස්තර සඳහා බලන්න. පහත ලේඛණයේ පෙනෙන වින්දිතයන්ගේ පින්තූර සඳහා සම්බන්ධතාවය අනුගමනය කරන්න.,sin,wili-2018,sinhala,sinhala
රෝම නගරය ටයිබර් ගගෙහි ජල පහරක් අසල පිහිටි ප්‍රවාහන හා වාණිජ කටයුතු වලින් යුක්ත වු ජන වාසයකින් වර්ධනය විය පුරා විද්‍යාත්මක සාක්ෂි වලට අනුව රෝම ග්‍රාමය ක්‍රි.පු 8 වන සියවසෙහි කිසියම් කාලයකදි ඇතිවුවා විය හැකිය. කෙසේ වුවද එය ක්‍රි.පු. 10 වෙනි සියවසෙහි ඉතාලියේ ලතින් ග්‍රෝත්‍රක සමාජකයින් විසින් පැලටයින් කදු මුදුනේ පිහිටුවාද විය හැකිය. ඉන් පෙර එඩ්නරියා වලින් උතුරෙහි පදිංචිව සිටි එඩ්රැස්කන්වරු වංශවත් හා රාජකීය ප්‍රභූ පන්තියක් ස්ථානය කරමින් ක්‍රි.පු. 7 වන සියවසෙන් පසු භාගයේදි එම කලාපය තුල දේශපාලන බලය පිහිටුවා ගත් බව පෙනේ. ක්‍රි.පු. 6 වන සියවසේ පසු භාගය වන විට එඩ්රැස්කන්වරුන් වෙතින් ප්‍රදේශයේ බලය ගිලිහි ගිය බව පෙනේ. මෙම අවස්ථාවේදි මුල් ලතින් හා සැබයින් ගෝත්‍රකයින් පාලකයන්ට සිය බලය පාවිච්චි කිරීමට‍ ඇති ඉඩකඩ වඩාත් සිමාකර සමුහාණ්ඩුවක් නිර්මාණය කරමින් යලි ඔවුන්ගේ පාලනය පිහිටුවුහ.,sin,wili-2018,sinhala,sinhala
"ජුදා ආගම යනු, යුදෙව් ජනයාගේ ආගම, දර්ශන වාදය සහ දිවි පිළිවෙත වෙයි. ජුදා ආගම, ඒකදේවවාදී ආගමක් වන අතර, එහි ප්‍රධාන අනභූතිය, (ටනාහ් යනුවෙන්ද හැඳින්වෙන) හෙබ්‍රෙව් බයිබලය මත පදනම්ව හෝ එහි අඩංගුව හෝ ඇති අතර, ටල්මූඩ් වැනි පසුකාලීන ග්‍රන්ථ පෙළ විසින් එය ගවේෂණය කර ඇත. ආගම් ලැදි යුදෙවුවන් විසින් ජුදා ආගම සැලකෙන්නේ, ඊශ්‍රායෙලයේ දරුවන් හා සමග දෙවියන්වහන්සේ ඇති කර ගත් ගිවිසුම් ප්‍රකාර සම්බන්ධතාවයක් ලෙසිනි.",sin,wili-2018,sinhala,sinhala
මැජිනොට් රේඛාව සඳහා තර්කනයන් ඉදිරිපත් වන්නේ පළමු ලෝක යුද්ධයේ දී ප්‍රංශයේ භයානක පරාජයන් හා ප්‍රංශ ජන විකාශනය කෙරෙහි ඒවායේ ආචරණයන් මඟිනි. යුද්ධය තුළ දී හා පසුව ජාතික උපත් අනුපාතිකයේ පහත වැටීම ජාතියට තරුණ මිනිසුන් ඌනතාවයක් ඇති කළ අතර ප්‍රංශයේ බලෙන් බඳවා ගත් හමුදාව නිම්නාදයක් ඇති කළේය. මානව සම්පත් ඌනතාවය සමඟ ප්‍රංශ සැලසුම්කරුවන්ට වඩාත් වයස්ගත හා දරා ගැනීමේ හැකියාව අඩු විශේෂ අවස්ථාවල දී බඳවා ගත් පිරිස් මත රඳා පැවතීමට සිදු වේ. සංඛ්‍යාන ආරක්ෂක පිහිටුම් එබැවින් පිරිසෙන් හා චලනයෙන් අඩු භට පිරිස් මඟින් යම් ප්‍රදේශයන් ආරක්ෂා කිරීමට හා කල් දැමිමට ලක් වීමට සිදු විය.,sin,wili-2018,sinhala,sinhala
සිකුරු ග්‍රහයාගේ වායුගෝලයෙන් ලබාගන්නා වර්ණාවලි දත්ත මගින් සෞරග්‍රහ මණ්ඩලයෙන් පිටත පවතින ග්‍රහලෝක වල දැනට නොදන්නා වායුගෝල සංසන්දනය කරනු ලබයි.,sin,wili-2018,sinhala,sinhala
"ගයා සංයුක්තය යනු මධ්‍යගත රාජධානියක් ලෙස සංවිධානය නොවූ නගර-රාජ්‍ය සමූහයක එකතුවකි. මෙහි ද හමුවන වෘක්ෂාකාර නෙරුම් සහිත කිරුළු වැනි පුරාවස්තු සිල්ලා සහ බේකජේ සම්ප්‍රදායයන්ට නෑකම් කියයි. ගයා ගොඩැලිවලින් අනාවරණය කර ගැනුණු බොහෝ පුරාවස්තු අශ්වයන්ට අයත් පාපටි, සෑදල සහ අශ්ව සන්නාහ ආදිය වේ. මින් පෙර සෑම යුගයකටම වඩා යකඩ කර්මාන්තය මෙහි බහුලව පැවතිණි.",sin,wili-2018,sinhala,sinhala
මහාචාර්ය සරත් කොඩිතුවක්කු (තවද: සරත් එස් කොඩිතුවක්කු) (ඉංග්‍රීසි: Sarath Kodithuwakku) යනු ප්‍රධානී කෟෂිකර්ම පීඨය පේරාදෙණිය‍ විශ්වවිද්‍යාලය පේරාදෙනිය.,sin,wili-2018,sinhala,sinhala
"බාජිරාඕ විසින් සිය අර්ධ-මුස්ලිම් බිසව වූ මස්තානිට පෙම් කිරීමත්, කාෂිබායිව නොසලකා හැරීමත් ඔහුගේ මව වූ රාධාබායිගේ කෝපයට හේතු විය. රාධාබායිට අමතරව, බාජිරාඕගේ සොහොයුරා වූ චිමාජිඅප්පා මස්තානිව පිටුවහල් කිරීමට ද උත්සාහ දැරී ය. බාජිරාඕගේ පුත්‍ බාලාජි සිය පියාව අත්හැරීමට මස්තානිට බලකළේ ය. නමුත් මස්තානි එය ප්‍රතික්ෂේප කළා ය. බාජිරාඕ කෙරෙහි ඇය බලපෑම් කිරීම සහ කාෂිබායිව නොසලකා හැරීම පිළිබඳ කෝප වූ ඔවුහු බාජිරාඕ ආක්‍රමණයක් සඳහා පිටත්ව ගිය අවස්ථාවේ මස්තානිව කාලයක් නිවාස අඩස්සියේ රැඳවූහ.",sin,wili-2018,sinhala,sinhala
ඔහුගේ පුත් වූ අශෝක අධිරාජ්‍යයා විසින් එම රාජධානිය උරුම කර ගත් අතර ඔහු මෙම ක්‍රමය ඔහුගේ රාජධානිය ව්‍යාප්ත කිරීමට පටන් ගත්තේ ය. කාලිංග රාජ්‍යය ආක්‍රමණයේ දී සිදු වු අති සුවිසල් විනාශයෙන් පසු බුදුදහම වැළඳ ගැනීමෙන් ඔහු නැවත ලේ වැගිරවීම් නැවැත් වු අතර අවිහිංසාකාමී මාර්ගයකට යොමු විය. අශෝක අධිරාජ්‍යයාගේ රාජාඥා දැනට ඉන්දියාවේ ඉතිරිව ඇති පැරණි තම ඓතිහාසික ලිපි ලේඛන වන අතර එමගින් අශො‍්ක අධිරාජ්‍යයාගේ කාලයේ සිට ඉදිරියට පැවති රජ පෙළපත්වල දළ නියම කිරීමක් සිදු කිරීමට හැකි විය. අශෝක අධිරාජ්‍යයා යටතේ වු මයුරන් රජ පෙළපත මුළු නැගෙනහිර ආසියාව හා ගිනි කොණ දිග ආසියාව පුරා බුදු දහම පැතිර වීමට හේතු වු අතර එමගින් සමස්ථයක් ලෙස ආසියාවේ ඉතිහාසය හා දියුණු වීම වේගවත් කරන ලදී. අශෝක අධිරාජ්‍යයා ලෝකයේ දැනට පහල වු ශ්‍රේෂ්ඨතම පාලකයෙක් ලෙස සැලකෙයි.,sin,wili-2018,sinhala,sinhala
පුරා ප්‍රවෘත්ති විකාශය කරයි. ඒ. ජනපදනයේ CNN හෝ ඒ. රාජදානියේ BBC වැනි නොලිකා ප්‍රවෘත්ති විකාශනය කරයි. අන්තර්ජාල පුවත් වාර්තාද දවස පුරා අලුත් වේ.,sin,wili-2018,sinhala,sinhala
විපස්සී බුදුරජාණන් වහන්සේ ධර්ම දේශනා කරන්නේ සත්වසරකට වර බැගිනි. ධර්ම දේශනා කරන දින ළංවන කල්හි දෙවියෝ ඒ බව දඹදිව මුළුල්ලේ පතල කරති. එවිට මහත් වූ සෙනඟ දහම් ඇසීමට යති. මේ ආරංචිය දුප්පත් වූ බමුණාටද ඇසිණි. නමුත් ඔහුට තිබුනේ එක් වස්ත්‍රයක් පමණි. ඒ නිසා ඔහුට ඒක ශාටක බ්‍රාහ්මණයැයි කියති. ඔහුගේ භාර්යාවටද තිබුණේ එක් වස්ත්‍රයක් පමණි. එසේම ඔවුන් දෙදනාටම පෙරවීමට තිබුණේද එක වස්ත්‍රයක් පමණි. එම නිසා ඔවුන් දෙදනාටම එකවර දහම් දේශානාවට සවන් දීමට එලියට යා නොහැකිව තිබුණි.,sin,wili-2018,sinhala,sinhala
"පැය කීපයක් තුල මෙට්‍රෝ පොලිටන් පොලිස් කොමසාරිස් ශ්‍රීමත් ඉයන් බ්ලෙයාර් ""මෙය විශාල ත්‍රස්තවාදි ප්‍රහාරයක් විය හැකිය"" යනුවෙන් ප්‍රකාශ කළේය. කවුරු ප්‍රහාරය එල්ල කළාදැයි විස්තර නොකළ නමුදු පිපිරිම සිදු වූ තැන තිබී පුපුරණ ද්‍රව්‍ය වල ස්වභාවය පෙන්වන ලකුණු ඔහු සොයා ගත්තේය. මෙහිදි පරීක්ෂණ කටයුතු කිසියම් ත්‍රස්තවාදි පිරිසක් වෙත එල්ල විය.",sin,wili-2018,sinhala,sinhala
"චාරුමතී යනු උපබිසවකට දාව උපන් ඉන්දියානු අධිරාජ අශෝකගේ දියණියකි. එසේම ඇය අසන්ධිමිත්‍රා අධිරාජිනියගේ හදාගත් දියණිය ද වූවා ය. ඇය විසින් චාරුමතීහට හෙදකම් උගන්වන ලදී. ඇය කත්මන්ඩුහි නේපාල කුමරකු වූ දේවපාල ක්ෂත්‍රීය සමග විවාහ වූවා ය. නේපාලයේ පැරණිතම බෞද්ධ විහාරයන්ගෙන් එකක් වන චාබාහිල් ආශ්‍රමය (චාරුමතී විහාරය ලෙස හැඳින්වේ) ගොඩනංවන ලද්දේ ඇය විසින් යැයි සැලකේ. සිය පියාගේ අවසන් කාලයේ ඇය විසින් සිය පියාව රැකබලාගන්නට ඇතැයි සැලකෙන අතර, උපගුප්ත සමග බෞද්ධ වන්දනා ගමන්වල දී ඔහුට සහාය වන්නට ඇතැයි විශ්වාස කෙරේ. ඇය සහ අශෝක අධිරාජයා නේපාලය නැරඹීමට පැමිණි බවට ලිඛිත සාක්ෂි හමුවුවත්, 2003 තෙක්ම ඒ බවට කිසිදු පුරාවිද්‍යාත්මක සාක්ෂියක් හමුනොවිණි. 2003දී ධන්දෝ චෛත්‍යයේ ප්‍රතිසංස්කරණ කටයුතු අතරතුර දී, පුරාවිද්‍යාඥයනට ඇගේ නාමය කැටයම් කළ ගඩොල් කැබැල්ලක් හමු විය. එහි ඉහළ මුහුණතේ බ්‍රාහ්මී අක්ෂරවලින් චා රු ව ති යන්නත්, භූජිමොල් අක්ෂරවලින් චා රු ව ති ධන්දේ / හේ තු ප්‍ර භා යන්නත් සඳහන් වේ. මෙම ගඩොල 35.5 cm x 23 cm x 7 cm යන මිනුම්වලින් සහ 8.6 kg ක බරකින් යුතු ය.",sin,wili-2018,sinhala,sinhala
"කොරියානු වේදිකා පසුතල නිර්මාණය සතුව ද දීර්ඝ ඉතිහාසයක් පවතින අතර, එළිමහන් වේදිකාවල ඇරඹි මේවා භූමිදර්ශන සිතුවම්වල ආභාසය ලබා සිතුවම් විය. මෙය අනුකරණය කරමින් මාලිග හා විහාරවල චාරිත්‍ර වේදිකා සහ නාට්‍ය මණ්ඩප සඳහා මෙවන් තිර භාවිතා වී ඇත. කොරියානු වෙස්මුහුණු සාමාන්‍යයෙන් ෂාමන්වාදී කටයුතු සඳහා භාවිත වුව ද, ජනකලා නාට්‍ය සඳහා සුලබව භාවිතා වී ඇත. 1945න් පසු කාලයේ වෙස්මුහුණු සංචාරක ආකර්ෂණයක් බවට පත්වූ අතර, සිහිවටන ලෙස විශාල වෙස්මුහුණු සංඛ්‍යාවක් ප්‍රතිනිර්මාණය කෙරිණි.",sin,wili-2018,sinhala,sinhala
"ජොසොන් රාජවංශය යුධ ආක්‍රමණ මත ගොඩනැගුණක් වුව ද, ගොර්යෝ කලාවන් මෙකල පරිණාමයට පත්වීමට බාධාවක් නොවිණි. එසේම බෞද්ධ සංකේත (උණබට, ඕකිඩ්, ප්ලම් සහ කපුරු; සමාන වාසනාවන්ත සංකේත) සිතුවම් සඳහා දිතටම භාවිතා විය. වර්ණ හෝ ස්වරූපයන් කිසිවක් සැබැවින්‍ වෙනස් නොවූ අතර, පාලකයින් කලාවට බාධාවක් දැක්වූයේ ද නැත. මුල්කාලීන රාජවංශික කෘති තුළ මිං ආභාසය සහ ආනයනිත ශිල්ප ක්‍රම දැකගත හැක.",sin,wili-2018,sinhala,sinhala
"ටූපැක් අමාරු ෂාකූර් (/ˈtuːpɑːk ʃəˈkʊər/ TOO-pahk shə-KOOR-'; ජාතක නාමය ලසීන් පැරිෂ් කෘක්ස්; 1971 ජූනි 16 – 1996 සැප්තැම්බර් 13), ටූපැක් 2පැක් මැකියාවේලි සහ මැකාවෙලි, යන වේදිකා නාමයන්ගෙන්ද හැඳින්වූ දිවංගත ඇමරිකානු රැප් සංගීතවේදියෙක් හා නළුවෙකි. 2007 වසර වන විට පමණක්, ෂාකූර්ගේ සංගීත නිර්මාණ ලොවපුරා මිලියන 75ක ප්‍රමාණයක් අලෙවිවී තිබේ. ඔහුගේ ද්විත්ව තැටි ඇල්බම අතර වන ඕල් අයිස් ඔන් මී සහ ග්‍රේටස්ට් හිට්ස් ඇල්බමයන් එක්සත් ජනපදයේ හොඳින්ම-අළෙවිවූ සංගීත ඇල්බම. අතරට ඇතුළත්ය. ඔහු ලොව එදාමෙදාතුර බිහිවූ ශ්‍රේෂ්ඨතම කලාකරුවන්ගෙන් අයෙක් බවට අන්තර්ජාතික සඟරා බොහොමයකින් ශ්‍රේණිගතකොට ලැයිස්තුගත කර ඇත. රෝලින් ස්ටෝන් හි ටූපැක් ෂාකූර් ලොව බිහිවූ ශ්‍රේෂ්ඨතම කලාකරුවන් 100 දෙනා අතුරින් 86 වන ස්ථානයට ශ්‍රේණිගත කොට ඇත. ඔහු නිත්‍යවශයෙන් ලොව ශ්‍රේෂ්ඨතම රැප් සංගීතවේදීන්ගෙන් අයෙක් බවට සදාකාලිකව ශ්‍රේණිගත කොට ඇත, එමෙන්ම එදාමෙදාතුර බිහිවූ වඩාත් ආනුභාවසම්පන්න රැප් සංගීතවේදීන් අතරින් එක් අයෙක් වේ.",sin,wili-2018,sinhala,sinhala
බිම්බිසාර රජතුමාගේ මරණය ඔහුගේ පුත්‍රයා වූ ආජාසත්ත කුමරු නිසා සිදුවිය. අසල්වැසි කෝසල රාජ්‍යයේ රජ වූ බිම්බිසාර රජගේ මාමණ්ඩිය වූ පසේනදී රජු විසින් තෑගි කරන ලද කාසි ප්‍රදේශය ආපසු රැගෙන කොසල හා මගධ රාජ්‍යයන් අතර යුද්ධයක් දියත් කරන ලදී. සැගවී සිට පහර දුන් සේනාව විසින් අජාසත්ත රජු සහ ඔහුගේ සේනාව අල්ලාගත් නමුත් පසේනදී රජු විසින් අජාසත්ත හා ඔහුගේ සේනාවට ආපසු මගධ දේශයට යාමට අවසර දුනි. පසුව කාසි ප්‍රදේශය යථා තත්ත්වයට පත් කර කරුණු රජකු හට සිය දූ කුමරියද සරණපාවා දෙන ලදී.,sin,wili-2018,sinhala,sinhala
"රජ පෙළපත් : බිහාර්ද්‍රත පෙළපත, ප්‍රද් යෝත පෙළපත, සිසුනාග පෙළපත (684 – 424 BC), නන්ද පෙළපත, මෞර්යය පෙළපත, ශුංග පෙළපත, කණ්ව පෙළපත, ගුප්ත පෙළ පත",sin,wili-2018,sinhala,sinhala
"ඹහු ශ්‍රී ලංකා ජනපති මහින්ද රාජපක්ෂ මහතා සහ, චමල් රාජපක්ෂ, බැසිල් රාජපක්ෂ, ගෝඨාභය රාජපක්ෂ, රුසියාවේ ශ්‍රී ලංකා තානාපති උදයංග වීරතුංග යන මහත්වරුන්ගේ ඥාති සොහොයුරා වන අතර වර්තමාන ශ්‍රී ලංකා ගුවන් තොටුපල හා ගුවන් ගමන් සේවා සභාපති ප්‍රසන්න වික්‍රමසූරිය මහතාගේ සොහොයුරාද වෙයි.",sin,wili-2018,sinhala,sinhala
"එවකට ලංකාවේ බ්‍රිතාන්‍ය ආණ්ඩුකාරවරයා වූ මේට්ලන්ඩ් විසින් මහා පරිමාණ නීතිමය හා සාමාජයීය ප්‍රතිසංස්කරණ රැසක් හඳුන්වා දෙන ලදී. එහි අරමුණ වුයේ බ්‍රිතාන්‍ය බලය ආරක්ෂා කිරීම හා ව්‍යාප්ත කිරීමයි. දූෂණ තුරන් කිරීම සඳහා සිවිල් සේවය ප්‍රතිසංවිධානය කිරීමද, කුල නීතිය පදනම් කර ගත් ලාංකික මහාධිකරණයක් ආරම්භ කිරීම ද ඊට ඇතුළත් විය. ඒ සමඟ ලන්දේසි පල්ලිවලට තිබුණු වරප්‍රසාද නැති වූ අතර කතෝලික ප්‍රජාවට ඡන්ද බලය හිමි විය. මේට්ලන්ඩ් බෞද්ධ අධිකාරී බලයට රහසින් පීඩා කළ අතර යුරෝපීයයන්ට අක්කර 4000 ක බිම් කොටස් දෙන බව පැවසීමෙන් ඔවුන් දිවයිනට ගෙන්වා ගැනීමද අපේක්ෂා කළේය. ඔහුගෙන් පසු පැමිණි රොබට් බ්‍රවුන්රිග් ද මෙම ප්‍රතිපත්ති ඉදිරියට ගෙන ගියේය.",sin,wili-2018,sinhala,sinhala
"එකල්හි හිමාලය වනයේ වැඩ වාසය කරන මහා කාශ්‍යප මහ රහතන් වහන්සේ එක්තරා අධිෂ්ඨානයක් කරන්නාහුය. ඒ කෙසේද යත්, ""යම් දිනෙක මාගේ ශාස්තෲ වූ ගෞතම බුදුරජාණන් වහන්සේ පිරිණිවන් පා වදාළ සේක්ද එකල්හි මේ ගල් ලෙන ඉදිරියේ තිබෙන්නා වූ මේ මල් ගසේ සියලුම මල් පරවී බිම වැටේවා"" යන්නයි.",sin,wili-2018,sinhala,sinhala
බ්‍රිතාන්‍යය තුළ සිටින දුසිමක් පමණ වූ අල් කයිඩා සාමාජිකයින් ගැන පොලිස් ස්නයිපර් ඒකක සෝදිසියෙන් සිටින බව වාර්තා විය. කිසියම් ත්‍රස්තවාදි සැකකරුවෙකු බෝම්බයක් රැගෙන යන බව සැක ඇතිවුවහොත් සහ ඔහුට යටත් වන ලෙස අණ කිරීමෙන් පසුව එය ප්‍රතික්ෂේප කලහොත් වෙඩි තබා මරා දැමීමට අප්‍රකට ආයුධ සන්නද්ධ කණ්ඩායම් වලට අණ දී තිබුනේය.,sin,wili-2018,sinhala,sinhala
"සමාග්‍රාහකයාගේ මුඛ්‍යධාරා ප්‍රතිපත්තියේ අධිශීක්ෂණය සහ එක්සත් ජනපදය පුරාවට K -12 පාසල් වල සහ විශ්වවිද්‍යාලවල උගන්වා ඇති දේ ගැන 1950 -1960 මිනිස් අයිතිවාසිකම් පිළිබඳව පැවැත්වුණු සම්මේලනයේදී ප්‍රශ්න කෙරිණි. ඇමෙරිකානු ඉන්දියානු ශිෂ්‍යයන් දයාබර මහාචාර්යවරුන්ගේ සහය ඇතිව නව අරමුණු සහිත නව වැඩසටහන් සෑදීමට පොළඹ විණි. ඉන්දියානුවන් ඔවුන්ගේ සමාජයට ගොස් සමාග්‍රහණයට පුහුණු කරවනවාට වඩා බලය පැවරීමට ඔවුන්ව පුහුණු කරවන ලදී. සමාජය පුරා පැතිරි යන සහ වි‍ශ්වවිද්‍යාල ශිෂ්‍යන්ට ධාරණය කරගත හැකි වැඩසටහන් ඉහත කී සම්මේලනය විසින් ගොඩනඟා ඇත. තවදුරටත්, පාසල් වල ඇති එවැනි සටහන් ඇමෙරිකානු ඉන්දියානු ඉතිහාසයට, සමාජ විද්‍යාවට සහ දේශපාලනයට නව අරුතක් ගෙන දුණි.",sin,wili-2018,sinhala,sinhala
"මේ ආකාරයට අභිචාරාත්මක ප‍්‍රතිකාර මගින් සිදු වන්නේ විහිළු හා නාට්‍යමය අවස්ථා උපයෝගි කරගනිමින් රෝගියාගේ රුධිරය හා මනස සිරිසිදු කිරීම බව අමරසිංහම් දක්වා සිටී ( අමරසිංහම්,1983 : 981 ).",sin,wili-2018,sinhala,sinhala
"කුරුණෑගල මැතිවරණ දිස්ත්‍රික්කය යනු ශ්‍රී ලංකාවේ 1978 ආණ්ඩුක්‍රම ව්‍යවස්ථාව විසින් ශ්‍රී ලංකාවේ සැදුණු බහු-මන්ත්‍රී මැතිවරණ දිස්ත්‍රික්ක 22 අතුරින් එකකි. වයඹ පළාතේ පිහිටි කුරුණෑගල පරිපාලන දිස්ත්‍රික්කය හා සමග මෙම මැතිවරණ දිස්ත්‍රික්කය සමීපවර්තී වෙයි. වර්තමානයෙහිදී ශ්‍රී ලංකාවේ පාර්ලිමේන්තුවෙහි මන්ත්‍රීවරුන් 225 අතුරින් 15 දෙනෙකු මෙම දිස්ත්‍රික්කය විසින් තෝරා පත් කරනු ලබන අතර 2010 දී එහි ලියාපදිංචි ඡන්දදායකයන් 1,183,649 සිටියහ.",sin,wili-2018,sinhala,sinhala
"පුද්ගලයන්ගෙන් සමන්විත පුද්ගල සහ වෙනත් නෛතික ආයතනවලට (සංවිධාන සහ වෙනත් සංස්ථා වැනි) ඡන්දය ප‍්‍රකාශ කිරීමට සහ සංස්ථාවේ කොටස්වලින් ලබෙන ලාභය බෙදාගනීමට අයිතියක් ඇත. ඒ අනුව ලාභය මුල්කරගත් සංස්ථාවල කොටස් තොග පවත්වාගෙන යන මෙම ඡුන්දහිමියන් කොටස් හිමියන් හෝ තොග හිමියන් ලෙසට හඳුන්වයි. තොග හිමියන් නොමති විට සංස්ථාවක්, තොග නොවන සංස්ථාවක් ලෙසට පැවතිය හැකිය. ඒ වගේම එවන් වූ අවස්ථාවක තොග හිමියන් වෙනුවට, සංස්ථාවේ කටයුතු සඳහා ඡන්දය ප‍්‍රකාශ කිරීමට අයිතිය ඇති සාමාජිකයන් පිරිසකගෙන් සංස්ථාව සමන්විත වේ. තොග නොවන සංස්ථාව ලාභය ලබීමේ අරමුණකින තොරව කටයුතු කරන්නේ නම් එය ලාභ නොලබන සංස්ථාවක් ලෙසට හඳුන්වනු ලබේ. නොඑසේ නම් ලාභය අරමුණු කර නොගත් සංස්ථා ලෙසට හඳුන්වනු ලැබේ.",sin,wili-2018,sinhala,sinhala
"ශිව හින්දු ආගමේ එන ප්‍රධාන දෙවිවරුන් තිදෙනාගෙන් අයෙකි. අනෙක් ප්‍රධාන දෙවිවරුන් දෙදෙනා වන බ්‍රහ්ම, විෂ්ණු සමග ශිව එක්ව ගත්කළ ත්‍රිමූර්තිය ලෙස හැඳින්වේ. විනාශයට අධිපති දෙවියා ද වන ශිව නිර්මාණකාරී දෙවියකු ද වේ. ඉන්දියානු ජනයා අතර වඩාත්ම වන්දනාවට පාත්‍ර වූ දෙවිකෙනකු වන ශිව වෛදික යුගයේ සිටම හින්දු ජනයාගේ ගෞරවයට පාත්‍ර වී ඇත. ශිව දෙවියා ප්‍රධාන දෙවියා ලෙස සලකා ඇදහීම සිදුකරන හින්දු ආගමේ ශාඛාව ශෛව ආගම ලෙස හැඳින්වේ. ශිව දෙවියන්ගේ භාර්යාව වන්නේ පාර්වතී දෙවඟන ය. ශෙව ආගමේ ඉහළම දෙවියා ලෙස සැලකෙන ශිව විශ්වයේ නිර්මාපකයා ලෙස ද සැලකේ. ශිවගේ නර්තනය සමග විශ්වයේ ආරම්භය, පැවැත්ම සහ විනාශය රඳා පවතින්නේ යැයි හින්දු පුරාණෝක්තිවේදයේ සඳහන් වේ. ඇතැම් අවස්ථාවන්හි ‍බුද්ධාගම තුළ ද ශිව සංකල්පය දැකගත හැක. එහි දී බුද්ධාගමේ ඇතැම් ගුරුකුල තුළට අනුවර්තනය කරන ලද ශිව දිව්‍යමය රාජධානියක වෙසෙන ශාන්තුවරයකු ලෙස දක්වා ඇත. මහායාන බුදු දහම තුළ ශිව බුදුන්ට අධර වූ දිව්‍යමය සාන්තුවරයකු ලෙස දක්වා ඇත. ක්‍රි.ව. 10වන සියවසේ මැද කාලයේ පමණ නිර්මාණය වන්නට ඇතැයි සිතිය හැකි මෙම ශිවගේ හිස නිරූපිත ප්‍රතිමාව වියට්නාමයෙන් සොයාගැනුණකි. මෙය වියට්නාමයේ චම්ස් රාජධානි යුගයට අයත් යැයි සැලකේ. මෙය වැලිගලින් නිර්මාණය කොට ඇත. සෙන්ටිමීටර 40 පමණ උසකින් යුක්ත වන මෙහි පළල සෙන්ටිමීටර 21.9 කි. එහි දිග සෙන්ටිමීටර 44.5 පමණ වේ. 2014දී එක්සත් ජනපදයේ නිව් යෝක්හි මෙට්‍රොපොලිටන් කලා කෞතුකාගාරය විසින් මෙම ප්‍රතිමාව මිලට ගන්නා ලදී. මෙහි ශිව අලංකාර උසැති කිරුළක් පැළඳ සිටින අතර, මුහුණෙහි මඳ සිනහවක් දක්නට ඇත.",sin,wili-2018,sinhala,sinhala
පසු දින කෙළෙඹි පුත්‍රයා බුදුරජාණන් වහන්සේ ප්‍රමුඛ මහා සංඝරත්නයට මහත් වූ දානයක් පිළියෙල කරවා දන් පිළිගැන්වීම සඳහා නියමිත කාලය පැමිණි කල්හී ඒ බව බුදුරජාණන් වහන්සේට සැලකර යැවුයේය.,sin,wili-2018,sinhala,sinhala
"1680දී නැගනහිර ඉන්දියා වෙළෙඳ සමාගමෙහි සේවයට එක්වූ නොක්ස්, ඔහුගේ පියා අනුගමනය කරමින්, නැවි කපිතාන් වරයෙකු බවට පත් විය. 1694දී සේවයෙන් විශ්‍රාම ගත් හේ,මේරි නම් වූ තම පෞද්ගලික වෙළෙඳ යාත්‍රාව මෙහෙයවීය. ඔහු ලන්ඩනයේදී අවසන් සුසුම් හෙලන විට ධනවත් අවිවාහකයෙකු විය.",sin,wili-2018,sinhala,sinhala
පොළව යට පිහිටි විදුලි උප ‍පොලක් තුලට පැමිණි හදිසි විදුලි ධාරාවක් මගින් විදුලි පරිපථ වල පිපිරුමක් ඇති කරන්නට ඇතැයි මුලදි සැකයක් ඇති විය. මෙම ප්‍රශ්නය පසුව ජාතික විදුලි උප පොල මගින් නිරාකරණය කරන ලදි. දුම්රිය මාර්ගය දිගේ තිබුනු විදුලි බල සැපයුම් මාර්ගයට බෝම්බයෙන් හානි සිදු වීම නිසා එම තත්වය ඇති වන්නට ඇතැයි ඒ ගැන අදහස් දැක්වූ අය අනුමාන කළහ.,sin,wili-2018,sinhala,sinhala
දෙවැනි බෝම්බය බටහිර බල‍ා ගිය අංක 216 දරණ සර්කල් ලයින් උමං දුම්රියෙහි පුපුරා ගියේය. දුම්රිය පැඩිංග්ටන් බලා යමින් තිබුනු අතර එජ්වෙයාර් රෝඩ් හි වේදිකා අංක 4 න් ගමන ආරම්භ කළා පමනි. දුම්රිය කිංග්ස් ක්‍රොස් සෙන්ට් පැන්ක්‍රාස් වෙතින් පිටත් වී තිබුනේ මිනිත්තු අ‍ටකට කලිනි. පිපිරුම සිදු වූ අවස්ථාව වන විට තවත් දුම්රිය කීපයක් ඒ ආසන්නයේ තිබුනි. නැගෙනහිර පැත්තට ධාවනය වූ දුම්රියද ඒ ළඟින්ම ගමන් ගත් අතර ඊටද හානි සිදු විය. (එය පැඩිංග්ටන් හි සිට පැමින එජ්වෙයාර් රෝඩ් හි අංක 3 වේදිකාවට ළඟා වෙමින් තිබුනේය) ඒ සමග තාත්පයකටද හානි සිදු වී කඩා වැටුනි. එජ්වෙයාර් රෝඩ් හි තවත් දුම්රිය දෙකක් තිබුනි. අංක 2 වේදිකාවේ හඳුනා නොගත් දුම්රියක්ද නැගෙනහිර පෙදෙසට යන හැමර් ස්මිත් සහ සිටිලයින් දුම්රිය ඊට ස්වල්ප මොහොතකට පෙර පැමිණ අංක 1 වේදිකාවේ තිබුනේය.,sin,wili-2018,sinhala,sinhala
"1990 දශ‍කයේ නිෂ්පාදනය කෙරුණු ""රාවු"" නැමැති මරාථ කතාමාලාව බාජි රාඕ සහ මස්තානිගේ දිවිය අලලා ලියැවුණු එම නාමයම ඇති එන්. එස්. ඉනාම්දාර් නැමැති රචකයාගේ ඓතිහාසික නවකථාවක් ඇසුරෙන් නිපදවූවකි.",sin,wili-2018,sinhala,sinhala
"එසේම කෞචි ගුණිතය අනුව 1-1+1-1+...=1/2 ලෙස ලබා දෙන සමාකලන ක්‍රමයක් 1-2+3-4=1/4 ලෙසද ඓක්‍යක් ලබා දෙයි. ඉහත ප්‍රතිඵලය අනුව 1-1+1-1+... සහ 1-2+3-4+... හි සමාකලනයේ තුල්‍යතාව රේඛීය, ස්ථායී හා කෞචි ගුණිතයට අදාළ ක්‍රම මඟින් පෙන්නුම් කරයි. සෙසාරෝගේ නියමය මීට උදාහරණයකි. 1-1+1-1+.... ශ්‍රේණිය දුර්වල ලෙස සෙසාරෝ සමාකල්‍ය වේ. එය (c, 1) සමාකල්‍ය ලෙස හැඳින්වේ. 1-2+3-4+... සෙසාරෝ සමාකල්‍යයේ ප්‍රබල අවස්ථාවක් වන අතර එය (c, 2) සමාකල්‍යය ලෙස හැඳින්වේ. සෙසාරෝ නියමයේ සියලු අවස්ථා රේඛීය හා ස්ථායී වන බැවින් ගණනය කරන ලද ඓක්‍යයන් ඒ ආකාර වේ.",sin,wili-2018,sinhala,sinhala
"මෙම හේතු සාදක මත සැපයුම වක්‍රය ස්ථාවරව තිබිය දි ඉල්ලුම වැඩි වි ඉල්ලුම් වක්‍රය දකුනට විතැන්වේ.එනම් ඉල්ලුම වැඩි නිසා,භාණ්ඩ හා සේවා මිල ඉහළ ගොස් උද්ධමනය ඇති වේ.",sin,wili-2018,sinhala,sinhala
ස්වාධීන රූපවාහිනීය ( ITN ) යනු ශ්‍රී ලංකාවේ විකාශන කටයුතු සිදුකරනු ලබන රාජ්‍ය රූපවාහිනී නාලිකාවක් වේ. මෙය ශ්‍රී ලංකාවේ පළමු රූපවාහිනී නාලිකාවයි. මෙහෙයවනු ලබන්නේ ස්වාධීන රූපවාහිනී සේවා සමාගම ( ඉංග්‍රීසි: Independent Television Network Limited ) විසිනි.,sin,wili-2018,sinhala,sinhala
"ඇංග්ලිකානු වාදය යනු, එංගලන්ත සභාව සහ ඓතිහාසික ලෙසින් එය සමග සම්බන්ධ හෝ සමරූපි ඇදහිලි, වැඳුම් පිඳුම් සිරිත් සහ සභා ව්‍යුහයන් සහිත සභාවන් වෙතින් සමන්විත, ක්‍රිස්තියානි ආගම තුල පවතින සම්ප්‍රදායයකි. ඇංග්ලිකානු යන වචනයෙහි සම්භවය, අඩුම වශයෙන් වසර 1246 තරම් ඈත අතීතයට විහිදෙන, මධ්‍යතන යුග ලතින් වාක්‍යාංශයක් වන සහ ඉංග්‍රීසි සභාව යන අර්ථය දෙන, එක්ලේසියා ඇංග්ලිකානා යන්න වෙතින් වෙයි. ඇංග්ලිකානු වාදය පිළිපදින්නෝ ඇංග්ලිකානුවෝ ලෙසින් හැඳින්වෙති. ඇංග්ලිකානුවන්ගෙන් විශාල බහුතරයක්, ජාත්‍යන්තර ඇංග්ලිකානු සංසදයෙහි කොටස්කාරයන් වන සභාවන්හී සාමාජිකයෝ වෙති. කෙසේවෙතත්, ඇංග්ලිකානුවන් යැයි ඔවුන් විසින් සැලකෙන මුත්, ඇංග්ලිකානු සංසදයෙන් පිටත පවතින සභාවන් කිහිපයක් පවතින අතර, ඒවා අතරින් කැපී පෙනෙන්නේ සන්තන ඇංග්ලිකානු සභාවන්, සහ, ඇංග්ලිකානු යළි-එකෙලිය ව්‍යාපාරයෙහි කොටස්කරුවන් වන සභාවන් වෙති.",sin,wili-2018,sinhala,sinhala
"අබෙල් සමාකලනය 1749දී ශ්‍රේණියක් අපසාරී වන නමුත් ඓක්‍යයක්ද ලබා දෙන බව ලියොනාර්ඩ් යුලර් සඳහන් කරන ලදී. 1-2+3-4+5-6..හි ඓක්‍යය 1/4 යන්න පරස්පර විරෝධී වේ. මෙම ශ්‍රේණියේ පද 100ක එකතුව -50 වන අතර පද 101ක් වූ විට ඓක්‍යය +51 වේ. එය 1/4ට හාත්පසින් වෙනස් වන අතර පද සංඛ්‍යාව වැඩි වත්ම ඓක්‍යයද වැඩි වේ. නමුත් 'ඓක්‍යය' යන්නට මෙහිදී වඩා පුළුල් අර්ථයක් අවශ්‍ය වේ.... යුලර් විසින් 'ඓක්‍යය' යන්නට අර්ථ දැක්වීම් කිහිපයක් ලබා දී ඇත. 1-2+3-4+....යන අවස්ථාවේදී ඔහුගේ පැහැදිලි කිරීම් අබෙල් සමාකලනයට බෙහෙවින් සමාන වේ. 1-2+3-4+5..ශ්‍රේණිය 1/(1+1)2 යන සූත්‍රයේ ප්‍රසාරණය වන බැවින් ශ්‍රේණියේ ඓක්‍යය ද සූත්‍රයේ අගය වන 1/4 වන බව නිසැකය. 1/(1+x)2 යන ප්‍රකාශනය ප්‍රසාරණය කිරීමෙන් ලබා ගන්නා 1-2x+3x2-4x3+5x4-6x5+…. ශ්‍රේණිය සලකා බැලීමෙන් මෙය වඩාත් පැහැදිලි වේ; x=1 වන විට මෙය ඉහත අවස්ථාවට සමාන වන බැවිනි. |x|<1 වන නියත අගයක් සඳහා, යුලර් නිවැරදි බව පෙන්වීමට බොහෝ උදාහරණ ඇත.",sin,wili-2018,sinhala,sinhala
පර්සියානු භාෂාව තේරුම් ගැනීම සඳහා පර්සියානු භාෂාව පිළිබඳ ව්‍යාකරණ සහ ශබ්දකෝෂ පළමුවෙන් සකස් කරන ලද්දේ 17 වන සියවසේදී ය. පසු කලෙක සම්භාවනීය පර්සියානු සාහිත්‍යය මහාද්වීපයට හඳුන්වා දීමත් සමග ඒ වන විට භාවිතා කරමින් තිබුනු පර්සියන් භාෂාවේ වැදගත් කම අඩු වී ගියේය. පර්සියානු ව්‍යාකරණයේ සැලැස්ම රචනා කළ තැනැත්තා ක්‍රිමොනාවේ රයිමොන්ඩෝයයි අදහස් කර තිබෙන නමුත් ඔහුගේ අත් පිටපත් සොයා ගැනීමට නැත.,sin,wili-2018,sinhala,sinhala
පියාසර ලුතිනන් මොනාත් පෙරේරා ශ්‍රී ලංකා ගුවන් හමුදාවේ ප්‍රහාරක ජෙට් බලගණයේ ගුවන් නියමුවෙකි. ඊලාම් යුද්ධයේ තීරණාත්මක මානුෂිය මෙහෙයුම තුලදී වැදගත් සතුරු ඉලක්ක රැසක විනාශ කිරීමට හෙතෙම දායකත්වය දැක්වීය. ගුවන් හමුදාවේ 60 වන සංවත්සරය වෙනුවෙන් පැවැත්වුන ගුවන් සංදර්ශණ පෙරහුරුවකදී ඔහු පැදවූ කෆීර් යානය තවත් කෆීර් යානයක ගැටීමෙන් හෙතෙම මරණයට පත්විය.,sin,wili-2018,sinhala,sinhala
"1954 අංක 19 දරණ සාප්පු හා කාර්යාල සේවක පනතෙහි අරමුණ වන්නේ සාප්පු හා කාර්යාල සේවයේ යෙදී සිටින සේවකයින්ට සේවා පහසුකම් සැපයීම, සේවා කාලයක් නියම කිරීම, අතිකාල දීමනා වේතන නීති-රීති හා මෙම පනතින් ආඅවරණය වන සේවිකාවන් සදහා ප්‍රසූතිකාධාර පහසුකම් ලබාදීමයි.",sin,wili-2018,sinhala,sinhala
"1891 දී අර්නස්ටෝ සෙසාරෝ අපසාරී ශ්‍රේණි , කලනය මඟින් පැහැදිලි කිරීමට සමත් විය. (1-1+1-1+...)2=1-2+3-4+... වන බව හා දෙපසම 1/4ට සමාන වන බව ඔහු පෙන්වා දෙන ලදී. මෙම සමීකරණය සෙසාරෝ විසින් මීට පෙර වසරේ දී ඉදිරිපත් කරන ලද, ඓක්‍යයක් ලබා ගත හැකි අපසාරී ශ්‍රේණි පිළිබඳ වූ ප්‍රථම නියමයෙහි යෙදීමක් ලෙස සැලකිය හැක. ඔහුගේ සමාකලන නියමයට අනුව 1-1+1-1+... හා 1-1+1-1+.... හී කෞචි ගුණිතය 1-2+3-4+.... වේ. අපරිමිත ශ්‍රේණි දෙකක කෞචි ගුණිතය නිර්වචනය කිරීම සඳහා ශ්‍රේණි දෙකම අපසාරී විය යුතුය.",sin,wili-2018,sinhala,sinhala
සමහර අය සංස්ථාවල සාමාජිකයන්ට (ලාභය අරමුණු කර නොගත් සංස්ථා) අවශේෂ පොලියක් ලබාගන්නට යැයි ද කියනු ලැබේ. තවද සංස්ථාවක පැවැත්ම අවසාන වන විට එහි ණය හිමියන්ට සහ සෙසු අයට අදාල පොලී ආදිය ගෙවා දැමීමෙන් අනතුරුව සංස්ථාවේ වත්කම් එහි සාමාජිකයන්ට ලැබිය යුතුයි. මේ ආකාරයට සංස්ථාවක් තුළ පමණක් ආයෝජනය කිරීම අවදානමක් සහිත විය හැකියි. නමුත් විවිධ ලෙසට විවිධ තැන්වල කරනු ලබන ආයෝජන කළඹක් තුළින් එම අවධානම අඩුකර ගත හැකිය. ඊට අමතරව වගකීම් සීමාසහිත නීති රීති පද්ධතියක් යටතේ කොටස් හිමියන්ට වාසි ලැබේ. තවද කොටස් හිමියන් වගකිව යුතු වන්නේ ඔවුන් විසින් දායකවී තිබෙන කොටස්වල වටිනාකමට පමණි. කෙසේ වුවද මෙම ක‍්‍රමය යොදාගත හැක්කේ ලාභය අරමුණු කරගත් සංස්ථාවලට පමණි. ලාභය මුල්කර නොගත් සංස්ථාවල සාමාජිකයන් හට අවශේෂ වාසීන් ලැබීමට අවසරයක් නොලැබේ.,sin,wili-2018,sinhala,sinhala
සංඥා භාෂාවලට අමතරව සංඥාමය ඉංග්‍රීසි සහ වාල්පිරි සංඥා භාෂාව වැනි කථාකරන භාෂාවන්හි විවිධ සංඥා සංකේතයන් ගොඩනගා ඇත. මේවා කථික හෝ සංඥාමය භාෂාවන් සමග පටලවා නොගත යුතුය. කථික භාෂාවක සංඥාමය සංකේතයක් යනු ලිඛිත මාධ්‍යයට ලිවිමේ ක්‍රමය මෙන් වාචික භාෂාවේ එම භාෂාව රැගෙන යන සංඥාමය මාධයයි. කතික භාෂාවේ සංඥාමය කේතයන් එම භාෂාව ඉගෙන ගැනිමට හෝ එම භාෂාවන්හි වච්‍යාර්ථ උපුටා ගැනිමේ ප්‍රකාශයට හා සාකච්ඡා කිරිමහට ප්‍රයෝජනවත් විය හැකිය. නමුත් ඒවා සාමාන්‍ය භාවිතයේ දී ඉතා නුහුරු මෙන්ම හැසිරවිමට අපහසු ද වෙයි. උදාහරණ වශයෙන් ඇමරිකානු එක්සත් ජනපදයේ ගුරුවරයෙක් හා ඉංග‍්‍රිසි ඉගෙන ගන්නා බිහිරි ශිෂ්‍යයෙක් ඉංග‍්‍රිසි භාෂාව භාවිතායේදී උදාහරණ වෙන්විම සදහා සංඥාමය ඉංග්‍රීසි යොදාගැනිමට ඉඩ ඇත. නමුත් එම උදාහරණ සාකච්ඡා කරනුයේ ඇමරිකානු සංඥා භාෂාවෙනි.,sin,wili-2018,sinhala,sinhala
අගෝස්තු 2 වෙනි දින හැමර්ස්මිත් ඇන්ඩ් සිටි ලයින් ඔවුන්ගේ සාමාන්‍ය සේවාවන් නැවත ඇරඹුවේය. ඒ වන විටත් අනෙකුත් මාර්ග විසින් සියලුම සර්කල් ලයින් නැවතුම් පොලවල්වල සේවාවන් සපයනු ලැබුනද සර්කල් ලයින් සේවාව ඒ වන විටත් අත් හිටුවා තිබුනි. අගෝස්තු 4 වැනි දින පිකැඩලි ලයින් සේවාව නැවත ඇරඹුනි.,sin,wili-2018,sinhala,sinhala
"එදින පිප්ඵලීමාණව හා භද්‍රා දෙදනාම මල් දම් දෙකක් ගොතවා ගත්තේය. රාත්‍රී කාලයේ සැතපීමට ශයනයට ගිය කල්හි යහන මැද මල් දම් තබා ""යමෙකුගේ පැත්තේ මල් දම් මලානික වුවහොත් ඔහුට රාග සිත් ඇති වූ බව දත යුතු යැයි "" කියා එකිනෙකා නොගැටෙන සේ ශයනය කළෝය.",sin,wili-2018,sinhala,sinhala
ක්‍රි.පු. 2 වන සියවසේ මුල් කාලීන දමිළ අක්ෂර සහිත වළං කැබලි දිවයිනේ උතුරින් වන පුනරින් (Pooneryn) ප්‍රදේශයේ කැණීම් කටයුතු වලදී සොයාගෙන ඇති අතර [තහවුරු කරන්න]ඒවායේ පුරාණ දමිළ දේශයේ වේලා(Velir) වංශය පිළිබඳ සටහන් අන්තර්ගත වේ. තවද දමිළ බ්‍රාහ්මීය සටහන් සහිත වළං කැබලි දිවයිනට දකුණින් වූ තිස්සමහාරාමය ආශ්‍රිත කැණීම් වලදී ද සොයාගෙන ඇත.,sin,wili-2018,sinhala,sinhala
"එකල්හි රාජ්‍යය කරවන බන්ධුම රජතුමාද එහි විත් දහම් අසමින් සිටියේය. ""මා දිනුවා"" යැයි හඬ ඇසී ඒ පිළිබඳව විමසීමට රජතුමා පුරුෂයෙකු යැවීය. රාජපුරුෂයා ගොස් ඒකශාටක බමුණා විමසන්නාහු, ""රාජපුරුෂය, අන්‍යයන් කඩු දුනු ආදිය ගෙන යුද කොට පර සේනාවන් දිනන්නාහ. එය මහත් වූ දෙයක් නොවේ. නමුත් මම පසුපසින් එන කුළුගොනකු පොල්ලකින් ගසා එලවන්නාක් මෙන් මාගේ මසුරු සිත මැඩ පවත්වා හැඳ සිටි එකම වස්ත්‍රය බුදුරජාණන් වහන්සේට පූජා කලෙමියි"" පැවසීය.",sin,wili-2018,sinhala,sinhala
"සමන්තා බැඩ්හැම් 36, ඇය ඇයගේ සහකරු වූ ලී හැරිස් සමග උමං දුම්රියේ ගමන් කර තිබුනි. සාමාන්‍යයෙන් ඔවුන් වැඩට යන්නේ සයිකලයෙනි. එහෙත් එදින උමං දුම්රියෙන් ගොස් තිබුනේ ඔවුන්ගේ 14 වැනි සංවත්සරය සැමරීමට රාත්‍රී කෑමක් සඳහා සූදානම් වෙමින් සිටි හෙයිනි.",sin,wili-2018,sinhala,sinhala
"ශ්‍රී ලංකා මාතා යනු ශ්‍රී ලංකාවේ ජාතික ගීයයි. 1940 දී සිංහල භාෂාවෙන් එහි පද හා තනුව ලියැවුනේ ආනන්ද සමරකෝන් විසින් වන අතර, 1951, නොවැම්බර 22 දිනදී නිල වශයෙන් එය ජාතික ගීය වශයෙන් පිළිගැනුනේ එවකට ස්වදේශ කටයුතු සහ ග්‍රාමීය සංවර්ධන කැබිනට් අමාත්‍ය ශ්‍රීමත් එඩ්වින් විජයරත්න මුලසුන හෙබවූ කමිටුවක නිර්දේශ මතය.",sin,wili-2018,sinhala,sinhala
අභිවාහ්‍ය කලා අතර කොරියානු කථාන්තර පැවසීම යතාර්ථවාදී ෂාමන්වාදී ක්‍රමවලින් යැංබැන් විද්වතුන්ගේ ගීත ලෙස මෙන්ම දෘශ්‍ය කලා සහ අභිවාහ්‍ය කලා අතර හරස්මාරු අංග ලෙස ද පැවතී ඇත.,sin,wili-2018,sinhala,sinhala
"ජාත්‍යන්තර අභ්‍යවකාශ මධ්‍යස්ථානය අභ්‍යවකාශ ආයතන පහක (5) හවුල් ව්‍යාපෘතියකි; ඒ නාසා ආයතනය (ඇමරිකා එක්සත් ජනපදය), රුසියානු අභ්‍යවකාශ ඒජන්සිය (රුසියානු සමූහාණ්ඩුව), Japan Aerospace Exploration Agency (ජපානය), කැනේඩියානු අභ්‍යවකාශ ඒජන්සිය (කැනඩාව) සහ යුරෝපීය අභ්‍යවකාශ ඒජන්සිය (යුරෝපය) යන ආයතන පහයි.",sin,wili-2018,sinhala,sinhala
වර්තමාන උද්ධමනහන්ට වඩා අනාගත උද්ධමනය පහළ වේ යැයි සිතුවහොත් පරි‍භෝජනය පහළ දමයි. වර්තමාන උද්ධමනයට වඩා අනාගත උද්ධමනය ඉහළ වේ යයි සිතුවහොත් පරි‍භෝජනය ඉදිරියට ගෙනයයි එ තුලින් සමස්ත ඉල්ලුම ඉහළයාමෙන් උද්ධමනය ඇති වේ.,sin,wili-2018,sinhala,sinhala
"බැංකොක් පෝස්ට් ඇලෙක්සැන්ඩර් මැක්ඩොනල්ඩ්, හිටපු උපාය මාර්ගික සේවා කාර්යාල නිලධාරියා, ඔහුගේ තායි සහකරුවා වන ප්‍රසිට් ලුලිට්නොන්ඩ් විසින් ආරම්භ කරන ලදී.",sin,wili-2018,sinhala,sinhala
"අලුත් දිස්ත්‍රික්ක වන දකුණු බිහාරියේ පිහිටා ඇති පට්නා සහ ගයා යන දිස්ත්‍රික්ක සහ නැගෙනහිර පිහිටි බෙංගාලයේ කොටසක් ද බිහිවීම කෙරෙහි මගධ රාජධානියේ පිහිටීම ප්‍රබල ලෙස බලපෑවේය. එම රාජධානිය උතුරින් ගංගා නදියෙන් ද, නැගෙනහිරින් චම්පා නදියෙන් ද, දකුණු දෙසින් විදන්‍යා කදු වැටියෙන් ද, බටහිරින් සෝන් නදියෙන් ද වටවී ඇත. බුදුරජාණන් වහන්සේගේ කාලයේ සිට මේ දක්වා එහි සීමාවන් තුළට අන්ගා ඇතුළත් විය.",sin,wili-2018,sinhala,sinhala
"ගෝජොසොන් පිළිබඳ පළමු සමකාලීන ඓතිහාසික වාර්තා හමුවන්නේ ක්‍රි.පූ. 7වන සියවසේ මුල්කාලයේ වන අතර, එය බොහායි බොක්ක අවට පිහිටා, චීනයේ ක්වි (齊) ප්‍රදේශය සමග වෙළඳාම් කළ බව දැක්වේ. චෑන් ගුවෝ සේ, කඳු සහ මුහුදු පිළිබඳ සම්භාව්‍ය කෘතිය, සහ මහා ඉතිහාසඥයාගේ වාර්තා වැනි මූලාශ්‍ර තුළ ජොසොන් සඳහන් වන්නේ ප්‍රදේශයක් ලෙස වන අතර, ක්‍රි.පූ. 185 සිට මහා ඉතිහාසඥයාගේ වාර්තා තුල එය රටක් ලෙස හැඳින්වීමට පටන්ගෙන ඇත.",sin,wili-2018,sinhala,sinhala
මෞර්යයන්ගේ පාලනය යටතේ නොතිබු එකම ප්‍රදේශය වුයේ වර්තමානයේ තමිල්නාඩුව හා කේරලය ලෙස හඳුන්වන ප්‍රදේශයයි. (එවකට එය දෙමළ රාජධානිය විය) ඉපැරණි දෙමළ සංගම් සාහිත්‍ය කෘති වලින් එකක් වන පුරනානුරු ග්‍රන්ථයේ සඳහන් වන්නේ මෞර්යන්ගේ හමුදාව ඉලන්චෙට් චෙන්නි නමින් හැඳින්වු චෝල රජවරයෙකුගේ නායකත්වය යටතේ වු දෙමළ හමුදාවක් විසින් පලවා හැරි බවයි. කලිඟු පාලකයෙකු වු කරවෙල රජතුමා විසින් මෙම දෙමළ හමුදාව විසුරුවා හැරි බවට ඔහුගේ සෙල් ලිපියක සඳහන් වෙයි.,sin,wili-2018,sinhala,sinhala
"ශ්‍රි ලංකා සිවිල් යුද්ධය ඇරඹිමත් සමග බොහෝ ගම්මාන LTTE ප්‍රහාරයන්ට ලක්වෙන ලදි .ප්‍රතිඵලය වූයේ බොහෝ සිවිල් වැසියන්ගේ මරණයන්ය. මෙම ප්‍රහාර හේතුවෙන් ගම්වාසින් ඔවුන්ගේම ආරක්ෂාවට ඔවුන් විසින්ම සංවිධානය වීම ආරම්භ කරන ලදි. රජය විසින් දේශීය ස්වේච්ඡා සේවකයන් වු මුල් ග්‍රාම ආරක්ෂකයන් පළමුව ස්ව ආරක්ෂාවට සාමාන්‍ය තුවක්කු වලින් සන්නද්ධව සිටවන ලදී. 1980 මැද භාගයේදි ජාතික ග්‍රාම ආරක්ෂක සේවය ස්වේච්ඡා සේවාවක් ලෙස දේශ සීමා/තර්ජිත ගම්මාන ආරක්ෂා කිරිමට ස්ථාපිත කරන ලදි.සැහැල්ලු වෙඩි තුවක්කු 12 ක් හා දුඹුරු පැහැති නිල ඇඳුම් ඔවුන් වෙත නිකුත් කරන ලදි . කිසිදු දීමනාවන් නොගෙවු අතර නමුත් සමහර ආහාර සමුපකාර වෙළෙඳසල් හරහා නිකුත් කරන ලදි.ඉන් පසුව, දෛනික දීමනාවක් ගෙවා පොලිස් දෙපාර්තමේන්තුව යටතේ තබා ඇත. පුහුණු කිරිම හොරණ කුඹුක කඳවුරේදි සිදු කරන ලදී",sin,wili-2018,sinhala,sinhala
"ක්‍රි.පූ. 2000 අවට කාලයේ පැවති, වර්න ගැන්වූ සහ කැටයම් කළ නව කුඹල් සංස්කෘතියක් හුමවී තිබේ. මෙම ජනයා බොහෝවිට කුටුම්භීය වංශ ලෙස සංවිධානය වූයේ යැයි සිතිය හැකි ජනාවාස වාර්ගික දිවියක් තුළ කෘෂිකර්මාන‍්තයේ නියැළී තිබේ. අර්ධද්වීපය පුරාම ඍජුකෝණාස්‍රාකාර පැල්පත් සහ ප්‍රමාණයෙන් විශාල ශෛලමය සුසාන භූම ගණනාවක් හමුවී තිබේ. කැනීම් කටයුතුවල දී, ලෝකඩ සිරි සහ කැඩපත් හමුවී ඇති අතර, මෙම යුගයේ කුඩා පවුරු බැඳි නගර-රාජ්‍ය පැවති බවට පුරාවිද්‍යාත්මක සාක්ෂි හමුවී තිබේ. මෙම ප්‍රදේශවලින් හමුවූ සුසාන සහ ලෝකඩ සිරි කොරියාවටම අනන්‍ය අතර, චීනයෙන් හමු නොවේ.",sin,wili-2018,sinhala,sinhala
"1 − 2 + 3 − 4 + • • • ගණිතයේදි 1-2+3-4+...යනු පද, අනුයාත ධන නිඛිල වන, ලකුණු ප්‍රත්‍යාවර්ත ලෙස යොදා ගන්නා අපිරිමිත ශ්‍රේණියයි. සිග්මා සමාකලන අංකනය යොදාගනිමින් ශ්‍රේණියේ පළමු m පද වල ඓක්‍යය පහත ලෙස දැක්විය හැක.",sin,wili-2018,sinhala,sinhala
"දේශපාලනමය - ගෝලීයකරණය හේතුවෙන් සමාජීය හා ආර්ථිකමය හේතූන්ගේ අයිතින් ගැන රජයන් විසින් වගා බලා ගනී. දේශපාලන වශයෙන් ඇමරිකානුවන් ආර්ථිකමය ප්‍රබලභාවයක් පෙන්වයි. එමෙන්ම චීනයේද පැහැදිලි ආර්ථික වර්ධනයක් පෙන්වන්නේ සියලුම තාක්ෂණ හා සම්පත් එරට සතු නිසාය. තවත් අවුරුදු 20 ක් තුළ ලෝකයේ බලවත්ම රාජ්‍ය කුමක්දැයි යන්න ප්‍රශ්නයක් විය හැකිය. යුරෝපානු සංගමය, රුසියාව හා ඉන්දියාවද මේ අතර සිටී.",sin,wili-2018,sinhala,sinhala
මේ ඖෂධය පුරුෂ කාන්තා කාටත් සුදුසුයි. ගර්භණී වුවත් කමක් නැහැ. හැබැයි සීනි වැඩිවීමේ ආබාධ වලින් පෙළෙන අයට යෝග්‍ය නැහැ. මේ ඔසුව ගත්තාම රාත්‍රීයට කාමය ප්‍රබෝධ වෙන නැඹුරුවක් තියනවා. ඒ නිසා දරුවන්ට දීම හරි නැහැ. මේ ඖෂධයේ නම නම් මේකට බර වැඩියි. නොමග යවන සුළුයි. අතිශෝක්තියයි. බලන්න රති විනෝද මෝදකය කිව්වාම කොච්චර පක්ෂග්‍රාහී ද කියලා. නමට බය වෙන්න එපා.,sin,wili-2018,sinhala,sinhala
"ඉන්පසු ඒ උයනෙහිම අභිෂේක මණ්ඩපයක් තනවා කුමරිය සර්වාලංකාරයෙන් සරසා කුමරුන් හට සරණ පාවා දී රාජාභිෂේකයද කරවා රාජාභිෂේකයෙන් පසු කුමරුට හැඳීමට ලක්ෂයක් වටිනා සළුවක් දුන්නේය.එකල්හි කුමරු ""මේ කුමක්දැයි"" ඇසීය. ""දේවයන් වහන්ස, හැඳීමට සළුවකි""යි කීහ. ""මේ සළුව රළුය. මීට වඩා සියුම් වූ සළුවක් නැත්දැයි"" රජු විමසීය. ""දේවයන් වහන්ස මේ මිනිස් ලොව නම් මීට වඩ සියුම් වූ සළු නැතැ""යි කීහ. ""නුඹලාගේ රජු හැන්දේ මෙවැනි සළුදැයි"" කුමරු විමසීය. ""එසේය දේවයිනි"" ඇමතියෝ පිළිතුරු දුන්හ.",sin,wili-2018,sinhala,sinhala
"Cite the specific CC license the work is under. If the work is being published on the Internet, it is nice if the license citation links to the license on the CC website.",sin,wili-2018,sinhala,sinhala
"නර්තනය සම්ප්‍රදායික‍ කොරියානු සංස්කෘතියේ සුවිශේෂී අංගයක් විය. බොහෝ වාර්ෂික උත්සව සහ මංගල්‍යවල (අස්වනු වැනි) කොටසක් ලෙස සම්ප්‍රදායික නර්තනය සිදු විය. මෙහි දී සම්ප්‍රදායික වස්ත්‍ර, විචිත්‍ර වර්ණ, සංගීතය, ගීත සහ සංගීත භාණ්ඩ උප‍යෝගී කරගන්නා ලදී. පුරුෂයන්ට පමණක් සහ ස්ත්‍රීන්ට පමණක් වෙන්වූ ඇතැම් නර්තනයන් ද විය. මෙම දෙපාර්ශ්වයම සහභාගී වන නර්තනාංග ද තිබිණි. සාමාන්‍යයෙන් නර්තනයෙහි යෙදෙන්නියන් විසින් සිය කේශකලාපය මුහුණෙන් පිටුපසට ඇද ගෙඩියක් ලෙස සැකසීම හෝ වෛර්ණ හිස්වැසුම් පැළඳීම සිදුකරන ලදී. සාමාන්‍යයෙන් සම්ප්‍රදායික හන්බොක් වස්ත්‍රයෙහි ප්‍රභේදයක් හෝ නර්තනයට විශේෂිත වූ වස්ත්‍රයක් පැළඳීම සිදු විය. ඇතැම් නර්තනාංගවල දී ස්ත්‍රීන්ගේ වස්ත්‍ර ඉතා දිගු අත්වලින් හෝ එල්ලා වැටෙන දිගු රෙදි කඩකින් සමන්විත විය. මෙමගින් අලංකෘත හස්ත චලන ඉස්මතු කොට දැක්විණි. එළිමහන් උත්සව ඝෝෂාකාරී සහ විනෝදකාමී ඒවා වූ අතර, අත්තාලම් සහ බෙර නාදයන් ප්‍රමුඛව අසන්නට හැකි විය.ඇතැම්විට වෙස්මුහුණු ද පළඳින ලදී.",sin,wili-2018,sinhala,sinhala
ISS වෙත පළමුව නේවාසික කණ්ඩායමක් ඇතුළු වූ දිනයේ (2000 නොවැම්බර් 2) සිට නොකඩවා එය ජනයාගෙන් යුක්ත වූ බැවින් මිනිසුන් අභ්‍යවකාශයෙහි ස්ථිර පදිංචි කරුවන් බවට පත්ව ඇත. එක්ස්පඩිෂන්ට 17 යානාවේ කණ්ඩායම දැනට මෙම මධ්‍යස්ථානයෙහි වාසය කරති. වර්තමානයේ දී මෙහි ඉඩපහසුකම් ඇත්තේ තිදෙනෙකුගේ කණ්ඩායමකටය. ක්‍රියාකාරී පර්යේෂණ වැඩසටහනක් දියත් කිරීමට නම් ඉදිරි කාලයේ දී ගගනගාමීන් 6 දෙනෙකුගේ කණ්ඩායමකට ප්‍රමාණවත් ඉඩ පහසුකම් සලසා ගත යුතුය. මුල් කණ්ඩායමේ සාමාජිකයන් සියලු දෙනා පැමිණීයේ රුසියාවෙන් සහ ඇමෙරිකාවෙනි.,sin,wili-2018,sinhala,sinhala
"ආදිකාලීන ඉන්දීය, ග්‍රීක, ඊජිප්ත්තු, බැබේලියානු සහ චීන ගවේශකයන් සිකුරු ග්‍රහයා පිළිබද හැඳීන සිටි අතර එහි චලනයන් පිළිබදව වාර්ථා කර ඇත. අතීත ග්‍රීක තාරකා විද්‍යාඥයන් සිකුරු ග්‍රහයා නම් දෙකකින් හඳුන්වන ලදි. එනම් ""හෙස්පරස් ""ඉරබටු තරුව සහ ""පොස්පරස්"" පහන් තරුව ලෙසය. මෙම දෙයාකාරයෙන්ම හඳුන්වනු ලබන්නේ සිකුරු ග්‍රහයාම බව සොයා ගැනීමේ ගෞරවය පයිතගරස්ට හිමි වේ. එමෙන්ම මොවුන් සිකුරු සංක්‍රාන්තිය පිළිබදව තොරතුරු දැන සිටි බවට සාක්ශි හමු වී නැත. සිකුරු ග්‍රහයාට ආදි ඇමෙරිකානු ශිශ්ඨාචාරයේදී වැදගත් තැනක් හිමි විය . මායාවරුන් ""ක්නෝ එක්"" නැතහොත් සිකුරු ග්‍රහයාට ""ක්කුතුල්ගාල්"" ""නැමති දේවත්වය ආරූඪ කර ඇත. මායා වරුන් සිකුරු ග්‍රහයා පූර්ණ වෘතයක් ලෙස කටු සටහන් කර තිබුණි. මායාපන්හිදී සොයා ගත් මෙමඟින් 12 වන හෝ 13 වන ශත වර්ෂයේදී සිදු වූ සංක්‍රාන්තියක රූපමය නිරූපණයක් විදහා දැක්වේ.",sin,wili-2018,sinhala,sinhala
"අක්කර 760 කින් සමන්විත ජාතික නාමල් උයනේ පරිසර පද්ධති රැසක් දක්නට ලැබෙයි. ශ්‍රී ලංකාවේ එකම ස්ථානයක වැඩිම නා ගස් ප්‍රමාණයක් ඇති ස්ථානය ද මෙය වේ. මෙහි ප්‍රමුඛතම ශාකය නා වන අතර බටු නා, දිය නා ආදි විශේෂයන්ද ඇත.",sin,wili-2018,sinhala,sinhala
"විවාහක විශ්ව රූ රැජිණ යනු විවාහක කාන්තාවන් වෙනුවෙන් 2007 සිට වාර්ෂිකව පවත්වනු ලබන, එක් එක් වසර වලදී ජාත්‍යන්තර මට්ටමෙන් රූප සුන්දරියක් තෝරා ගන්නා තරඟයකි.",sin,wili-2018,sinhala,sinhala
නව සෝල් ඔපෙරා ගෘහය කොරියානු ඔපෙරා සඳහා වාසස්ථානයක්ව ඇත. කොරියානු ඔපෙරා සඳහා සම්පූර්ණයෙන්ම ප්‍රතිසංවර්ධනය කෙරුණු බටහිර ඔපෙරා වාරය සහ ඔපෙරා පාසලක් පිහිටුවා ඇත්තේ බෙයිජිං ඔපෙර ගෘහයේ සහ බටහිර ඔපෙරා සඳහා වන ජපන් ඓතිහාසික මධ්‍යස්ථානය හා තරගවැදීමටයි.,sin,wili-2018,sinhala,sinhala
"කොලින්ස් ඔක්සිකරණය යනු ප්‍රාථමික මධ්‍යසාර, ඇල්ඩිහයිඩ බවට ඔක්සිකරණය කිරීම සඳහා භාවිතා කරන්නාවූ කාබනික ප්‍රතික්‍රියාවකි. මෙහිදී පිරිඩීන් සමග ක්‍රෝමියම්(VI) ඔක්සයිඩ් සංකීර්ණයක් අන්තර්ගත ඩයික්ලෝරොමෙතේන් ද්‍රාවණයක්, නැතහොත් කොලින්ස් ප්‍රතිකාරකය භාවිත කිරිම හේතුවෙන් එය වෙනත් ක්‍රෝමියම් ඔක්සයිඩ පදනම් කොට ගත් ඔක්සිකරණ ක්‍රම වෙතින් වෙන්කොට හඳුනාගනු ලැබේ.",sin,wili-2018,sinhala,sinhala
"කොරියානු සංගීතය බටහිර අයුරින්ම වර්ගීකරණයට ලක් කළ හැක. මෙය යුගය සහ නගර (සම්භාව්‍ය, පොප්, ටෙක්නෝ, නිවෙස්, හිප්-හොප්, ජෑස්; සම්ප්‍රදායික) අනුවත් සහ පළාත්බද කොට්ඨාස (ජන, ගැමි, සම්භාව්‍ය, ‍රොක්) අනුවත් විවිධ ලෙස වර්ග කළ හැක. ප්‍රාදේශීය වශයෙන් ලෝක සංගීත ආභාසය බෙහෙවින් ප්‍රබල අතර, සම්ප්‍රදායික සංගීත භාණ්ඩ භාවිතය ද ප්‍රවණතාවක්ව පවතියි. සංචාරකයන් ආකර්ෂණය කරගැනීම ‍උදෙසා චීනය සමග තරග වැදීමට සිදුවීම නිසා බටහිර සහ පෙරදිග සංගීත ශෛලියෙන්ගෙන් වෙන්ව සම්ප්‍රදායික කොරියානු සංගීත ආරව්ල කෙරෙහි විශාල අවධානය්ක යොමුව ඇත.",sin,wili-2018,sinhala,sinhala
සෞරග්‍රහ මණ්ඩලය නිර්මාණය වී ඇතැයි සැලකෙන නිහාරිකා කල්පිතයට අනුව වසර බිලියන 4.6කට පෙර සුවිසල් වායු - ධූලි වළාකුලක් ගුරුත්වාකර්ෂණ බිඳ වැටීමකට ලක් වීමෙන් සෞරග්‍රහ මණ්ඩලය ඇති වූ බවයි.,sin,wili-2018,sinhala,sinhala
"විවෘත බෝට්ටුවක නැගී ධීවර කටයුතු කරන්නේ නම් එවන් අවස්ථාවකදී අකුණූ කුණාටු ළගාවීමක් සිදු වන්නේ නම්, ඔබ බෝට්ටුවේ සිටින උසම ස්ථානය බැවින් වහා බෝට්ටුවේ දිගාවී හෝ වඩාත් පහත්ව සිටින්න.",sin,wili-2018,sinhala,sinhala
"ප්‍රභින්න හෝ සමාන විචල්‍ය, නැතහොත් කිසිදු බලයක් (1 හැර) හෝ විචල්‍යයක වෙනත් ශ්‍රිත හෝ මගින් සෑදුණු පද ඒකජ සමීකරණවල නොතිබිය යුතු බැවින්, xy, x2, y1/3, හා sin(x) වැනි පද සහිත සමීකරණ ඒකජ සමීකරණ නොවේ.",sin,wili-2018,sinhala,sinhala
"එලිසබත් ස්වෝඩොස් විසින් රචිත ""ලිස්ටිකිත් අනුය් ගවුඩ්"" නම් කෘතියේ සදහන් වන ආකාරයට සංගීත නිර්මාණකරුවා හට සෑම සංගීත භාණ්ඩයක් පිලිබද පැහැදිලි අවබෝධයක් තිබිය යුතුමය. ඇය වැඩි දුරටත් විස්තර එහි විස්තර කරන්නේ නිර්මාණකරුවා භාවිත කරන සෑම භාණ්ඩයකම එය භාවිත කිරීමේ අයිතියක් පැවතිය යුතු බවයි.",sin,wili-2018,sinhala,sinhala
තෝරාගත් ඇක්ටිනයිඩ නිස්සාරණය (Selective ActiNide Extraction) කුඩා ඇක්ටිනයිඩ කළමණාකරණයේ අංශයක් ලෙස මෙමගින් යෝජනා කර ඇත්තේ ලැන්තනයිඩ හා ත්‍රී සංයුජ කුඩා ඇක්ටිනයිඩ ඩයමෙක්ස් හෝ ට්රූඑක්ස් වැනි ක්‍රියාවලි මගින් ඉවත් කරගත යුතුය. ඇමරිසියම් (americium) වැනි මූල ද්‍රව්‍ය කාර්මිකව නැවත භාවිත කිරීමට හෝ ඉන්ධන ලෙස භාවිතා කිරීමට ලැන්තනයිඩ ඉවත් කළ යුතුය. ලැන්තනයිඩවල විශාල නියුට්‍රෝන හරස් කඩක් ඇති අතර එමගින් නියුට්‍රෝන මගින් දිවෙන න්‍යෂ්ටික ප්‍රතික්‍රියා විෂ කෙරේ.,sin,wili-2018,sinhala,sinhala
ප්‍රථමයෙන් බ්‍රිතාන්‍ය කාලතුවක්කු සමන්විත වනුයේ උණ්ඩ කැබලි වලිනි. පසුව සැම ප්‍රමාණයේ ගිලියම් ද යොදා ගැනිනි. පසුව සම‍හර අවස්ථාවලදි කොපුද යොදා ගැනිනි. මෙම ඇදි යන කාලතුව්ක්කු විනාඩියකින්. විනාඩි 6ක් අතර යාර 100 ක් ගමන් කළේය. එම වේගයට වම් පෙදෙස මෙන්ම එහි තත්වය ද බලපැවේය. විනාඩි 6 ක කාලයක් ඇතුලත මෙම දුර ගමන් කිරිම මන්දගාමි ලෙස සැළකිණි.,sin,wili-2018,sinhala,sinhala
"1659 දී සාන්ත ජෝර්ජ් කොටුවේ(වර්තමානයේ මදුරාසිය)සිට තම ගම් රට බලා නැව් නැගි නොක්ස් වරුන් දෙදෙන කුණාටුවකට හසුව නැව් බිඳී මුහුදුබත්ව ලංකාවේ(දැන්ශ්‍රී ලංකාව)වෙරළට ගසා ගෙන විත් එහි ගොඩ බටහ. මහනුවරරජුගේ අණ පරිදි ත්‍රිකුණාමලය, මූදුතොර (මුතූර්)අසල දී නැවෙහි සේවක කණ්ඩායමේ තවත් 17 දෙනෙකු සමග මොවුන් දෙදෙනා අත්අඩංගුවට ගනු ලැබු අතර දෙවන රාජසිංහ නම් වූ ලංකාවේ රජුගේ ආගන්තුක සත්තාර මධ්‍යයේ ජීවත්වීමට ඉඩ ලැබූහ.",sin,wili-2018,sinhala,sinhala
"නිශ්ශංක මල්ල රජ (1187–1196) විසින් හැටදාගේ ගොඩනංවන ලද්දේ, දළදා මාලිගාව වශයෙනි. රාජාවලිය, පූජාවලිය සහ ගල්පොත ශිලා ලේඛනය ඇතුළු ඓතිහාසික මූලාශ්‍ර කිහිපයක් සඳහන් කරන්නේ එය තැනුනේ පැය සැටක් හෙවත් දවසක් තුලදී බවයි. දාගේ යන්නෙන් අදහස් වන්නේ ධාතු ගර්භය බැවින්, දින හැටකින් නිම කිරීම සිහි කිරීමට මෙම නම යෙදුවා විය හැක. තවද සිද්ධාන්තයක් වන්නේ, මෙම නම යෙදීමට හේතුව, ධාතුන් වහන්සේලා හැට නමක් වඩම්මවා තිබීම නිසා බවයි. දළදා වහන්සේ බොහෝ විට වඩම්මවා තබන්නට ඇත්තේ උඩු මහලේය.",sin,wili-2018,sinhala,sinhala
"ඉක්බිති ඒ ඒකශාටක බමුණු තෙමේ දෙව් මිනිස් සුගතියෙහි ඉපදී, මේ කල්පයෙහි කෝණාගමණ - කාශ්‍යප බුදුවරුන් අතර කාලයේදී බරණස් නුවර කුල ගෙයක උපන්නේය. එක දිනක ගං තෙරක සිවුරක් කරමින් සිටි පසේ බුදුන් වහන්සේ නමක් නුවාවකට රෙදි මදි වීමෙන් සිවුරු හකුලනු දැක, ඒ පිළිබඳව විමසා, රෙදි මදි වීමෙන් බව දැන තමන් හැඳ සිටි උතුරු සළුව උන්වහන්සේට පූජා කලේය. පූජා කර ""මේ පිනෙන් උපනූපන් සෑම ආත්මයකම මට කිසිවකින් අඩුවක් නම් නොවේවා"" යැයි පැතීය.",sin,wili-2018,sinhala,sinhala
1993 වර්ෂයේදී කැගල්ල දිස්ත්‍රක්කයේ යටපානගේ නන්දා අයිරංගනී නම් ගැමි දියණියක් සමගින් විවාහ දිවියටපත් වන ලදී ඔවුන් දෙපළට එස් චාරැක අශාන් ජයමල්ක සිල්වා යන නම්න් පුතෙක් හා එස් චමෝදි අශ්මිලා ජයලක්ෂිි සිල්වා යන නමින් දියණියක් විය,sin,wili-2018,sinhala,sinhala
පවර්: අපි අද සමාගමක් සඳහා අභ්‍යාසයක් පවත්වමින් සිටියා. මම දැන් වැඩ කරන්නේ පෞද්ගලික අංශයේ කියන අදහස මම හිතේ දරා ගෙන සිටියා. අපි ඔක්කොම වාඩි වෙලා හිටියේ. - නගරය තුල - ආපදා කළමණාකරුවන් හැර අනිත් සියලු දෙනා 1000 ක් පමණ සම්බන්ධ වුනා. වඩාත් සුවිශේෂී කරුණක් වූයේ අපි අපේ අභ්‍යාසයට පාදක කර ගෙන තිබුනේ භූ ගත සහ ප්‍රධාන නැවතුම් පලවල් වලට එකවර එල්ල කරන ප්‍රහාරයන් පිලිබඳ නාට්‍යානුසාර කෙටුම් පතක්. ඉතිං අපට එක පාරටම සිදු වුනා ප්‍රබන්ධයෙන් සත්‍ය සිදු වීමකට යාමට. පළමුවෙන් කළ යුතු කාර්යයන්ගෙන් එකක් වූයේ අර බියුරෝවේ නොම්මරය ලබා ගැනීමයි. ඔබට නැති වුනු අයගේ ලැයිස්තුවක් ලැබුනොත් ඒ අයට කියන්න ඒකට බොහෝ වේලාවක් ගත වුනා.,sin,wili-2018,sinhala,sinhala
"An indication of numbers: the separation of two compounds with relative volatility of 1.1 requires a minimum of 130 theoretical plates with a minimum reflux ratio of 20.. With a relative volatility of 4, the required number of theoretical plates decreased to 9 with a reflux ratio of 0.66. In another source, a boiling point difference of 30 °C requires 12 theoretical plates and, for a difference of 3 °C, the number of plates increased to 1000.",sin,wili-2018,sinhala,sinhala
බොහෝ විද්‍යාත්මක සංවිධාන පාලනය කරනු ලබන්නේ දකුණු යුරෝපිය නිරීක්ෂණාගාරය(ඊ එස් ඕ )විසිනි. එමඟින් තාරකා විද්‍යාඥයන්ට සහ ශික්ෂයන්ට සූර්යාගේ සිට පෘතුවියට ඇති දුර සංක්‍රාන්ති කාලසීමාවේදී මැනීමට සංවිධානය කරන ලදී.සහභාගී වන්නන්ගේ නිරීක්ෂණ තාරකා විද්‍යාත්මක ඒකක ගණනයට අවසර ලැබුණි. එනම් 0.007 ප්‍රතිශතයකින් බලාපොරොත්තු වන අගයන් වෙනස් වන ඒවාට පමණක් කිලෝමීටර් 149 608 708ක් පමණ එකතු කිරීම හෝ අඩු කිරීම සිදු කෙරිණි.,sin,wili-2018,sinhala,sinhala
සිකුරුගේ කක්ෂය පොළවට සාපේෂව අංශක 3.4 ක් ආනතය. සාමාන්‍යයෙන් අපට එය දිස් වන්නේ සිකුරු සූර්යයාට පහළින්(හෝ ඉහළින්) පහත් සංගමනයකදී පසුකරන ආකාරයටයි. සංක්‍රාන්තිය සිදුවන්නේ සිකුරු ග්‍රහයා හිරු හෝ හිරු අවට ඇති වෙනත් ග්‍රහවස්තුවක් සමඟ සංගමනයකට ළඟා වීමෙනි. සිකුරු පෘතුවියේ කක්ෂය හරහා ගමන් කරන(කක්ෂ තලය )දිස් වන්නේ එක එල්ලේම හිරු හරහා යන ආකාරයටයි. එහෙත් මෙම ග්‍රහලෝකවල කක්ෂ අතර ආනතිය අංශක 3.4ක් පමණ වේ. සිකුරු හිරුගෙන් අංශක 9.6ක් ඈත් වන නමුත් පෘතුවියට දිස් වන්නේ එය පහළ සංගමනයේ ඇති විටය. හිරුගේ කෝණික විෂ්කම්භය අංශකයකින් අඩක් පමණ වන නිසා සිකුරු හිරුට ඉහළින් හෝ පහළින් සූර්ය විෂ්කම්භ 18කට වඩා සාමාන්‍ය සංගමනයකදී ගමන් කරයි.,sin,wili-2018,sinhala,sinhala
එහෙත් සහභාගි කම දේශපාලන පක්ෂයක අත්‍්‍යඅවශ්‍ය අගයක් ලෙස සමහර දේශපාලන විද්‍්‍යාත්ඥයෝ නොදකිති. නිමවුන් වඩා පුලුල් අර්ථයක් ගෙන දෙමින් පවසන්නේ දේශපාලන පක්ෂයක් යනු රාජ්‍ය බලය පාලන කිරීම සහ ජනතා සහ යෝග සදහා වෙනත් මත දරන කණ්ඩායම් සමග තරග කරන සමාජයේ ක්‍රයාකාරී දේශපාලාන කාරකයන්ගේ එකමුතු බවය.,sin,wili-2018,sinhala,sinhala
"හේමන්ත 1976 සිට 1978 දක්වා කොලඹ නාලන්ද විද්‍යාලයේ ජේෂ්ට ක්‍රිකට් පිලේ ක්‍රීඞා කල අතර 1977 සහ 1978 දී ආනන්ද - නාලන්ද මහා ක්‍රිකට් තරගයට නාලන්දාව වෙනුවෙන් ක්‍රීඞා කලහ. යොහාන් ගුනසේකර, කීර්ති රණසිංහ, සනත් කලුපෙරුම හා ෂම්මි සිල්වා මොහුගේ නාලන්දා ක්‍රිකට් කණ්ඩායමේ සමකාලීනයන්ය.",sin,wili-2018,sinhala,sinhala
"කොරියානු කලාව එකල පැවති ප්‍රධාන ආගම්වල සංක්‍රාන්ති ලක්ෂණවලින් සමන්විත විය. මුල්කාලීන කොරියානු ෂාමන්වාදී කලාව, අනතුරුව කොරියානු බෞද්ධ කලාව සහ කොරියානු කොන්ෆියුසියානු කලාව ඔස්සේ 20වන සියවසේ නොයෙකුත් බටහිර කලා සම්ප්‍රදායයන් වෙත ගමන් කරන්නට විය.",sin,wili-2018,sinhala,sinhala
"බමුණෝද පළමුව මදු රටට යන්නාහු, එක්තරා නානතොටක රන් රුව තබා සැඟවී සිටියහ. එකල බද්දාකපිළානිගේ කිරි මව ඇයව නහවා සිරි යහන් ගබඩාවේ හිඳුවා නාවත නාන තොටට පැමිණෙන්නාහු, රන් රුව දැක භද්‍රාකාපිළානි යැයි සිතා කිපී ""මෙ කෙල්ල කුමට මෙහි පැමිණේදැයි "" තර්ජනය කොට කම්මුලට පහරක් දුනි. ඇගේ අත්ල පුපුරු ගසන්නට වූ කල්හි ඇය, ""මේ මහ කළු ගලට මම මාගේ ස්වාමි දුව යැයි රැවටුනි, මෑ අපේ ස්වාමි දුවට වස්ත්‍ර දීමටවත් නුසුදුසුය"" කීවාය.",sin,wili-2018,sinhala,sinhala
මරණයක් අවස්ථාවේදි මිනිය සුළු වශයෙන් අදාහනය කිරීම සිදුවුණු අතර ඊට මරණකරුට අයත්ව තිබු දේවල් ද එක් කරන ලදී. ආදාහනාගාරය තිබුණේ නගරයට යාබදවයි. එය පිරිසිදු දිය දහරා ගලා යන කුඩ දිය පාරවල් සහිත මාර්ග වලින් සකස් වී ඇත. බොහෝ සොහොන් කොත් තනා තිබුණේ අමු ‍ගඩොලෙනි. මළ ගිය තැනැත්තාට කරන උපහාරයක් ලෙස අල්තාරද නිමවා තිබුණි. පුරාණ සොහොන් කොත් දිරා යන විට ඒ මතින් නැවත නව සොහොන්කොත් නිමවුණි. පුදුමයකට මෙන් තවමත් අෂ්‍රියාවේ සෙලියුසීඩ් හෝ පාතියන් යුග වලට වඩා පැරණි ආදාහනාගාරයක් තවම සොයා ගෙන නැත.,sin,wili-2018,sinhala,sinhala
සාමාන්‍යයෙන් සංක්‍රාන්තියක් සිදු වන්නේ ජුනි හෝ දෙසැම්බර් මාස වලදීය.එමෙන්ම මෙවැන්නක් දැකගත හැක්කේ කලාතුරකිනි.මෙම චක්ක්‍රයේදී සෑම අවුරුදු 243 කට වරක් දින දෙකක් පමණ මෙම සංසිද්ධිය දැකගත හැකිය.සංක්‍රාන්තිය සාමාන්‍යයෙන් සිදු වන්නේ යුගළ වශයෙනි.ආසන්න වශයෙන් එකම දිනයේදී හෝ වසර අටක පරතරයකදී එය සිදු වේ.උපරිම වශයෙන් පෘතුවි වර්ෂ 8ක් සිකුරු මත වසර 13ක් හා සමාන වීම එයට හේතුවයි. එනිසා සෑම අවුරුදු අටකට වරක් ග්‍රහලෝක දළ වශයෙන් සාපේක්ෂව මෙම පිහුටුමට අවතීර්ණ වේ. ආසන්න වශයෙන් වන සංගමන යුගල සන්ක්රාතියේ ප්‍රථිපලයක් වේ. නමුත් එය නිරවුල්ම නොවේ. අවසන් සංක්‍රාන්තිය 1396 දී දක්නට ලැබුණු යුගල සංක්‍රාන්තියේ කොටසක් විය නොහැක. වැඩිදුර තොරතුරු පහත වගුවේ දක්වා ඇත.,sin,wili-2018,sinhala,sinhala
"Mixing and matching these conditions produces sixteen possible combinations, of which eleven are valid Creative Commons licenses and five are not. Of the five invalid combinations, four include both the ""nd"" and ""sa"" clauses, which are mutually exclusive; and one includes none of the clauses. Of the eleven valid combinations, the five that lack the ""by"" clause have been retired because 98% of licensors requested Attribution, though they do remain available for reference on the website. This leaves six regularly used licenses:",sin,wili-2018,sinhala,sinhala
"Cite the author's name, screen name, or user ID, etc. If the work is being published on the Internet, it is nice to link that name to the person's profile page, if such a page exists.",sin,wili-2018,sinhala,sinhala
"නැමිබියා සමූහාණ්ඩුව දකුණු අප්‍රිකාවේ පිහිටි රටකි. මායිම් වන්නේ අත්ලාන්තික් සාගරය‍‍ටයි. එහි මායිම් උතුරින් ඇන්ගෝලා හා සැම්බියාව, බටහිරින් ‍බොට්ස්වානා හා සිමිබාබ්වේ, දකුණින් හා නැගෙනහිරින් දකුණු අප්‍රිකාව වේ.1990 මාර්තු 21 දා දකුණු අප්‍රිකාවෙන් නිදහස ලැබිය. අගනුවර වන්නේ වින්ඩ්හොයින් ය. නැම්බිව්යාව එක්සත් ජාතින්ගේ සංවිධානය දකුණු අප්‍රිකානු සංවර්ධන පදනම අප්‍රිකානු සංගමය, පොදු රාජ්‍ය මණ්ඩලය හා බොහෝ ජාත්‍යන්තර සංවිධාන වල සාමාජිකයෙකි.මෙම රටේ වියළි බිම් බුෂ්මෙන් දමාරා නමතුවා ජාතීන් විසින් අත්පත්කර ගෙන සිට ඇත. 14 ශතවර්ෂයේ දී බන්ධු ජාතීන් මෙහි විකාශනය සිදු කළහ. 1883 දී එය ජර්මානු පාලනයට අයිති විය. 1966 අප්‍රිකානු නායකයන්ගේ ඉල්ලීම මත එක්සත් ජාතීන්ගේ සංවිධානය මෙහි පාලනයට මැදිහත් විය. 1973 නැමිබියා ජනයාගේ නියෝජිතයා ලෙස SWAPO සංවිධානය පිළිගන්නා ලදී. 1990 වසරේ මෙම රට සම්පූර්ණ නිදහස ලැබීය. මේ සමඟම රටේ නම නිරිත අප්‍රිකානු නැම්බියා ලෙස ස්ථාපිත විය. ජනගහනය මිලියන 2.1 .කෘෂිකර්මය, ගව පාලනය, සංචාරක ව්‍යාපාරය, පතල් හා වටිනා ගල් හා ලෝකඩ කර්මාන්ත මෙහි ආර්ථිකයේ කොදු නාරටිය වේ. ජනගහනයෙන් භාගයක් පමණ ඒඩ්ස් රෝගයෙන් පීඩා විඳින අතර, 2007 වසරට අනුව ජනගහනයෙන් 15% ක් පමණ HIV වෛරසය ආසාදිතයන්ය.",sin,wili-2018,sinhala,sinhala
"ඊශ්රායෙල් කෞතුකාගාරය (Israel Museum - מוזיאון ישראל) ඊශ්රායෙල් ජාතික කෞතුකාගාරය වේ. එය යෙරුසලමේ වේ. එය 1965 දී ආරම්භ කරන ලදී එය, නෙසෙට් ඊශ්රායෙල් පුරාවිද්යා සඳහා ජාතික කැම්පස් අසල Givat රාම් දී කන්දක් මත ය.",sin,wili-2018,sinhala,sinhala
"සියයට 20,100,200,අගය කින් උද්ධමන වේගය වැඩි නම් ජවන උද්ධමනය ඇති වේ. උදාහරණයක් ලෙස ආර්ජන්ටිනාව,බ්‍රසිලය වැනි රටවල 1980 ගනන්වල මෙවැනි තත්වයක් පැවතින.",sin,wili-2018,sinhala,sinhala
ජුලි 09වනදින ˝Bank of England˝ HM භාණ්ඩාගාරය හා මුල්‍ය සේවා අධිකාරිය හෙළි කරන පරිදි ප්‍රහාරයට පසුව බ්‍රිතාන්‍යය මුල්‍ය වෙළද පොලේ කටයුතු ඉදිරියට සිදු කර ගෙන යෑම සදහා ඔවුන් විසින් ඉදිරි සැළසුමක් පිළිබදව කටයුතු ආරම්භ කර තිබු බව ප්‍රකාශ කරන ලදී. මේ සදහා බ්‍රිතාන්‍යරජයේ මුල්‍ය අංශයේ සන්තතිය වෙබ් පිටුවේ ˝රහස් කතා කාමරයක් ˝ (Chat Room) විවෘත කර එමගින් රටේ බැංකු හා වෙළදපොල ගණුදෙණුකරැවන්ට ආයතනසමග සන්නිවේදනය කිරිමේ පහසු ක්‍රම සපයා තිබුණි.,sin,wili-2018,sinhala,sinhala
"නාර්ගීස් දත් (1 ජුනි 1929 – 3 මැයි 1981), (උපත් නාමය ෆාතිමා රෂිද්, ජනප්‍රිය නාමය නාර්ගීස්), යනු ඉන්දියානු සිනමාවේ හිටපු රංගන ශිල්පිනියක් වේ. 1935 වසරේ තලාශ්-ඊ-හක්හී ළමා චරිතයක් නිරූපණය කරමින් රංගන ක්ෂේත්‍රයට පා තැබූ ඇය ඉන්දියානු හින්දි සිනමා ඉතිහාසයේ මෙතෙක් බිහිවූ එක් අග්‍රගණ්‍ය රංගන ශිල්පිණියක ලෙස සැළකේ. 1942 වසරේ තමන්නා චිත්‍රපටිය හරහා වෘත්තීයම වශයෙන් සිනමාවට පිවිසි ඇය එතැන් සිට 1940 හා 1960 දශක අතර නිමවූ ජනප්‍රිය සිනමාපට රැසකටම සිය දායකත්වය ලබා දී තිබේ.",sin,wili-2018,sinhala,sinhala
උපසම්පදාවට පත් කාශ්‍යප තෙරුන් වහන්සේ ගෞතම බුදුරජාණන් වහන්සේ සමඟ නුග ගසේ මුලෙන් බැහැරව පාරට පැමිණ මඳ දුරක් ගමන් කල බුදුන් වහන්සේ එක්තරා ගසක් මුල විවේක ගන්නට විය. බුදුරජාණන් වහන්සේගේ අදහස වටහා ගත් තෙරුන් වහන්සේ තමන් වහන්සේගේ පට රෙදි වලින් කළ සඟළ සිවුර සතරට නමා තථාගතයන් වහන්සේට වැඩ සිටිනු පිණිස අතුළහ.,sin,wili-2018,sinhala,sinhala
"ලෝකය තුළ සංස්ථාපිත පාලන රටාවලියේ පුළුල්වූ පංති දෙකක් දක්නට ලැබේ. ලොව වැඩි ප‍්‍රමාණයක් තුළ, සංස්ථා පාලනය සිදුකරන්නේ එහි කොටස් හිමියන් විසින් ඡුන්දයෙන් පත්කරගන්නා ලද අධ්‍යක්ෂ මණ්ඩලයක් විසිනි. ජර්මනිය වැනි රටවල සංස්ථාවේ පාලනය කොටස් දෙකකට බෙදනු ලැබේ. එහිදී නෛතිකමය හෝ වෙනත් බල අධිකාරිමය බලයකින් තෝරා පත්කරනු ලබන අධීක්ෂක මණ්ඩලයක් සහ එම අධීක්ෂක මණ්ඩලය විසින් තෝරාගනු ලබන කළමනාකරණ මණ්ඩලයක් වශයෙන් කොටස් දෙකක් දක්නට ලැබේ. තවද ජර්මනියේ එයටම ආවේණික වූ පාලන ක‍්‍රමයක්ද දක්නට ලැබේ. භාගයක් සේවක නියෝජිතයන්ගෙන් සමන්විත අධීක්ෂක මණ්ඩලයක් මගින් පාලනය කරනු ලබන එම ක‍්‍රමවේදය සම නීර්ණය (කෝ ඩිටර්මිනේෂන්) යනුවෙන් හඳුන්වනු ලැබේ. සංස්ථා සම්බන්ධතා කළමණාකරණය සඳහා ප‍්‍රධාන විධායක නිලධාරි, සභාපති, භාණ්ඩාගාරික සහ වෙනත් පදවිලත් තනතුරු සාමාන්‍යයෙන් තෝරාගනු ලබන්නේ අධ්‍යක්ෂ මණ්ඩලයක් විසිනි.",sin,wili-2018,sinhala,sinhala
හෙල්මුට් යෝසෙෆ් මිෂායෙල් කෝල් (ජර්මානු: [ˈhɛlmuːt ˈjoːzɛf 'mɪçaʔeːl ˈkoːl]; 3 අප්‍රේල් 1930 – 16 ජූනි 2017) යනු 1982 සිට 1998 දක්වා (බටහිර ජර්මනියෙහි 1982–1990 සහ යළි-එකමුතුවූ ජර්මනියෙහි 1990–1998) ජර්මනියෙහි චාන්සලර්වරයා ලෙසින්ද 1973 සිට 1998 දක්වා ක්‍රිස්ටියන් ඩිමොක්‍රටික් යූනියන් පක්ෂයෙහි (සීඩීයූ) සභාපති ලෙසින්ද සේවය කල ජර්මානු රාජ්‍ය තාන්ත්‍රිකයෙකි.,sin,wili-2018,sinhala,sinhala
"මිනිසුන්ගේ යහපත සදහා සිදු කරන දේ සුදු අභිචාර වන අතර රෝග පීඩාදිය දුරු වීමට සෙත සැලසීමට සුදු අභිචාරී කි‍්‍රයා මුල් වේ. උදාහරණ ලෙසට ගම්මඩු, බෝධිපූජා, පිරිත් සජ්ඣායනය, කිරීම ආදිය දැක්විය හැකිය. මිනිසුන්ගේ අයහපත සදහා සිදු කරන දේ කළු අභිචාර නම් වේ. මේ මගින් අන් අයගේ අයහපත හා රෝගී කිරීම් බලාපොරොත්තු වන අතර ඒවායින් මිදීම සදහා ඒ හා සම්බන්ධ කි‍්‍රයා පිළිවෙත් සිදු කරනු ලබයි. කළු අභිචාර සදහා උදාහරණ ලෙස හූනියම්, කොඩිවිණ, පළිගැසීම, වස් කවි, අණ විණ, ආදිය දැක්විය හැකිය. මේ ආකාරයට අභිචාර යන්න නිර්වචනය කර ගත හැනිය.",sin,wili-2018,sinhala,sinhala
"අභිචාරමය ප‍්‍රතිකාරයන්ගේ සමාජ මනෝවිද්‍යාත්මක අංශයක්ද විද්‍යාමාන වේ. බොහෝ විට මේවා ළංවන්නේ මිනිස් මනසටය. අමරසිංහම් පෙන්වා දුන් පරිදි මේ අභිචාරාත්මක ප‍්‍රතිකාර මගින් රෝගියාගේ රුධිරය මෙන්ම මනස පිරිසිදු වේ. සිතේ ඇති අවුල් වු ස්වභාවය පහව යන්නේ එවිටය. එසේම මෙම අභිචාරාත්මක ප‍්‍රතිකාර සදහා යොදා ගන්නා සෞන්දර්යාත්මක අංග ලක්ෂණ ඇදුම්, ආභරණ, ඖෂධ, වෙස් මුහුණු, ආදිය මගින් සංකේතවත් කරන්නේද සෞන්දර්යාත්මක බව තුළින් රෝගියාගේ මනසට ප‍්‍රවිෂ්ඨ වීමය. මනෝ වෛද්‍යවරයෙකු හුදෙකලා කාමරයක රෝගියෙකු හුදෙකලා කොට ගෙන මෝහනයට පත්කර රෝග කාරක මනෝභාවයන් ඉවත් කර ධනාත්මක යෝජනා සිතට ඇතුලු කරන්නේ කවර ආකාරයෙන්ද එවැනිම වු කි‍්‍රයාවලියක් ඊට වඩා බොහෝ වෙනස් වූ පරිසරයක හිඳිමින් ඉතාම ශෝභන ආකාරයෙන් රෝගි සිත මෘදු ලෙස පිරිමැදීමක් මෙහිදී සිදුවන බව පෙනේ. එය වඩාත් සෞන්දර්යාත්මක ප‍්‍රතිකාරයකි. බටහිර ප‍්‍රතිකාර ක‍්‍රමය තුළ කය හා මනස යන්න වෙන් කොට හදුනා ගැනීමෙන් මනසට වැඩි වැදගත් කමක් නොදී ශරීරයට ප‍්‍රතිකාර කිරීම වැදගත් කොට සලකයි. ඒ අනුව රෝගියාව දකින්නේ විශාල එක් රෝගයක් ලෙසය. නමුදු අභිචාරාත්මක ප‍්‍රතිකාර හරහා කය මනස එක් කොට දකින නිසා කය මනස යන දෙකොටසටම ප‍්‍රතිකාර සැපයේ. නවීනත්වය කරා යන සමාජයක වුවද තවමත් මෙම ප‍්‍රතිකාර ක‍්‍රමයන් අප අතර පවතින්නේ එම නිසාමය.",sin,wili-2018,sinhala,sinhala
අභිචාරාත්මක ප්‍රතිකාර ගත් විට ඒවා විවිධ ආකාරයට හදුනා ගත හැකිය. එනම් සංකීර්ණ ප්‍රතිකාර විධි සේම සරල ප්‍රතිකාර විධි ද පවතී. මේ සියලු ප්‍රතිකාර විධි අධිස්වභාවික තත්වයන් හා සම්බන්ධය. අභිචාරාත්මක ප්‍රතිකාර යනු ඒ ආකාරයට අධිස්වභාවික තත්වයන් මත පදනම් වන්නා වූ ප්‍රතිකාර ක්‍රමයකි. ආනුභවික ප්‍රතිකාර ක්‍රමයන්ට විරුද්ධ වූවකි. අභිචාරාත්මක ප්‍රතිකාර විධි වර්ග කීපයකි.ඒවා පහත පරිදි හදුනා ගත හැකිය.,sin,wili-2018,sinhala,sinhala
ශ්‍රි ලංකාවේ පුරවැසිභාවය සහිත දෙමළ ජනතාව ශ්‍රි ලාංකික දෙමළ ජනයා වේ. ලාංකා සම්භවයක් සහිත සහ ඉන්දියානු සමභවයකි සහිත දෙමළ ලෙස ශ්‍රී ලංකාව තුල උප වර්ග දෙකකි.,sin,wili-2018,sinhala,sinhala
"ජර්මන් ජාතික නාට්‍යකරුවෙක් , අධ්‍යක්ෂවරයෙක් හා කවියෙකි. සම්ප්‍රදායික නාට්‍ය ශෛලියෙන් මිදී නව ආරක නාට්‍ය ශෛලියක් ලොවට හඳුන්වා දුන් බ්‍රෙෂ්ට් හිට්ලර් ගෙන් දිවි ගලවා ගැනීමට ජර්මනියෙන් පලාගියේය. Mother Courage , The Caucasian Chalk Circle යන නාට්‍ය ඔහුගේ ශ්‍රේෂ්ට නාට්‍ය අතරින් සමහරකි.",sin,wili-2018,sinhala,sinhala
"ස්ටුවර්ට් ගොර්ඩ්න්. The New Cambridge History of India වෙළු. 2 කොටස 4: The Marathas 1600-1818. කේම්බ්‍රිජ් විශ්වවිද්‍යාලීය මුද්‍රණාලය (1993),පි. 130.",sin,wili-2018,sinhala,sinhala
සමකාලීන අභිවාහ්‍ය කලා කුසලතාවන්ට ඉහළ පිළිගැනීමක් හිමිව ඇත. විශේෂයෙන්ම තත් සහිත භාණ්ඩ වාදනය සහ සංධ්වනි අධ්‍යක්ෂණයට එහිදී විශේෂ ස්ථානයක් හිමි වේ.,sin,wili-2018,sinhala,sinhala
පුරාතන යුගයේ අවසානය ක්‍රි.ව. 4 වන සියවසේ සිදු වූ kalabhr ආක්‍රමණයත් සමග සනිටුහන් වේ. එය දමිළ සාහිත්‍යයේ හා ශිලා ලේඛනයන් හී kalappirar ලෙස සඳහන් වේ. මෙම ආක්‍රමණිකයන් උතුරු දමිළ දේශයෙන් පැමිණි ම්ලේච්ඡ හා රෞද්‍ර රජුන් බවට සඳහන් වේ. දමිළ දේශයේ මෙම අඳුරු යුගය පල්ලව රාජ වංශිකයන්ගේ පිබිදීමත් සමග නිමාවට පත් විය. එමෙන්ම පුරාතන යුගය තුලදී දමිළයන්ට මාලදිවයින තුල සංහිඳියාවක් ඇති කර ගැනීමට ද හැකි වූ බව ක්ලැරන්ස් මැලෝනි (Clarence Maloney) සඳහන් කරයි.,sin,wili-2018,sinhala,sinhala
පදුමුත්තර බුදුරජාණන් වහන්සේ මෙයින් කල්ප ලක්ෂයකට පෙර ලොව පහළ විය. උන්වහන්සේ එකල හංසවතී නගරය මූලික කරගනිමින් ධර්ම ප්‍රචාරයෙහි යෙදුනි. එකල ඒ නගරයෙහි අසූ කෝටීයක් ධනය ඇති වේදේහ නම් කෙළෙඹියෙක් වාසය කළේය. දිනක් ඔහු සිල් සමාදන් වී සුවඳ මල් ආදිය ගෙන විහාරයට ගොස් බුදුරජාණන් වහන්සේට වන්දනා කර පසෙකින් වාඩි විය. ඒ මොහොතෙහි පදුමුත්තර බුදුරජාණන් වහන්සේ උන්වහන්සේගේ තෘතීය ශ්‍රාවක මහානිසභ තෙරුන් වහන්සේ ධූතවාදීන් අතරින් අග්‍රස්ථානයේ තබන ලදී.,sin,wili-2018,sinhala,sinhala
සමහර සද්ධීන සජීවී ව වාර්තා කෙරේ. අදාල ස්ථානයේ සිටින වාර්තා කරුවෙකු හෝ ප්‍රවෘත්ති ඉදිරිපත් කරන්නා සිදු කරනු ලබන සම්මුක සාකච්දාවක් හා සජීවී රූප රාමුවක් වශයෙන් මෙය ඉදිරිපත් කල හැක. ශබ්ද සහ රූප රූපවාහනි ආයතනයට ෙක්බල් හරහා එවනු ලැබේ. සජීවීව මාධ්‍ය කරනය දැන්වර්ධනය වී ඇති අතර එම නිසා සිය ලිවීමේ හෝ වාර්තා කරනයේ හැකියාව මෙන්ම කැමරාවට මුහුනදීමේ හැකියාවද මාධ්‍ය වේදීන්ට වැදගත්වේ.,sin,wili-2018,sinhala,sinhala
"මේවා ආනුභවික ප්‍රතිකාර ක්‍රමයන්ට එහා ගිය අධිස්වභාවික තත්වයන් හා සම්බන්ධ ප්‍රතිකාර විධි වේ. එසේම සාස්තර ඇසීම හා කේන්ද්‍රය පරීක්ෂා කිරීම වැනි තත්වයන් පදනම් කරගෙන ද ඉහත අභිචාරාත්මක ප්‍රතිකාර වෙත මිනිසුන් නැඹුරු වේ.බලි තොවිල් සරල ප්‍රතිකාර ක්‍රමවල සිට ංකීර්ණ ප්‍රතිකාර ක්‍රම දක්වා විහිදේ.බලි තොවිල් වල අරමුණ වන්නේඅධිස්වභාවික ධූරාවලිය ප‍්‍රතිසකස් කිරීමයි. එනම්‍ මිනිසුන්ව රෝගි කරවීමේ හැකියාව යක්ෂයන්ට ඇති අතර යකැදුරන් තොවිල් වලදී කරනු ලබන්නේ එම ධූරාවලි අනුපිළිවෙල ප්‍රතිසකස් කිරීමයි.දෙහි කැපුම්‍ යාගය මගින් ද රෝග සුවකිරීම අරමුණු වේ. මෙය පැය කීපයකින් හෝ රාත්‍රිය පුරා සිදු කරයි. විශේෂ‍යෙන්ම ඇස් වහ‍ දෝෂ, කටවහ‍ දෝෂ ආදිය මග හරවා ගැනීමට දෙහි කැපුම්‍ යාගය සිදු කරයි. නූල් බැඳීම මගින් මතුරන ලද නූල් බෙල්ලේ , ඉනේ හෝ අතේ ගැටගැසීම සිදු කරයි. එමෙන්ම තෙල් මැතිරීම යන්නේදී මතුරන ලද තෙල් හිසේ ගැල්වීම සිදු කරයි. නූල් බැඳීම හා තෙල් මැතිරීම යන ක්‍රම දෙක මගින්ම රෝගියා අමනුෂ්‍ය දෝෂයන්ගෙන් ආරක්ෂා කිරීම බලා‍පොරොත්තු වේ. මේ ‍ක්‍රම දෙකම සරල ප්‍රතිකාර ක්‍රමවලට අයත් වේ. පිරිත් කීමේ දී ගිහි පිරිත් හා පැවිදි පිරිත් යනුවෙන් දෙකොටසකි. මේ මගින් යහපත හා ආරක්ෂාව බලාපොරොත්තු ‍වේ. බෝධිපූඡා පැවැත්වීම රෝග සුව කර ගැනීමට මෙන්ම වෙනත් හේතු සඳහාද සිදු කරයි.විශේෂයෙන්ම මේ මගින් සි‍තේ ශාන්තිය බලාපොරොත්තු වේ. මේ ආකාරයට අභිචාරාත්මක ප්‍රතිකාර හදුනා ගත හැකිය.",sin,wili-2018,sinhala,sinhala
"කොරියානු ජේඩ් කැටයම් කලාව; ජොසොන් රාජවංශ රාජකීය ශෛලිය අනුව යමින් ආචාර්ය ජං-ජු වොන් මෙම කලාවෙහි නියැළේ. මෙහි දී සංකීර්ණ ජේඩ් ගැටකලාව, බෞද්ධ සැරසිලි සහ කොරියානු ෂාමන්වාදී සැරසිලි භාවිතා කෙරේ.",sin,wili-2018,sinhala,sinhala
"කෘෂිකාර්මික, පුරා විද්‍යාව, සංස්කෘතිය, අධ්‍යාත්මික, සමාජ සුභ සාධන සංවර්ධන, සත්ව පාලනය, ක්‍රීඩා සංවර්ධනය, ඉදිකිරීම් සහ ගඩොල් නිෂ්පාදන වැනි බොහෝ ව්යාපෘතීන් ආරම්භ කිරීම හරහා වර්තමානයේදී CSD සේවක පිරිස අදාළ ගම්මානවල ප්‍රජාවන්ගේ ජීවන තත්ත්වය ඉහළ නැංවීමට දිගටම කටයුතු කරයි.",sin,wili-2018,sinhala,sinhala
ඉහත දැක්වූ ආකාරයට කොපර්(1) Chloride බොහෝ කාබනික ප්‍රතික්‍රියා වලදී උත්ප්‍රේරකයක් ලෙස භාවිත කරයි.තවද COPureSM ක්‍රියාවලියේදී මෙම කොපර්(1) Chloride උත්ප්‍රේරකයක් ලෙස භාවිතා කරයි.,sin,wili-2018,sinhala,sinhala
"කෙසේනමුත්, නූතන යුගය වන විට, ගිජා හිමිව ඇති පිළිගැනීම බෙහෙවින් අඩුවෙමින් පවතින අතර, එය අහෝසි වී යාමට ආසන්න ය. ප්‍රතිවාචිත පුරාවිද්‍යාත්මක සාක්ෂි ඇතුළු විවිධ සාධක ‍හේතුවෙන් බොහෝ කොරියානු විද්වතුන් ගිජාහි පැවැත්ම පිළිගන්නේ නැත. ඔවුන් තවදුරටත් පවසන්නේ ගිජා පිළිබඳ පළමු සඳහන හමුවන උණබට වාර්ෂික වාර්තා සහ කොන්ෆියුසියස්ගේ සුභාෂිත වාක්‍ය වැනි කෘතිවල ඔහු ගෝජොසොන් වෙත සංක්‍රමණය වූ බැව් සඳහන් නොවන බවයි.",sin,wili-2018,sinhala,sinhala
"දුරකථනය කල එලි බැසීමත් සමගම ටෙලිග්‍රාෆ් යන්ත්‍ර එකවරම අභාවයට පත් වූයේ නැත.නමුත් දුරකථනය ද පළමුව රාජ්‍ය ආයතනත් පසුකාලීනව ව්‍යාපාර ආයතනත් එකිනෙක සම්බන්ධ කිරීමට යොදාගන්නා ලදී.ඉක්මනින්ම ටෙලිග්‍රාෆ් කම්බි වලට අමතරව දුරකථන රුහැන් ද මෙම රුහැන් ජාලය හා එකට පැටලී ගියේය.මුල් කාලයේදී පරිගණක හා ඉලෙක්ට්‍රෝනික තාක්ෂණය එතරම් දියුණු නොවූ නිසා ඇමතුම් Manually 'අතින්' සම්බන්ධ කිරීමට සිදුවිය.මෙම ක්‍රමවේදය Switchboard ලෙස හදුන්වයි. Switchboard එකක් යනු සාමාන්‍යයෙන් කුඩා ගමක නිවෙස් 20ක් හෝ 30ක් තුල ඇති දුරකථන එකිනෙක සම්බන්ධ වන මධ්‍යස්ථානයක් වැනිය.මෙම ක්‍රමයේ අවාසිය වූයේ ඔබ වෙනත් රටකට ඇමතුමක් ලබා ගන්නා විට ඔබේ ප්‍රදේශයේ Switchboard ක්‍රියාකරු හා සම්බන්ධ වී,එතැනින් ඔබේ පලාතේ Switchboard මධ්‍යස්ථානයට සම්බන්ධ වී,එතැනින් ඔබේ රටේ Switchboard මධ්‍යස්ථානයට සම්බන්ධ වී යනාදී වශයෙන් මධ්‍යස්ථාන ගණනාවක් හරහා ඇමතුම සම්බන්ධ කිරීමට සිදුවීමයි.මෙහිදී සම්බන්ධ වීමට මිනිත්තු ගණනාවක්ද ගත්වීය. මාර්කෝනිගේ රේඩියෝව සැබැවින්ම අනභිබවනීය යන්ත්‍රයක් විය.මෙමගින් එක් තැනක සිට තවත් තැනකට අපහසුවකින් තොරව හා රැහැන් රහිතව පණිවිඩක් දීමට හැකිවිය. පසුකාලීනව දියුනු වූ සංඛ්‍යාත මූර්ජනය [FM] හා මුල් කාලින විස්තාර මූර්ජනය [AM] මගින් නිසි සංඛ්‍යාතයක් ඔස්සේ පණිවිඩයක් දීමට හා ලබා ගැනීමට හැකි රේඩියෝ උපාංග නිපදවන ලද අතර මේවා තව තවත් වැඩි දියුණු කිරීමට මාර්කෝනි, මාර්කෝනි සමාගම නමින් රේඩියෝ උපාංග සමාගමක් ඇරඹුවේය. 1912 දී ටයිටැනික් නෞකාව ගිලීයාමත් සමග සංඛ්‍යාත කිහිපයකට එකවර සවන් දිය හැකි රේඩියෝ උපකරණ සියලුම නෞකා පාලක මධ්‍යස්ථාන හා වරාය වල තැබිය යුතු යැයි නීතියක් සම්පාදනය වීම , 1940 වන විට සංගීතය,ප්‍රවෘත්ති, ක්‍රීඩා හා බොහෝ වැඩසටහන් ලොව පුරා විකාෂය වන ගුවන් විදුලි තරංග ජාලයක් ලොව බිහි කිරීමට පාදකවූ ප්‍රධානම හේතුව ලෙස සැලකේ.",sin,wili-2018,sinhala,sinhala
"කර්ගිස්තාන් නිල වශයෙන් නර්ගිස්තාන් සමුහාණ්ඩුව මධ්‍යම ආසියාවේ රටකි. එය මායිම් වන්නේ උතුරැ කසස්ථානය, බටහිර යස්බෙතිස්ථානය. නිරිත ටජ්නිස්ථානය සහ නැගෙනහිර චීනයටය. පුරාවෘත්තයක සදහන් මනාස් යන වීරයාගෙන් ගෝත්‍රයන් 40 යන නාමයෙන් බිදී ආ නමක් ලෙස නර්ගිස්තානය හදුන්වයි. ඒ රටේ ජාතික කොඩියේ ඇති ඉරැ කිරණ 40 ‍යෙන් එම ගෝත්‍ර 40 විදහා දැක්වේ. වර්තමානයේ එහි රජයේ ප්‍රධානියා අවිනිශ්චිතය. රොසා ඔටුන්බ‍ෙය්බා නැමැත්තෙකුගෙන් ප්‍රාදේශීය රාජ්‍යයන් ගොඩ නගා ඇති බව විපක්ෂය කියන අතර අගමැතිතුමා දැන්වීමේ ලිපියක් අත්සන් කොට ඇත. කර්වැඩ්බෙග් බනියේඩිගේ (ජනාධිපති) අස්ථිරය.",sin,wili-2018,sinhala,sinhala
"මුල් සමයේ කොරවක් ගල, කැටයම් අවම සරළ ආකාරයේ ඒවා වේ. රුවන්වැලිසෑය මළුවේ උතුරු දොරටුවේ දැකගත හැකි කොරවක් ගල මීට උදාහරණයක් සේ දැක්විය හැක. කුට්ටම් පොකුණේ දැකගත හැකි කොරවක් ගලද, රුවන්වැලිසෑ කොරවක් ගලට සමාන ලක්ෂණ දක්වයි. අනුරාධපුර යුගයේ කොරවක් ගල්හී දැකගත හැකි ලක්ෂණයක් වන්නේ මකර කටින් විහිදී යන ලියවැලක් දක්වා තිබීමයි. මුල් කාලයේ මෙය සරලව නිර්මාණය කොට තිබූවත් පොළොන්නරු යුගය වන විට ඊට කැටයම් රාශියක් එකතු වී තිබේ. කෙසේවූවද පසු කාලීනව කොරවක්‌ ගලේ මකර කැටයම වෙනුවට ගජසිංහ කැටයම එක්‌ වු අවස්‌ථා දැකගත හැකිවේ. එසේම අනුරාධපුර හා පොළොන්නරු යුගවලදී කළුගලින් නිර්මාණය කල කොරවක් ගල පසුකාලීන ගම්පළ හා නුවර යුගය වන විට ගඩොල් හා හුණු බදාම භාවිතයෙන් නිමවා ඇත.",sin,wili-2018,sinhala,sinhala
"1900 දී සාර්ථකව අඛණ්ඩතාවය භාවිත කිරීමේ ගෞරවය හිමිවනුයේ ජෝජ් ඇල්බට් ස්මිත් සහ ජෙම්ස් බිලියන්සමන් හට ය. එම වර්ෂයේදි ස්මිත් විසින් ""seen through the tekescope' නිපදවන ලදි මෙම චිත්‍රපටයේ ප්‍රධාන රෑපරාමුව පෙන්වුයේ මහා මාර්ග‍යක සිටින තරැණයෙකු සපත්තු බදින පටියක් ගැට ගසන ආකාරයත් පසුව ඔහු තම පෙම්වතියගේ පාද වැලද ගන්නා ආකාරයත් මහල්ලකු මේ සියල්ල දුරදක්නයකින් නිරික්ෂණය කරන ආකාරයත්ය. පසුව මෙ දර්ශණය කළු පැහැ පසුබිමක් මැද ඇති රවුම් දර්ශණයකින් පෙම්වතිවය පාද මත ඇති අත්වල දර්ශණයකට මාරැවේ. පසුව නැවත කළු රෑපරාමුවලට මාරැවේ.",sin,wili-2018,sinhala,sinhala
අර්ධද්වීපයේ අග්නිදිග ප්‍රදේශයේ පිහිටි බැවින් සිල්ලා රාජධානිය කොරියානු අර්ධද්වීපයේ වූ වඩාත් හුදකලාම රාජධානිය විය. රාජධානි ත්‍රිත්වය අතුරින් බුදු දහම සහ විදේශ සංස්කෘතික ආභාසයන් අවසානයට ළඟා වූයේ මෙම රාජ්‍යය වෙත ය.,sin,wili-2018,sinhala,sinhala
ලෝක ගෝලයේ ඇතිවන අකුණු වලින් වැඩිම ප්‍රමාණයක් වර්ධනය වන්නේ කැටිවැහි වලාවළය. හොඳින් ආරෝපණය වු කැටි වලාකුළක පහළ කොටසේ ඍණ ආරෝපණ (-) හා ඉහළ කොටසේ ධන ආරෝපණ ( +) පවතී. මෙසේ හොඳින් ආරෝපණය වු වලාකුළු අතර ප්‍රේරණය (Induction) නිසා වලාකුලට පහළ පෘථීවිය මතුපිට ධන ආරෝපණ හට ගනී. මෙසේ ආරෝපණ කේන්ද්‍ර අතර වර්ධනය වන විද්‍යුත් ක්ෂේත්‍ර වාතයේ බිඳවැටීම් ක්ෂේත්‍ර දක්වා වර්ධනය වු විට ආරෝපණ කේන්ද්‍ර අතර විද්‍යුත් විසර්ජන හටගනි. පෘථීවියට ආසන්න වායුගෝලයේ බිඳවැටීම් විද්‍යුත් ක්ෂේත්‍රය මීටරයට කිලෝවෝල්ට් 12 ත් 15 ත් අතර ප්‍රමාණයක් වෙයි.,sin,wili-2018,sinhala,sinhala
න්‍යෂ්ටික ඉන්ධන චක්‍රය හා සම්බන්ධ න්‍යෂ්ටික රසායනය ප්‍රධාන කොටස් දෙකකට බෙදිය හැකිය. එක් කොටසකදී සලකනු ලබන්නේ අපේක්ෂිත තත්ව යටතේ දී සිදුවන ක්‍රියාවලියක් වන අතර අනෙකේදී සලකනු ලබන්නේ සාමාන්‍ය ක්‍රියාකාරී තත්වයෙන් වෙනස් වීම් කිහිපයක් සිදුවී ඇති විට හෝ (දුර්ලභ ලෙස) අත් වැරැද්දක් සිදුවී ඇති වීම හෝ සිදුවන ක්‍රියාවලීන්ය. නැවත භාවිතය,sin,wili-2018,sinhala,sinhala
"කෘෂි භෞතික විද්‍යාව, ජීව විද්‍යාව (එමගින් සේවයෙහි යොදවන ක්‍රම හා දැනුම, විශේෂයෙන් පාරිසරික පරිසර විද්‍යාව ශාක කායික විද්‍යාව යන ක්ෂේත්‍ර) හා භෞතික විද්‍යාව (එමගින් යොදා ගන්නා පර්යේෂණ ක්‍රම, විශේෂයෙන් භෞතික පරීක්ෂණ හා ආකෘති) වැනි මූලික විද්‍යාවන්ට සමීප වෙයි. කෘෂිභෞතික විද්‍යාවේ අවධානයේ විෂය පථය ශස්‍ය විද්‍යාවේ තාක්ෂණික ගැටලු හා විද්‍යා වල ප්‍රායෝගික ක්‍රියාකරවීම මත පමණක් අවධානය යොමු නොකරන අතර එමගින් කෘෂි භෞතික විද්‍යාව මූලික විද්‍යාවක් ලෙස වර්ගීකරණයට පසුබිම සැකසෙයි. කෘෂිකාර්මික ඉංජිනේරු විද්‍යාවේ පර්යේෂණ වලින් එය වෙනස් කළ සංකල්ප පිළිබද ද අවධානය යොමු කරයි. විද්‍යා අංශයේ විෂය පථය පරිසර පද්ධතිය තුළ වු සබධතා අධෂ්‍යයනයට මූලිකව සීමා වී ඇති නමුත් කාලයත් සමග එය ආහාර හා අමු ප්‍ර ඵලදාව වැනි කෘෂිකාර්මික නිෂ්පාදන හා බෝග වල ගුණ වලට බලපෑම් එල්ල කරමින් හා පරිසර විද්‍යාවේ තත්ත්ව තක්සේරුව වැනි ගැටලු වලට මැදිහත් වෙමින් ව්‍යාප්ත විය.",sin,wili-2018,sinhala,sinhala
"ශ්‍රී ලංකාවේ වෙරළබඩ හා සාගරික පද්ධති කිහිපයක් හඳුනාගත හැකිය. එනම්, කඩොලාන, ලවණ වගුරු,වැලි කඳු හා වෙරළ, මුහුදු පැළ හා තෘණ භූමි, කලපු හා මෝයවල්, කොරල්පර ආදී වශයෙනි. කොරල්පර ජෛව විවිධත්වයෙන් පොහොසත් වන අතර ඒවා ශාක හා සත්ත්ව ජීවීන් සඳහා වාසභූමි ලෙස වැදගත් වේ. හොඳින් වැඩුණු කොරල්පර ශ්‍රී ලංකාවේ ඇතිමුත් ඉන් බොහොමයක් වැලිගලින් හා ගලින් සෑදුණු ය.මන්නාරම බොක්කේ හා කල්පිටිය අර්ධද්වීපයේ බටහිර ගැඹුරු මුහුදේ හොඳින් වැඩුණු කොරල්පර තිබේ.දේශීය කොරල් ගණ 68 ක විශේෂ 183ක් ඇති බව වාර්තා වී ඇත. සුලභව දක්නට ලැබෙන කොරල් ගණ නම්, Acropora, E chinopora,Goniastrea වේ.පර අතරෙහි මොලස්කාවන්, මුහුදු මල් හා මුහුදු කැකිරියන් වැනි අපෘෂ්ඨ වංශික සත්ත්ව‍යින් හා කොස්සා,ඇටිස්සා ගිරා මත්ස්‍යයා වැනි කොරල් මත්ස්‍ය විශේෂ 350 කට කොරල්පර ආරක්‍ෂාව සපයයි.ගැඹුරු මුහුදේ ද කැන්ද මෝරා, සුදුවළිග මෝරා වැනි විලෝපීය මත්ස්‍යයන් ද කකුළු විශේෂ 201 ක් පමණ ද ජීවත් වේ. කලපු ආශ්‍රිත කඩොලාන විශේෂ ද දැකිය හැකිය.",sin,wili-2018,sinhala,sinhala
"විප්ලවකාරී පෝස්ටර, ලිතෝ නිර්මාණ, නාට්‍යමය සහ වාර්තා චිත්‍රපට, යතාර්ථවාදී චිත්‍ර කලාව සහ මහා ගෘහනිර්මාණය කෙරෙහි මෙය ඇති කළ බලපෑම විශාල ය. ක්‍රීඩා කලාව සහ දේශපාලනමය ස්වභාවයක් ගත විප්ලවකාරී පෝස්ටර දියුණුව ඇත. 1950 දශකයේ අගකාලයේ එක්සත් ජනපදය වෙත පලාගිය උතුරු කොරියානු චිත්‍ර ශිල්පීන් අතර ෆ්ව්හාං සොයුරියන් ප්‍රධාන වේ. දුක් සූන් ෆ්ව්හාං සහ චුං සූන් ෆ්ව්හාං ඕං’ඩ්වයර් යන ශිල්පිණියන් ප්‍රකට දේශාලනික ප්‍රකාශ සැලකිල්ලට නොගෙන කලබලකාරී භූමිදර්ශන සිතුවම් කලාවෙහි නිරතවූයේ බටහිර සහ ඈත පෙරදිග සම්ප්‍රදායයන් මුසු කරමිනි. උතුරු කොරියානු සිත්තරුන් ඔවුන්ගේ දක්ෂතාව හේතුවෙන් ප්‍රකට වී ඇත. දකුණු කොරියාව වෙත සංක්‍රමණය වීමට සමත්වූ එම සිත්තරුන් එහි සේවයෙහි නියුතුව ඇත.",sin,wili-2018,sinhala,sinhala
කෘෂි භෞතික විද්‍යාව යනු භෞතික විද්‍යාව හා ශස්‍ය විද්‍යාව මත සිමා වු විද්‍යාවේ අංශයක් වන අතර එහි අරමුණ වන්නේ මනුෂ්‍ය ක්‍රියාකාරකම් මගින් බලපෑම් එල්ල වී ඇති හා භෞතික විද්‍යාත්මක ක්‍රම යොදා ගෙන අධ්‍යයනය කිරීම් හා විස්තර කිරීම් කර ඇති පරිසර පද්ධති හා ජීව විද්‍යාත්මක වස්තූන් පිළිබද අධ්‍යයනය කිරීමයි.,sin,wili-2018,sinhala,sinhala
"සියවස-අවසන-අධික අවුරුද්ද, එනම් ඉතිරියක් නොමැතිව 400න් බෙදිය හැකි ඕනෑම සියවසක අවසන් වසර, සැම විටම සෙනසුරාදා දිනයකින් ඇරඹෙන අධික අවුරුද්දක් වෙයි.",sin,wili-2018,sinhala,sinhala
"Typically the example above now only reflects the theoretical way fractionation works. Normal laboratory fractionation columns will be simple glass tubes (often vacuum jacketed, and sometimes internally silvered) filled with a packing, often small glass helices of 4 to 7 mm diameter. Such a column can be calibrated by the distillation of a known mixture system to quantify the column in terms of number of theoretical plates. To improve fractionation the apparatus is set up to return condensate to the column by the use of some sort of reflux splitter (reflux wire, gago, Magnetic swinging bucket, etc.) - a typical careful fractionation would employ a reflux ratio of around 10:1 (10 parts returned condensate to 1 part condensate take off).",sin,wili-2018,sinhala,sinhala
"බොහෝ ස්ථානවල ආරක්ෂක විපරම් තත්ත්වයක් ක්‍රියාත්මක කර තිබුනද මධ්‍යම ලන්ඩනයෙන් පිටත වෙනත් ත්‍රස්තවාදී සිදු වීම් ඇති නොවීය. එඩින්බර්ග්, බ්‍රයිටන්, සදම්ප්ටන්, පෝර්ට්ස්මත් සහ ඩාර්ලින්ටන් හි සැක සහිත පාර්සල් පාලිත තත්ත්වයන් යටතේ පුපුරා හරින ලදී. එක්සත් රාජධානිය පුරා ආරක්ෂක තත්ත්වය උපරිම විපරමකට ලක් වන මට්ටමකට ගෙන එන ලදී.",sin,wili-2018,sinhala,sinhala
පැරණි විහාර ගොඩනැගිලිවලට ඇතුළු වන දොරටුව සමග වූ පඩිපෙල දෙපස අත්වැට සේ තනා ඇති නිර්මාණය කොරවක් ගල ලෙස හැඳින්වේ. පඩිපෙළේ ගමන් කරන්නන්ගේ පහසුව ඇතිකරවීමට හා ඊට අළංකාරත්වයක් එක් කිරීමට කොරවක් ගල නිර්මාණය කිරන්නට ඇතැයි විශ්වාස කෙරේ. ශ්‍රී ලංකාවට අමතරව ඉන්දියාවේ සාංචි හා භාරුත් යන ස්තූප ආශ්‍රිතව ක්‍රි.පූ. 2-1 සියවස් වලට අයත් කොරවක් ගල් දැකගත හැකිවේ.,sin,wili-2018,sinhala,sinhala
"ලංකාවේ ජෛව විවිධත්වය උපරිම වශයෙන් දක්නට ලැබෙන එක් ස්ථානයක් ලෙස වනාන්තර හැඳින්විය හැකිය.තෙත් කලාපීය වැසි වනාන්තර විශ්මයජනක ලෙස ජෛව විවිධත්වයෙන් පොහොසත්ය. මේවායේ ආවේණික ශාක හා සත්ත්ව විශේෂ ඇත.එනම්, ආවේණික ශාක විශේෂ වලින් 90% ක් ද, ආවේණික සතුන්ගෙන් 75% ක් ද,මෙම වනාන්තරවල දැකිය හැකිය.ජෛව විද්‍යාත්මක වශයෙන් වැදගත්කමක් උසුලන හොර ශාක විශේෂය ලංකාවේ පහතරට තෙත් කලාපයේ හා කඳුකර වනාන්තරවල බහුලව දැකිය හැකි ආවේණික ශාක විශේෂයකි.එමෙන්ම ඒ ඒ ප්‍රදේශවලට පමණක් ආවේණික ශාක විශේෂ ද ඇත.ඉතා දුර්ලභ ශාක විශේෂයක් වන 'මෙන්ඩෝරා' නකල්ස් වනාන්තරයේ කුඩා පෙදෙසකට පමණක් සීමා වෙයි. ආවේණික කටුසු විශේෂයක් වන 'කුරු බෝදිලියා' හෙවත් ඳුකර කටුස්සා හමුවන්නේ මීටර් 1300ට වඩා උස් කඳුකර වනාන්තර වලිනි.මෙන්ම 'පෙති අග කටුස්සා' නැමති සතුන් හමුවන්නේ මීටර් 800ට වඩා උස නකල්ස් කඳුකරයෙන් පමණි.නමුත් වර්තමානය වන විට මිනිසාගේ අනිසි ක්‍රියාකලාපය නිසා වනාන්තර පද්ධති විනාශ වෙමින් පවතී.",sin,wili-2018,sinhala,sinhala
"නිර්වචන දේශපාලන විද්‍යව තුල පක්ෂ සදහා නිර්වචන ගණනාවක් පවති. මුල් නිර්වචන අවධානය යොමුකලේ පක්ෂවල ආයතනික ස්වභාවය,කාර්යයන් සහ පාර්ශවගතිය පළිබද වයි. ‘ තෝටිස් ඔන් ද කෝස් ඔෆ් ප්‍රසන්ට් ඩිස්කන්ටෙන්ට් ’ නම් 1770 වේ මුද්‍රිත කෘතියේ එඩ්මන් බර්ක් විසින් පහත නර්වචනය සදහන් කරනු ලැබ ඇත. දේශපාලන පක්ෂයක් යනු එකගවූ ප්‍රතිපත්ති මත එකමුතුව ජාතික අභිලාෂය වෙනුවෙන් කටයුතුකරන පුත්ගල සමූහයක. 1816 දී බෙන්ජමින් කොන්ස්ටන්ට් මතවාදාත්මක නිර්වචනයක් ඉදිරිපත් කල නමුත් එය මෙතෙක් කල අදළව පැවතියේ අවස්ථාවාදී හෝ ප්‍රයෝජ්‍ය පක්ෂ සදහා නොව මතවාදාත්මක පවුල් වලට අයත් පක්ෂ සඳහා පමණ. ඔහුට අනුව දේශපාලන පක්ෂයක් යනු එකම දේශපාලන මතය දරන මිනසුන් ගේ එක්වීමකි. මාක්ස්වාදීන් සිය මතවාදයේ ප්‍රධාන අදහස වන සිය ගැටුම ආශ්‍රිතව දේශපාලන පක්ෂයක් නිර්වචන කරනුයේ සමාජ පන්තියක සවිඥනක මූලාන්ග වල එකතුවක් ලෙසනි.",sin,wili-2018,sinhala,sinhala
පවර්: හරියටම මම උදේ 2 ට නැගිට්ටා. ඒ මොකද ඒක මගේ රැකියාව. මගේම කොම්පැණිය. උපදේකයින් වශයෙන් අපි අගනා උපදෙස් දෙනවා. මිනිසුන්ට ආපදා කටයුතු ගැන. කොහොමද ඔබ 'ස්ලෝ ටයිම්' එකෙන් 'ක්වික් ටයිම්' කිරීමකට පනින්නේ. අපි කෙටුම් පතක් තෝරා ගන්නවා. ඔවුන්ගේ උදව්වෙන්. ඒවාට පාදක වී තිබෙන්නේ ත්‍රස්තවාදී ප්‍රහාරයක්. මොකද කිව්වොත් ඔවුන් යුදෙව් ව්‍යාපාරිකයින් විසින් අයිති කර ගෙන සිටින දේපල වලට ළඟයි. අනෙක නිව්‍‍ යෝර්ක් නගරයට වඩා අමෙරිකානු බැංකු මෙහි තිබෙනවා. එය කිරීමට වටිනා තර්කානුකූල කාර්යයක්.,sin,wili-2018,sinhala,sinhala
"ප්‍රවෘත්ති ඉදිරිපත් කරන්නන් බොහෝ පුවත් “ පාර්සල් සොරූපයක් ගිනි’. ඒවා මිනත්තු 1 - 5 අත් අතර බොහෝ කාලයක් සදහා කලින් පටිගත කර ඇත. සම්මුක සාකච්චා,ඡායාරූප සහ වෙනත් කොටස් එක් කර සංස්කරනය කල ඇත. එම කොටස වල සම්බන්ධයෙන් පැහැදිලි කිරීම සදහා කටහඩ යොදාගණි.",sin,wili-2018,sinhala,sinhala
ආරක්ෂාවන් මුල් වරට යෝජනා කෙරුණේ මාර්ෂල් ජොෆර් විසිනි. පෝල් රේනන් හා චාල්ස් දි ගොලී වැනි නව්‍යවාදී සන්නාහයන් හා ගුවන් යානා සඳහා ආයෝජනයන්ට කැමැත්තක් දැක්වූ පිරිස් මඟින් ඔහුට විරෝධතා එල්ල විය. ජොෆර්ට හෙන්රි පිලිප්ගේ සහයෝගය ලැබුණු අතර රජය මඟින් සංවිධානය කෙරුණු කොමිසම් හා වාර්තා ගණනාවක් ද විය. අවසානයේ දී ඇන්‍ඩෲ මැජිනොට් විසින් මෙම යෝජනා ක්‍රමයට ආයෝජනය කිරීම සඳහා රජය පොළඹවා ගත්තේය. මැජිනොට් යනු පළමු ‍ලෝක යුද්ධයේ කෘතහස්තයෙකු වූ අතර ප්‍රංශයේ නිපුණතා කටයුතු පිළිබඳ අමාත්‍යවරයා හා අවසානයේ යුධ කටයුතු පිළිබඳ අමාත්‍යවරයා බවට ඔහු පත් විය.,sin,wili-2018,sinhala,sinhala
"මෙම දළ සටහනේ ක්‍රිස්තියානු විශ්වාසයේ වර්ගීකරණය දැක්වේ. ප්‍රතිසංස්කරණවාදය පමනක් නොව රෙපරමාදු නිකාය ද මුල් යුගයේ ක්‍රිස්තියානි ධර්මය සමග"" එකීය සම්බන්ධතාවයක්ව හිමිකම් දරයි.",sin,wili-2018,sinhala,sinhala
"කොටස් හිමියන්ගේ බලපෑම්වලට අමතරව බංකුවල සිදුවන ආකාරයට ණය හිමියන්ද සංස්ථා කොටස් වශයෙන් පාලනය කිරීමට හැක. නැවත ලබාගැනීමේ අරමුණින් සංස්ථාවකට ණය මුදල් දීමෙන් පසුව, අධ්‍යක්ෂක මණ්ඩලයේ එක් අයෙක් හෝ වැඩි ගණනක් ඇතුළත්ව තමාටද සංස්ථාවේ සාමාජිකයෙකු ලෙසට එහි පොලී අනුපාතය සමාන ලෙස පාලනය කිරීමට ණය හිමියාට ඉල්ලූම් කළ හැක. සමහර නෛතිකමය හෝ වෙනත් බල අධිකාරිමය සාධකයන් තුළින් ජපානය, ජර්මනිය වැනි රටවල විශේෂයෙන් බැංකු තමන්ගේ කොටස් සංස්ථාව තුළම රඳවා තබාගැනීමට කටයුතු කර තිබේ. අනෙත් අතට ඇමරිකා එක්සත් ජනපදය, එක්සත් රාජධානිය වැනි රටවල බැංකු, වෙනත් නෛතිකමය සාධකයන් හරහා තමන්ගේ කොටස් බාහිර සංස්ථාවලට ලබාදීම තහනම් කොට තිබේ.",sin,wili-2018,sinhala,sinhala
"1923 අගභාගයේ වෙයිමාර් සමුහාන්ඩුව විසින් මිලියන පනහක අගයක් ඇති නෝට්ටුවක් හා මුද්දර නිකුත් කරන ලදී. වැඩිම අගයක් ඇති නෝට්ටුව මාර්ක් ට්‍රිලියන 100 නෝට්ටුවයි. මෙම නෝට්ටු මුද්‍රණය කරන රිච් බැංකුවට (Reichboke) 32,776,899,763,734,490,417.05 ක (මිලියනයේ අගයන් මිලියන 33 ක් පටන් ගෙන හෝ Qwrtrillion ක්වින්ට්‍රිලියනය 33 ක් ) මෙතෙක් නිකුත් කළ ඉහළ අගය ඇති නෝට්ටුව 1964 භංගේරියානු ජාතික බැංකුව විසින් නිපදවු ක්වින්ට්‍රියන 100 ක නෝට්ටුවයි (මීට වඩා 10 ගුණයක් වටිනා නෝට්ටුවක් මුද්‍රණය කර තිබුණත් එය නිකුත් කළේ නැත. පෙන්ගෝ 1021 වටිනා නෝට්ටුවකි) කෙසේ වෙතත් මෙම අගය නෝට්ටුව සදහන් නොවිය. පෙන්ගො (penigo) බිලියන 500 වුගෝ ස්‍ලේම් ඩිනාර් (rugoselev diner) 1 ක් ලෙස මුද්‍රණය විය. දෙවන ලෝක යුද්ධ සමයේ මාසික උද්ධමනයේ ඉහළ අගයේ වාර්තාව භංගේරියාව තැබීය. මාසික උද්ධමනය 41 900 000 00 000 000% (4.9 ×10 16) - සියයට ක්වින් ට්‍රිලියන 42 ක් පමණ අගයක් 1946 ජුලි මස වාර්තා වු අතර සැම පැය පහළවකටම වතාවක් මිල දෙගුණ විය.",sin,wili-2018,sinhala,sinhala
පර්සියානු භාෂාව සහ එහි සාහිත්‍ය මුලික වශයෙන් අධ්‍යයනය කිරිමත් පර්සියානු අධ්‍යනයේදි සිදු කෙරේ. ඉරාන ජනතාවගේ ඉතිහාසය සහ සංස්කෘතිය ප්‍රධාන වශයෙන් මුලික කොටගත් අන්තර් ක්ෂේත්‍ර අධ්‍යනයක් වූ ඉරාන අධ්‍යයනයෙන් පර්සියානු අධ්‍යනය වෙනස් වෙයි.,sin,wili-2018,sinhala,sinhala
බෝම්බ ප්‍රහාරය පිළිබඳ ජංගම දුරකතන හෝ වෙනත් උපකරණ භාවිතයෙන් ලබාගත් විඩියෝ ක්ලිප හෝ ඡායා රූප මහජනතාව සතුව පවතීනම් ඒවා images@met.police.uk වෙත එවන ලෙස ස්කොට්ලන්ඩ් යාඩ් පොලිසිය විසින් ඉල්ලා සිටින ලදී.,sin,wili-2018,sinhala,sinhala
රජමහා මළුවේ දැකගත හැකි ගිරි ලිපිය ක්‍රි. ව. 9-10 සියවසට අයත් වේ. මැදි කාලීන සිංහල භාෂාවෙන් හා අක්ෂරයන්ගෙන් නිර්මිත වේ. කහවැල්කියන්රාළ නම් මහළු අයෙකු මුහුදුගිරි විහාරයේ පොකුණට මස්සක මුදලට ගල් පඩි 4ක් කරවූ බැව් මින් විස්තර කෙරේ.,sin,wili-2018,sinhala,sinhala
"හූනියම් සම්බන්ධ අංශ දෙකකි. ඉන් එකක් නම් හූනියම් කිරීම යි. අනික හූනියම් කැපීම යි. මෙයින් හූනියම් කිරීම යනු විරුද්ධ කාරයෙකුට කායික හෝ මානසික පීඩාවක් ඇති කිරීම පිණිස කරනු ලබන යම් අභිචාර විධියකි. මෙය හුනියම් යක්ෂයා මුල් කරගෙන කරනු ලබන්නකි. නන්දදේව විජේසේකර පවසන පරිදි, හූනියම් ක්‍රම යොදාගනු ලබන්නේ, විරුද්ධකාරයකුගේ දුෂ්ට ක්‍රියා පාලනය කිරීමට හෝ ඔවුන්ට විරුද්ධකම් කිරීමට ය.[i] ඩබ්.ඒ ද සිල්වා පවසන පරිදි හූනියම් යනු සියලුම හානිකර ගුරුකම්වලට යොදන නමකි.[ii] මෙසේ කෙනෙකුට කරන ලද හූනියමක් කැපීමට කරන තොවිලය හූනියම් කැපිල්ල නමින් හඳුන්වනු ලැබේ. පුරා තිස් පැයක් තිස්සේ නැටුම්, ගැයුම්, වැයුම් මාධ්‍යයේ පැවැත්වෙන මෙම යාගය අවසානයේදී, ආතුරයාට පැමිණ තුබූ සියලුම හූනියම් දෝෂ කපා හල බව සංකේතවත් කරවන හත්අඩියේ තීන්දු හත කැපීමෙන් හා යාගය සඳහා ඉදිකළ අටමඟල වීදිය ද කපා හෙලීමෙන් පසු හූනියම් ශාන්ති කර්මය අවසන් වේ.",sin,wili-2018,sinhala,sinhala
තත්තපරයකට අකුණු පහර 3 ත් 10 ත් අතර සංඛ්‍යාවක් හට ගන්නා අවස්ථාවලදී උස් ස්ථානයක සිටිනම් වහාම පහත් ස්ථානයකට ගමන් කිරීම හෝ ඉහත සඳහන් කළ ආකාරයට පහත් වි සිටීම වඩාත්ම යෝග්‍ය වේ.,sin,wili-2018,sinhala,sinhala
එකල්හි සිටු පුත්‍රයා මේ බුදු සස්න පිළිබඳව වඩාත් පැහැදී යොදුනක් පමණ වූ ඒ ස්වර්ණ චෛත්‍ය වස්ත්‍රයෙන් වසා එහි තැනින් තැන නෙළුම් මලෙන් සැරසීය. අවසන ආයු කෙළවර නැවත දෙව්ලොව උපත ලැබීය.,sin,wili-2018,sinhala,sinhala
"ඊජිප්තුවේදීන්ගේ මතය වන්නේ මෙම කැටයම මගින් ඊජිප්තු පුරාණෝක්තිවේදයේ සංකල්ප නිරූපණය කෙරෙන ඩ්ජෙඩ් කුළුණක් සහ සර්පයකු මුදාහරින නෙළුම් මලක මිත්‍යාමය නිරූපණයක් බවයි. ඩ්ජෙඩ් කුළුණ යනු ස්ථාවරත්වයේ සංකේතයක් වන අතර, එය ඔසිරිස් දෙවියන්ගේ කොඳු නාරටිය යනුවෙන් ද අර්ථ දැක්වේ. කුළුණු හිස සෑදී ඇති තිරස් රේඛා හතරෙන් මිනිස් අත් දෙකක් පැනනගින අයුරු දක්වා ඇත්තේ ඩ්ජෙඩ් කොඳුනාරටියේ ස්වභාවය සිහිපත් කරමිනි. අත් මගින් නෙළුම් මල තුළ වූ සර්පයා ඇද තබා ගනියි. නෙළුමෙන් විහිදෙන සර්පයා මගින් වාර්ෂික නයිල් ජලගැලුම් හා සම්බන්ධ සශ්‍රීකත්වය සංකේතවත් කෙරේ.",sin,wili-2018,sinhala,sinhala
"....එහෙත් ඩේකාට් ගේ තර්කය හාවිතා කිරීමේ දී යම් තරමකට කල්පනාකාරී විය යුතුය. 'මම සිතමි. එහෙයින් මම සිටිමි' යන්න, අතිශයින්ම නිශ්චිත දෙයකට වඩා යමක් පවසන්නකි. එයින් ගම්‍ය වන්නේ මා යයි අද සිටින පුද්ගලයා ඊයේ සිටි පුද්ගලයා ම බවකි. මෙය එක් අරුතකින් ගත් කල සත්‍යය. එහෙත් සැබෑ 'මම' ද සැබෑ 'මේසය' තරම්ම දැනගැනීමට උගහටය. වැඩිදුර විස්තර සදහා 17 වැනි සියවසේ දර්ශනය බලන්න.",sin,wili-2018,sinhala,sinhala
'උගන්ඩා' යන නාමය ලැබෙන්නේ 'බ්‍රගන්ඩා' රාජධානිය' යන්නෙනි. බ්‍රගන්ඩා රාජධානියේ අගනුවර වන කම්පාලාද සමඟින් රටෙහි දකුණු දිගින් කොටසක් වටකරලයි. රටේ ජනගහනයෙන් සියයට පනස් එකක් පමණ ජිවත් වන්නේ අවම (ජාත්‍යන්තර) දෛනික ආදායම් මට්ටම වන ඇමෙරිකන් ඩොලර් 1.25 ට වඩා පළෙ මටිටමක ආදායම් ලබමිනි. මේ තත්ත්වය නිසා උගණ්ඩා වැසියන් බරපතල ආහාර අර්බුදයකට මුහුණ පා සිටී,sin,wili-2018,sinhala,sinhala
"මීළඟට සතරමහා ධාතුන්ගෙන් සැදුම්ලත් කයත් සමඟ පවතින කුණප කොටස් 32 පිළිබඳව කෙරෙන කායගතාසතිය හඳුනාගත යුතු ය. කයෙහි පවතින දු¼ගඳ හමන කෙස් ලොම් නිය දත් සම මස් ආදී කොටස් 32 ක් ඇත. ධර්මය නොදත් අශ්‍රැතවත් පුද්ගලයා මෙම කුණප නිත්‍යයි. සුඛයි ආදී වශයෙන් සංකල්ප මවන්නේ ය. ඔහු නිරන්තර උත්සාහ කරන්නේ ද මෙම කුණප පෝෂණය කිරීමට ය. මෙම කුණප, කුණප බව තේරුම් ගත හැක්කේ ඒ පිළිබඳව නුවණින් සලකා බැලීමේදී පමණි. තමාගේ හිසෙහි රෝපණය වී ඇති කෙස් කළඹ කොතරම් ආශාවෙන් පෝෂණය කළද පිළිකුල් සහගත දෙයක් බවත්, ඒවා තමා සන්තකයේ පවතින තාක් පුද්ගලයාට නොවැට හෙන්නේ ය. සිරුරේ ඇති සෙම්, සොටු, සැරව,අසූචි ආදිය සිරුරෙන් බැහැර කළ විට කොතරම් අප්‍රසන්න ද යන්න නුවණින් බැලිය යුතු ය. ඒ සියල්ල තමා සන්තකයේ පවතින තාක් පිළිකුලක් නොදැනුණ අතර, ශරීරයෙන් බැහැර කළ විට ළංවීමට ද අපහසු මහා පිළිකුල් දෙයක් ලෙස පෙනෙනු ඇත. එසේම ලොම්, නිය දත් ආදී සියල්ලම මේ පිළිකුල් උපදවන කුණප බවත් ඒවායේ පවතින අසාර බව වටහා ගැනීම සඳහා වෙන් වෙන් වශයෙන් ගෙන විමසා බැලිය යුතු බවත් දත යුතු ය. බුදුරජාණන් වහන්සේ විසින් පෙන්වා දෙන්නේ ධාන්‍ය පිරවූ මල්ලක් ලිහා එහි ඇති නොයෙක් ධාන්‍ය වෙන් කොට හඳුනාගන්නේ යම් සේද මෙම දෙතිස් කුණප වෙන් වෙන් වශයෙන් බලා ඒවායේ පවතින අසූහ, අසාර, පිළිකුල් සහගත බව අවබෝධ කළ යුතු බව ය. මෙසේ කායානුපස්සනාවේදී තමන්ගේ හා අනුන්ගේ කයෙහි ද පවතින්නේ මෙවන් අසුභ, පිළිකුල් සහගත දුගඳ හමන කුණප බව හඳුනාගත යුතු ය. මෙම විනිවිද දකින අවබෝධය නොමැති, ධර්මය නොදත් තැනැත්තා වනාහි පි‍්‍රය යැයි සම්මත කරගත් ස්ත්‍රී රූපයක් හෝ පුරුෂ රූපයක් නෙත ගැටුණ විගස ඒ රූපය කෙරෙහි ආලය ආශාව ඇති කරගන්නේ ය.",sin,wili-2018,sinhala,sinhala
"රුසියාවේදී හා චෙක් ජනරජය මගින් දියුණු කරන ලද සර්වත්‍ර නිස්සාරණ (Universal Extraction) ක්‍රියාවලිය මගින් භාවිතා කරන ලද න්‍යෂ්ටික ඉන්ධනවලින් ප්ලූටෝනියම් හා යුරේනියම් නිස්සාරණයෙන් පසු ඉතිරි වන රුෆිනේට (raffinate) වලින් බොහෝමයක් කරදරකාරී (Sr , Cs හා කුඩා ඇක්ටිනයිඩ) විකිරණශීලී සමස්ථානික ඉවත් කෙරේ. මෙහි රසායනය පදනම් වී ඇත්තේ සීසියම් හා ස්ට්‍රොන්ටියම් සමග පොලි එතිලීන් ඔක්සයිඩ (පොලි එතිලින් ග්ලයිකෝල්) හා කොබෝල්ට් කාබොඇනායන (ක්ලෝනී කෘත කොබෝල්ට් ඩයිකා(ර්)බොලයිඩ්) අතර අන්තර් ක්‍රියාකාරිත්වයි. ඇක්මිනයිඩ නිස්සාරණය කරනු ලබන්නේ CMPO මගින් වන අතර තනුක කාරකය නයිට්‍රොබෙන්සීන් වැනි ධ්‍රැවීය ඇරෝමැටිකයකි. Meta – nitrobenzotrifluoride හා phenyl trifluoromethyl sulfone වැනි තනුක කාරක ද යෝජනා වී ඇත.",sin,wili-2018,sinhala,sinhala
"ගණිතයේ දී හා තර්ක ශාස්ත්‍රයේ දී සෘජු සාධනය යනු සෘජු සනාථ කරන ලද කරුණු සමූහයකින් දෙන ලද ප්‍රකාශනයක සත්‍ය හෝ අසත්‍යතාව පෙන්වීමේ ක්‍රමයකි. එනම් කිසිදු වැඩිපුර උපකල්පන සිදු නොකර පවතින උප සාධ්‍යය හා නියමයන් මගින් එය සිදු කිරීමයි. p නම් එවිට q, ආකාරයේ අවස්ථික ප්‍රකාශනයක් සෘජුවම සනාථ කිරීම සදහා p ප්‍රකාශනය සත්‍ය වන අවස්ථා පමණක් සැලකීම ප්‍රමාණවත් වේ. උපකල්පන සිට නිගමනයන් දක්වා හේතු දැක්වීමට තර්කානුකූල අපෝහණයක් යොදනු ලබයි. යොදනු ලබන තර්ක බොහෝ විට අවිචල්‍ය පළමු ගණයේ තර්ක වන අතර සියල්ල සදහා හා එහි පවත්නා , පරිච්ඡේදක යොදනු ලබයි. අස්ති ප්‍රකාරය හා සර්වත්‍ර අන්‍යෝන්‍යතාව පොදුවේ භාවිත සාධන නියමයන්ය.",sin,wili-2018,sinhala,sinhala
"වසර මිලියන 50 ක් තුළ, බිඳ වැටෙන නිහාරිකාවෙහි කේන්ද්‍රයේ ඇති හයිඩ්‍රජන්හි ඝනත්වය හා පීඩනය ප්‍රාථමික සූර්යයාට තාප න්‍යෂ්ටික විලයන ආරම්භ කිරීමට ප්‍රමාණවත් තරම් ප්‍රමාණයකට වැඩි වෙයි. (එනම් මධ්‍යයේ උෂ්ණත්වය කෙල්වින් අංශක මිලියන එකක් පමණ උෂ්ණත්වයක් හා පීඩනය ප්‍රමාණවත් තරම්.) ද්‍රවස්ථිතික තුල්‍යතාව (hydrostatic equilibrium) ලැබෙන තෙක් උෂ්ණත්වය, ප්‍රතික්‍රියා සීඝ්‍රතාව, පීඩනය හා ඝනත්වය ඉහල නගී. මෙවිට තාප ශක්තිය (විකිරණ පීඩනය - radiation pressure) ගුරුත්වජ ආකර්ෂණයට එරෙහිව ක්‍රියාකිරීමට ද පටන් ගනී. මෙම අවස්ථාවේ දී හිරු පූර්ණව වැඩුණු ප්‍රධාන අනුක්‍රම තාරකාවක් බවට පත්වේ. දැනුදු අප සූර්යයා ප්‍රධාන අනුක්‍රමයේ තරුවක් වන අතර තවත් වසර බිලියන 5-6ක් පමණ ප්‍රධාන අනුක්‍රමයේ පවතිනු ඇත",sin,wili-2018,sinhala,sinhala
"කාර්මික - ලෝකයේ ගෝලීය සන්නිවේදනයේ, යටිතල පහසුකම් දියුණු කිරීම, ඒ සදහා අන්තර්ජාලය, චන්ද්‍රිකා, ජංගම දුරකථන යොදා ගැනිම, එමෙන්ම ලෝකයේ ඇති ප්‍රමිතීන් වැඩි කිරීම, පිටපත් කිරීමේ නීති, අයිතිවාසිකම් සහතිකය ආදිය.",sin,wili-2018,sinhala,sinhala
"ක්‍රි.පූ. 7වන සියවස පමණ වන විට, මැංචූරියාවේ, නැගෙනහිර මොංගෝලියාවේ මෙන්ම සයිබීරියානු සහ සිතියානු ලෝකඩ ශෛලීන්ගේ ආභාසය සහිත ලෝකඩ යුගයේ මෙවලම් සංස්කෘතිය කොරියානු අර්ධද්වීපයේ දියුණු විය. අසල්වැසි ලෝකඩ සංස්කෘතීන්ට සාපේක්ෂව කොරියානු ලෝකඩවල ඉහළ සින්ක් ප්‍රමාණයක් අන්තර්ගත ය. ලෝකඩ පුරාවස්තු භූමදාන අඩවි තුළින් බහුලව හමුවන අතර, මේ අතරට ප්‍රධාන වශයෙන් ජ්‍යාමිතික රටා සහිත අසිපත්, සිරි, කුඩා සීනු සහ දර්පණ වේ.",sin,wili-2018,sinhala,sinhala
"මෙම කාලය අවට, කොරියානු අර්ධද්වීපයේ දකුණුදිග පෙදෙසේ ජින් රාජ්‍යය බිහි විය. මෙම රාජ්‍යය සම්හන් සංයුක්ත රාජ්‍ය‍යන්ගේ පූර්වප්‍රාප්තිකයා වූ බව හැරෙන්නට, ජින් පිළිබඳ දන්නේ තොරතුරු ස්වල්පයකි.",sin,wili-2018,sinhala,sinhala
"පහළ විහාර මළුවේ පදුම රහත් විහාරයේ වූ තේලපත්ත හා වෙස්සන්තර ජාතක සිතුවම් වඩා විචිත්‍ර සිතුවම් ලෙස සැළකේ. එම සිතුවම් අතර රෝස මල්, මිදි පොකුරු යනාදිය දක්වා තිබීම මගින් මෙරට සිතුවම් කලාව තුල වූ විදේශීය බලපෑම් පෙන්නුම් කරයි.",sin,wili-2018,sinhala,sinhala
"ඔවුන් මවුපියන් ජීවත්වන තාක් කල් ධන පරිහරණයෙන්ද වැළකි සිටියහ. මවුපියන්ගේ මරණයෙන් පසු අසූ කෝටියක ධනය සමඟ ඇත්, අස්, රිය ඉතා විශාල ප්‍රමාණයක් හිමිවුණි.",sin,wili-2018,sinhala,sinhala
"මස්තානි මියගියේ කෙසේ ද යන්න අභිරහසකි. ඇය සිය දිවි හානිකරගන්නට, ඝාතනය වන්නට හෝ සිය සැමියාගේ මරණය අසා කම්පනයෙන් මරණයට පත්වන්නට ඇතැයි යෝජනා වී ඇත. එක් ජනප්‍රවාදයකින් කියැවෙන්නේ ඇය සති පූජාව මගින් සිය දිවි හානිකරගත් බවයි.",sin,wili-2018,sinhala,sinhala
පුරාණයට අනුව මගධ අධිරාජ්‍යය ප්‍රකාශයට පත් කරන ලද්දේ බිහාද්‍ර රජ පෙළපත මගිනි. ඔහු භාරත රජ පෙළපතෙහි කුරු අධිරාජ්‍යයාගේ වැඩි මහල් පුත් ශුදානුස් හරහා පේළියට 6 වැනියා විය. භාරතයේ මගධ කොටසේ මුල් ප්‍රධාන අධිරාජ්‍යයා වුයේ බිහාද්‍රත අධිරාජ්‍යයාය. ඔහුගේ පුත් ජයශන් ද ජනප්‍රිය පුරාවෘත්තවල ඇතුළත් වන අතර මහා භාරතයේ භීම විසින් ඔහුව මරා දමන ලදී. වැයු පුරාණ සදහන් කරන්නේ බිහාද්‍රත වරුන් වසර 1000 ක් පුරා තම පාලනය සිදු කළ බවයි.,sin,wili-2018,sinhala,sinhala
තුන් වැනි බෝම්බය කිංග්ස් ක්‍රොස් සෙන්ට් පැන්ක්‍රාස් සහ රසල් චතුරස්‍රය අතර ගමන් කරමින් තිබු අංක 311 දරන දකුණු පෙදෙසට ගිය පිකැඩලි ලයින් ගැඹුරු මට්ටමේ උමං දුම්රියේ පුපුරා ගියේය. බෝම්බය පිපිරෙන විට දුම්රිය කිංග්ස් ක්‍රොස් වෙතින් පිටත් වී ගත වී තිබුනේ මිනිත්තුවකි. ඒ වන විට යාර 500 ක් (මීටර් 450) ගමන් කර තිබුනි. දුමරිය පළමු මැදිරියේ පසු භාගයේ සිදු වූ පිපිරීමෙන් එම මැදිරියේ පසු භාගයටද යාබද මැදිරියේ ඉදිරි පෙදෙසටද හානි සිදු වූ අතර අවට උමං මාර්ගයටද හානි සිදු විය.,sin,wili-2018,sinhala,sinhala
"Wireshark බහු ක්‍රමලේඛන නාම මාලාවන්ට සහය වන අතර, අතුරුමුහුනත ගොඩනැගීමට GTK+ widget toolkit හා පැකට්ටු ග්‍රහණය කිරීමට pcap බාවිතකර ඇත. ලිනක්ස් බෙදාහැරීම මත පදනම් වූ ලිනක්ස්, OS X, BSD, Solaris සහ මයික්‍රොසොෆ්ට් වින්ඩෝස් පරිගණක මෙහෙයුම් පද්ධති සදහා අනුකූලව සකසා ඇත. තවද විධාන අතුරුමුහුණත්(CLI) සංස්කාරනයක් වන TShark පවතී. Wireshark සහ අනෙකුත් ක්‍රමලේඛන GNU General Public License (GNU GPL) බලපත්‍රය යටතේ නිදහස් මෘදුකාංගයක් ලෙස බෙදා හරිනු ලබයි.",sin,wili-2018,sinhala,sinhala
"සුසාන් ලෙවි 53, හාර්ට්‍ ෆොර්ඩ්ෂයර් හි කෆ්ලි වල අයෙකි. අවු 25 ක් වූ ඩැනියෙල් සහ 23 ක්වූ ජේම්ස් යන අයගේ මවයි. ඇය තම බාල පුතුට සුලු වේලාවකට පෙර “ගුඩ්බායි” කියා තිබුනාය.",sin,wili-2018,sinhala,sinhala
කෝවක්කා ගෙඩියේ පැහැය ගිරවාගේ හොටෙහි පැහැයට සමාන වීම නිසා ගිරා සංදේශයේද කෝවක්කා ගෙඩිය පිළිබඳව සඳහන් වන අතර මහා කවි කාලිදාසයන් කාන්තාවන්ගේ තොලෙහි පැහැය වර්ණනා කිරීම සහාද කෝවක්කා ගෙඩියේ පැහැය යොදාගෙන තිබේ.,sin,wili-2018,sinhala,sinhala
අකුණු පහරක් යනු විද්‍යුත් ආරෝපණය කැටිවු වලාකුළක් තුළින් හෝ වලාකුළු අතර හෝ වලාකුළු පෘථීවිය දක්වා නැතහොත් පෘථීවිය වෙතට සිදුවන විද්‍යුත් ක්‍රියාවලියකි. මෙම ක්‍රියාවලිය විද්‍යුත් විසර්ජනය (Electric Discharges) යනුවෙන් හැඳින්වෙයි,sin,wili-2018,sinhala,sinhala
"ආණ්ඩුක්‍රම ව්‍යවස්ථාවෙහි 4 වන වගන්තිය විශේෂාකාරයෙන් ප්‍රකාශ කර සිටින්නේ එය රටෙහි උත්තරීතර නීතිය බවටයි. උත්තරීතර භාවය සඳහා වන ඇල්බට් වෙන් ඩයිසිගේ උපමානයන් ත්‍රිත්වය, මෙම ආණ්ඩුක්‍රම ව්‍යවස්ථාව විසින් සම්පූර්ණ කරන බවක් පෙනෙයි: සංහිතාකරණය, අනම්‍යතාව සහ, අධිකරණයන් විසින් අධිකරණමය පුනරික්ෂණ සඳහා අවකාශ පැවතීම. කෙසේවෙතත්, සාමාන්‍ය අදහස වන්නේ ප්‍රයෝගික වශයෙන් එය උත්තරීතර නොවිය හැකි බවත් සීංගප්පූරුවේ නීති පද්ධතිය තත්වාකාරයෙන් විදහාපාන්නේ පාර්ලිමේන්තු ස්වෛරීත්වය බවත්ය.",sin,wili-2018,sinhala,sinhala
ඉහත කුමන දේ කළත් උද්ධමනයේ හේතුව නැතිවෙන්නේ නැත. එමෙන්ම මෙවැනි සැගවිම් හසු වුවහොත් ජනතාව තුළ මුදල පිළිබද විශ්වාසය පළුදු වී තව දුරටත් උද්ධමනය ඉහළ යාමට හේතු විය හැකිය. මිල පාලනය හේතුවෙන් භාණ්ඩ සැඟවීම මගින් පාලන කල භාණ්ඩ වලට අධික ඉල්ලුමක් ඇතිවිය හැකි අතර එබැවින් සැපයුම අඩාල වි භාණ්ඩ නිෂ්පාදනය නැතිවි හැකිය. මිල පාලනය නිසා පාඩු ලැබීම නිෂ්පාදනය අඩාල විමට හේතුවයි.,sin,wili-2018,sinhala,sinhala
"39,800 කට අධික පිරිසක් සියලු දිස්ත්‍රික්ක සහ පළාත්වල සේවය කරන නමුත් , ඉන් බොහෝ පිරිසක් උතුරු හා නැගෙනහිර පළාත්වල, එල්ටීටීඊ ප්‍රහාර එල්ල වීමෙන් පීඩාවට පත් ගම්මානවල සේවයේ යොදවා ඇත . ඔවුන්ද මහජන ආරක්ෂාව පවත්වාගෙන යාමේදි පොලීසියට සහාය වීමට ප්‍රදාන නගර හා උප නගරවල සේවයේ යොදවා ඇත.",sin,wili-2018,sinhala,sinhala
කන්වා රාජවංශය සුංගා රාජ වංශය ප්‍රතිස්ථාපනය කළ අතර ඒ යට‍තේ නැගෙනහිර ඉන්දියාව ක්‍රි.පු. 71 – 26 යන කාලය අතරතුර පාලනය විය. සුංගා රාජ වංශයට අයත් අවසාන පාලකයා කන්වා රාජ වංශයට අයත් වාසුදේව විසින් ක්‍රි.පු. 75 දී සිහසුනෙන් පහ කරන ලදී. මේ අතරම කන්වා පාලකයන් සුංගා රාජ වංශයට අයත් රජවරුන්හට ඔවුන්ගේ මුල් බලප්‍රදේශයෙන් ඉතා සුළු කොටසක් පාලනය කිරීමට ද ඉඩ සලසන ලදී. මගද රාජ්‍යය කන්වා පාලකයින් සිවුදෙනෙක් විසින් පාලනය කරන ලදී. ක්‍රි.පු. 30 දී දකුණු ප්‍රදේශය පාලනය කළ පාලකයින් කන්වා සහ සුංගා රාජ වංශ වලට අයත් ප්‍රදේශ අල්ලා ගන්නා ලද අතර නැගෙනහිර මල්වා ප්‍රාන්තය තම පාලනයට නතු කරගන්නා ලදී. කන්වා රාජ වංශයේ ඇද වැටීමත් සමග අන්ද්‍රා රාජධානියේ සතවහන රාජ පරම්පරාව ඉන්දියාවේ වඩාත් ප්‍රබලම රාජ්‍යය බවට පත්විය. ඒ වන තෙක් එම විරුදාවලිය ලබාසිටියේ මගධ රාජධානියයි.,sin,wili-2018,sinhala,sinhala
වර්ථමාන නිර්මාණකරුවන් තම නිර්මාණ සදහා සෑම වර්ගයකටම පාහේ සංගීත භාණ්ඩයක් භාවිත කරනු ලබයි. සමහර නිර්මාණකරුවන් සෑම වර්ගයක සංගීත භාණ්ඩ භාවිතා කරන අතර තවත් සමහරු වින්ඩි එසැම්බල් නම් ක්‍ර‍මවේදය භාවිත කරයි. මෙහිදි වැඩි වශයෙන් සුසර භාණ්ඩ සහ අසාත් භාණ්ඩ භාවිත කරනු ලබයි චෙම්බර් මියුසික් නැමැති ක්‍රමයේදී නම් බොහෝ විට අඩු භාණ්ඩ සංඛ්‍යාවක් උපයෝගි කරගන්නා අතර එය අවම වශයෙන් දෙකක් වේ. එසේම සමහර අවස්ථා වල එය එක් සංගීත භාණ්ඩයක් පමණක් භාවිත වන එක් පුද්ගල නිර්මාණයක් විය හැකිය.,sin,wili-2018,sinhala,sinhala
ඒක මතබේදයක් වන්නේ ක්‍රිස්තු සබාව පල්ලිය නැතහොත් කතෝලික සබාවට දෙන ලද සරල අර්ථයයි. යම් තාක් දුරට මෙම මතභේදය විශ්වාස ලක්ෂණ සමග සම්බන්ධතාවය දක්වයි. එනම් සියළුම නව තරාතිරම් වලින් දායක වු එහෙත් විවිද ආකෘතින් මුල් කොට ගෙන පැවරැණු කතෝලික පල්ලියයි.,sin,wili-2018,sinhala,sinhala
"පවර්, එක්වරම සිදුවුන බෝම්බ පිපිරුම් ගැන සඳහන් කරයි. සිද්ධියෙන් දින දෙකකට පසු 2005 ජූලි 09 වැනි දින තෙක් පොලව යට සිදු වූ පිපිරීම එකවර වූවක් ලෙස එළිදරව් වී නොතිබුනි. එදිනම එක් පුද්ගලයෙකු විස්තර කළ පරිදි පවර්ගේ ප්‍රබන්ධාත්මක විස්තරය 7/7 කථාවට බොහෝ සමානත්වයක් දරයි. පවර්ගේ සම්මුඛ සාකච්ඡාව පවත්වන අවස්ථාවේ පොලිසිය සහ නිලධාරීන් විසින් මහජනයාට ඉදිරිපත් කරන ලද සත්‍ය කතාවට වඩා පවර්ගේ ප්‍රබන්ධාත්මක විස්තරය 7/7 කථාවට බොහෝ සමාන කමක් දක්වන්නේ යයි එක් තැනැත්තෙකු කීවේය.",sin,wili-2018,sinhala,sinhala
නිවසක් අසල හෝ ගොඩනැගිල්ලක් අසල උසට වැඩුණු ගස් තිබීම නිවාසය හෝ ගොඩනැගිල්ල අකුණු වලින් බේරාගැනීමට පහසු මාර්ගයකි. උසට වැඩුණු ගස් නොමැති වීම එම නිවාස හෝ ගොඩනැගිල්ල අකුණු අනතුරු වලට ගොදුරු වීමට තිබෙන ඉඩකඩ වැඩි කරයි.,sin,wili-2018,sinhala,sinhala
"මැක්ස් වේබර් බර්ක්ගේ අදහස පළිගනිමින් එය වඩාත් සංවර්ධනය කළේ භෟතික ආශාවන් උදෙසා ක්‍රයාකරන පරිස්ද නර්වචනයට ඇතුලු කරමින්. ඔහුට අනුව පක්ෂයක් යනු නොමිලේ බඳවා ගැනිම මත පදනම් වූ නෑ කමකි. එහි අරමුණ වනුයේ සිය පරමාදර්ශය උදාකර ගැනිම සදහා භෞතික ආශාවන් සපුරා ගැනිම සදහා නායකයන්ට බලය ලබා ගැනිමය.දෙවන ලෝක යුද්ධයෙන් පසු දේශපාලන විද්‍යාත්ඥයෝ වැඩි අවදානය යොමු කලේ පක්ෂවල තාක්ෂණික ස්වරූප සහ මැතවරණ කාර්යයන් පළිබදවය. ඇන්තනි ඩවුන්ස්ට අනුව දේශපාලන පක්ෂයක් යනු මැතිවරණයක දී ජන ජය ලබා රාජ්‍ය පාලනය කිරීමේ චේතනාව සහත පුද්ගල කණ්ඩායමක. සාම්ප්‍රධායික දේශපාලන විද්‍යත්ඥයෝ අවධානය යොමු කළේ දේශපාලන පක්ෂ මැතිවරණ අපේක්ෂත්වය ප්‍රචාරනය කරන ක්‍රමවේදයන් ලෙසය. ක්‍රොටීට අනුව දේශපාලන පක්ෂයක් යනු ප්‍රතිපත්ති හා පද්ධතින් පළිබදව ජනතාව දැනුවත් කරන,මහජනපාලනය සදහා පුද්ගලයන් බඳවාගන්නා සහ පොදුජනතාව සහ රාජ්‍ය තින්දු ගන්නා පුද්ගලයන් අතර සම්බන්ධතාවක් ගොඩ නන්වන විධිමත් සංවිධානයකි.",sin,wili-2018,sinhala,sinhala
"ක්‍රිස්තු වර්ෂ 723 (DCCXXIII) යනු ජූලියානු දින දසුන ප්‍රකාර, සිකුරාදා දිනයකින් ඇරඹෙන සාමාන්‍ය අවුරුද්දක් (බැඳිය විසින් මුළු දින දසුන දක්වනු ඇත) විය. මෙම වසර සඳහා 723 යන නාමය භාවිත වීම ඇරඹුනේ මුල් මධ්‍යතන යුගයේදී, වසර නම් කිරීම සඳහා යුරෝපයේ ප්‍රචලිත භාවයට පත් ක්‍රමය ලෙසින් ක්‍රිස්තු වර්ෂ දින දසුන් යුගය ඇරඹීම හා සමගය.",sin,wili-2018,sinhala,sinhala
"ඓතිහාසික ‍ගෝජොසොන් රාජධානිය පිළිබඳ පළමු වරට චීන වාර්තාවල සඳහන් වන්නේ මුල්කාලීන ක්‍රි.පූ. 7වන සියවසේ ය. මුල්කාලීන අවධියේ, ගෝජොසොන්හි අගනුවර පිහිටා තිබුණේ ලියාඕනිංහි ය. ක්‍රි.පූ. 400 අවට, එය ප්යොංග්යෑං වෙත ගෙනයන ලදී. ක්‍රි.පූ. 3වන සියවස වන විට අර්ධද්වීපයේ දකුණු පෙදෙසේ ජින් රාජ්‍යය ඉස්මතු විය.",sin,wili-2018,sinhala,sinhala
"අපි සියයට සීයයක් ඉස්ලාම් ධර්මය සඳහා කැපවී සිටින්නෙමු. ඔබ ජීවිතයට ආශා කරන ආකාරයට අපි මරණයට ආදරය කරමු. සියලු බ්‍රිතාන්‍ය පුරවැසියන්ට, අසත්‍යය කියන බ්‍රිතාන්‍ය රජයට උදව් කිරීම නතර කරන ලෙසත් ත්‍රස්තවාදයට එරෙහිව යුද්ධයයි කියනා සටන් නතර කරන ලෙසත් මම කියා සිටිමි. මුස්ලිම් ආගම උදෙසා දහස් ගණනක් මිනිසුන් ජීවිත පූජා කරන්නේ ඇයිද යන්න ඔබ ඔබෙන්ම විමසා ගත යුතුය. ඔබ දැනට දැක තිබෙන්නේ ප්‍රහාර මාලාවක ආරම්භය පමණි. ඇෆ්ගනිස්ථානයෙන් සහ ඉරාකයෙන් ඔබේ හමුදා ආපසු කැඳවා ගන්නා තෙක්ද, ඔබලා ඊශ්‍රායලයට හා එක්සත් ජනපදයට මූල්‍ය හා යුධ ආධාර සැපයීම නතර කරන තෙක්ද, බෙල්මාර්ෂ්වල සහ පුනරුත්ථාපන කඳවුරුවල සිටින සියලු මුස්ලිම් සිරකරුවන් නිදහස් කරන තෙක්ද මෙම ප්‍රහාර නොකඩවා සහ දැඩිව කෙරුණු ඇත. එසේම ඔබ මෙම ඉල්ලීම්වලට එකඟ නොවන්නේ නම් මෙම යුද්ධය කෙදිනකවත් නතර නොවන බවද, අපේ ජීවිත ඉස්ලාම් ධර්මය වෙනුවෙන් සිය ගුණයකට වැඩියෙන් කැප කරන බවද ඔබලා දැන ගත යුතුය. ඇෆ්ගනිස්ථානයේ කාශ්මීරයේ, පලස්තීනයේ, ඉරාකයේ සිටින අපේ දරුවන්ට, සහෝදර සහෝදරියන්ට, මව්වරුන්ට සාමය ළඟා වන තෙක් ඔබලාටද කිසිදු සාමයක් නොවන බව දැන ගත යුතුය.",sin,wili-2018,sinhala,sinhala
"කොරියානු රාජමාලිග සංගීතය සතුව සිල්ලා රාජධානි යුගය තෙක් දිවෙන ඉතිහාසයක් ඇත. සිල්ලා යුගයේ දී ටෑං රාජමාලිග සංගීතය වැයීම සිදු විය. පසුව සොං රාජවංශ ආභාසය ලත් ""ආ-අක්"" නම් කොරියානු ප්‍රභේදය චීන සංගීත භාණ්ඩ භාවිතයෙන් ‍ජොසොන් යුගයේ වැයීම සිදු විය. මෙම සංගීතයේ ප්‍රතිනිර්මාණයන් ප්‍රධාන වශයෙන් සෝල්හි කොරියා පදනමේ සහ කොරියානු සම්ප්‍රදායික අභිවාහ්‍ය කලා සඳහා ජාතික මධ්‍යස්ථානයේ (NCKTPA) අනුග්‍රහය ඇතිව සිදුවේ.",sin,wili-2018,sinhala,sinhala
"කොරියානු කලාවන් අතරට චාරුලේඛන ශිල්පය, සංගීතය, චිත කලාව සහ කුඹල් කර්මාන්ත සම්ප්‍රදායයන් අයත් වේ. මෙහි දී ස්වාභාවික ස්වරූපයන්, මතුපිට අලංකරණය සහ තද වර්ණ හෝ නාද රටා වැනි අංග බහුලව භාවිතා කෙරේ.",sin,wili-2018,sinhala,sinhala
අභිචාර යන්න නිර්වචනය කර ගැනීම ද මෙහිදී වැදගත්ය. අභිචාර යනුවෙන් හැඳින්වෙන්නේ අධිභෞතික තත්වයන් පිළිබදව මිනිසා තුළ ඇති විශ්වාසයන්ය (ප‍්‍රතිමාන 95/96 : 146).,sin,wili-2018,sinhala,sinhala
සාමාන්‍ය අංශු පද්ධතියක යාවත්කාලකරණ පුඩුව (සජිවි කරණයෙහි සියළු රූප රාමු සදහා මෙම ක්‍රියාවලිය සිදු කෙරේ.) පැහැදිලි අවධි දෙකකට වෙන් කල හැක. ඉන් පලමු වැන්න පරාමිති යාවත්කාලීන අනුරූපක අවධිය වන අතර දෙවැන්න විදැහුම් අවධියයි.,sin,wili-2018,sinhala,sinhala
"5000 ක් පමණ වු හමුදා පිරිසකගේ ද ශක්තිය සහිතව එවකට ජාතික ආරක්ෂක අමාත්‍ය අභාවප්‍රාප්ත ගරු ලලිත් ඇතුලත්මුදලි විසින් 1986 දී ග්‍රාම ආරක්ෂක සේවාව නිර්මාණය කරන ලදී. ඔවුහු නිල ඇඳුම් හා අවිආයුධ (බොහෝවිට සාමාන්‍ය තුවක්කු) නිකුත් කළ අතර ඔවුහු දේශීය ශ්‍රි ලංකා පොලිස් ඒකක අණ යටතේ වූහ. 1988 දී කාන්තා ග්‍රාම ආරක්ෂකයන් බලකායට එක් වී ඇත. 1993 සිට ඔවුන්ට ස්වයංක්‍රිය ගිනි අවි නිකුත් කර ඇත. 2006 අප්‍රේල් මාසයේ දී ග්‍රාම ආරක්ෂනය, සිවිල් ආරක්ෂක බලකාය ලෙස නැවත නම් කරන ලද අතර 2007 ජනවාරි 1 වැනි දින සිවිල් ආරක්ෂක දෙපාර්තමේන්තුව පිහිටුවීම සිදු වෙන ලදී. එවක පටන් එහි සාමාජිකයන් ඔවුන්ගේ මුල් ගම්මානවලින් පිටත කොළඹ පවා මහජන ආරක්ෂාව පවත්වාගෙන යාමට යොදවා ඇත.",sin,wili-2018,sinhala,sinhala
"ක්‍රිස්තු වර්ෂ 1956 (MCMLVI) නම් ග්‍රෙගෝරියානු දින දසුනේ, ඉරිදා දිනයකින් ඇරඹෙන අධික අවුරුද්දක් (බැඳිය විසින් මුළු දින දසුන දක්වනු ඇත), පොදු යුගයෙහි (CE) සහ ක්‍රිස්තු වර්ෂ (AD) නාමකරණයන්හී 1956 වන වසර, 2 වන සහශ්‍රවර්ෂය තුල 956 වන වසර, 20 වන සියවස තුල 56 වන වසර, සහ 1950ගණන් දශකයෙහි 7 වන වසර ලෙසිනි. .",sin,wili-2018,sinhala,sinhala
2005 සැප්තැම්බර් 1 වැනි දින අල් ජසීරා රූපවාහිනි සේවය මොහොමඩ් සිද්දික් ඛාන් පෙනී සිටින හඬ පටයක් විකාශනය කළේය. බෝම්බකරුවන්ගෙන් කෙනෙකු වූ ඔහු මෙසේ ප්‍රකාශ කළේය.,sin,wili-2018,sinhala,sinhala
කොරියානු ලෝකඩ කලාව; යුංදෝ හෙවත් ලෝකඩ දර්පණ වාත්තුකරණයේ විශිෂ්ටයකු ලෙස කිම් ජොං-දේ සැලකේ. තැළීමේ ලෝකඩ නිර්මාණවලට යි බොං-ජු ප්‍රවීණත්වයක් උසුලයි.,sin,wili-2018,sinhala,sinhala
"මිනිස් ක්‍රියාකාරකම් මුල්කරගෙන පහළ වූ යම්කිසිද්‍රව්‍යාත්මකසාධකයක් (දෙයක්) පුරාවස්තුවක් ලෙසට භෞතික (ද්‍රව්‍යාත්මක) ව දැක්විය හැකිය. අප ආදිතමයන් වාසය කළ ගේ දොර , පරිහරණය කළගෘහ ‍ෙඋපකරණ ආහාර වශයෙන් ගත් දෙයෙහි අවශේෂ (ඉතිරි කොටස්) පරිසරයෙහි පැවති ගහ, කොළ, සහ එවකට සිටි සතා සිවුපාවා ද මේ අතරට අයත්වේ. මෙසේ පැරණි මානවයා පිළිබඳව දැනගැනිමට හැකිවන සියලුම භෞතික සාක්‍ෂි පුරාවස්තු වශයෙන් ිරලව හැඳින්විය හැකිය. පුරාවස්තු හදඳුනාගැනිම උදෙසා පුරාවිද්‍යාඥයන් විසින් අනුගමනය කරනු ලබන ක්‍රම 04 දක්නට ලැබේ. එනම්,",sin,wili-2018,sinhala,sinhala
"මගධ යනු මහා ජනපද 16ක් අතුරින් එකක් හෙවත් පුරාණ ඉන්දියාවේ කලාප වලින් එකකි. රාජධානියේ හරවත් ප්‍රදේශය ගන්ජෙස් වලට දකුණින් පිහිටි බිහාරයයි. එහි අග නගරය රජගහ වේ. (වර්තමානයේ රාජ්ගීර්) පිලිවෙලින් ලිච්චවී සහ අග යන රජ දරුවන් ජය ගැනීමත් සමග ජනපදය නැගෙනහිර උත්තර ප්‍රදේශය, බිහාරයේ වැඩි ප්‍රදේශයක් (ගංගා නදිය) සහ බෙන්ගෝල් යන ප්‍රදේශද ඇතුලත් වන පරිදි ව්‍යාප්ත විය. එය පුරාණ මගධ රාජධානිය පිළිබද විස්තර රාමායනය, මහා භාරත, පුරාන යන ග්‍රාන්තයන්හි ඇතුලත් වේ. එසේම බෞද්ධ හා ජෛන ප්රිකාශන වල රාජධානිය පිළිබදව බොහෝ තැන් වල සදහන් කර ඇත. මගධ ජනයා සම්බන්ධයෙන් මුල්ම සදහනක් කෙරෙනුයේ අතර්වා-වේදයෙහි වන අතර ඔවුන් ඇන්ගා, ගාන්ධාරි, සහ මුජාවත් ජනයා සමග පහත් කොට සලකන ලද පිරිසක් ලෙස පෙන්වා තිබේ.",sin,wili-2018,sinhala,sinhala
"කලින් සිටි නාගරික පොලිස් කොමසාරිස් වූ ක්අර්ක්වෙල්පින්ග්ටන් ගේ මතයට අනුව බෝම්බකරුවන්ගේ අනන්‍යතාවය හඳුනා ගැනීමට පෙර ඔවුන් ඉපදුනේ හෝ මූලස්ථාන ගත වී සිටියේ බ්‍රිතාන්‍යයේ බව සම්පූර්ණයෙන්ම වාගේ විශ්වාස කර තිබුනි. මෙම ප්‍රහාරයන්ට මනා පෙර සූදානමක් ද, බෝම්බ නිෂ්පාදනය පිළිබඳ පළපුරුද්ද, ලන්ඩන් ප්‍රවාහන ජාලය පිළිබඳ දැනුමක්, මෙන්ම බෝම්බ නිෂ්පාදන උපකරණ රසායන ද්‍රව්‍ය පිළිබඳ හොඳ දැනීමක් ද අවශ්‍ය විය යුතුය.",sin,wili-2018,sinhala,sinhala
දේශපාලන පක්ෂයක් යනු මැතිවරන ව්‍යාපාරයන්හී යෙදෙමින් රජයක් තුල දේශපාලන බලතල ලබාගැනිම ට උත්සාහ කරන දේශපාලන සංවිධානයක. මොවුන් සාමාන්‍්‍යයෙන් මත වාදයක් සහ දෘෂ්ටියක් දරන අතර සමහර විට විවිධ මත දරන කණ්ඩායම් ගණනක එකතුවක්ද විය හැක. සිය දේශපාලන අදහස් හසුරවමින් සහ ප්‍රචාරකරමින් ඡන්දය ලබාගැනිම මේවා සිදූ කරයි.,sin,wili-2018,sinhala,sinhala
"ජනප්‍රවාද අනුව, පූනේ-සාස්වාද් පාරේ දිවේ ගම්මානය අසල පිහිටි ජලාශය මස්තානිගේ අනුග්‍රහය මත අවට ගම්මානවල ජල අවශ්‍යතා සපුරාගැනීමට යොදා ගැනුණු බව පැවසේ.",sin,wili-2018,sinhala,sinhala
ඔවුන් බ්‍රහ්ම ලෝකයේ වෙසෙන කල්හි ගෞතම බුදුරජාණන් වහන්සේ ලොව පහළව දම්සක් පවත්වා රජගහ නුවරට වැඩි සේක. එකල්හි රජු බඹ ලොවින් චුතව විත් මගධ රට මහාතීර්ථ නම් බ්‍රාහ්මණ ගමෙහි පිප්ඵලීමාණව නමින් උපන්නේය. බිසව මදු රට සාගල නුවර කෝසියගොත්ත නම් බ්‍රාහ්මණයාගේ අග මෙහෙසුන් කුස බද්දකාපිළානි නමින් උපන්නාය.,sin,wili-2018,sinhala,sinhala
"වෛද්‍ය සමාජ විද්‍යාවේදී පුද්ගලයෙකු හෝ පුද්ගලයන් සමූහයක් සෞඛ්‍ය තත්වය පවත්වාගෙන යාම, රෝග අවස්ථාවකදී ක්‍රියා කරන ආකාරය හා සෞඛ්‍ය සේවා පද්ධතිය අතර දක්වන අන්තර්ප්‍රතික්‍රියා පිළිබදව අවධානය යොමු කරනු ලබයි. මෙහිදී භෞතික සහ කෘත්‍යමය ලෙස සිදුවූ අකර්මණ්‍යවීමකට උපරිම ආකාරයෙන් ප්‍රතිචාර දැක්වීමට හැකියාව ලබාදේ. මෙහිදී අපගේ සෞඛ්‍ය තත්වය සහ පරිසරය මගින් මානසික වශයෙන් කෙසේ බලපෑමක් ඇති කරයිද යන්න පිළිබදව හදාරනු ලබයි.",sin,wili-2018,sinhala,sinhala
"බුදුරජාණන් වහන්සේ ඇරයුම පිළිගෙන සංඝ සමූහය පිරිවරා ගෙන ඔහුගේ නිවසට වැඩම කර අසුනේ වැඩ සිටින විට, මහානිසභ තෙරුන් වහන්සේ පිඬු පිණිස ඒ වීදියට වැඩියේය. උපාසක තෙමේද උන්වහන්සේ දැක හුනස්නෙන් නැඟිට ගොස් තෙරුන් වහන්සේගේ පාත්‍රය රැගෙන, උන්වහන්සේගේ ශාස්තෲ වූබුදුරජාණන් වහන්සේ ගෙය තුල වැඩ සිටිනා බව දන්වා නිවසට වඩිනා ලෙසට ආරාධනා කළේය. එවිට මහානිසභ තෙරුන් වහන්සේ එය ප්‍රතික්ෂේප කළේය. එකල්හි උපාසක තෙමේ තෙරුන් වහන්සේගේ පාත්‍රය පිණ්ඩපාතයෙන් පුරවා ගෙන ගොස් පිළිගැන්වීය.",sin,wili-2018,sinhala,sinhala
"මෙම සමිකරණයට වෙනත් බාහිර ප්‍රභව මගින් ලැබෙන ශක්තින් ද එකතු කොට අවකලනය මගින් ‍අවමය සොයා ගැනිමෙන් අපගේ ආකෘතිය වඩා සාධාරණිකෘත වේ. මෙම නිසා ඕනෑම තත්වයක් යටතේ රෙදි වල හැසිරිම ආදර්ශනය කිරිමට අපට හැකියාව ලැබේ. අප රෙදි කැබලි අංශුමය එකතුවක් ලෙස සලකන බැවින්, එහි හැසිරිම ගති විද්‍යානුතුලව පහදා දිය හැක.",sin,wili-2018,sinhala,sinhala
"වැටුප් සහිත ප්‍රසිද්ධ නිවාඩු දින 8ක් මෙම පනත මගින් ආවරණය වන සේවකයින්ට හිමිය. කම්කරු කොමසාරිස්ගේ පූර්ණ අනුමැතියට යටත්ව මෙම දිනයන්හි සේවයේ යෙදවීමට සේව්‍යාට පුලුවන. එලෙස සේවයේ යොදා ගත්විට, එම දිනය වෙනුවට වැටුප් සහිත නිවාඩු දිනයක් දෙසැම්බර් 31 වන දිනට පෙර ලබාදීම හෝ එදින සේවය සදහා දිනක වැටුප මෙන් දෙගුනයක් ගෙවිඅය යුතුය.",sin,wili-2018,sinhala,sinhala
"Bol, Peter K. (2001). ""Whither the Emperor? Emperor Huizong, the New Policies, and the Tang-Song Transition"". Journal of Song and Yuan Studies 31: 103–134.",sin,wili-2018,sinhala,sinhala
"අන්තර්ජාතික අභ්‍යවකාශ මධ්‍යස්ථානය (International Space Station /ISS) යනු අභ්‍යාවකාශයෙහි ගොඩනැගෙමින් පවතින පර්යේෂණ මධ්‍යස්ථානයකි. මෙම අභ්‍යවකාශ මධ්‍යස්ථානය පහත් පෘථිවි කක්ෂයේ පවතින අතර පෘථිවියේ සිට පියවි ඇසින් ‍දැකගැනීමට හැකිය. එය පෘථිවි පෘෂ්ඨයෙන් දළ වශයෙන් කිලෝමීටර් 350 ක් (හැතැප්ම 217) උසින් පවතින අතර එය පැයට කිලෝමීටර් 27,700 ක දළ වේගයකින් ගමන් කරමින් දිනකට කක්ෂ 15.77 ක් සම්පූර්ණ කරයි.",sin,wili-2018,sinhala,sinhala
"ජනපදයේ ඇති වූ කෝලාහලය සන්සිඳුවා එන නන්ද රජතුමා තමන්ව පිළිගැනීමට පෙර මඟට පැමිණි දේවියගෙන් පසේ බුදුවරුන් පිළිබඳ විමසා උන්වහන්සේලා පිරිණිවන් පා වඳාළ බව දැන ""මෙතරම් පණ්ඩිත පසේ බුදුන් වහන්සේලාටත් මරණය පැමිණි කල්හි අපිට එයින් ගැලවීමක් කොයිදැයි ""සිතා නගරයට නොගොස් තම දෙටු පුත් හට රාජ්‍ය පවරා පැවිදි විය. දේවියද ""මොහු පැවිදි වූ කල්හි මම කුමක් කරම්දැයි"" සිතා දේවියද මහණ විය. දෙදනාම භාවනා කර ධ්‍යාන වඩා ආයු කෙළවර බ්‍රහ්ම ලෝකයෙහි උපත් ලැබීය.",sin,wili-2018,sinhala,sinhala
"මැදි-රාජවංශික සිතුවම් සම්ප්‍රදායයන් තාත්විකත්වය දෙසට යොමු විය. ""සැබෑ දැක්ම"" නම්වූ ජාතික භූමි දර්ශන සිතුවම් සම්ප්‍රදායයක් ආරම්භ විය. මෙය සම්ප්‍රදායික චීන ආර ආශ්‍රිතව බිහි වූවකි. ඡායාරූපීය නොවුණ ද, මෙම සම්ප්‍රදාය ශාස්ත්‍රාල තුළ ස්ථාවර වීමට තරම් ප්‍රමාණවත් වූ හෙයින්, කොරියානු චිත්‍ර කලාවේ සම්මත ශෛලියක් ලෙස අනුගමනය කෙරිණි.",sin,wili-2018,sinhala,sinhala
"රම්බොඩ ඇල්ල යනු ශ්‍රී ලංකාවේ මධ්‍යම පළාතේ නුවරඑළිය දිස්ත්‍රික්කයේ පුස්සැල්ලාව ප්‍රදේශයේ පිහිටා ඇති මීටර් 109ක් උසැති දිය ඇල්ලක් වේ. උස අනූව එය ශ්‍රී ලංකාවේ 11වන ස්ථානයත්, ලෝකයේ 729වන ස්ථානයත් හිමි කර ගනියි.",sin,wili-2018,sinhala,sinhala
ලොව ජීවත් වූ ඉතා වැදගත් පුද්ගලයන්ගේ ලැයිස්තුවක් පහතින් දැක්වේ. ඔවුන්ගේ නාමයන්. ජීවත් වූ කාලයන් හා ඔවුන්ගේ කෙටි විස්තරයන් පහත වගුවෙන් දැක්වේ.,sin,wili-2018,sinhala,sinhala
"දෙවියන් නැතැයි යන සංකල්පය ක්‍රිස්තු පූර්ව 5වන සියවසයේදී ග්‍රීසියේ ආරම්භවූ මතයක් බව විශ්වාස කරේ.ඇතැම් ග්‍රීකයින් දෙවියන් වැඳීම ප්‍රතික්ෂේප කලබව සඳහන්වෙයි.ක්‍රිස්තු පූර්ව හයවන සියවයේදී භාරත සමායේද දේවවාදී අදහස් පැවතුණි.එකල සිටි පූර්ණ කස්සප,අජිතකේෂකම්බල,පකුද කච්චායන,මක්ඛලීගෝසාල,සංජයබෙල්ලට්ඨි පුත්ත වැනි ශාතෘෘවරු දේවවාදී අදහස් දැරූබව සාමඥඵල සූත්‍රයේ දැක්වේ.බුදු දහම තුල දේවවාදයක් පිළිගන්නා අතර දෙවියන් වැනි ඕපපාතික ජීවීන් නැතැයි පිළිගැනීම මිත්‍යා දෘෂ්ටියක්ලෙස බුදු දහමේ දක්වේ. කෙසේ වෙතත් අදේවවාදී අදහස් අපරදිග සමාජයේ ආරම්භ වන්නේ 16 වන සියවස වන විටයි.මෙම අවදියේ ආගම අභිබවා විද්‍යාව ක්‍රමයෙන් ඉස්මතුවන්නට විය.සාම්ප්‍රධායික කතොලික ආගම ජනතාව අතරින් ප්‍රතික්ෂේප වන්නට පටන් ගත් අතර ප්‍රොතෙස්තන්තවාදී අදහස් වර්ධනය විය.ආගමික මත දැවි විවේචනයට ලක් කරමින් නව දාර්ශනිකයන් බිහිවිය.අතීයේදී ආගමික මතවාදවලට එරෙහිව අදහස් පලකළ පුද්ගලයන්ට දරුණු දඩුවම් විඳීමට සිදුවිය. උදාහරණ ලෙස යුරෝපයේ විසූ දාර්ශනිකයෙකු වූ ලුචීනියෝ වනීනි අධර්ම මර්දණාධිකරණය මගින් පණ පිටින් පුළුස්සා මරා දමන ලදී.විද්‍යාවට ඉස්මතුවීමට ඉඩනොදී මිත්‍යාව තුල ගිල්වා තැබුන ලෝකය ක්‍රමයෙන් යුරෝපීය පුනරුද සමයත් සමග නව පණක් ලබා අවධිවිය.හේගල්,කාල් මාක්ස්,විලැමිදීර් ලෙනින්,ෆෙඩ්රික් එංගල්ස් වැනි සමාජවාදී දාර්ශනිකයන් අදේවවාදී මතදැරූ අතර ආගම විසින් මානව සමාජය බෙදා වෙන්කර ඇතිබවපෙන්වා දුන්හ.බොහෝ සමාජවාදී රජ්‍යයන් තුල නිරාගමික අදේවවාදී අදහස් ප්‍රචලිත විය.සමාජවාදී පාලකයන් ආගමට මුල්තැනදීම සිදු නොකළහ.ඇතැම් සමාජවාදී රාජ්‍යයන් තුල ආගම ඇදහීම හා ඉගැන්වීම තහනම් විය.ලොව ප්‍රථම අදේවවාදී රජ්‍ය වන්නේ ඇල්බේනියාවයි.",sin,wili-2018,sinhala,sinhala
"කාර්‍යාලයක් ලෙස හැදින්වෙන්නේ බැංකුවක, රක්ෂණ සමාගමක නැව් සමාගමක, සංයුක්ත ස්කන්ධ සමාගමක වතු නියෝජිත, ප්‍රචාරක නියෝජිත, ප්‍රවාඅක නියෝජිත වැනි පුද්ගලයෙකුගේ සමාගමක කටයුතු කිරිම සදහා පවත්වාගෙන යනු ලබන ආයතනයන්ය. තවද වෙළද සැලක, කර්මන්ත ශාලවක , වත්තක, ආකරයක, ආපන ශාලවක,සමාජ ෂාලවක, පුවත්පත් හා පොත් විකුණන ආයතනයක පවත්වාගෙන යනු ලබන කර්යාල සේවාවන්ද, ගණකාධිකාරීන්, නීතීඥඉන්, වෛද්‍යවරුන් වැන්නන්ගේ කාර්යාලද, වෙන්දේශිකරුවෙකුගේ, තක්සේරුකරුවෙකුගේ මිනින්දෝරුවෙකුගේ, කෙටුම්පත් කරුවෙකුගේ, වුත්තීය සමිති, අන්යෝන්යාධාර සමිති කාර්යාලද, පෞද්ගලික පාසැල්හී කාරියාල්ද, රාජ්‍ය හා රජ්‍ය නොවන සංස්ථාද, සංස්ථා ගත නොකරන ලද ආයතනද මීට අයත්වේ.",sin,wili-2018,sinhala,sinhala
"20 වැනි ශත වර්ෂය වන විට ඩීසල් සහ විදුලි මෝටර් වල පැතිරීමත් සමග පලමු වතාවට භූගත ජලය පොම්ප කිරීමෙන් පොළව මතුපිටට ලබාගැනීම පෙරට වඩා කාර්යක්ෂම අන්දමින් සිදුවිය. මෙහි ප්‍රතිඵලයක් ලෙස භූගත ජල ප්‍රමාණය විශාල ලෙස අඩුවීම, ජලයේ තත්වය බාල වීම, පොළව ගිලා බැසීම සහ වෙනත් ගැටලු මතු වයි. එමෙන්ම උතුරු චීන තැනිතලාව පන්ජාබ් ප්‍රදේශය සහ එක්සත් ජනපදයේ මහා නැති තලා ප්‍රදේශය වැනි කලාපයන්හි අනාගත ආහාර නිෂ්පානදය තර්ජනයට ලක්විය.",sin,wili-2018,sinhala,sinhala
නූතන ක්‍රමය වන්නේ නයිට්‍රික් අම්ලයෙන් යුරේනියම් හා ප්ලූටෝනියම් නිස්සාරණයට ට්‍රයිබියුටයිල් පොස්ෆේට් / හයිඩ්‍රොකාබන් යොදා ගන්නා පියුරෙක්ස් ද්‍රව - ද්‍රව නිස්සාරකයක් යොදා ගැනීමයි. උදාහරණයක් ලෙස නයිට්‍රේට මාධ්‍යයකදී නිස්සාරක කාරකයක් (S) යොදා ගෙන ප්ලූටෝනියම් නිස්සාරණය පහත ප්‍රතික්‍රියාවේ පරිදි සිදුවේ.,sin,wili-2018,sinhala,sinhala
"එහි නිකුත්වීමත් සමග, ""ෆෝලන්"" වෙත ගීත විචාරකයන් වෙතින් මිශ්‍ර මෙන්ම ධනාත්මක ප්‍රතිචාර ලැබුණි. එහි තනි ගී 4ක්: ""Bring Me to Life"", ""My Immortal"", ""Going Under"", හා ""Everybody's Fool"" ඇතුලත් විය. ""Bring Me to Life"" සහ ""My Immortal"", ඕස්ට්‍රේලියාව, එක්සත් රාජධානිය, හා එක්සත් ජනපදය ඇතුලු රටවල් 10ක ගීත දර්ශකවල මුදුන් පැමිණියේය. ඇල්බමය නිසා එවැනසෙන්ස් කණ්ඩායම 46වැනි ග්‍රැමී සම්මාන උළෙලේ ""වසරේ ඇල්බමය"" , ""හොඳම රොක් ඇල්බමය"" සහ ""හොඳම රොක් ගීය"" යන සම්මානවලට නිර්දේශ වුනු අතර ""හොඳම නැගීඑන කලාකරුවා"" සහ ""හොඳම හාඩ් රොක් ප්‍රදර්ශනය"" යන සම්මාන දිනාගත්තේ ය.",sin,wili-2018,sinhala,sinhala
කොපර් ක්ලෝරයිඩ් ලෙවිස්(Lewis) අම්ලයක් වන අතර එය මෘදු අම්ලයක් ලෙස Hard-Soft Acid Base ස්ංකල්පයට අනුකූලව වර්ගීකරනය කල හැක.එලෙසම මෙය Triphenylphosphine මෘදු Lewis මාද්‍යයක් තුල මිශ්‍රණය වී පැවතීමට නැඹුරුතාවක් දක්වයි.,sin,wili-2018,sinhala,sinhala
"ලාංකීය දූ පුතුන්ට පරිගණක එකලස් කිරීම පිළිබඳ පුහුණුවක් ලබා දීම සඳහා SEMP ව්‍යාපෘතිය මෙහෙයවීමෙන් දුරස්ථ ඉගෙනුම් මධ්‍යස්ථානයේදී දිවයිනේ සෑම පලාතක්ම නියොජනය කරමින් ගුරුභවතුන් සහභාගීත්වයෙන් දින 5ක නේවාසික වැඩමුළුවක් ලෙස පවත්වයි. මෙහි මූල්ම කණ්ඩායම වසර 2010 පෙබරවාරි මස 6 සිට 10 දක්වා පැවැත්වේ. දිවයිනේ සියළු පළාත් නියෝජනය වන පරිදි තොරාගන්නා ලද තිස්පස්දෙනකු‍ගේ කණ්ඩායම නියෝජනය කිරීම සදහා දකුණු පලාත කණ්ඩාමට, වලහන්දූව නියොජනයෙන් අනිල් ප්‍රියංකර මයා සභාගීත්වය දක්වා ඇත. මෙම වැඩසටහන කොටස් 5 කින් සැලසුම් කර ඇති අතර ඒ ස‍ඳහා ලංකාවේ පරිගනක විද්‍යාගාර පහසුකම් දැනට පවතින විද්‍යාල වලින් තොරාගන්නා ලද ගුරුභවතුන් කණ්ඩායම් වශයෙන් යොමු කරනු ලැබේ. ශ්‍රි ලාංකීය පාසල් පරිගණක ක්‍රියාවලිය වඩාත් අර්ථවත් හා අත්දෑකීම් බහුල කරනු වස් අරඔා ඇති මෙම වැඩසටහන තුළින් පාසල් දූ දරුවන්ගේ පරිගනක හසුරු කුලසතා වර්තමානයේ දී ක්‍රමවත් සහ අනාගත අවශ්‍යතාවයන් සපුරා ලීම සදහා ඔපමට්ටම් කිරීම ප්‍රධාන අරමුණ වේ.",sin,wili-2018,sinhala,sinhala
"අකාබනික රසායනයේදී සංයෝග ඉතා විශාල සංඛ්‍යාවක් ඇති බැවින් එය විවිධ වූ විශ්ලේෂණ ක්‍රම ගණනාවක් සමග සම්බන්ධ වී ඇත. අතීතයේ දී අකාබනික සංයෝගවල ජලීය ද්‍රාවණවල විද්‍යුත් සන්නායකතාවය, ද්‍රවාංකය , ද්‍රාව්‍යතාවය හා ආම්ලිකතාවය වැනි ගුණ පරීක්ෂා කිරීමට ‍ෙනායෙකුත් ක්‍රමවේදයන් යොදා ගන්නා ලදී. නමුත් ක්වොන්ටම් සිද්ධාන්ත පැමිණීමට අනුරූපීවම ඉලෙක්ට්‍රෝනික මෙවලම්වල වැඩි දියුණුවක් සිදුවිය. එහිදී නව අකාබනික රසායන ද්‍රව්‍යවල අංශූන්වල හැදෑරීම් කටයුතු සදහා නව උපකරණ ද නිපදවීය. එම උපකරණ භාවිතයෙන් ගන්නා ලද මිනුම් මගින් සෛද්ධාන්තික කරුණු වඩාත් තහවුරු විය. උදාහරණයක් වශයෙන් මීතේන්වල ප්‍රකාශ ඉලෙක්ට්‍රෝන වර්ණාවලිය මගින් ක්ෂේත්‍ර දෙකක් අතර ඉලෙක‍්ට්‍රෝන දෙකක් මගින් ඇති වන බන්ධනය එනම් කාබන් හා හයිඩ්‍රජන් අතර ඇතිවන බන්ධනය පෙන්වා දෙන ලදී. මෙහිදී සංයුජතා බන්ධන සිද්ධාන්තය මගින් අයනීකරණය හා ක්‍රියාවලිය පහසුවෙන් පැහැදිලි කිරීමට හැකියාව නොලැබිණි. ඉලෙක්ට්‍රෝන කාක්ෂික වලින් ඉවත් වීම හා නැවත ඇතුල් වීම පහදා දීමට එබදු ක්‍රියාවලින් මඟ පාදා දුන් අතර එයට අණුක කාක්ෂික නියමයද උපකාරීවිණි.",sin,wili-2018,sinhala,sinhala
"උතරු ඇමරිකානුවන්ගේ සමකාලීන අත්දැකිම් අනුව ඔවුන්ගේ ඉතිහාසය සංස්කෘතිය, දේශපාලනය සහ ඔවුන්ගේ නිකුත්වන පිළිබද අන්තර්ක‍ශේත්‍ර අධ්‍යයනයක් ස්වදේශීය ඇමරිකානු අධ්‍යයනයෙන් (ඇමරිකානුඉන්දියානු හෝ ස්වදේශිය ඇමරිකානු හෝ මාතෘ ජාතිය ගැන අධ්‍යයනය) සිදුවේ. ඇමරිකානු අධ්‍යනය සහ ලතින් අධ්‍යයනය වැනි අනෙකුත් ජනවාර්ගික අධ්‍යනයක් සමග ඇති වෙනස ගැන ඒවා සමග ඇති සමානකම්වලට වඩා වාද විවාද බිහිවී ඇත. එක්සත් ජනපදයේ සහ කැනඩාවේ. අනෙකුත් ජාතිවාදි සහ ජනවාර්ගික කණ්ඩායම් වල ස්වදේශිය ජාතින් සමග ඇති දේශපාලන පාරමාධිපත්‍ය සහ ඔවුන්ගේ ඉතිහාසගත අත්දැකිම් මෙමගින් ලකුණු කරයි. මානව විද්‍යාව, සමාජ විද්‍යාව, ඉතිහාසය, සාහිත්‍යය, චේශපාලන විද්‍යාව සහ ලිංගික විද්‍යාව වැනි අංශවලින් විවිධ දෘෂ්ඨිකෝණවලින් නොයකුත් විෂ්ලේෂණ මෙවලම් යොදාගනකිමින් උගතුන් මේ පිළිබද අධ්‍යයනය කරයි.",sin,wili-2018,sinhala,sinhala
"දමිළ ජනයාගේ ගෝලීය ව්‍යාප්තිය 18 වන සියවසේ බ්‍රිතාන්‍ය යටත් විජිත රාජ්‍ය පාලනය ගිවිසුම් ප්‍රකාරව දුගී දමිළ ජනයාව බ්‍රිතාන්‍ය අධිරාජ්‍යයට අයත් දුර බැහැර ප්‍රදේශ වලට කම්කරුවන් සේ පිටත් කිරීමත් සමග විශේෂ මුහුණුවරක් ගන්නා ලදි. මෙලෙස ඉන්දීය කම්කරුවන් මලයාසියාව, දකුණු අප්‍රිකාව, ෆීජි, මුරුසිය හා කැරිබියන් දූපත් සදහා ප්‍රධාන වශයෙන් පිටත් කර හැරිය අතර ඊට සමකාලීනව බොහෝ දමිළ ව්‍යාපාරිකයින් ද බුරුමය හා නැගෙනහිර අප්‍රිකාව ඇතුළු අනෙකුත් බ්‍රිතාන්‍ය යටත් විජිත ප්‍රදේශයන්ට සංක්‍රමණය විය.",sin,wili-2018,sinhala,sinhala
අනුරාධපුර‍ය පූජනීය නගරයෙහි සහ ඒ අවට ඉතා විශාල ප්‍රමාණයක නටඹුන් දක්නට ඇත. මේවා ඉතා නිවැරදිව හදුනාගෙන නොමැති අතර ඉන් බොහෝමයක් ද්‍රවිඩ ආක්‍රමණිකයන් අතින් හෝ පූජණීය වස්තු විනාශ කරන්නන් අතින් හානි විම් වලට ලක්ව ඇත. සංචාරකයින් හෝ වන්දනා කරුවන් විසින් මෙම නටඹුන් කෙරෙහි වඩා වැඩි අවධානයක් යොමු කර ඇත.,sin,wili-2018,sinhala,sinhala
"සොං රාජවංශය පිහිටුවූ විට, පංච රාජවංශ සමයේ සේවය කළ නිලධාරීන් (හා ඔවුන්ගේ පුත්‍රයින්) සහ ප්‍රමුඛ පවුල්වලින් පැමිණි පුද්ගලයෝ පරම්පරා ගණනක් තිස්සේ නිලධාරීන් බිහිකළ සිය පෙළපත් පිළිපඳ පුරසාරම් කියන්නට වූහ. පළමු සොං අධිරාජවරුන්ට පෙර යුගයේ ජියෙදුෂි වැනි යුධ ආධිපත්‍යයන් ඇතිවීම වැළැක්වීමට අවශ්‍ය වූ හෙයින් ඔවුහු යුධ නිලධාරීන්ගේ බලය අඩුකොට බලවත් සිවිල් පදනමක් ස්ථාපනය කිරීමට උත්සාහ දැරූහ. 11වන සියවසේ දී, විද්‍යාල සහ දේශීය ශාස්ත්‍රාල ව්‍යාප්ත වීමත් සමග, බහුතරයක් නිලධාරීන් සපයන දීපව්‍යාප්ත රදළ පෙළැන්තියක් බිහි විය. 11වන සියවසේ පසු කාලය වන විට, ප්‍රමුඛ පවුල් අතර වංශවත් විවාහ ප්‍රතිපත්තීන් ව්‍යාකූල වූයේ වං අන්ෂි චාන්සලර්වරයාගේ (1021–1086) නව ප්‍රතිපත්ති (新法; ෂින් ෆා) හේතුවෙන් දේශපාලන පක්ෂ අරගල තීව්‍ර වීම නිසායි. මෙම මහා පවුල් ප්‍රතිස්ථාපනය කරමින් රට පුරා විවිධ ප්‍රාදේශීය රදළ පෙළපත්වලින් පැමිණි නිලධාරීන් බිහි විය.",sin,wili-2018,sinhala,sinhala
"ක්‍රි.පූ. 1වන සියවස වන විට ගෝජොසොන් කැබලි වන්නට පටන්ගත් අතර, එහි පැරණි වැඩවසම් ප්‍රදේශවල පාලනය තවදුරටත් පවත්වා ගැනීමට එය අසමත් විය. ගෝජොසොන් රාජ්‍යයට එහි රාජ්‍ය සංගමයේ පාලනය අහිමි වීමත් සමග, එහි භූමියෙහි නොයෙකුත් අනුප්‍රාප්තික රාජ්‍ය බිහි විය. මෙම රාජ්‍ය අතර බුයෝ, ඔක්ජෝ, දොංග්යේ. ගොගුර්යෝ සහ බුයෝවලින් සම්භවය වූ බෙක්ජේ වැනි රාජධානි ප්‍රධාන වේ.",sin,wili-2018,sinhala,sinhala
"ධර්ම දේශනා කරන දිනය ආ කල්හි, බමුණා බැමිණිය විචාරා ඇය දහවල් කාලයේ දහම් ඇසීමට යන බව දැන ඇයට පෙරවාගෙන යාම සඳහා සළුව දුනි. ඉන්පසු ඇය ආ කල්හි බමුණා රාත්‍රී කාලයේ එම සළුවම පොරවා ගෙන දහම් ඇසීමට ගියේය.",sin,wili-2018,sinhala,sinhala
"මෙය මිල මට්ටම්වල හා සමාහාර ඉල්ලුමේ සම්බන්ධ න්‍යායක් ලෙස හැදින්විය හැක.මුදලේ සංසරණ ප්‍රවේගය ස්ථාවර අනුපාතයක පවතින විට,මුදල් සැපයුම වැඩිවීමත් මුළු වියදම් කිරීම් වැඩිවීමට හේතු වේ.ආර්ථිකය පුර්ණ සේවා නියුක්ති මට්ටමක පවතින විට භාණ්ඩ හා සේවා මත වියදම් වැඩිවීම,මිල මට්ටම වැඩි වීමට හේතු වේ.මෙම මිල මට්‍ටම වැඩි විම අඛණ්ඩව හා නිරන්තර සිදුවන විට,ඉහත දැක්වු නිර්වචනයට අනුව ආර්ථිකය තුල උද්ධමනයක් පවතී.ඒනිසා මුදල් සැපයුම ඉහල යන ප්‍රමාණයක් පාසා උද්ධමනය ඉහල යයි.මුදල් සැපයුසමේ ප්‍රමාණය නැවතුන විට උද්ධමනය ඉහල යෑම නවතී.",sin,wili-2018,sinhala,sinhala
"චන්ද්‍රගුප්තයන්ගේ විජයග්‍රහණයන්ට පෙරාතුව, කුඩා ප්‍රාදේශීය රාජධානින් ගණනාවක් වයඹදිග අර්ධද්වීපය තුළ සිය බලපරාක්‍රමය පැතිරවූ අතර, ගංගානදී ආශ්‍රිත තැනිතලාව තුල ජයකෙහෙලි නැංවූයේ නන්ද අධිරාජ්‍යයයි. චන්ද්‍රගුප්තයන්ගේ අභිභවනයන්ට පසුව, මෞර්ය අධිරාජ්‍යය නැගෙනහිරින් බෙංගාලය සහ ඇසෑමය සිට, බටහිරින් ඇෆ්ගනිස්තානය හා බලුකිස්තානය දක්වාද, උතුරින් කාශ්මීරය(වයඹ) හා නේපාලය(ඊසාන) සිට, දකුණින් ඩෙකෑන් සානුව දක්වාද පැතිරිණි.",sin,wili-2018,sinhala,sinhala
"ජ්‍යාමිතියෙහි, රේඛා හෝ තල (හෝ රේඛාවක් හා තලයක්) හෝ දෙකක් එකිනෙකට ලම්බක (හෝ ප්‍රලම්බක) යැයි සැලකෙන්නේ ඒවා අංගසම බද්ධ කෝණ (T-හැඩැයක්) සාදන විටය. මෙම පදය නාම පදයක් හෝ නාම විශේෂණයක් හෝ ලෙසින් භාවිතා කල හැක. මෙලෙසින්, නිදර්ශනය කොට ඇති පරිදී, AB රේඛාව CD රේඛාවට ලම්බක වන්නේ B ලක්ෂ්‍යය හරහාය.",sin,wili-2018,sinhala,sinhala
. වෘත්තාකාර මාර්ගය (The circle line) මීටර් 7 ක් ගැඹුරින් පිහිටි උමං දුම්රිය මාර්ගයකි. මෙම උමග තුළ සමාන්තර දුම්රිය මාර්ග දෙකක් තිබෙන බැවින් තරමක් පළල්ය. මෙම මාර්ගයෙහි වූ පිපිරීම් දෙකෙහි බලය උමග දිගේ ගලායාම නිසා එහි බලය අඩු වන්නට ඇත.,sin,wili-2018,sinhala,sinhala
"එකල්හි සිහි නුවණ පැමිණියා වූ බිරිය, පසේ බුදුන් වහන්සේගේ හස්තයෙන් පාත්‍රය නැවත රැගෙන එහි වූ මඩ විසි කර දමා සෝදා පිරිසිදු කර සුවඳ සුණු උලා සුවඳ කොට එහි චතුමධුර පුරවා මතුපිට පියුම් ගැබ් වන් ගිතෙල් ලා ඔප ගන්වා පසේ බුදුන් වහන්සේට පූජා කලේය. පූජා කර ""මේ පිණ්ඩපාතය සේම මාගේ ශරීරයද උපනූපන් හැම ආත්මයේම ආලෝකවත් වේවා""යි පැතීය. ඒ අඹුසැමි දෙදනා බොහෝ පින්කම් කර නැවත දෙව්ලොව උපන්නේය.",sin,wili-2018,sinhala,sinhala
"“බ්‍රිතාන්‍යයේ වෙසෙන මුස්ලිම් නොවන අය සඳහා - මෙය ලබා ගැනීමට සුදුස්සන් වීමට ඔබ කර ඇත්තේ කුමක්දැයි දැන ගැනීමට කැමැත්තෙන් සිටිනවා විය හැකිය. ඔබලා ඔබේ රටේ රජයට ඡන්දය දීමෙන් මෙදින දක්වා එම රජයට, බටහිර සිට නැගෙනහිර දක්වා පලස්තීනය තුළ, ඇෆ්ගනිස්ථානය, ඉරාකය සහ චෙච්නියා ආදි රටවල සිටින අපගේ මව්වරුන්ට දරුවන්ට සහෝදර සහෝදරියන්ට හිංසා පීඩා කිරීම නොකඩවා කරගෙන යන්නේය. ඔබේ රජය 150,000 කට අධික අහිංසක මුස්ලිම් ජනතාවක් ෆලුජාහි දී සමූල ඝාතනය කිරීමට විවෘතව සහයෝගය දී ඇත්තේය.",sin,wili-2018,sinhala,sinhala
"ද්‍රවිඩයන් ඔවුන්ගේ රණකාමිත්වය, ආගමික බව හා වෙළද කටයුතු සම්බන්ධයෙන් ඔවුන්ගේ දේශ සීමාවන්ගෙන් ඔබ්බටද ප්‍රසිද්ධියට පත්වූවෝ වුහ. පාන්ද්‍යන් හා චෝලයන් ඉතිහාසයේ ශ්‍රීලංකාව තුල ක්‍රියාකාරී කොට්ඨාසයක් වුහ.පල්ලව වෙළෙදුන් සහ ආගමික නායකයින් දකුණු ආසියාවේ සංචාරය කල අතර කලාපීය සංස්කෘතිය ඉන්දියානුකරණයේ විශේෂ භූමිකාවක් නිරුපනය කළේය. ප්‍රාදේශීයව දියුණු කරන ලද ග්‍රන්ථ සහ පල්ලව ආදී අක්ෂරමාලා khmer, javanese, තායි ආදී බොහෝ ස්වදේශීය අක්ෂරමාලා විකාශනය කෙරෙහි බලපා ඇත.",sin,wili-2018,sinhala,sinhala
රහත් භාවයට පත් වූ කාශ්‍යප තෙරුණුවෝ තමන් වහන්සේ රූපයෙන් බුදුරජාණන් වහන්සේට සමාන වන බැවින් බොහෝ අපහසුතාවයන්ට පත් විය. එකල එක් වීදියක සිටි කාන්තාවක් සෑම දිනම මහා කාශ්‍යප රහතන් වහන්සේට පිණ්ඬපාතය පිළිගැන්වීමට පුරුදුව සිටියාය. දිනක් ඒ මඟ බුදුරජාණන් වහන්සේ වැඩි සේක. එකල්හි කාන්තාව මහා කාශ්‍යප හිමියන් වැඩියා යැයි සිතා රැවටී තමා සකස් කර තිබූ බත් හැන්දක් බුදුරජාණන් වහන්සේට පූජා කළාය. සුළු මොහොතකින් පිඬු පිණිස වඩින කාශ්‍යප හිමියන් දුටු කාන්තාව වහා දිව ගොස් බුදුරජාණන් වහන්සේ නවතා පාත්‍රයට අත දමා බෙදූ බත් හැන්ද රැගෙන නැවත් මහා කාශ්‍යප හිමියන්ට පූජා කළාය. මෙය දැනගත් මහා කාශ්‍යප හිමියන් බුදුරජාණන් වහන්සේට සිදු වූ අපහසුතාවය පිළිබඳ ඉමහත් සංවේගයට පැමිණ බුදු රදුන්ගේ අවසරය මත ආරණ්‍යවාසී විය. ඉන්පසු බුදුරජාණන් වහන්සේ පිරිණිවන් පානා තෙක්ම උන්වහන්සේ හිමාලය වනයේ භාවනා කරමින් උන්හ.,sin,wili-2018,sinhala,sinhala
"එකල්හි බුදුරජාණන් වහන්සේ වදාරණ සේක්, කාශ්‍යපය, යම් ශාස්තෲවරයෙක් නුඹ සේ මුළු සිතින්ම ශ්‍රාවකත්වය ප්‍රකාශ කරන ශ්‍රාවකයෙකු, නොදැනම දනිමියි, නොදැකම දැකිමියි කියන්නේ නම් ඔහුගේ හිස බොටුවෙන් ගිලිහී බිම වැටෙන්නේය. නමුත් මම මේ චතුරාර්යය සත්‍යය දැනගෙනම දනිමියි කියමි. දැකම දකිමියි කියමි.",sin,wili-2018,sinhala,sinhala
අභිචාර කියන්නේ අධිස්වාභාවික බලවේගයන් යම් කිසි ක‍්‍රමයක් මගින් නතුකර ගැනීමයි. හොඳට හෝ නරකට මේ අභිචාර ක‍්‍රම යෙදවිය හැකිය (රත්නපාල 2001: 269).,sin,wili-2018,sinhala,sinhala
සාප්පු හා කාර්යලයක සේවය කරන සෑම සේවිකාවකටම උපදින පලමු සජීවී දරු දෙදෙනා සදහා වැටුප් සහිත සති 12ක නිවාඩු හිමිකම් ඇත. සජීවි දරු උපත් දෙකකින් පසුව උපදින දරුවන් සදහා ප්‍රසූතියකට අයත් වන්නේ වැටුප් සහිත සති 6ක නිවාඩු පමණි. මෙම නිවාසුව ගණන් ගැනීමේ දී නිවාසු දින ගණන් නොගැනේ.,sin,wili-2018,sinhala,sinhala
සංඥා භාෂාවන්හි පරිණත බවට උදාහරණ වනුයේ සංඥා භාෂාව කාව්‍ය හා අනෙකුත් වේදිකා රඟ දැක්විම්ය. සංඥාමය කවියන් වෙත ඇති කාව්‍යමය උපක්‍රමයන් කථික කවියෙකුට නොතිබිය හැකිය. මෙය කාව්‍යයන්ට ශ්‍රාවක පිරිස් වෙත ළගාවිමට ඔවුන් සලිත කිරිමටත් නව උද්දීපනය ඇති කරවන ක්‍රම ඉදිරිපත් කරයි.,sin,wili-2018,sinhala,sinhala
"දැන් කංසා ලෙස ප්‍රචලිත, ""ඉන්දියානු හණ""ලෙස ඔහු විසින් හැඳුන්වුනු, ""හණ කුලයට අයත් මත් ගතිය ඇති කරන නාඳුනන ඖෂධ පැලෑටියක"" සාම්පල රැගෙන ආ ප්‍රථම ඉංග්‍රීසි ජාතිකයා ලෙස නොක්ස් ඉතිහාසගත විය. 1689 දෙසැම්බර වලදී , නොක්ස් විසින් මෙම පැලෑටියෙහි ඇට රාජකීය සංගම‍යෙහි රොබට් හුක් වෙත ලබා දුන් අතර, මෙම ඖෂධ පැලෑටියෙහි ගති ගුණාංග පිළිබඳ සංගමය අමතා කථනයක්ද ඉදිරිපත් කලේය.",sin,wili-2018,sinhala,sinhala
"බොහෝ චිත්‍රපට සහ නාට්‍ය එක්කෝ කල් දැමුවේය. නැතහොත් අවලංගු කෙරුනේය. උදාහරනයක් ලෙස බී බී සී ගුවන් විදුලියේ හතරවැනි සේවය (BBC Radio 4) එහි කලින් සැලසුම් කළ ශාස්ත්‍රීය වැඩ සටහන් මාලාව හේතුවක් ඉදිරිපත් නොකරම ඉවත් කළේය. එයට ජෝන් බුචන්ගේ “ග්‍රීන් මැන්චල්” නම් වූ බ්‍රිතාන්‍ය අවශ්‍යතාවයන්ට එරෙහිව මුස්ලිම් නැගී සිටිමක් ගැන වැඩ සටහනක් විය. ITN සේවය X- ෆයිල් නැමැති චිත්‍ර පටය ඉවත් කළේය. එහි තිබුනේ බෝම්බයකින් ගොඩනැගිල්ලක කොටසක් විනාශ වන ආකාරයයි. ඒ වෙනුවට “ස්ටේක් අවුට්” ප්‍රදර්ශනය කළේය. එමෙන්ම මගීන්ගෙන් පිරුනු බස් රියක් බෝම්බයකින් විනාශ වන අයුරු පෙන්වා දී “ද සීජ්” නැමැති චිත්‍ර පටිය ඉවත් කර “ගෝන් ඉන් 60 සෙකන්ඩ්ස්” ප්‍රදර්ශනය ක‍ළේය. නිවසක් පුපුරන දර්ශනයක්ද, දුම ආඝ්‍රාණය කිරීමෙන් හුස්ම හිරවන අයද, දිවි රැක ගත් අය සහ ගිලන්රථ ද පෙන්වූ බිබිසි වැඩ සටහනක් වූ ඊස්ට් එන්ඩර්ස් හි එදින රාත්‍රී දර්ශනය නැවත සංස්කරණය කිරීමට බල කරනු ලැබින. ස්කයි වන් (Sky one) ටෙරර් ඇටෑක්ස් Could you survive (ත්‍රස්තවාදි ප්‍රහාරයෙන් ඔබට බේරි සිටීමට හැකිද?) වෙනුවට ස්ටාර් ට්‍රෙක් චිත්‍ර පටියේ 'නෙක්ස්ට් ජෙනරේෂන්' කොටස ප්‍රදර්ශනය කළේය. එමෙන්ම වියොකොම් (Viocom) සතු සංගීත චැනලය වූ MTV, VHI, TMF සේවාවන් සහ ඔවුන්ගේ උප චැනලයන් සියල්ලමද දවසේ ඉතිරි කාලය තුල දුක් මුසු සංගීතයක් ප්‍රචාරය කළේය. සීඑස්අයි (CSI) නැතහොත් ක්‍රයිම් සීන් ඉන්වෙස්ටිගේෂන් නම් ක්වෙන්ටික් ටැරුන්ටිනෝ විසින් අධ්‍යක්ෂණය කරන ලද මරාගෙන මැරෙන බෝම්බ කරුවෙකු සිරකිරිමක් අඩංගු ජුලි මස 12 වැනිදා පෙන්වීමට නියමිතව තිබුනු වැඩ සටහන්ද සතියකින් කල් දමන ලදි.",sin,wili-2018,sinhala,sinhala
"බොහෝ දෙනා සිතා සිටිනුයේ වර්තමානයේ ඇති විවිධ ජංගම දුරකථන වලට මූලාරම්භය වී ඇත්තේ අප සාමාන්‍යයෙන් පවසන ගඩොල් බාග දුරකථන හෙවත් පළමු පරම්පරාවේ අති විශාල දුරකථන කියාය.නමුත් මෙම ගඩොල් බාග දුරකථන ජංගම දුරකථන ඉතිහාසයේ එක් පියවරක් පමණයි.සත්‍ය ලෙසම ජංගම දුරකථනයේ ඉතිහාසය 1800 දක්වා දිව යන්නකි. 1876 දී ඇලෙක්සැන්ඩර් ග්‍රැහැම් බෙල්, ශබ්දය ඉලෙක්ට්‍රෝන ධාරාවක් ලෙස ජලය හා වාතය තුලින් ගමන් කරන බව සොයගෙන, එම පදනම මත මිනිස් කටහඬ ඉලෙක්ට්‍රෝන ධාරාවක් බවට පත් කර තඹ කම්බියක් මගින් වෙනත් ස්ථානයකට යැවිය හැකි යන්ත්‍රයක් හෙවත් දුරකථනය නිපදවන ලදී.දුරකථනයේ ප්‍රධානතම වාසිය වූයේ පණිවිඩය තේරෙන භාෂාවකින්, බාධාවකින් හා ප්‍රමාදවීමකින් තොරව ඉතාමත් පහසුවෙන් ලබා ගත හැකි වීමයි.",sin,wili-2018,sinhala,sinhala
"ක්‍රි.පූ. 195දී, ගෝජොසොන්හි ජුන් විසින් යැන්හි සරණාගතයකු වූ විමන්ට රැකවරණය සැලසී ය. නමුත් පසුව, ක්‍රි.පූ. 194දී විමන් කැරලි ගසන්නට වූ අතර, ජුන් කොරියානු අර්ධද්වීපයේ දකුණු පෙදෙස වෙත පලාගියේ ය.",sin,wili-2018,sinhala,sinhala
"සිය සැමියා සමග එකතුවී නාර්ගීස් විසින් අජන්තා ආර්ට්ස් කල්චරල් ට්‍රෑප් නම් කණ්ඩායමක් ආරම්භ කරනු ලැබූ අතර එය එම සමයේ සමහර ප්‍රමුඛ රංගන ශිල්පීන් හා ගායකයින් සමග එක්ව මායිම් ප්‍රදේශයන්හී වේදිකා ප්‍රසංග ඉදිරිපත් කරන ලදී. 1970 දශකයේ මුල් සමයේදී ඇය ඉන්දියාවේ ස්පැස්ටික්ස් (මොළයේ ආබාධයක්) සංවිධානයේ පළමු අනුග්‍රාහිකාව බවට පත් වූ අතර, එම සංවිධානය සමග සිදුකල සමාජ සත්කාරයන් හේතුවෙන් ඇය එකල, සමාජ සේවිකාවක් හා රාජ්‍ය සභා නාමමාත්‍රික ධාරිනියක් ලෙස පිළිගැනීමට ලක්වූවාය.",sin,wili-2018,sinhala,sinhala
"මෙම යුගයේ කෘෂිකර්මය යනු ඉතා වැදගත් අංගයක් ව තිබූ බව ක්‍රි.ව. 2වන සියවසේ මුල් භාගයේ පැවති වාරිමාර්ග ජාලාවන්ගෙන් සනාථ වේ. අභ්‍යන්තර හා බාහිර වෙළඳ කටයුතු ඉතා උසස් මට්ටමක පැවතුණු අතර රෝමය හා සුවිශේෂී සබඳතා පැවතපු බවට ද සාධක පවතී. කරුර් හා අරිකමේඩු ප්‍රදේශ වලින් විශාල ප්‍රමාණයෙන් රෝමන් කාසි හා රෝමානු වෙළෙන්දන් පැමිණි බවට සලකුණු හමුවී ඇත. රජුන් විසින් ඕගස්ටස් රෝමානු අධිරාජ්‍ය වෙත අවම වශයෙන් තානාපති මණ්ඩල දෙකක් වත් යැවුව බවට සාධක පාණ්ඩය ඇත. රතු මුහුදේ කැණීම් වල දී දමිළ අක්ෂර සහිත වළං කැබලි හමුවීම එම ප්‍රදේශයේ දමිළ වෙළදුන්ගේ ක්‍රියාකාරකම් නිරූපනය කරයි. පළමු සියවසේ විසු නිර්නාමික සංචාරකයෙකු ගේ ග්‍රීක සටහන්, Periplus Maris Erytraei , පාණ්ඩය හා චෞර රාජධානි වල තිබූ නැව් තොටුපලවල් හා ඒවායේ වානිජ්‍ය කටයුතු පිළිබඳ වැදගත් තොරතුරු රාශියක් සපයයි . එසේම periplus සටහන් අනුව ආදී දමිළ ජනයා ගම්මිරිස්, පා වට්ට, මුතු, ඇත් දළ, සිල්ක්, දියමන්ති, නිල් මැණික් සහ කැස්බෑ ලෙලි ප්‍රධාන වශයෙන් අපනයනය කරන ලදි.",sin,wili-2018,sinhala,sinhala
"ශිලා කැටයම් සහ මැටි බඳුන් කැබලිවල මෙන්ම සොහොන්ගැබ් තුළ ද කොරියානු වෙස්මුහුණු, කොරියානු මැහුම් ක්‍රම සහිත වස්ත්‍ර, කොරියානු ගෙත්තම් කලාව හා සම්මිශ්‍රණයෙන් සිදුවූ කොරියානු අභිවාහ්‍ය කලාවන්හි නිරූපණයන් දැකගත හැක.",sin,wili-2018,sinhala,sinhala
"අවුරුදු 18ට වැඩි කාන්තාවන් නේවාසික හෝටල් ව්අල, දුරකථන ක්‍රියකරවන්නින්, පිළිගැනීමේ නිලධාරීන්, කන්තා සහයකයින් වශයෙන්ද, ගුවන් තොටුපලේ කාර්යාලයක රාත්‍රී කාලයේ ගොඩබිම් සත්කාර කරන්නික් වශයෙන් සේවයේ යෙදවීමට අවසර ඇත",sin,wili-2018,sinhala,sinhala
"එය ඇසූ බමුණෝ ඈ සමීපයට පැමිණ ""තීගේ ස්වාමී දුව මීට වඩා ලස්සනදැයි"" විමසීය. එකල කිරි මව ඇගේ ලස්සන වර්ණනා කරන්නාහු ""මාගේ ස්වාමි දුව දොලොස් රියන් කාමරයක සිටින්නී නම් එහි පහන් දැල්වීමක් අවශ්‍ය නැතැයි "" කීවාය. එබස් අසා සතුටට පත් බමුණන් ඇයත් සමඟම කෝසියගොත්ත බමුණාගේ ගෙදරට ගියහ.",sin,wili-2018,sinhala,sinhala
ජල විදින පද්ධතිවල ආරම්භය වන්නේ ජල ප්‍රබවයකි. එය සාමාන්‍යයෙන් පවතින ජල මාර්ගයකට වූ ජල කරාමයක් හෝ ළිඳකින් හෝ පොකුණකින් ජලය ඉවතට අදින ජල පොම්පයක් විය හැකිය. ජලය පයිප්ප හරහා ජල ප්‍රබවයේ සිට වෑල්ව තුළින් ජල විදින වතුර මල්වලට ගමන් කරයි. ජල ප්‍රබවයේ සිට වාරිමාර්ග වෑල්ව දක්වා ඇති ජල නළ ප්‍රධාන ජල මාර්ග ලෙස හා වෑල්වවල සිට වතුර විදින දක්වා නළ මාර්ග ආංශික ජල මාර්ග ලෙස හඳුන්වනු ලැබේ. වර්තමානයේ දී යොදා ගන්නා ජල නළ එලීම් වන්නේ HDPE හා MDPE හෝ PVC හෝ PEX ය. එයට හේතුව ඒවා ස්ථාපනය කිරීමට ඇති පහසු බව හා විඛාදනයට ඒවා දක්වන ප්‍රතිරෝධයයි. ජල ප්‍රබවයෙන් පසුව සාමාන්‍යයෙන් ජලය පරීක්ෂා වෑල්වයක් හරහා ගමන් කරයි. මෙමඟින් වාරිමාර්ග පද්ධතියේ ඇති ජලය නැවත ඇදීම වළක්වන අතර පිරිසිදු ජල සැපයුම් අඛණ්ඩව පවත්වා ගනී.,sin,wili-2018,sinhala,sinhala
ප්‍රංශ මෙම ආරක්ෂිත සීමාව ඉදි කළේ නැටුම් අවස්ථාවක දී තම හමුදාවන් එක් රැස් කිරීමට කාලය සපයා ගැනීමටත් බෙල්ජියම දෙසින් සීමාවට ප්‍රහාරයන් එල්ල කරන්න ජර්මනිය පෙළඹවීමටත්ය. මෙවැනි තීක්ෂණ ඥානයක් I වන ලෝක යුධ සමයේ දී ප්‍රංශය තුළින් දිස්වුණු අතර ඔවුන්ගේ ස්ථිර සාර්ථකත්වයට එය බලපානු ලබයි. මෙම ආරක්ෂිත සීමාව ඉතා සාර්ථකව සෘජු ප්‍රහාර මැඩ පැවැත්වීමට සමත් විය. කෙසේ වුවද මෙම උපක්‍රමය පසුව ජය ලැබීමට මුලදී පාඩු විඳීමේ උදාසීන යුධ උපක්‍රමයක් වූයේ ජර්මනි‍ය විසින් බෙල්ජියම ආක්‍රමණය කළ නිසාවෙනි.,sin,wili-2018,sinhala,sinhala
පර්සියන් භාෂාව විශාල ප්‍රදේශයක් පුරා පැතිරී පැවතුනු භාෂාවක් වූ අතර ඉරානයට පමණක් සීමා නොවීය. පර්සියන් භාෂාව සමග ගනුදෙනු කළ ප්‍රථම යුරෝපීයයන් වූයේ ඔටෝමන් තුර්කියට සහ වෙනත් ප්‍රදේශ වලට යුරෝපීය ජාතින් විසින් යවනු ලැබූ රාජදූතයින්ය. පර්සියානු භාෂාව අධ්‍යයනය කිරීමේ මුල්ම පරමාර්ථය වූයේ ක්‍රිස්තියානි ආගමට හරවා ගැනීම සඳහා මිනිසුන් දිනා ගැනීමයි.,sin,wili-2018,sinhala,sinhala
යුරෙක්ස් ක්‍රියාපටිපාටිය ද පියුරෙක්ස් ක්‍රියාපටිපාටියක් වන අතර එය ප්ලූටෝනියම් නිස්සාරණය වැළැක්වීම සදහා නවීකරණය කළහැක. පළමු නිස්සාරණයට පෙර ප්ලූටෝනියම් ඔක්සිහාරකයක් එකතු කිරීමෙන් මෙය සිදු කළ හැක. යූරෙක්ස් ක්‍රියාපටිපාටියේ දී 99.9% යුරේනියම් හා > 95% ටෙක්නීටියම් (Technetium) අනෙකුත් විඛණ්ඩණ ඵලවලින් හා ඇක්ටිනයිඩවලින් වෙන් කෙරෙන අතර එකිනෙකින් ද වෙන් වේ. මෙහි ප්‍රධාන දෙය නිස්සාරිතයට ඇසිටොහයිඩ්‍රොක්සැමික් අම්ලය (acetohydronamic : AHA) එකතු කිරීම හා ක්‍රියාවලියේ පිරිපහදු අංශයයි. AHA එකතු කිරීම ප්ලූටෝනයිම් හා නෙප්චූනියම්වල නිස්සාරන හැකියාව ඉතා විශාල ලෙස අඩු කරයි.. එමගින් PUREX ක්‍රියා පටිපාටියේ ප්ලූටෝනියම් නිස්සාරණ ආදියට වඩා වැඩි බාධාවක් දක්වයි.,sin,wili-2018,sinhala,sinhala
Cloth – modeling එනම් පරිඝණක ‍ක්‍රමලේකයක් මගින් රෙදි පිලි වර්ග නිරෑපණය කිරිමේ විවිධ ක්‍රම අතුරින් භෞතික ක්‍රම විධි එකකි. මෙහිදි රෙද්දෙහි අංශුන් එකිනෙනක ජාලයකයක් ලෙස දුනු වලින් සම්බන්ධ වි ඇති ලෙස සැලකේ. තවත් ක්‍රමයක් වන ජ්‍යාමිතික ක්‍රම (Geometric Mthods)මගින් වියන ලද රෙද්දෙහි ඇදෙන සුළු ගතිය ඇති නොකරයි. මෙම භෞත.ික ක්‍රම. රෙද්දෙහි ඇදෙන සුළු ගතිය (ආතතිය) තද ගතිය සහ බරට බලපෑමක් ඇති කරයි.,sin,wili-2018,sinhala,sinhala
"Hennessey, William O. (July 1984). ""Classical Sources and Vernacular Resources in ""Xuanhe Yishi"": The Presence of Priority and the Priority of Presence"". Chinese Literature: Essays, Articles, Reviews (CLEAR) 6 (1/2): 33–52.",sin,wili-2018,sinhala,sinhala
"20 වන සියවසේ වැඩි කාලයක්, චිත්‍ර කලාව කොරියාවේ සෙසු මාධ්‍යවලට සාපේක්ෂව ප්‍රමුඛව පැවතිණි. 1930 දශකයේ ආරම්භයේ සිට වියුක්තකරණය කෙරෙහි උනන්දුව වැඩි විය.",sin,wili-2018,sinhala,sinhala
"ඉන්පසු ඔහු ඒ එක දිවසළුවක් හැඳ එකක් පොරවා ""මින්පසු රාජ්‍යයේ නූල් කටිනා සිත්‍රීන්ට නූල් නොකටිනා ලෙස"" අඬබෙරයක් යවා මහත් වූ උත්සවශ්‍රීයෙන් නුවරට ගොස් නන්ද රජු නමින් රාජ්‍යය විචාරන්නට විය. ඒ උතුරු සළුව පිදීමේ විපාකයය.",sin,wili-2018,sinhala,sinhala
ස්වදේශීය වැදි ජනයා ජනවාර්ගික වශයෙන් දකුණු ඉන්දියානු ගෝත්‍රික ජනයාට නෑකම් කියති[තහවුරු කරන්න]. ක්‍රි.පු 5 වන හා ක්‍රි.ව 2 සියවස් අතරතුර ශ්‍රිලංකාවේ හා නූතන ඉන්දියාවේ තමිල්නාඩු ප්‍රදේශයේ ගම්මාන හා ජනාවාස ඇතිවීමේ සමානකම් පවතින බව ඉන්දියාවේ බටහිර වෙරළ බඩ Pomparippu හා ශ්‍රිලංකාවේ නැගෙනහිර වෙරළ බඩ කදිරවේලි පෞරාණික සුසාන භූමි කැණීම් මගින් පිළිබිඹු වේ.,sin,wili-2018,sinhala,sinhala
විශේෂයෙන් රූපවාහීනි යන්ත්‍ර ඇන්ටනාවලින් විසන්ධි කර ඉන්පසු රූපවාහීනිය විද්‍යුත් පරිපථයෙන්ද විසන්ධි කිරීම හෙවත් (Plug) ගලවා දැමීම අනිවාරයෙන් කළ යුතුය.,sin,wili-2018,sinhala,sinhala
ගණනක් විචේදනය කිරිමට සිදුවේ මෙහිදී යම්කිසි දෝෂයක් සිදුවහොත් එය සන්නිවේදන ජාලයෙ අරක්ෂවට විශාල තර්ජනයකි. පැරණි සංස්කරනවල පැවති අන්තරාදායක ගුණාංග නිසා මුලිකවම දුරස්ථ කේත ක්‍රියාත්මක කිරීමට ඇති හැකියාව( remote code execution) සහ නිර්මාපකයන් මෘදුකාංගයෙ,sin,wili-2018,sinhala,sinhala
"Hartwell, Robert M. (1982). ""Demographic, Political, and Social Transformations of China, 750–1550"". Harvard Journal of Asiatic Studies 42 (2): 365–442.",sin,wili-2018,sinhala,sinhala
විවිධ ප්‍රමාණ වලින් දිස්වන මෙම අකුණු වායුගෝලය තුළ එහා මෙහා ගමන් කරන වර්ණවත් ආලෝක ධාරාවලින් යුක්ත වේ. ගෝලීය ස්වභාවයක් ගන්නා මෙම අකුණු ධාරාවක විෂ්කම්භය මෙන්ටිමීටර් 20ක් පමණ වේ.,sin,wili-2018,sinhala,sinhala
"Bluetooth is a standard wire-replacement communications protocol primarily designed for low power consumption, with a short range (power-class-dependent, but effective ranges vary in practice; see table below) based on low-cost transceiver microchips in each device. Because the devices use a radio (broadcast) communications system, they do not have to be in visual line of sight of each other, however a quasi optical wireless path must be viable.",sin,wili-2018,sinhala,sinhala
"ඔබේසේකර,ජී. 2007 ”සන්නි යකුම. ශ‍්‍රී ලංකාවේ රෝගවල සාමුහික නිරූපණ”, පඨිත. පළමු වෙළුම, කොළඹ. සමාජ සංස්කෘතික තීව‍්‍ර අධ්‍යයනය සඳහා වන කොළඹ ආයතනය.",sin,wili-2018,sinhala,sinhala
"ක්‍රි.පූ. 1200 සිට 900 දක්වා වූ කාලසීමාව තුළ, කිසියම් කාලයක චීනයේ සහ මැංචූරියාවේ සිට කොරියාව වෙත වී වගාව සම්ප්‍රේෂණය වී තිබේ. එසේම මෙම ජනයා විසින් මිලට් සහ බාර්ලි වැනි දේශිය ධාන්‍ය ද වගාකොට ඇති අතර, පශු සම්පත ගෘහස්ථකරණය කොට තිබේ.",sin,wili-2018,sinhala,sinhala
සිකුරු සංක්‍රාන්තියෙදී සිකුරු ග්‍රහයාගේ දෘශ්‍ය විෂ්කම්භය මැන එය දන්නා විෂ්කම්භයන් සමඟ සැසදීමෙන් තාරකා විද්‍යාඥයන්ට සෞග්‍රහමණ්ඩලයෙන් පිටත පවතින ග්‍රහලෝක වල ප්‍රමාණය පිළිබඳව දල අදහසක් ලබාදේ.,sin,wili-2018,sinhala,sinhala
"The ප්‍රතිවාහී අනුපාතය is the ratio of the amount of moles returned as refluxed liquid to the fractionating column and the amount of moles of final product, both per unit time.",sin,wili-2018,sinhala,sinhala
සුබෑමට ලක් කළේය. සයිබීරියාවට ආධාර පිණිස මිත‍්‍ර පාක්ෂික හමුදාවන්ට එරටට ඇතුළු වීමට නොහැකි වුයේ ජ්ර්මනියේ පක්ෂය ගෙන සිටි ග‍්‍රීසිය විසින් එම මාර්ගය අවහිර කිරීම නිසාය. මුලදී මධ්‍යම බලවතුන්ගේ පිලේ සාමාජිකයෙකු වූ ඉතාලිය යුද්ධයේ ආරම්භයත් සමගම මධ්‍යස්තව සිටියේය. පසුව රහස් ගිවිසුමක් මගින් එරට මිත‍්‍ර පාක්ෂික පිලට එකතු විය. ඉතාලිය පසුව එසේ පිල් මාරු කොට යුද්ධයේ කොටස් කරුවෙකු වුයේ ප‍්‍රදේශ කීපයක් තම රට සතු කරගැනීමේ අරමුණ ඇතිවී. ඒ අනුව ක‍්‍රි. ව 1915 මැයි මාසයේ ඉතාලිය ඔස්ට‍්‍රිය හංගේරියානු අධිරාජ්‍යයට එරෙහිව යුධ ප‍්‍රකාශ කරන ලදී. අති නවීන යුධ්ධායුද ප‍්‍රයෝජනයට ගනිමින් දීර්ග සටන්වල යෙදුනු ජර්මන් හමුදාවන්ටත් මිත‍්‍ර පාක්ෂික හමුදාවන්ටත් අපේක්ෂිත ජයග‍්‍රහණය ලැබිය නොහැකි වුවද දෙපාර්ශවයෙන්ම කලේ අලූත් මිත‍්‍රයන් දිනා ගැනීමේ උත්සාහයක නිරත වීමයි. ඒ අනුව ජර්මනිය තුර්කි අධිරාජ්යයත් බල්ගේරියාවත් සිය පක්ෂයට දිනාගත් අතර බ‍්‍රිතාන්‍යය ප‍්‍රමුඛ මිත‍්‍ර පාක්ෂිකයෝ ඉතාලිය අමතරව පෘතුගාලයත් ජපානයත් තම කඳවුරට එකතු කර ගත්හ. ජපන් නාවික හමුදා විසින් ජර්මනියට අයත්ව තිබු චීනයේ කියෝතෝ ප‍්‍රන්තයද ශැන්ටුන් අර්දධ්ද්වීපයද අත්පත් කරගත්හ දෙපාර්ශවය අතර ගොඩබිම සටන්ද මුහුදු සටන්ද ඇතිවිය. යුධ උපකරණ පමණක් නොව ආහාර ද‍්‍රව්‍ය ලබා ගැනීමේදී පවා ජර්මනිය විසින් බ‍්‍රිතාන්‍යයට අවහිර කරන ලදී. බ‍්‍රිතාන්‍යයට අවශ්‍ය ද‍්‍රව්‍ය ගෙන එන මිත‍්‍ර පාක්ෂික නැව්වලට අනතුරු නොඅඟ ව පහර දෙන බව නිවේදනය කල ජර්මනිය ඒ සමඟ නැව්වලට පහර දීම වේගවත් කළේය. ඒ හේතුවෙන් බ‍්‍රිතාන්‍යය වරායන්ගෙන් පිටත්වන සැම නැව් හතරෙන් එකක් වත් ජර්මනියේ සබ්මැරීන ප‍්‍රහාර වලට ගොදුරු විය.,sin,wili-2018,sinhala,sinhala
"එය දැක නැඟණිය කම්පා වන්නී, ""මෝඩිය, වුවමනා නම් මට බනින්න, ගසන්න. ඒත් මෙවැනි උත්තමයන් වහන්සේ නමකගේ පාත්‍රයට බත් විසි කොට මඩ දමා යුතු නොවේ"" යැයි පැවසීය.",sin,wili-2018,sinhala,sinhala
වර්තමානයේ බහුල වශයෙන් භාවිත වන්නේ ඉංග්‍රීසි මැන්ඩලීනයත් බෙන්ජෝ මැන්ඩලීනයත්ය. යුරෝපීය රටවල විශේෂයෙන්ම ඇමරිකාවේ මැන්ඩලීනය ජනප්‍රිය වාද්‍ය භාණ්ඩයකි. ඉන්දියාවේද වර්ෂ 1940 පමණ සිට සංගීතයේදී මැන්ඩලීනය යොදාගැනේ. මෙය වර්තමානය වන විට කර්නාටක සංගීත සම්ප්‍රදායේ ද ප්‍රචලිත සංගීත භාණ්ඩයකි. මැන්ඩලීනයේ තත් සතරකි. තත් කම්පනය කරනු ලබන්නේ ප්ලෙක්ට්‍රම් භාවිත කිරීමෙනි.,sin,wili-2018,sinhala,sinhala
"එකල්හි බොහෝ සත්ත්වයින් සසර දුකින් එතෙර කරවූ කාශ්‍යප බුදුරජාණන් වහන්සේ පිරිනිවන් පා වදාළ සේක. උන්වහන්සේගේ ධාතූන් තැන්පත් කර රන් ගඩොලින් චෛත්‍යයක් කරන්නට විය. සිටුදූ ද ""සත් තැනකින්ම හරවා එවන ලද මාගේ ජීවිතයෙන් කවර නම් ප්‍රයෝජනක්ද ?"" යැයි සිතා තමන් සතු වූ සියළුම රන් ආභරණ උණු කරවා රන් ගඩොලක් සාදා හිරියල් මනෝසීල බදාමද මානෙල් මල් මිටි අටක්ද රැගෙන චෛත්‍ය කරන තැනට ගියේය.",sin,wili-2018,sinhala,sinhala
"කෘෂි භෞතික විද්‍යාවට සමීපව සම්බන්ධ වන නමුත් එය කෘෂිකාර්මික කටයුතු වල හා ජෛව විවිධත්වයේ ඇතුළත් ශාක හා සතුන්ගේ ජීව විද්‍යාවට පමණක් සීමා වේ. එය ජීව භෞතික විද්‍යාවෙන් වෙනස් වන්නේ පර්යේෂණ වස්තූන් වල විශේෂිත අංග ලක්ෂණ වල සැලකා බැලීමට ඇති අවශ්‍යතාවය මතයි. මේ සදහා කෘෂිකාර්මික තාක්ෂණයේ, ජීව තාක්ෂණයේ හා ජාන විද්‍යාවේ දැනුමක් අවශ්‍ය වේ.",sin,wili-2018,sinhala,sinhala
"සමාග්‍රාහකයාගේ මුඛ්‍යධාරා ප්‍රතිපත්තියේ අධිශීක්ෂණය සහ එක්සත් ජනපදය පුරාවට K -12 පාසල් වල සහ විශ්වවිද්‍යාලවල උගන්වා ඇති දේ ගැන 1950 -1960 මිනිස් අයිතිවාසිකම් සම්මේලනයේදී ප්‍රශ්න කෙරිණි. ඇමෙරිකානු ඉන්දියානු ශිෂ්‍යයන් දයාබර මහාචාර්යවරුන්ගේ සහය ඇතිව නව අරමුණු සහිත නව වැඩසටහන් සෑදීමට පොළඹවන ලදි. ඉන්දියානුවන් ඔවුන්ගේ සමාජයට ගොස් සමාග්‍රහණයට පුහුණු කරවනවාට වඩා බලය පැවරීමට ඔවුන්ව පුහුණු කරවන ලදී. සමාජය පුරා පැතිරි යන සහ වි‍ශ්වවිද්‍යාල ශිෂ්‍යන්ට ධාරණය කරගත හැකි වැඩසටහන් ඉහත කී සම්මේලනය විසින් ගොඩනඟා ඇත. තවදුරටත්, පාසල් වල ඇති එවැනි සටහන් ඇමෙරිකානු ඉන්දියානු ඉතිහාසයට, සමාජ විද්‍යාවට සහ දේශපාලනයට නව අරුතක් ගෙන දෙන ලදී.",sin,wili-2018,sinhala,sinhala
"ඉංග්‍රීසි භාෂාව අනුව 2012 ජූනි මාසයේ ඇමෙරිකාවේදී එළිදැක්වීය, සිංහල භාෂාව අනුවාදය 2014 දී හිරු ටීවී දින තිරගත. ගීත සිංහල භාෂාවෙන් ගායනා කළා. සිංහල භාෂාවට සමමුහුර්ත කිරීම ගුවන් විදුලි ONM Studios.",sin,wili-2018,sinhala,sinhala
1874 සහ 1882 සංක්‍රාන්ති පිළිබඳ ගවේෂණ තවදුරටත් සංශෝදනය කිරීමට අවසර ලැබුණි. විවිධ ගවේෂණයන් අතර 1874 ගවේෂණය සඳහා ක්ර්ගියුලෙන් ආර්කිපෙලර්ගෝ හට යවන ලදී. නුතන තාක්ෂණ ක්‍රමවේද අතර ඉඩකඩ විමසීමේ ගුවන්විදුලි දුරස්ථ ප්‍රභවයන්ගෙන් දත්ත සන්නිවේදන ක්‍රමවේදය සහ සෞරග්‍රහ මණ්ඩලයේ ග්‍රහලෝක සහ ග්‍රාහක අතර දුර ගණනය කරන මිනුම් වේ. තාරකා විද්‍යාවේ ඒකක සෑහෙන දුරට නිවැරදිව ගණනය කිරීමට අවසර ලැබී ඇත. ඒ සඳහා නියමිත ප්‍රමාණයට කිලෝමීටර 30ක් එකතු කිරිම හෝ අඩු කිරිම මඟීන් දෝෂ අඩු වේ.මෙම ගැටළු සහගත බව නිසා අසම්පාතය පිලිබඳ ගණනය කිරීම් සඳහා එම අවශ්‍යතාවය අවලංගු කර ඇත.,sin,wili-2018,sinhala,sinhala
"වේදේහ නම් වූ උපාසක එය දැක ධර්ම දේශනාව අවසානයේදී බුදුරජාණන් වහන්සේට පසු දින දනට වඩින ලෙස ආරධනා කළේය. එවිට බුදුරජාණන් වහන්සේ ""උපාසකය භික්ෂුසංඝයා බොහෝ වෙතියි"" වදාළහ.""ස්වාමීනී භික්ෂූන් වහන්සේලා කොපමණක්ද ?""""උපාසකය, ගණනින් නම් සැට අට දහසක් වන්නේය""""ස්වාමීනී, එසේ වී නම් එකඳු වූ සාමණේර නමක්වත් පන්සලේ ඉතිරි නොකොට සියලුම දෙනා සමඟ වැඩම කර මාගේ දන් පිළිගන්නා සේකවා"" යැයි නැවතත් ආරධනා කරන ලදී.",sin,wili-2018,sinhala,sinhala
Wireshark විවිදාකාර ජාලකරණ ප්‍රොටෝකෝලයන් වටහාගැනීමට හැකියාව පවතී එමනිසා විවිදාකාර පැකට්ටු වල තේරුම ඒවායේ අදාල ජාලකරණය ප්‍රොටෝකෝලයන මගින් නිරූපිත ප්‍රාවරිකරණය(Encapsulation) සහ ක්ෂේත‍්‍රය(fields) සමග නිරුපණයට හැකියාව පවතී.Wireshark දත්ත පැකට්ටු හට ග්‍රහණය කිරීමට pcpa යොදාගනී එමනිසා එයට ග්‍රහණය කිරීමට හැකියාව පවතින්නේ pcpa අනුබලදෙන පැකට්ටු පමණි.,sin,wili-2018,sinhala,sinhala
"1960 දශකයේ, ග්යොංජුහි පුල්ගුක්සා විහාරය ප්‍රතිසංස්කරණය කිරීමේ දී මල්බෙරි මුල්වලින් තැනූ කඩදාසි සොයාගැනිණි. බෞද්ධ ලේඛනවල අන්තර්ගත දිනය බටහිර දින දර්ශනය අනුව සැකසූ විට 751 දිනය ලැබෙන අතර, එමගින් පැහැදිළි වන්නේ කොරියානු කඩදාසිවලට අවරුදු දහසක් පමණ කිසිදු හානියකින් තොරව පැවතීමට හැකියාව තිබූ බවයි. කෙසේනමුත්, නැවත නැවත යෙදුණු ආක්‍රමණ හේතුවෙන් මුල්කාලීන කොරියානු කඩදාසි කලාකෘති දක්නට ඇත්තේ අල්පයකි. වර්තමාන කඩදාකි ශිල්පීන් ඉතා ක්‍රියාකාරී ය.",sin,wili-2018,sinhala,sinhala
"Wireshark tcpdump වලට සමාන වන නමුත් graphical front-end, ගොනු කිරීමට පෙරීමට අවස්ථා ලබාදී තිබෙ.Wireshark promiscuous mode වලට ගැලපෙන network interface controller යෙදීම මගින් අතුරුමුහුණතේ හැඩගැසු addresse එක පමණක් නොව අදාල අතුරුමුහුණතට අදාල සියලුම දත්ත දාරාව සහ broadcast/multicast නිරීක්ෂණය කිරීමට අවස්ථාව ලබාදේ. නමුත් promiscuous mode හිදී network switch port එකක පමණක් දත්ත රැස්කිරීම මගින් අදාල port එකේමුළු දත්ත තදබදය නිරීක්ෂණයට හැකියාවක් නොමැත මන්දයත් network switch එකෙ දත්ත සියල්ලම එම port එක හරහා යැවීමටම අවශ්‍ය නොවන බැවිනි. Port mirroring හෝ විවිද network tap මගින් ග්‍රහණය කිරීම ජාලය තුල ඕනෑම තැනකට විහිදීය හැක; සරල passive taps malware tampering වලට බෙහෙවින් ප්‍රතිරෝධිවෙ.libpcap 1.0.0 හෝ පසු සමග ලිනක්ස්, BSD, and OS X සහ Wireshark 1.4 පසු මගින් wireless network interface controller monitor modeඑකට යෙදිය හැක.",sin,wili-2018,sinhala,sinhala
"සිටුපුත් දෙව්ලොවින් චුතව නැවත බරණැස් නුවරට යොදුනක් පමණ දුරින් වූ ඇමති පවුලක උපන්නේය. සිටුදූ රජ පවුලෙහි දෙටු දුවණිය වී උපන්නේය. කුමරු වැඩිවිය පැමිණි කල්හි ගමේ පැවැත්වෙන නැකැත් කෙළියට සැරසෙනු සඳහා තම මෑණියන්ගෙන් වස්ත්‍ර ඉල්ලුවේය. ඈ සෝදා පිරිසිදු කල වස්ත්‍රයක් දුන්නීය. එය රළු වැඩියැයි කියා කුමරු එය ප්‍රතික්ෂේප කළේය. එවිට මව වෙනත් සළුවක් දුන්නීය. කුමරු එයද ප්‍රතික්ෂේප කළේය. මව තවත් වෙනත් සළුවක් දුන් විට කුමරු එයද ප්‍රතික්ෂේප කළේය. එකල්හි මැණියෝ ""පුතණුවනි, අපට මෙයිට වඩා සියුම් වස්ත්‍ර ලැබෙන පිනක් නැතැයි"" කීය. එකල්හි කුමරු ""එසේ වී නම් මෑණියනි එබඳු සළු ලැබෙන තැනකට මම යමි"" යි කියා නිවසින් පිටව ගියේය.",sin,wili-2018,sinhala,sinhala
"වර්තමානය වන විට ශ්‍රී ලංකාවේ මෙන්ම ලෝකයේ සෙසු රටවලද සංගීතය ඉතා ජනප්‍රිය අංගයක් වී ඇත. මේ නිසා වාද්‍ය භාණ්ඩද බොහෝමයක් බිහිවී ඇත. ශ්‍රී ලංකාවේ භාවිත වන වාද්‍ය භාණ්ඩ වැඩි ගණනක් ශ්‍රී ලංකාවට ලැබී තිබෙන්නේ අපරදිග රට වලිනි. පුරාණ අවධියේ සියලුම වාද්‍ය භාණ්ඩ කාණ්ඩ තුනකට වර්ග කර තිබුණි. එනම් ඝන හා අවනද්, සුසිර හා තත්වාද්‍ය ලෙසය. නව සංගීත භාණ්ඩ බිහිවීමත් සමග එය පහත පරිදි කාණ්ඩ හයකට වර්ග කෙරිණි.",sin,wili-2018,sinhala,sinhala
"1987 වසරේදී (ඇයට වයස අවුරුදු 8ක් පමණ කාලයේදී) පස්සෙ ගෙනා මනමාලී ටෙලිනාට්‍යයේ රංගනයට එක්වෙමින් දමිතා සිය කලා දිවිය කුඩා කලදීම ඇරඹුවාය. පසුව 1993 වසරේදී තිරගත වූ අයි. හේවාවසම් විසින් අධ්‍යක්ෂණය කරන ලද මීහරකා චිත්‍රපටය, දමිතාගේ රංගනය ශ්‍රී ලංකා රිදී තිරයට මුහුකල මුල්ම චිත්‍රපටිය ලෙස සඳහන් වෙයි. 2003 වසරේදී දමිතා රංගනයෙන් දායක වූ ඉනෝකා සත්‍යාංගනීගේ සුළං කිරිල්ලී චිත්‍රපටිය, ඇගේ රංගන දිවියේ සුවිශේෂී සනිටුහනක් සළකුණු කල සංධිස්ථානයක් ලෙස හැඳින්වේ. මෙම සුළං කිරිල්ලී චිත්‍රපටියේ සිදුකල විශිෂ්ඨ රංගනය හේතුවෙන් දමිතාට, දේශීය මෙන්ම ජාත්‍යන්තර චිත්‍රපට උළෙලවල් හීදී සම්මාන රැසක් හිමිවිය.",sin,wili-2018,sinhala,sinhala
මෙම වළාව ආලෝක වර්ෂ කිහිපයක් විශාල විය යුතු අතර තාරකා ගණනකට ජීවය ලබා දි තිබිය යුතුය. පැරණි උල්කා අධ්‍යයනයේ දී අති විශාල පිපිරෙන තරුවක මධ්‍යයේ පමණක් නිර්මාණය හැකි මූලද්‍රව්‍ය පිළිබඳ ඉඟි හමුවී ඇත. එයින් සූර්යයා තාරකා පොකුරක් තුළ නිර්මාණය වූ බව හඟවන අතර එම ප්‍රදේශය අසල සුපර්නෝවා පිපිරීම් කිහිපයක් ද සිදු වී ඇත. මෙම සුපර්නෝවා මඟින් ඇතිවන කම්පන තරංගය අසල ඇති නිහාරිකාවේ අධි ඝනත්ව කලාප ඇති කර ගුරුත්වජ බලවලට අභ්‍යන්තර වායු පීඩනය මැඩ පැවැත්වීමට ඉඩ සලස්වා බිඳ වැටීම සිදු කරවයි. එලෙස සූර්යයා නිර්මාණය වූ බව සැලකේ.,sin,wili-2018,sinhala,sinhala
සමානාත්රකම් උත්සන් කිර'මට ඇති සරලම ක්‍රමයක් වන්නේ මුල් උපදෙස ක්‍රියා කරවිම නිමවිමට පෙර උපදෙස් අභරනය කිරිමේ හා විකේතනය කිරිමේ මුල් පියවර ගැනීමයි. මෙය උපදෙස් නල මාර්ගකරණය නැමති ශිල්පිය කුමයක සරලම ආකාරය වන අතර සියළුම නවීකරන පොදු කාර්ය CPU එකක්ම පාහේ යොදා ගැනේ. නල මර්ගකරණය මගින් ක්‍රියා කරවිමේ මාර්ගය වි‍වික්ත අවදි වලට වෙන් කරන බැවින් එක් අවධියකදි එක් උපදෙසකට වඩා ක්‍රියා කරවිමට අවස්ථාව ලැබේ. උපදෙස ක්‍රියා කරවා නල මාර්ගයෙන් ඉවත් කෙරෙන තෙක් එක් එක් අවදියේදි වඩ වඩා පුර්ණ කිරිම සිදු කරන බවින් වෙන වෙන් කිරිම එක්ලස් පෙලකට සමාන කල හැකි වේ.,sin,wili-2018,sinhala,sinhala
"ගෝලීයකරණය යනු ප්‍රජාව සහ සමාජයන් ‍තොරතුරු යැවීමේ හා බෙදා වෙන් කිරීමේ පටිපාටියේ විප්ලවයක් යැයි ගෝඩන් මැතිස් “පශ්චාත් නවමු ලෝකයේ තේරුම් ගැනීම” නම් වූ ඔහුගේ, වි‍ශේෂ සිදුවීම් රැගත් ව්‍යාපෘතියේ අවිවාදයෙන් පිළිගෙන ඇත. හර්මන් ඊ ඩාලි කියා සිටින්නේ යම් අවස්ථාවන්හිදී ජාත්‍යන්තරීකරණය සහ ගෝලීයකරණය යන පද ද්විත්වය එකම අර්ථ ගෙන දෙන්නක් ලෙස හැඟවෙන්නා වුවද එහි ඉතා සුළු වෙනසක් ඇති බවයි.",sin,wili-2018,sinhala,sinhala
"The original set of licenses all grant the ""baseline rights"", such as the right to distribute the copyrighted work worldwide, without changes, at no charge. The details of each of these licenses depends on the version, and comprises a selection of four conditions:",sin,wili-2018,sinhala,sinhala
ග්ලැඩිස් වුන්සුවා 50 : එසෙක්ස් හි ඉල්ෆාර්ඩ් වලිනි. ලන්ඩන් යුනිවර්සිටි කොලිජියේ පිරිසිදු කරන්නියකි. ඇය ඇයගේ වැඩ මුරය නිම කර ෂොර්ඩිට්ච් හි පැවැත්වෙන පාඨමාලා වක් සඳහා යමින් සිටියේය. ඇයගේ දේහය අවසන් කටයුතු සඳහා මව් රට වන ඝානා වට ගෙන යන ලදි.,sin,wili-2018,sinhala,sinhala
බිහිරි පුද්ගලයන් සිටින ප්‍රජාවන් ඇති ඕනැම තැනක සංඥා භාෂාව වර්ධනය වේ. ඇත්ත වශයෙන්ම ඔවුන්ගේ සංකිර්ණ ව්‍යාකරණ ක්‍රමය කථාකරන භාෂාවෙහි ව්‍යාකරණ වලින් සැලකිය යුතු ලෙස වෙනස්ය. ලෝකය පුරා සංඥා භාෂා සිය ගණනක් භාවිතයේ පවතින අතර ඒවා ප්‍රාදේශිය බිහිරි සංස්කෘතින්හි හරය වෙයි. සමහර සංඥා භාෂාවන් යම් ආකාරයක නීතිමය පිළිගැනිමක් ලබාගෙන තිබෙන අතර අනෙක් ඒවාට එවැනි තත්වයක් නොමැත.,sin,wili-2018,sinhala,sinhala
"පිළිබිඹු වන පුරාවිද්‍යා සාධකයන්ට අනුව දමිළ ජනයාගේ මානව යටගියාව පිළිබඳ සාධක ක්‍රිපූ 1500 අතර කාලය දක්වා ඈතට දිවයයි. ඉන්දියාවේ වර්තමාන තමිල්නාඩුව, තිරුනෙල්වේලි දිස්ත්‍රික්කයේ අදිචනාල්ලුර් ප්‍රදේශවල ව්‍යාප්තව ඇති භෂ්මාවශේෂ තැන්පත් කර ඇති ශෛලමය ස්මාරකයන් තුලින් මෙම කරුණු තහවුරු වී ඇත.",sin,wili-2018,sinhala,sinhala
රජතුමා සහ දේවිය එහි ගොස් මහත් වූ හරසරින් පන්සියයක් වූ පසේ බුදුවරුන් වැඩම කරවා දන් පිළිගැන්වූහ. අවසානයේදී රජතුමා පසේ බුදුවරුන්ට එහිම වැඩ වාසය කරන ලෙසට ආරාධනා කළේය. රජතුමාගේ ඒ ඇරයුම පිළිගත් පසේ බුදුන්වරුන් වහන්සේලාට රජතුමා තම උයනෙහිම වාසස්ථාන පිළියෙල කරවා දුනි.,sin,wili-2018,sinhala,sinhala
"පසු දින පන්සියයක් පසේ බුදුන් වහන්සේලා අනෝතත්ත විලෙන් මුව සෝදා අහසින් වැඩම කර නගරයේ උත්තරද්වාරය සමීපයේදී පොළවට වැඩම කළ සේක. මිනිසුන් ද රජු වෙත ගොස් ""රජතුමනි, පන්සියයක් පසේ බුදුවරුන් වහන්සේලා වැඩම කළහ""යි දැනුම් දුන්හ.",sin,wili-2018,sinhala,sinhala
විලයනය හා විඛණ්ඩනය වැනි න්‍යෂ්ටික ප්‍රතික්‍රියා අධ්‍යයනයට විකිරණ - රසායනය හා විකිරණශීලී රසායනය යන අංශ දෙකේම සම්මිශ්‍රණයක් යොදා ගනී. න්‍යෂ්ටික විඛණ්ඩනයට මුල් කාලීන සාක්ෂියක් වූයේ යුරේනියම්වලින් නියුට්‍රෝනයක් ප්‍රවිකිරණය කිරීමෙන් අඩු ආයු කාලයක් සහිත බේරියම් හි විකිරණශීලි සමස්ථානිකයක් උත්පාදනය කිරීමයි. (මිනිත්තු 83 ක අර්ධ ආයු කාලයක් සහිත 139Ba හා දින 12.8ක අර්ධ ආයු කාලයක් සහිත 140Ba යුරේනියම් හි ප්‍රධාන විඛණ්ඩන ඵල වේ) ඒ කාලයේදී සිතුවේ මෙය රේඩියම් හි සමස්ථානිකයක් කියාය. ‍එම නිසා රේඩියම් නිෂ්පාදනයේ සම්මත විකිරණ රසායනික ක්‍රියාමාර්ගයක් ලෙස බේරියම් සල්ෆේට් නිදර්ශකයක් භාවිත කරන ලදී. වර්තමානයේදී විකිරණ - රසායනික ක්‍රම හා න්‍යෂ්ටික භෞතික විද්‍යාව එකතුව නව ‘සුපිරි බර’ (super heavy) මූලද්‍රව්‍ය නිපදවීමට යත්න දරයි. සාපේක්ෂ ස්ථායීතාව රදා පවතින්නේ වසර ගණනක් දිග අර්ධ ආයු කාල ඇති න්‍යෂ්ටි ඇති විට යයි විශ්වාස කරන ලදී. ඒ අනුව මිණිය හැකි ප්‍රමාණවල නව මූලද්‍රව්‍ය වෙන් කර ගැනීමට හැකි විය. න්‍යෂ්ටික විශ්ලේෂණයේ සොයා ගැනීමේ වැඩිදුර විස්තර සදහා ඔටෝහාන් (Otto Hahn) ගේ ක්‍රියාකාරකම් බලන්න.,sin,wili-2018,sinhala,sinhala
සෑම් ලයි 28 : මෙල්බර්න් හි සිට පැමිණ ඇත. බෝම්බයට ගොදුරු වූ ඕස්ට්‍රේලියානුවන් දහදෙනාගෙන් මරාන්තික අනතුරු පත් වූ එකම තැනැත්තාය. ස්නායු විද්‍යාව පිළිබඳ ජාතික රෝහලේදි මිය ගියේය.,sin,wili-2018,sinhala,sinhala
අනට් රොයන්බර්ග් 39 : ඊශ්‍රායලයේ උපන් පුණ්‍යයතන සේවකයෙක් පිපිරුමට මොහොතකට කලින් ඇය ඇයගේ පෙම්වතාට දුර කථනයකින් කථා කොට තමන් අංක 30 දරන බසයේ සිටින බව කීවාය. ඇයගේ පෙම්වතා ජෝන් ෆැල්ඩිංග් “ඇය ඊශ්‍රායලයට ආපසු යාමට බියෙන් සිටින එයට හේතුව බස් වල මිනිස් බෝම්බ පුපුරුවා ගැනීම සම්බන්ධයෙන් ඇය බියෙන් සිටියා” යනුවෙන් කීවේය.,sin,wili-2018,sinhala,sinhala
"කොරියානු තේ මංගල්‍යය පවත්වනු ලබන්නේ කොරියානු තේ නිවෙස් තුළ ය. ලාක්ෂණික ගෘහනිර්මාණ අංගවලින් හෙබි මේවා බොහෝ අවස්ථාවල කොරියානු උද්‍යානවලින් වටවූ මේවා තුළ චාරිත්‍රගත සංවාදයන් සිදුවූ අතර, කාව්‍යවලින් සමන්විත බිත්ති සැරසිලි, කොරියානු මැටි බඳුන් ආදියෙන් අභ්‍යන්තරය සමන්විත විය.",sin,wili-2018,sinhala,sanskrit
තමිල්නාඩුවේ වෙසෙන 88 % ජනයා හින්දු භක්තිකයෝ වන අතර ක්‍රිස්තියාන හා මුස්ලිම් ජාතිකයින් පිළිවෙලින් 6 % හා 5.5 % අගයක් ගනී. බහුතරයක් වූ තමිල්නාඩු මුස්ලිම් ජනයා දෙමළ කතා කරයි.ඔවුන්ගෙන් 15 % පමණ දෙනා මවු භාෂාව ලෙස උර්දු භාවිතා කරන බවට වාර්තා වේ.,sin,wili-2018,sinhala,sinhala
"CuCl ජලයේ දිය නොවන නමුත් සුදුසු දායක අණු අඩංගු වන ජලීය මාධ්‍යයක ද්‍රාවණය වේ.එලෙසම හේලයිඩ් අයණ සමඟ ද මිශ්‍රණය වේ. උදාහරනයක් ලෙස H3O+ හා CuCl2 සාන්ද්‍ර HCl අම්ලය සමඟ CuCl CN-, S2O32-, වලට NH3 පහර දී අනුරූප මිශ්‍රණයක්ද සාදනු ලබයි. CuCl ද්‍රාවණ HCl හා NH3 මාද්‍යය තුලදී කාබන් මොනොක්සයිඩ් අවශෝෂණය කරගෙන ක්ලෝරීන් හා බැඳුනු ද්වී අණුවක් වැනි අවර්ණ ද්‍රාවණයක් සාදයි. එම HCl ද්‍රාවණයම ඇසිටිලීන් වායුව සමඟ ප්‍රතික්‍රියා කර [CuCl(C2H2)] සාදයි. CuCl වල ඇමෝනීය ද්‍රාවණ ඇසිටිලීන් වායුව සමඟ ප්‍රතික්‍රියා කර පුපුරණ සුලු කොපර්(I) ඇසිටිලයිඩ් Cupper(I) Chloride සාදයි. ඇල්කේන සහිත ඇල්කොහොල් ද්‍රාවණයක් තුල සල්ෆර් ඩයොක්සයිඩ් CuCl2 මගින් ඔක්සිහරණය කිරීමෙන් ඇල්කේන සහිත C ද්‍රාවණයක් සාදා ගත හැක. 1,5 - cyclooctadiene මෙන් ඩයි ඊන සමඟ සාදන ද්‍රාවණ ප්‍රධාන වශයෙන් ස්ථායී තත්වයේ පවතී.",sin,wili-2018,sinhala,sinhala
"ප්‍රධාන මතය හා සැසඳීමේ දී තවත් විකල්ප කල්පිතයක් ද ඇති අතර, ඉන් කියැවෙන්නේ එම කැටයම මගින් පුරාතන ඊජිප්තු විද්‍යුත් තාක්ෂණය නිරූපණය වන බවයිත මේ සඳහා පාදක කොටගෙන ඇත්තේ නූතන උපාංගවලට (ගයිස්ලර් නළ, කෲක්ස් නළ, සහ චාප ලාම්පු) මෙය දක්වන සමාන පෙනුමයි. විදුලි පහන් පිළිබඳ වන මෙම හාස්‍යජනක මතය සඳහා ජේ. එන්. ලොකියර්ගේ ආශ්‍රේයයක් වන සොහොන්ගැබ්වලින් දැලි තැන්පතු හමුනොවීමේ කරුණ ඇතැම් අවස්ථාවල දී මෙම අර්ථනිරූපණය සඳහා තර්කයක් ලෙස භාවිතා වේ (තවත් තර්කයකින් කියැවෙන්නේ පරාවර්තන කැඩපත් සහිත පද්ධතියක් භාවිතා වූ බවයි). මෙම මතයට පක්ෂව අදහස් දක්වන්නෝ මේ බවට තර්ක කිරීමට ""තඹ ඵලකවලින් ආවරණය කළ උස් කුඹ ගස්"" පිළිබඳ සටහනක් ඉදිරිපත් කරති. නමුත් ආචාර්ය බොල්කෝ ස්ටර්න් කුළුණුවල (සම්බන්ධ අටලුවලට වඩා උසින් අඩු) මුදුන් තඹවලින් ආවරණය කිරීමට හේතුව විද්‍යුතය හෝ අකුණු ගැසීම් සමග සම්බන්ධ නොවන බව රචනා කොට ඇත. ඊජිප්තුව තුළ විද්‍යුතය උත්පාදනයට යම්කිසි දෙයක් භාවිත වූ බවට කිසිදු සාක්ෂියක් හමුනොවන නිසා මෙය හුදු මායාමය අදහසක් මිස තාක්ෂණික අදහසක් නොවන බව ඔහු කියයි.",sin,wili-2018,sinhala,sinhala
පුරා විද්‍යා සොයාගැනීම්වලට අනුව ක්‍රිස්තු පූර්ව 6වන සියවසටත් පෙර මෙසපොටේමියානු (දෙගැම් බැදි රාජ්‍යය) හා ඊජිප්තු ශිෂ්ටාචාරයෙහි වාරිකර්මාන්තය පැවති බව ඔප්පු වී ඇත.වැඩි ජලය ප්‍රමාණවත් නොවූ බාර්ලි වගා කළ ප්‍රදේශයන්ට මෙසේ ජලය සැපයීම කර ඇත. ක්‍රි.පූ. 4වන ශත වර්ෂයේ සිට ක්‍රි.පූ. 9 වන ශතවර්ෂය දක්වා කඳුවැටියේ සානු හා නිම්නයේ ( Zana Valley)පැවති ඇලමාර්ගයක නටඹුන් සොයාගැනීමක් සිදුකර ඇත. වර්තමාන ලෝකයේ ආදිතම වාර්තා හැටියට මෙම ඇල මාර්ගය හැඳින්විය හැකිය. ක්‍රි.පූ 5වන ශතවර්ෂයට අයත් වාරිමාර්ගයක ලක්ෂණ14වන වන ශතවර්ෂයේ නිර්මාණය කළ ඇල මාර්ගය තුළින් දැකිය හැකි විය. ජලමාර්ග වලින් ජලය බෙදාහැරීම හා ජලය රැස්කර තබා ගැනීමේ තාක්ෂණය ඉන්දු නිම්න ශිෂ්ටාචාරයේත්(පාකිස්ථානය ) හා උතුරු ඉන්දියාවෙන් දියුණුව පැවති බවට සාක්ෂි ඇත Girnar හි පිහිටි ජලාශද ක්‍රි.පූ.2600 දී පැවති ඇල මාර්ග වාරිකර්මාන්තයද මෙම වාරිමාර්ග ජලය සඳහා පැවතියේ විශාල ඇල මාර්ග සංඛ්‍යාවක් සේම විශාල වගාබිම් සංඛ්‍යාවක්ද යොදාගෙන තිබේ.,sin,wili-2018,sinhala,sinhala
"ඉහාබි ස්ලිමේන් 24, හැවිරිදි පැරිස් වේටර්වරයෙකි. පිකැඩලි වටරවුමේ අවන්හලක සේවය කළේය. ෆින්ස්බරි පාර්ක් නමැති ස්ථානයේ උමං දුම්රියට ගොඩවන ලෙස මිත්‍රයන් පවසා ඇත.",sin,wili-2018,sinhala,sinhala
"බැංකොක් පෝස්ට් තායිලන්තයේ බැංකොක් නුවර දී ප්‍රකාශයට පත්කරනු ලබන ඉංග්‍රීසි-භාෂා දිනපතා පුවත්පතකි.පළමු ප්‍රකාශනය 1946 අගෝස්තු 1 දින අලෙවි කරන ලදී.එය පිටු හතරක හා පිරිවැය තායි බාට් 1ක් විය.අවුරුදු 67 පමණ වූ ඉතිහාසයක් සමග, එය ඕනෑම භාෂාවකින් තායිලන්තයේ පැරණිතම පුවත්පත විය.මාධ්‍ය වාරණය සෑම රටකටම පොදුය, බැංකොක් පෝස්ට් සාපේක්ෂව නිදහස් ලෙස ම නිරූපණය විය.තායි රාජකීය පවුලේ සාමාජිකයන් විවෘත විවේචන කිරීම තහනම් කරන රටේ දැඩි ලෙසේ-මජෙස්තේ නීතිය, ඇතුළු බලවත් පුද්ගලයන් සමග මතභේද හෝ ගැටුම් වළක්වා ගැනීමට ස්වයං වාරණයක් ඇති පුවත්පත බවට චෝදනා එල්ල වී ඇති බොහෝ අවස්ථා ඇත.තවත් නිදසුනක් ලෙස වියට්නාම යුද්ධය අතරතුර දී එක්සත් ජනපද ගුවන් හමුදා කඳවුරු වලින් සාදන ලද බෝම්බ පිළිබඳ වාර්තා කිරීමට සියළු දේශීය මාධ්‍ය අසමත් විය.",sin,wili-2018,sinhala,sinhala
"සීසියම් ෆ්ලෝරයිඩ් නිපදවනු ලබනුයේ හයිඩ්‍රොෆ්ලෝරික් අම්ලය, සීසියම් හයිඩ්‍රොක්සයිඩ් හෝ සීසියම් කාබනේට් සමග ප්‍රතික්‍රියා කරවා නිර්ජලීය කිරීමෙනි.සාමාන්‍යයෙන් සීසියම් ෆ්ලෝරයිඩ් ප්‍රතික්‍රියා කරනු ලබනුයේ ෆ්ලෝරයිඩ් අයන හේතු කොටගෙනය. එම නිසා එය ෆ්ලෝරයිඩ සමග සම්බන්ධවන සියලුම ප්‍රතික්‍රියා සදහා ප්‍රතික්‍රියා දක්වයි. නිදසුනක් ලෙස: 2 CsF + CaCl2 → 2 CsCl + CaF2",sin,wili-2018,sinhala,sinhala
"විජයබා කොල්ලය යනු 1521 දී සිදුවූ ඓතිහාසික සිද්ධියක් වන අතර එහිදී කෝට්ටේ රජුගේ (සත්වන විජයබාහු රජ) පුතුන් තිදෙන ඔවුන්ගේ පිය රජුට එරෙහිව කැරලි ගසමින් තම පියා මරා දමා රාජධානිය තමන් අතරෙහි බෙදා ගත්හ. සත්වන විජයබාහු රජ හට ඔහුගේ පළමු විවාහයෙන් පුතුන් තිදෙනෙකු වූ අතර ඔවුහූ බුවනෙකබාහු (පසුව කෝට්ටේ සත්වන බුවනෙකබාහු රජ ), පරරාජසිංහ (පසුව රයිගම් බණ්ඩාර) සහ මායාදුන්නේ (පසුව සීතාවක මායාදුන්නේ රජ) නම් වූහ. රජු දෙවන වරට විවාපත් වූ කිරිවැල්ලේ බිසව හට, ඇයගේ පළමු විවාහයෙන් දේවරාජා නම් පුතකු විය. ඔහුගේ දෙවන බිසවගේ ඉල්ලීම ප්‍රකාර, ඔටුන්න හිමි කුමරු බවට දේවරාජා නම් කෙරුමට පිය රජු විසින් තීරණය කර ඇති බව දැනගත් කුමරුවන් රජුට එදිරි වූහ. කුලියට ගත් විදේශිකයෙකු ලවා රජු මාලිගාව තුලදීම ඝාතනය කරවන ලදි. මෙම සිදුවීම හැඳින්වෙන්නේ විජයබා කොල්ලය යනුවෙනි.",sin,wili-2018,sinhala,sinhala
සහරා අක්තාර් ඉස්ලාමි 20 : නැ‍ගෙනහිර ලන්ඩනයේ ප්ලස්ටෙව් වලිනි. බැංකු මුදල් අයකැමි දෙමව්පියන් සමග ජීවත් වූ ඇය සම්පූර්ණ බටහිර කරනිය වී තිබුනු අතර මුස්ලිම් ලබ්ඩියට එලෙසම කැප වූ තැනැත්තියකි.,sin,wili-2018,sinhala,sinhala
ක්‍රි.ව. 1215 සිදු වූ පාණ්ඩය ආක්‍රමණය සමග ආර්ය චක්‍රවර්ති රාජ වංශය යාපනය අර්ධද්වීපය හා ශ්‍රිලංකාවේ උතුරු ප්‍රදේශ ආවරණය වන පරිදි ස්වාධීන යාපනය රාජධානිය ස්ථාපනය කරන ලදී. ආර්ය චක්‍රවර්තීන්ගෙන් දකුණු ප්‍රදේශ වෙත එල්ල වූ ආක්‍රමණයන් අලගක්කෝනාර නැතහොත් අලකේශ්වරයන් විසින් නවතාලන ලදි. . අලගක්කෝනාර පරම්පරාවෙ නායකයෙකු වූ වීර අලකේශ්වර පසු කාලීනව සිංහලයන්ගේ රජු බවට පත්විය. නමුත් ක්‍රි: ව 1409 දි චින අද්මිරාල් ෂැන් හේ විසින් අලගක්කෝනාර පවුලේ නායක වු වීර අලකේශ්වර පරාජයට පත් කොට සිර භාරයට ගන්නා ලදි. ක්‍රි.ව. 1619 දී පෘතුගීසින් යාපනය රාජධානිය විජයග්‍රහණය තෙක් උතුරු නැගෙනහිර විශාල භූමි ප්‍රදේශයක් ආර්ය චක්‍රවර්ති රාජ වංශය විසින් පාලනය කරන ලදි. දිවයිනේ වෙරළබඩ තීරය ලන්දේසීන් විසින් අත්පත්කරගත් අතර පසුව 1976 දී එය බ්‍රිතාන්‍ය කිරීටයට යටතට පත් විය.,sin,wili-2018,sinhala,sinhala
"උද්ධමනය නිසා ආර්ථික දුර්විපාක එයට එක්වන සමාඡ දුර්විපාක වලින් තවත් තීව්‍ර වේ.අ‍දායම් රටාවන්වල ඇතිවන වෙනස්කම් ,සේවා වියුක්තිය ඉහල යෑම ආදිය නිසා සමාඡ දුර්විපාක උද්ධමනය නිසා ඡනිත වේ.තවද සීඝ්‍ර ලෙස පහත වැටෙන ඡනතා ඡීවන තත්වය නිසා දේශපාලන කරලිය තුලද මහා ඝට්ඨනයක් හා කැලඹීම් ඇති වේ.මේ නිසා ආර්ථික විද්වතුන්ගේ ඒකමතික අදහසනම්,තිරසාර ආර්ථික සංවර්ධනයක් ලගාකර ගැනීම සදහා අත්‍යාවශ්‍ය මුලික සාධක‍යක් ලෙස මිල ම‍ට්ටම්වල ස්ථායීතාවය පෙන්වාදිය හැකි බවයි.උද්ධමනයේ ආර්ථික ප්‍රතිවිපාක විවිධ වේ.ඒවා එකක‍ට එකක් වශයෙන් සම්බන්ධව පවතී.එක් උද්ධමන විචල්‍යයක ඇතිවන වෙනසක් තවත් විචල්‍යයක වෙනසකට හේතු වේ.උද්ධම‍න ප්‍රතිවිපාක කිහිපයක් පහත දැක්වේ.",sin,wili-2018,sinhala,sinhala
"2005 ජුලි 7 වන දින ලන්ඩනයේ සිදුවු බෝම්බ පිපිරීම, 7/7 බෝම්බ පිපිරීම් ලෙසද හඳුන්වයි. මෙය සිදුවුයේ එදින උදෑසන 8.50 ටය. එය එරට ප‍්‍රවාහන පද්ධතිය තුළ මහත් අපහසුතා මතු කරන්නට හේතුවුයේ එම වේලාව වඩාත් කාර්යබහුල වේලාවක් වු නිසාය. තත්පර පහලොවක් ඇතුලත බෝම්බ තුනක් පුපුරා ගිය අතර, එය සිදුවුයේ ලන්ඩනයේ උමං දුම්රියන් තුළය. 9.47 ට, ඒ ටැව්ස්ටොක් චතුරශ‍්‍රයේදීය. මෙම බෝම්බ වලින් මරාගෙන මැරෙන බෝම්බ කරුවන් හතර දෙනෙකුද සාමාන්‍ය වැසියන් 52ද මරණයට පත්වු අතර 700 දෙනෙකු තුවාල ලැබුවේය. එමෙන්ම නාගරික ප‍්‍රවාහන සහ සන්නිවේදන පද්ධති ජාලයද අවුල් වියවුල් විය.",sin,wili-2018,sinhala,sinhala
කෝවක්කා යනු ඖෂධීමය අගයක් ඇති වැල් වර්ගයකි. මෙය Coccinia grandis යන උද්භිද විද්‍යාත්මක නාමයෙන් හඳුන්වනු ලැබේ දකුණු ආසියානු රටවල වියළි කලාපය තුළ බහුලව දක්නට ලැබේ. කෝවක්කා ගෙඩි ලපටි කාලයේදී කොළ පැහැයෙන් දිස්වන අතර ඉදුණ ගෙඩි අලංකාර රතු පැහැයක් ගනී. කෙම් ගෙඩිය ලෙසින් ද කෝවක්කා ගෙඩිය පැරණි පොතපතෙහි හඳුන්වා තිබේ.,sin,wili-2018,sinhala,sinhala
"ෂාකූර් උපත ලැබුවේ 1971 ජුනි මස 16 වැනිදා, නිව් යෝර්ක් නගරයයේ මෑන්හැට්න්හි කොටසක්වන නැගෙනහිර හාර්ලෙම් හිදීය. ඔහුගේ ජාතක නාමය (මුල්ම නම) වූයේ 'ලසීන් පැරිෂ් කෘක්ස්'ය, නමුත් 1972දී ඔහුව අවසාන ඉන්කා අධිරාජයාට පසුව නම් කරන ලදී. එනම් 18 වන සියවසේ ස්පාඥ්ඥ පාලනයට එරෙහිව ස්වදේශික ජනතාවගේ කැරැල්ලට නායකත්වය දීමෙන් පසු ඝාතනයට ලක් කළ විප්ලවවාදී ටූපැක් අමාරු IIට පසුවය.",sin,wili-2018,sinhala,sinhala
"මේ ජාති පහම ආසියාවට අයත් ආහාර වර්ග. අද තිරිඟු වෙනත් රටවල් විසින් අයිති කර ගෙන හිටියට එය ආසියාවේ ගෝධූමය. සාමාන්‍ය තිරිඟු පිටි ගන්න එපා, ආටා පිටි ගන්න. ලුණු දාන්න එපා. වතුර කලවම් කරන්නත් එපා.",sin,wili-2018,sinhala,sinhala
"සංඥා භාෂාව යනු කථිකයාගේ අදහස් පහසුවෙන් ප්‍රකාශ කිරිම සදහා ශබ්දය වෙනුවට එක්වරම අතේ හැඩයත් එකතු කර ගනිමින් අත් බාහු සහ සිරුර දිශාබිමුඛ කිරිමෙන් සහ චලනයෙන් ද මුහුණේ භාව ප්‍රකාශනයන් ද හස්ත මුද්‍රා සන්නිවේදනය සහ තොල් හැසිරවිම ද යොදා ගැනිමයි. සංඥා භාෂාවන් සාමාන්‍යයෙන් වර්ධනය වන්නේ, බිහිරි ප්‍රජාවන්හිය. ඔවුන් අතර පරිවර්තකයන්, යහලූවන්, පවුලේ සාමාජිකයන් මෙන්ම වෙනත් බිහිරි හෝ ඇසිම අඩු පුද්ගලයන් සිටිය හැකිය.",sin,wili-2018,sinhala,sinhala
"ජුලි 12 වෙනි අඟහරුවාදා දින අන්ත දක්ෂිණ දේශපාලන පක්ෂයක් වූ ද බ්‍රිටිෂ් නැෂනල් පාටිය විසින් “නොම්මර 30 බසය” පිළිබඳ ඡායා රූප ඇතුළත් පත්‍රිකාවක් පිපිරීමේ සිද්ධියට පසුව බෙදා හරින ලදි. එහි සටන් පාඨය වූයේ “දැන්වත් බිඑන්පි යට ඇහුම් කන් දිය යුතුයි” යන්නයි. එය ඡයාරූපයට යටින් මුද්‍රණය කර තිබුනි. මේ සම්බන්ධයෙන් ස්වදේශීය ලේකම් වූ චාර්ලිස් ක්ලාර්ක් නිවේදනය කළේ “එය බිඑන්පී පක්ෂය ඔවුන්ගේ වෛරය තව දුරටත් පැතිරවීමට ලන්ඩනයේ වර්තමාන ඛේදජනක සිදු වීම උපයෝගි කර ගත් දුෂ්ඨ අවස්ථාවක්” ලෙසිනි. එක්සත් රාජධානියට පිටින් වූ රටවල් කීපයක රාජ්‍යයන් සහ මාධ්‍ය ආයතන බ්‍රිතාන්‍ය රජය මුස්ලිම් අන්තවාදීන් (එක්සත් රාජධානියෙන් පිටතදි එක් එක් ක්‍රියා කාරකම් වල යෙදෙද්දි) ඔවුන් කෙරෙහි අනුකම්පාවක් දැක් වූ බවත් එවැනි ක්‍රියා කාරකම් එක්සත් රාජධානියෙන් පිට රට වලදි කිරීමෙන් පසු ඔවුන් විසින් ලන්ඩනිස්තාන් ලෙස හඳුන්වා ගනිමින් රැකවරණය පතා එක්සත් රාජධානියට පැමිනි විට ඔවුන්ට එරෙහිව නඩු පැවරීමට හෝ ඔවුන්ගේ රටට භාර දීම නොකළ බවත් මෙම ප්‍රතිපත්තිය ප්‍රශ්න සහ ගත වූ බවත් කියා සිටියහ. (නිව් යොර්ක් ටයිම්ස්, ලෙෆිගරෝ )",sin,wili-2018,sinhala,sinhala
"කොරියානු කුඹල් කර්මාන්තය කොරියාවේ වඩාත් සුප්‍රකටම සහ ජ්‍යෙෂ්ඨතම කලා අංගය වේ. මෙය හා සම්බන්ධ කොරියානු සෙරමික් කලාවේ දී උළු, විශාල පරිමාණයේ සිරිමැටි බිතු සැරසිලි සහ ගෘහනිර්මාණ අංග නිර්මාණය සිදුවේ.",sin,wili-2018,sinhala,sinhala
එකම අරමුණක් ව තිබු තමන්ට සිදුවු අසාධාරණ ක්‍රීයාවන් තවත් අයෙකුට ඉටු නොකිරිමට නම් ගමේ පාසැල දියුණුවට පත්කර ගනිමින් අනාගත පරපුර වෙත හොද අධ්‍යාපන තත්වයක් ලබා දීම යැයි සිතමින් කටයුතු කර ගම් ප්‍රදේශයේ බොහො අයෙකුගේ කිසිදු සහයක් නොලැබුනද තමන් ඉගෙන ගන්නා ලද පාසැල දියුණුවට පත්කර අනාගත පරපුර වෙත භාර දියයුතු බැවින් තමන් මුලික අධ්‍යාපනය හදාරන ලද තිබ්බොටුගොඩ ගාමිණි විදුහල් ආදි ශිෂ්‍ය සංගමය නැවත ආරම්භ කිරිමට කටයුතු යොදන ලදී,sin,wili-2018,sinhala,sinhala
"2007 මැයි 9 දින පොලිසිය තවත් 4 දෙනෙකු අත්අඩංගුවට ගත්තේය. යෝර්ක්ෂයර් හිදි එක්කෙනෙකු සහ බර්මින්හැම් හි සෙලිඕර්ක් හීදි එක් කෙනෙකුද වශයෙනි. මෙම අත්අඩංගුවට ගත් අය අතර නායකයෙකු යයි අනුමාන කරන මොහොමඩ් සිද්දික් ඛාන් ගේ වැන්ඳඹු බිරිය වූ හසීනා පතෙල් (Hasina Patel) ඇයට එරෙහි චෝදනා වූයේ ත්‍රස්තවාදි ක්‍රියා සැලසුම් කිරීම, පෙළඹවීම, හා ක්‍රියාත්මක කිරීමයි.",sin,wili-2018,sinhala,sinhala
"Include any copyright notices (if applicable). If the work itself contains any copyright notices placed there by the copyright holder, those notices must be left intact, or reproduced in a way that is reasonable to the medium in which the work is being re-published.",sin,wili-2018,sinhala,sinhala
"එක්සත් සිල්ලාව යනු කොරියානු කලාව-විශේෂයෙන්ම බෞද්ධ කලාව-උච්චත්වයට පත් යුගයකි. මෙකල බිහිවූ බෞද්ධ කලා නිර්මාණ ලෙස සොක්ගුරාම් ලෙන සහ බුල්ගුක්සා විහාරය හැඳින්විය හැක. සිල්ලා පෙදරේරුවම සහ කලා කෞශල්‍යය නිරූපණය කෙරෙන උදාහරණ දෙකක් ලෙස දොක්ගතප් සහ දබෝතප් යන ස්තූප දෙක සැලකේ. කලා ශිල්පීන් විසින් දැවැන්ත විහාර ඝණ්ටාර, කරඬු සහ කුඩා ප්‍රතිමා නිමවා තිබේ. එක්සත් සිල්ලාවේ අගනුවර ""රත්රන් නගරය"" ලෙස ප්‍රචලිත වූයේ එහි බොහෝ කලා නිර්මාණ සඳහා රත්රන් භාවිතා කළ හෙයිනි.",sin,wili-2018,sinhala,sinhala
"හරිතාගාරය යනු යම් ප්‍රදේශයක ස්වභාවික උෂ්ණත්වයටවඩා ඉහල උෂ්ණත්වයක් අවැසි ශාක වැවීම සඳහා භාවිතා වන විනිවිද පෙනෙන මාධ්‍යයකින් බිත්ති සෑදූ ගොඩනැගිල්ලකි. කුඩා ගොඩනැගිලි වල සිට කර්මාන්ත-ප්‍රමාණයෙහි ගොඩනැගිලි දක්වා, මෙම ව්‍යුහයන්, ප්‍රමාණ පරාසයක් දක්වයි. ක්ෂුද්‍රරූපී හරිතාගාරයක් හැඳින්වෙන්නේ ශිශිර කූඩුව ලෙසිනි.",sin,wili-2018,sinhala,sinhala
"2015 මහමැතිවරණයේ දී මනාප ඡන්ද 2,86155 ක් ලබාගනිමින් කුරුණෑගල දිස්ත‍්‍රික් එක්සත් ජාතික පක්ෂයේ පළමුවැන්නා ලෙස නැවත තේරී පත්වුණා. ඒ මෙවර මැතිවරණයෙන් වත්මන් අගමැතිවරයා හැරුණුකොට එක්සත් ජාතික අපේක්ෂකයෙකු ලබාගත් වැඩිම මනාප ඡන්ද ප‍්‍රමාණය ලබා ගනිමින්.",sin,wili-2018,sinhala,sinhala
"ඉස්ලාමයේ ආගමනය නව යුගයක ආරම්භය විය. එය සොරොස්ත්‍රියානු ධර්මය වෙනුවට භාවිතා වීම ඇරඹුනු අතර ඉරාන සානුවේ වැදගත්තම ආගමික විශ්වාසය බවට පත් විය. ඉරානය උම්මාහ් නම් මහා ඉස්ලාමීය ප්‍රජාවේ එක් කොටසක් වූ අතර ඉගෙන ගැනීමේ සහ සාහිත්‍යය පිළිබඳ නව භාෂාවක් ලෙස අරාබි බස නැගි එන බව පෙනී ගියේය. ඉරානයේ ජන්ම ලාභය ලැබූ ව්‍යාකරන විශේෂඥයින්, ව්‍යක්ත දේශකයින්, දාර්ශනිකයින්, අනෙකුත් මුස්ලිම් ප්‍රජාවද සමග එක් වී මෙම නව ශිෂ්ඨාචාරයට සහ යෝගය දුන්හ. එවැනි අය කීප දෙනෙක් නම්:",sin,wili-2018,sinhala,sinhala
"මහාවංශයට අනූව මුල්කිරිගල විහාරයේ මුදුනත වූ ස්ථූපය ක්‍රි. ව. 3 වන සියවසේදී සද්ධාතිස්ස රජ විසින් කරවා තිබේ. මීට අමතරව ධාතුසේන රජ විසින් ස්ථූපයක්ද, වළගම්බා රජ සහ මහනුවර යුගයේ කීර්ති ශ්‍රී රාජසිංහ රජවරු විසින් මෙහි ප්‍රථිසංස්කරණ සිදුකල බව අතීත මූලාශ්‍ර හෙළි කරයි.",sin,wili-2018,sinhala,sinhala
ජූලි 7 දින මුලු දිනය පුරාම බී බී සී ය සහ අයි ටී වී අයි (ITVI) මගින් රාත්‍රී 7 දක්වා එක දිගට ප්‍රහාරය සම්බන්ධව ප්‍රවෘත්ති ප්‍රචාරය කෙරුනේය. ස්කයි නිව්ස් සේවය මුලු පැය 24 පුරාම දැන්වීම් ප්‍රචාරය නොකළේය. ITN පසුව ප්‍රකාශ කළේ එහි අවුරුදු 50 ක ඉතිහාසය තුල ITVI මත කෙරුණු ආවරණය එහි දිගම සහ බාධාවක් නොමැතිව කෙරුනු විකාශය බවයි. ප් ජංගම CCTV කැමරා වලින් ලැබුණු සජීවි දර්ශන සහ මහජනතාව එවූ ජංගම දුරකථන වීඩියෝ වල ප්‍රයෝජනය සඳහා රූපවාහිනි ආවරණය ඉතා වැදගත් එකක් විය. ප්‍රාදේශීය සහ ජාතික ගුවන් විදුලිය ද ප්‍රවෘත්ති ප්‍රචාරය සඳහා කලින් සූදනම් කළ වැඩ සටහන් නවත්වා දැම්මේය.,sin,wili-2018,sinhala,sinhala
ගෞතම බුදුරජාණන් වහන්සේගේ තෘතීය ශ්‍රාවක ලෙස හැඳින්වෙන මහා කාශ්‍යප රහතන් වහන්සේ ධූතවාදීන් අතරින් අග්‍රස්ථානය (අල්පේච්ඡ දිවියක් ගත කරන වුන් අතරෙන් අග්‍රස්ථානය ) දැරීය.,sin,wili-2018,sinhala,sinhala
"මෙම යුගයට ක්‍රි.පූ. 57 සිට ක්‍රි.ව. 668 දක්වා වූ කාලසීමාව ඇතුළත් ය. මෙකල ගොගුර්යෝ, බෙක්ජේ, සහ සිල්ලා යන කොරියානු රාජධානි ත්‍රිත්වය අර්ධද්වීපයේ පාලනය මෙහෙයවී ය.",sin,wili-2018,sinhala,sinhala
කොරියානු චාරුලේඛන කලාව කලාවක් ලෙස පෙනෙනුයේ සිත්තම්කරණයට යොදාගන්නා තේමාව ඔප් නැංවෙන පරිදි කලාකරුවාගේ පෞරුෂත්වය බුරුසු පහර සමග මුසුකළ විටයි. මෙය කොරියානු කොන්ෆියුසියානු කලාවේ උච්චස්ථානයක් ලෙස සැලකේ.,sin,wili-2018,sinhala,sinhala
"වසර 612 (DCXII) යනු ජූලියානු දින දසුන ප්‍රකාර, සෙනසුරාදා දිනයකින් ඇරඹෙන අධික අවුරුද්දක් (බැඳිය විසින් මුළු දින දසුන දක්වනු ඇත) විය. මෙම වසර සඳහා 612 යන නාමය භාවිත වීම ඇරඹුනේ මුල් මධ්‍යතන යුගයේදී, වසර නම් කිරීම සඳහා යුරෝපයේ ප්‍රචලිත භාවයට පත් ක්‍රමය ලෙසින් ක්‍රිස්තු වර්ෂ දින දසුන් යුගය ඇරඹීම හා සමගය.",sin,wili-2018,sinhala,sinhala
"ගෝජොසොන්හි ශේෂ වූ ප්‍රදේශවලින් නොයෙකුත් කුඩා රාජ්‍ය බිහි විය. මේ අතර ගොගුර්යෝ, බුයෝ රාජධානිය, ජොන්-ජොසොන්, ඔක්ජෝ, සහ දොංග්යේ වැනි රාජ්‍ය ද විය. දශක කිහිපයක් ඇතුළත, ‍ස්වදේහික ජනයාගේ ප්‍රතිරෝධය හමුවේ චීන ආඥාභූමිවලින් තුනක් බිඳවැටිණි. නමුත් අවස්න ආඥාභූමිය වූ නක්රං ක්‍රි.ව. 313දී ගොගුර්යෝව විසින් විනාශ කරන තෙක්ම වැදගත් ආර්ථික සහ සංස්කෘතික කේන්ද්‍රස්ථානයක් ලෙස පැවතිණි.",sin,wili-2018,sinhala,sinhala
ඉහළ අගයක් මුද්‍රණය වැළැක්විමට ඇති ක්‍රමය නම් නව මුදල් ඒකක හදුන්වාදිමයි. ඩොලර් බිලියන 10 නෝට්ටුවක් මුද්‍රණය වෙනුවට නව ඩොලර් 12 නොට්ටුවක් මුද්‍රණය කළ හැකිය. උදා ලෙස 2005 ජනවාරි 1 සිදුවු ටර්කිහි ( ) ලීරා ( ) මුදල් ප්‍රතිප්‍රමාණයේදී පැරණි ලීරා මිලියනයක් නව ලිරා 1 ක් ලෙස නම් කළේය. මෙහිදී සත්‍ය මිල අගය පහත නොවැටෙන අතර මෙය නාවික මිල කිරීම ලෙස හදුන්වයි. ඕනෑම සම්මත උද්ධමනයක් ඇති රටක් කාලයක් සමග මෙවන් නැවත මිල කිරිම් කරන නමුත් අති උද්ධමනයක් ඇති රටක එලෙස කිරීමට පෙර සිග්‍රයෙන් මිල ඉහළ නගී.,sin,wili-2018,sinhala,sinhala
"1996 සැප්තැම්බර් 7 දින, ෂාකූර් ධාවනය වන මෝටර් රථයකින් එල්ල වන මරණීය වෙඩි ප්‍රහාරයකට ලක්වූයේය. ඒ ලාස් වේගාස් හි ෆ්ලැමින්ගෝ පාර හා කෝවල් වීදිය හරහා වැටෙන ලාස් වේගාස්, නෙවාඩා.හීදිය. අනතුරින් පසු දකුණු නෙවාඩා සරසවි වෛද්‍ය මධ්‍යස්ථානයට ඇතුළත් කෙරෙන ෂාකූර්, දින හයක් පුරා ප්‍රථිකාර ලබමින් සිට මරණයට පත් විය.",sin,wili-2018,sinhala,sinhala
"ගෝජොසොන් (කොරියානු උච්චාරණය: [kodʑosʰʌn]) යනුවෙන් හැඳින්වෙන්නේ ‍පුරාතන කොරියානු රාජධානියකි. මෙයට ""පුරාතන"" යන අරුතැති ගෝ (고, 古) යන පදය එකතු කොට ඇත්තේ, ජොසොන් යනුවෙන් හඳුන්වන වෙනත් රාජධානිවලින් වෙන් කර හඳුනාගැනීමටයි.",sin,wili-2018,sinhala,sinhala
රොබට් නොක්ස් (1641-1720) යනු බ්‍රිතාන්‍ය නැගෙනහිර ඉන්දියා වෙළෙඳ සමාගමෙහි සේවය කල ඉංග්‍රීසි නැව් කපිතාන් වරයෙකි. මොහු රොබට් නොක්ස් නමින්ම හැඳින්වුනු තවත් නැවි කපිතාන් වරයෙකුගේ පුත්‍රයා විය.,sin,wili-2018,sinhala,sinhala
සිද්ධාර්ථ ගෞතමයාණන් වහන්සේ ක්‍රි.පූ. 563දී පමණ කෝසල නුවර කපිලවස්තු කුමාරයකු ලෙස උප්පත්තිය ලැබුවේ සීඝ්‍රනාග රාජපෙලපත පාලනය කරන සමයේය. බුද්ධත්වයට පත් වීම ඇතුළුව උන්වහන්සේගේ ජීවිතයේ බොහෝ අවස්ථා සිදු වීම නිසා මගධ දේශය ආශිර්වාද ලත් ප්‍රදේශයක් ලෙස සැලකේ. සීඝුනාග පෙළපතෙහි බිම්බිසාර රාජතුමා වර්තමානයේ බටහිර බෙංගාලය නමින් හදුන්වන අංග ප්‍රදේශයද ජය ගනිමින් රාජ්‍ය ව්‍යාප්ත කිරීම සදහා ක්‍රියා කරන ලදී.,sin,wili-2018,sinhala,sinhala
"හිජ්රි වර්ෂ 632 දී ශුද්ධ මුහම්මද් නබි සල්ලල්ලාහු අලෛහිවසල්ලම් තුමාගේ අභාවයට පසු කෙටි කලකින්ම ඉස්ලාමය ලොවපුරා ව්‍යාප්ත විය. නබිතුමා ජීවතුන් අතර සිටියදීම එතුමාගේ අනුගාමිකයන් විසින් එය අරාබියාව මුළුල්ලේම ව්‍යාප්ත කරන ලදී. නබිතුමාගේ අභාවයෙන් පසු ඉස්ලාමීය රාජ්‍යය පාලනය කළ සෘජු පාලකයන් හතර දෙනාට සහ උමෙයියා පාලන කාලය වන හිජ්රි පළමුවන සියවස වන විට ඉස්ලාම් ලොව පුරා සතර දිග්භාගයේම ව්‍යාප්ත විය. ඉන්පසු එහි පාලන බලය තහවුරු කළ ඉස්ලාමීය බලගතු රාජ්‍යයේ බලවතුන් අතර අබ්බායිවරු, අල්මුරුවිද්වරු, සල්ජුකීවරු හෙවත් තුර්කිවරු මෝගල්වරු සෆවිවරු සහ උස්මානිවරු වැදගත් ස්ථානයක් ඉසිලීය.",sin,wili-2018,sinhala,sinhala
කොරියානු සංගීත සංදර්ශන යනු මෑතකාලීන නිමැවුමකි. මින් අගබිසවගේ දිවිය අලලා නිමැවුණු මියැසිය ලොවපුරා සංචාරය කොට ඇත. ගොර්යෝ රාජවංශ සමයේ ගමුගුක්හි සුප්‍රකට සංගීත නර්තන-නාට්‍ය පැවතී ඇත.,sin,wili-2018,sinhala,sinhala
"BBc.co.uk නැමැති වෙබ් අඩවිය ජුලි 7 දින 12.00 වන විට ඉහළම අගයක් වූ Gb/5 බෑන්ඩ් පරාසයක් වාර්තා කළේය. බිබිසි ප්‍රවෘත්ති සේවය සිද්ධිය වූ දින (පින්තූර, වාර්තා සහ HTMC සියලු දේ ඇතුලු) ප්‍රධාන කරුණ බිලියන 1 ක් ලබා ගත් අතර ටෙරා බයිට් 5.5 ක දත්ත නිකුත් කළේය. දවසේ උච්චතම අවස්ථාවේ (Peak time) බිබිසි ප්‍රවෘත්ති වෙබ් අඩවිය සඳහා තත්පරයකට පිටු 40000 ක ඉල්ලුමක් ඉදිරිපත් විය. පෙර දින 2012 ඔලිම්පික් ලන්ඩනයට ප්‍රදානය කිරීම පිළිබඳ නිවේදනය GB/S 5 ක උපරිමයක් වූ ඊ‍ට පෙර කෙදිනකවත් නොතිබුනු තරම් උපරිම ප්‍රමාණයක් එනම් GB/S 7.2 ප්‍රමාණයක් මයිකල් ජැක්සන්ගේ නඩු තීන්දුව සඳහා පාවිච්චි විය.",sin,wili-2018,sinhala,sinhala
"ස්විට්සර්ලන්තය නිළ වශයෙන් ස්විස් රාජ්‍ය සන්ධානය, එක්සත් සමුහාණ්ඩුවේ ප්‍රාන්ත 26 කින් යුක්තය. එක්සත් අධිකාරියේ අසුන වන්නේ බර්න්ය. එය බටහිර යුරෝපයේ පිහිටි අතර, මායිම් වන්නේ උතුරින් ජර්මනිය, බටහිරින් ප්‍රංශය, දකුණින් ඉතාලිය හා ඔස්ට්‍රියාව, ලිච්ටෙන්ස්ටින් නැගෙනහිරටය. එහි ප්‍රදේශවන මධ්‍යම සානුව, ඇල්ෆ්ස් හා ජුරා භූගෝලාත්මකව ස්විට්සර්ලන්තය තුල බෙදී ඇත. එහි වර්ග ප්‍රමාණය වර්ග කි. මී. 41,225 (වර්ග සැතපුම් 15,940) ක් වේ. එහි ජනගහනය වන මිලියන 7.8[තහවුරු කරන්න] සානුව ආශ්‍රිතව වෙසෙන අතර විශාලතම නගර මෙම සානුව ආශ්‍රිත වේ. ඒවා අතර ගෝලීය නගර හා ආර්ථික මධ්‍යස්ථාන වන සුරික් හා ජිනීවා අඩංගුය. ස්විට්සර්ලන්තය ලෝකයේ ධනවත්ම රටක් වන අතර එය ඒක පුද්ගල දළ දේශීය නිෂ්පාදනය වන දළ ජාතික නිෂ්පාදිතය (GDP) ඇ.ඩො. 67,384 කි[තහවුරු කරන්න]. සුරික් හා ජිනිවා ජිවන මට්ටම අනුව ලෝකයේ 2 වන හා 3 වන ඉහළම අගය වාර්තා කරයි. ස්විස් රාජ්‍ය සන්ධානයට මධ්‍යස්ථ රාජ්‍යයක් ලෙස දිගු ඉතිහාසයක් ඇත. 1815 සිට එය අන්තර්ජාතික වශයෙන් යුදමය තත්වයකට නොගොස් ඇති අතර එක්සත් ජාතීන්ගේ සංගමයේ සාමාජිකත්වය ලැබු අවසාන රටවල්වලින් එකකි. ස්විට්සර්ලන්තය විදේශීය සංවිධාන බොහෝමයක් තිබෙන අතර ලෝක ආර්ථික සංසදය, අන්තර්ජාතික ඔලිම්පික් කමිටුව, රතු කුරුස සංවිධානය, ලෝක වෙළඳ සංගමය හා එක්සත් ජාතීන්ගේ 2 වන විශාලතම කාර්යාලය වේ. යුරෝපානු මට්ටමින් එය යුරෝපියානු නිදහස් වෙළඳ සංගමය නිර්මාතෘ වන අතර ශෙන්ගන් සම්මුතියේ කොටස්කරුවෙකි. එහි ජර්මන්, ප්‍රංශ හා ඉතාලි යන ප්‍රධාන භාෂා හා සංස්කෘතිකමය ප්‍රදේශ 3 කින් සමන්විත වේ. එබැවින් එය ස්වදේශීය හා භාෂාමය අවශ්‍යතාවයකින් යුත් රාජ්‍යයක් නොවන්නේය. ස්විස් රාජ්‍ය සන්ධානය ආරම්භය චාරිත්‍රානුකූලව 1291 වර්ෂයේ අගෝස්තු 01 දා දක්වා දිව යයි.",sin,wili-2018,sinhala,sinhala
"සැප්තැම්බර් 17, ග්‍රෙගරි දින දසුනට අනුව අවුරුද්දේ 260 වන දිනය වේ (අධික අවුරුද්දක නම් 261 වන දිනය). අවුරුද්ද අවසන් වීමට තවත් දින 105 ඉතිරිව තිබේ .",sin,wili-2018,sinhala,sinhala
"ෂික් අබ්දුල්ලා එල්-ෆයිසාල් ඔහුගේ පොදු සමාකාලය එළඹීමෙන් පසුව සිර දඬුවමෙන් නිදහස් කොට ඔහුගේ මව් රට වූ ජැමෙයිකාවට 2006 මැයි 25 දින පිටුවහල් කරනු ලැබීය. ඔහු වැරදි කරු කරන ලද්දේ චෝදනා තුනක් සම්බන්ධයෙනි. එකක් වූයේ යුදෙව්වන්, ඇමෙරිකානුවන් සහ හින්දූන් මැරවීම සඳහා පෙළඹවීම් කිරීමයි. ඉතිරි චෝදනා දෙක 2003 වර්ෂයේ දි ජාති වාදි වෛරය ඇවිස්සෙන පරිද්දෙන් තර්ජනාත්මක වචන පාවිච්චි කිරීමයි. ඔහුගේ අභියාචනයෙන් පසු අවුරුදු හතකට සිර දඬුවම් නියම කරන ලදී.",sin,wili-2018,sinhala,sinhala
"පුරා විද්‍යාගවේෂකයෙකු වන බන්දු වීර‍වර්ධන මහතා 2002 ජනවාරි මස දී වසර කෝටි 25 ක් පැරණි ශාක පොසිල ඇති බව ජාතික නාමල් උයන තුළ කළ පර්යේෂණ වලින් තහවුරු කර ගෙන ඇත. ඔහුගේ නිගමනයට අනුව මෙහි අක්කර 20 ක භුමි භාගයක පොසිල විසිර තිබේ. පුරා විද්‍යාත්මක, අධ්‍යාපනික හා පාරිසරික වටිනාකමකින් යුතු ජාතික නාමල් උයනේ සුවිශේෂ පස් වර්ග 3 ක් ද ඇති බව පර්යේෂණවලින් තහවුරු වී ඇත.",sin,wili-2018,sinhala,sinhala
"ඊට වෙනස් වූ වක්‍ර සාධනයක් කල්පිත තත්වයන් සමග ආරම්භ වන අතර ඉන්පසුව නිගමනයක් ලැබෙන තුරු එක් එක් තත්වවල අවිනිශ්චිතතා ඉවත් කිරීම සිදු කරයි. නිදසුනක් ලෙස p q ලෙස සෘජුව පෙන්වනවා වෙනුවට එහි පර්ස්ථාපී ~q ⇒ ~p (~q ලෙස උපකල්පනය කර ~p එය එළඹේ) යන්න සනාථ කරයි. p q හා q  p අධිස්ථාපන මූලධර්මයෙන් තුල්‍ය වන බැවින් p q යන්න වක්‍රව සාධනය වේ. මෙවන් සෘජු නොවන සාධන ක්‍රමවලට පරස්පරතාවයෙන් සාධනය , නිරවශේෂණය මගින් සාධනය , අපරිමිත අවරෝහණයෙන් සාධනය හා අභ්‍යුහනයෙන් සාධනය ඇතුළත් වේ.",sin,wili-2018,sinhala,sinhala
මෙම රේඛාව ස්විට්සර්ලන්තයේ සිට ලක්සම්බර්ග් දක්වා විහිදුණු නමුත් 1934න් පසුව මුහුදු ප්‍රදේශයේ තරමක් අඩු පරාසයක පැවතුණි. මූලික රේඛාව නිර්මාණය කිරීම ජර්මානුවන් විසින් ඔවුන්ගේ පළමු අභියෝගය සඳහා තෝරාගත් ප්‍රදේශය ආවරණය නොකළේය. Fall Gelb සැලසුම් මඟින් 1940 දී ආඩින්ස් හරහා එය සිදු විය. මෙම ප්‍රහාරයේ පිහිටුම ඇතැම් විට මැජිනොට් රේඛාව නිසා සිදු වූවා විය හැකිය. බෙල්ජියමේ ආඩින්ස් වනාන්තරය හරහා සිති‍යමේ දැක්වෙන පරිදි මැජිනොට් රේඛාවේ 6වන කොටසින් වම්පසට එය සිදු විය.,sin,wili-2018,sinhala,sinhala
"සිවිල් ආරක්ෂක බලකාය, භාවිතා කිරීමට පුහුණු කළ 56 වර්ගය ගිනි අවි, L1A1 ස්වයං පූරණය රයිෆල්, .303 ලී-එන්ෆීල්ඩ් ගිනි අවි හා සාමාන්ය තුවක්කු යන අවි ආයුධ වලින් සමන්විත වේ.",sin,wili-2018,sinhala,sinhala
"යුරෝපියානු සම්බන්ධතා ඇතිවීමට පෙර, ඇමෙරිකාවේ ස්වදේශීය පෞරාණික ඇත්දැකිම් බලහත්කාරයෙන් සටහන් කෙරිණි. ඇතැමුන් විසින් යුරෝපියානු ඇමෙරිකානු සංස්කෘතියේ මුඛ්‍යධාරාවද උරාගැනීමට තැත් කරන ලදි. මිෂනාරීන්ගෙන් ආරම්භ කර ‍පසුව ෆෙඩරල් පාලනය දක්වා වර්ධනය වු පාසල් වල මුලික අරමුණ වූයේ ඇමෙරිකානු ඉන්දියානුවන්ට අධ්‍යාපනය සලසා දී ඔවුන් නැවත ඔවුන්ගේ සමාජවලට යවා සමාග්‍රහණ ක්‍රියාවලින් වර්ධනය කිරීමයි. ඩේවිඩ් බෙක්(David Beck) ඔහුගේ “1974 පෙර ඇමෙරිකානු ඉන්දියානු උසස් අධ්‍යාපනය කොලොනියකරණයේ සිට ස්වයං නිර්ණය තෙක්” යන ලිපියෙහි දක්වන පරිදි පාසල්, සමාග්‍රහණයට මෙවලමක් ලෙස යොදා ගන්නා ලදි. ඒවායේ මුලික අරමුණ වුයේ බුද්ධිමතෙකු බිහි කිරීම නොව රැකියා සඳහා අවශ්‍ය පුහුණුව ලබා දීමයි.",sin,wili-2018,sinhala,sinhala
පළමු බෝම්බ තුන තත්පර පණහක් තුල පුපුරා ගියේය. එයින් අදහස් වූයේ වේලාව සැකසු උපකරණයක් හෝ දුරස්ථ පාලන ක්‍රමයක් උපයෝගි කර ගත් බවකි. මැඩ්රිඩ් දුම්රිය බෝම්බය සඳහා ජංගම දුරකථනය මගින් දුරස්ථව හිඳ පුපුරුවා හැරීමේ ක්‍රමයක් ක්‍රියාත්මක කළා යැයි විශ්වාස කළ හැක. එය එක්කෝ දුරකථනයේ අනතුරු ඇඟවීම් (Alarm) ක්‍රමය උපයෝගි කර ගෙන හෝ දුරකථනයට ඇමතුමක් දීමෙන් කළා විය හැක. කලින් කී ක්‍රමය ලන්ඩනයේ උමං මාර්ග වලදි ක්‍රියාත්මක විය හැකි වූවත් ජංගම දුරකථන සංඥා නොමැති වීම නිසා දුරකථන වලට ඇමතුම් දීමෙන් බෝම්බය පිපිරවීමට නොහැකි වන්නේය. 2005 ජුලි 19 දින වුනු පරිද්දෙන් මෙම ක්‍රම දෙකම සම්බන්ධයෙන් අධිකරණමය සාක්ෂි හෙලි වී නැත. සැක කරන්නට තිබෙන්නේ මිනිස් ක්‍රියාකාරකම් මගින් ඒවා කෙරුණු බවයි.,sin,wili-2018,sinhala,sinhala
්‍යුධ වාතාවරණය පැවති කාළසීමාවේ එනම් 1985 වර්ෂයේ මැයි මස 17 වෙනි දින ආරක්ෂක හමුදාවට සෙසු නිළයෙකු වශයෙන් එකතු වු මොහු ආරක්ෂක හමුදාව තුලදී විනය තරැක මෙන්ම දක්ෂ සෙුසු නිළයෙකු විය,sin,wili-2018,sinhala,sinhala
"තදබල වර්ෂා, ගෙරවීම සහිත විදුලි කෙටීම් ඇතිවන දිනකදී නිවසේ භාවිතා කරන විදුලි උපකරණ විද්‍යුත් පරිපථයෙන් විසන්ධි කිරීම අනිවාරයෙන්ම කළ යුතු දෙයකි.",sin,wili-2018,sinhala,sinhala
Col george Bruchmuller නැගෙනහිර යුධ පෙරමුණෙහි ද්වන්ධ බිම ඇදෙන කාලතුවක්කු ප්‍රහාර ආරම්භ කල අතර එහි පළමු පෙළ සැකසි තිබුණේ වායුමය පටක වලිනි. ඔහුගේ අදහස් 1918 වසරේ ජර්මානු වසන්ත සමයේ ආක්‍රමණය වලදි භාවිතා කෙරිණි.,sin,wili-2018,sinhala,sinhala
"විහාරයේ පිහිටි ඉහල රජමහා විහාර මළුවෙහි වූ ක්‍රි. ව. 10 වන සියවසට අයත් ශිලා ලේඛනයෙහි මෙම විහාරස්ථානය මුහුදුන්ගිරි ලෙස හඳුන්වා තිබේ. පර්වතයට එක් පසෙකින් මුහුද දිස්වීම මීට හේතු සාදක වී ඇති බව විශ්වාස කෙරේ. එසේම සද්ධාතිස්ස රජ විසින් මෙම විහාරය වෙනුවෙන් සුදුසු භූමියක් සොයනා කාලයේ, වැද්දෙකු විසින් මෙම ස්ථානය පිළිබඳ ලබා දුන් තොරතුරු අනූව, රජු පිරිස සමග මූ කිවු ගල (වැද්දා කියූ ගල) බැලීමට පැමිණ සතුටු සිත් ඇතිව විහාරය කරවූ බව පැවසෙයි. එතැන් පටන් විහාරය මූ කිව් ගල විහාරය ලෙස හැඳින්වූ බව විස්තර වේ.",sin,wili-2018,sinhala,sinhala
"ක්‍රි.පූ. 7,000ට පමණ දින නිර්ණිත ආදිතම මැටි බඳුන් ශෛලිය පැතලි පත්ළක් සහිත බඳුන් (යුංගි-මුන්) වූ අතර, ඒවා උන්නත මෝස්තර, තිරස් රේඛා සහ තවත් මෝස්තරවලින් අලංකාර කොට ඇත.",sin,wili-2018,sinhala,sinhala
බටහිර ජාතින් අතර විශාල මුලික කාලතුවක්කු ප්‍රහාර බාවිතය පළමු ‍ෙ‍ලා්ක යුධ් සංග්‍රාමය සමග අවසන් වුයේ ඉස්තරම්ම ප්‍රතිඵල ලබා ගතක හැකි වනුයේ සතුරාට විවෘත රණකාමය පටන් ගැනිමේ බ්‍රිතාන්‍යන් එම දුවන කාලතුවක්කු වලින් එල්ල කල ප්‍රහාර අවම කල අතර වැඩිපුර‍ lifts සහ concentrations යොදා ගැණිනි.,sin,wili-2018,sinhala,sinhala
"කිංග්ස් ක්‍රොස් නැවතුම් පලේ විශාල පෙදෙසක් වසන ලදී. ප්‍රවේශ පත්‍ර ශාලාව සහ රැඳී සිටින ප්‍රදේශ අවස්ථාවේ හැටියට රෝහල් සහ තුවාල කරුවන්ට එම ස්ථානයේම ප්‍රතිකාර කිරීමට හැකිවන ස්ථාන සේ සකස් කරන ලදී. පසුව දුම්රිය ස්ථාන විවෘත කළ නමුදු ඒවා පාවිච්චි කළ හැකි වූයේ නගරයෙන් පිට දුම්රිය සේවා සම්බන්ධයෙන් පමනි. GNER දුම්රිය සේවය පීටර් බර්ග් හීදි කටයුතු නවත්වා තිබුනි. (සේවාවන් නැවත ආරම්භ වූයේ ජුලි 9 දිනයි) වික්ටෝරියා ලයින් සේවය ජුලි 15 දිනද, නදර්න් ලයින් සේවාව ජුලි 18 දිනද යථා තත්වයන්ට පත් කළ නමුදු ඒ වන විට ක්‍රියාත්මක කෙරෙමින් තිබුණු පරීක්ෂණ කටයුතු සහ ප්‍රතිසංස්කරණ කටයුතුවලට පහසුකම් සැලසීම සඳහා කිංග්ස් ක්‍රොස් සෙන්ට් පැන්ක්‍රාස් උමං දුම්රිය පොල මෙට්රොපොලිටන් ලයින් සේවා සඳහා පමණක් සතියක් පුරා විවෘතව තිබුනි. කිංග්ක්‍රොස් නැවතුමට යාබදව තිබුනු සෙන්ට් පැන්ක්‍රාස් දුම්රිය පොල බ්‍රහස්පතින්දා වසා දැමුනේය. ඒ අතර ඩර්බි සහ නොටිංහෑම් හි ෂෙෆීල්ඩ්වලට ඇති සේවාවලට බාධා ඇති කරමින් සියලු මිඩ්ලන්ඩ් දුම්රිය සේවා හමාර කරන ලදී.",sin,wili-2018,sinhala,sinhala
"උල්පත් වලින් හා ළිංවලින් ලබා ගන්නා භූ ගත ජලය, ගංගා, විල්, ජලාශ වලින් ලබා ගන්නා ජලය, සාම්ප්‍රදායික ක්‍රමයක් නොවන අපද්‍රව්‍යය පිරිසිදු කිරීමෙන් පසු ලබා ගන්නා ජලය වැඩිපුර තිබෙන ලවණ ඉවත් කිරීමෙන් සහ වැසිකිලි අප ජලය පිරිසිදු කිරීමෙන් ලබා ගන්නා ජලය ගොවිතැන් කටයුතු සඳහා ජලය ලබා ගන්නා මූලාශ්‍ර විය හැක.වාරි ජලය ලබා ගැනීමේ විශේෂ ක්‍රමයක් වන්නේ ජල ගැලීම් අවස්ථාවලදී එක් රැස් කර ගන්නා ජලයයි. මෙම ජලය වේලි, ඇල මාර්ග,අමුණු , උපයෝගී කර ගනිමින් වියළුණු ගංගා පතුල්වලට හරවා විශාල ප්‍රදේශයකට බෙදා හරිනු ලැබේ. ඉන්පසු බිමෙහි රැඳී .තිබෙන තෙතමනය වගා කටයුතු සඳහා යොදා ගනු ලැබේ. ජල ගැලීම්වලදී එකතුකරගන්නා ලද ජලය යොදා ගෙන කරන ජල සම්පාදන ක්‍රමය විශේෂයෙන් භාවිතා වන්නේ අර්ධ ශුෂ්ක, ශුෂ්ක ප්‍රදේශ සහ කඳු ආශ්‍රීත ප්‍රදේශවලයි. ජල ගැලීම් අවස්ථාවලදී වැසි ජලය (එකතුකර ගන්නා ජලය ) ප්‍රයෝජනයට ගැනීම පිළිගත් ජල සම්පාදනය කිරීමේ ක්‍රමයක් වන නමුත් වැසි ජලය එවැන්නක් ලෙස සාමාන්‍යයෙන් පිළි නොගැනේ. වැසි ජලය එකතු කර ගබඩා කිරීම යනු නිවෙස්වල වහලවල්වලට , මුඩු ඉඩම්වලට වැටෙන වැසි ජලය එකතු කිරීමයි. පසුව මෙම ජලය වගාබිම්වලට අරපරිස්සමෙන් යෙදීමයි. එබැවින් මෙම ක්‍රමය ජලය එක් රැස් කොට අරපරෙස්සමෙන් භාවිතා කරන ක්‍රමයක් ලෙස සැලකේ.",sin,wili-2018,sinhala,sinhala
"ඇඟිලි භාවිතයෙන් ද්වීමය නිරූපණය යනු, එක් අතක හෝ බොහෝ අත් වල ඇඟිලි භාවිතයෙන් ද්වීමය සංඛ්‍යා ගණන් කිරීමේ සහ ප්‍රදර්ශනය කිරීමේ ක්‍රමයකි. එක් අතක ඇඟිලි භාවිතයෙන් 0 සිට 31 (25−1) දත්වා ගණන් කල හැකි අතර, අත් දෙකම භාවිතයෙන් 0 සිට 1023 (210−1) දක්වා ගණන් කල හැක.",sin,wili-2018,sinhala,sinhala
"අල් ඛයිඩා සාමාජිකයින් විසින් ක්‍රියාත්මක කරනු ලබන වෙබ් අඩවියක් හඳුනා ගනු ලැබූ බවත්, ප්‍රහාරයේ වගකීම භාර ගන්නා බව සඳහන් වචන 200 කින් යුත් ප්‍රකාශයක් එහි අඩංගුව තිබෙන බවත් බිබිසි ප්‍රවෘත්ති සේවාව ජුලි 7 වැනි දින ප.ව.12.10 ට වාර්තා කළේය. ජර්මනියේ ඩර් ස්පීගල් ප්‍රවෘත්ති සඟරාව සහ බිබිසී මොනිටරි යන දෙකම “රහස් සංවිධානය - යුරෝපයේ අල් ඛයිඩා “ නම් රහසිගත සංවිධානයක් වගකීම භාර ගනිමින් අල්-ඛල්දුඅහ් (මාළිගය) අන්තර්ජාල වෙළඳ පොළෙහි නිවේදනයක් පල කළ බව වාර්තා කළහ. මෙම නිවේදනයෙන් ප්‍රකාශ වූයේ 2003 වර්ෂයේ බ්‍රිතාන්‍ය විසින් ඉරාකය ආක්‍රමණය කිරීමට සහ ඇමෙරිකාව ඇෆ්ගනිස්ථානය ආක්‍රමණය කිරීමට ප්‍රතිචාර දැක්වීමක් ලෙස එම පහර දීම සිදු කළ බවයි. ඉරාකය හා සම්බන්ධ වී සිටින අනෙකුත් රටවල් (විශේෂයෙන් ඩෙන්මාර්කය සහ ඉතාලිය) ඔවුන්ගේ හමුදා ඉරාකයෙන් සහ ඇෆ්ගනිස්ථානයෙන් ආපසු ගෙන්වා ගත යුතු බවත් එම ලිපියෙන් අනතුරු ඇඟවීමක් කර තිබුනි. ලන්ඩනයේ සිටි සෞදි අරාබි ප්‍රකාශකයෙක් එම ප්‍රකාශය ව්‍යාකරණ දෝෂ වලින් යුක්ත බවත් සඳහන් කර ඇති කුරානයේ පාඨද වැරදි බවත් පෙන්වා දුන්න්ය. මෙය විවාදයට ලක් විය.",sin,wili-2018,sinhala,sinhala
"In 2010, Creative Commons announced its Public Domain Mark, a tool for labeling works already in the public domain. Together, CC0 and the Public Domain Mark replace the Public Domain Dedication and Certification, which took a U.S.-centric approach and co-mingled distinct operations.",sin,wili-2018,sinhala,sinhala
"පසු දින් දේවිය දන් පිළියෙල කරවා පසේ බුදුන් වහන්සේලා වඩින තුරු බලා හිඳින්නී, ඒ බවක් නොදැක, ""කිමෙක්ද ? පසේ බුදුන් වහන්සේලාට යම් කිසි අපහසුවක් වීදැයි බලාගෙන එවැයි"" කියා රාජපුරුෂයෙකු යැවීය. ඔහු ගොස් පසේ බුදුන් වහන්සේලා වැඩ සිටින පන්සලේ දොර හැර බලා උන්වහන්සේලා එහි නොදැක සක්මනෙහි බැලූ කල එහි හිඳිනු දැක දනට වඩින ලෙසට ආරධනා කළහ. පසේ බුදුන් වහන්සේලාගෙන් පිළිතුරක් නොලද කල්හි මුන් වහන්සේ නිදාසිටී යැයි සිතා උන්වහන්සේගේ යටි පතුල් අත ගෑවේය. සිසිල්ව, තදව පිහිටියා වූ උන්වහන්සේගේ යටි පතුල් වලින් උන්වහන්සේ පිරිනිවී බව දැන අනෙක් පසේ බුදුන් වහන්සේලා වෙත ගියේය. එලෙසම අනෙකුත් පන්සියයක් පසේ බුදුන් වහන්න්සේලා ද පිරිනිවී බව දැන රජගෙට ගොස් ඒ බව දැන්වීය. දේවියද මහත් වූ ශෝකයෙන් හඬා වැලපෙමින් පැමිණ පසේ බුදුවරුන්ගේ දේහයන් ගෙන ගොස් අදාහන කරවා චෛත්‍යයක් කරවීය.",sin,wili-2018,sinhala,sinhala
"පේද්‍රෝ ඩි අතායිජ් ඉන්ෆෙර්නෝ යනු, පෘතුගීසි ලංකාවේ 8වන කැප්ටන්-මේජර්වරයා විය. පෘතුගාලයේ සෙබැස්තියන් රජ විසින් 1564 වසරෙහිදී පත් කරන ලද ඉන්ෆෙර්නෝ, 1565 වසර වන තුරු කැප්ටන්-මේජර් තනතුර හොබවීය. ඔහුගේ අනුප්‍රාප්තිකයා වූයේ ජියෝගො ඩි මේලො විය.",sin,wili-2018,sinhala,sinhala
“2009 වර්ෂයේ කොරියාවේ සිත්තරා” ලෙස තෝරාගනු ලදුව අගය කිරීමට ලක්වූ අද්‍යතන චිත්‍ර ශිල්පියකු වන සූ යොංසුන් විසින් ඝනකම් පින්සල් පහර ආධාරයෙන් කොරියානු ඓතිහාසික දර්ශන‍ මෙන්ම නිව් යෝක් සහ බර්ලින් වැනි බටහිර නගරවල නාගරික දසුන් සිතුවම් කිරීමට ද ප්‍රියතාවක් දක්වයි. ඔහුගේ කලා නිර්මාණ කොරියානු සහ බටහිර තේමාව්න සහ කලා සම්ප්‍රදායයන්ගේ සම්මිශ්‍රණයකට හොඳ නිදසුනකි.,sin,wili-2018,sinhala,sinhala
"පරිමාණ විභේදනය අත්‍යණුක විස්ථාපනය හා පරිමාණ විභේදනය යන භෞතික මූලධර්ම දෙක පමණක් භාවිතා කරමින් Saichev හා Woyczyński විසින් 1-2+3-4+...=1/4 බව පෙන්වා දීමට සමත් වූහ. ශ්‍රේණියේ ඓක්‍යය 1/4 ලෙස ලබා දෙන 'φ සමාකලන ක්‍රම' රාශියක් පැහැදිලි කිරීමට මෙම මූලධර්ම භාවිතා කළ හැක. φ(0)=1 හා +∞ හි දී φ(x) හා xφ(x) හි සීමා 0 වන විට, φ යනු පළමු හා දෙවන ව්‍යුත්පන්න (0, ∞) දී අඛණ්ඩ හා අනුකල්‍ය වන ශ්‍රිතයක් නම්,",sin,wili-2018,sinhala,sinhala
"සමහර බැංකු නෝට්ටු සම අගය වෙනස්වීම පෙන්විමට ලකුණක් විය. ඊට හේතුව නව නෝට්ටු මුද්‍රණය කිරිම ප්‍රමාද විම නිසා, ඒවා මුද්‍රණය කරන විට එහි අගය භාවිතා කිරිමට නොහැකි තරම් පහළ ගොස් තිබිම නිසාය. ලෝහ කාසි අති උද්ධමනයේ ආවපාතිකයක් විය. ලෝහයේ අගය කාසියේ වටිනාකම වැඩි විමට හෙතුවයි. බොහෝ කාසි උණුකර විදේශ ව්‍යවහාර මුදල් ලෙස අපනයනය කරන ලදි. ඇමරිකා එක්සත් ජනපදේ ""පෙනි"" කාසියට මෙසේ වර්තමානයේ සිදුවේ.",sin,wili-2018,sinhala,sinhala
ජැමී ගොර්ඩන් 30 : එන්ෆීල්ඩ් සිට පැමිනියේය. නගර තක්සේරුද කළමණකරනය සඳහා සේවය කළේය. ඔහුගේ පෙම්වතිය වූ ඉවෝන් නෑෂ් සමග විවාහ වීමට අපේක්ෂාවෙන් සිටියේය.,sin,wili-2018,sinhala,sinhala
"1663 දී ස්කොට්ලන් ජාතික ජේම්ස් ග්‍රෙගරි අගහරු ග්‍රහයාගේ සංක්‍රාන්තිය පිළිබද අදහසක් ඉදිරිපත් කර ඇත. එමෙන්ම පුළුල් පරතරයකින් පිහිටි පෘතුවිය මත ඇති සළකුණු මගින් සුර්ය අසම්පාතය ගණනය කළ හැකි අතර තවදුරටත් ත්‍රිකොණ්මිතියෙන් තාරකා විද්‍යාත්මක ඒකක සොයා ගත හැක. මෙම දැනුම භාවිතයෙන් තරුණ ඉමොන්ඩ් හොලී 1676 දී සෙන්ට් හෙලෙනා හි සිදු වූ එවන් සන්ක්‍රාන්තියක් ගැන පර්යේෂණ කරන ලදි. නමුත් එම බලාපොරොත්තුව සුන් වී අත්තේ එම සිද්ධිය සම්බන්ධව තවත් එක් පර්යේෂණයක් සොයා ගැන්මට නොහකි වීමෙනි. එම සන්සිදිධියේ සත්‍ය භාවය කුමක් වුවත් එමගින් සූර්‍ය අසම්පාතය ""45"" ප්‍රථිපල අනුව තහවුරු නොවුණි. 1691 දී ප්‍රසිද්ධ කරන ලද පත්‍රයක් අනුව එහිතවත් බොහෝ නිවැරදි කරන ලද ඒවා පැවතිණි. සිකුරු සන්ක්රන්තියේ මිනුම් දඬු මඟින් බොහෝ නිවැරදි ගණනයන් කළ හැකි බව යෝජනා කරන ලදී. තවද මීළඟ සංසිද්ධිය 1761 වන තුරුත් සිදු නොවුණි. අවාසනාවකට 1742 දී හෝලි මිය යන ලදී.නමුත් 1761 වන විට විවිධ ගවේෂණ ලොව පුරා සිදු කරන ලදී. මෙම නිසි පර්යේෂණ හෝලි විසින් විස්තර කරන ලද ජාත්‍යන්තර විද්‍යා සහයොගීතාවයේ මුල් උදාහරණ අනුව ගණනය කිරීම් ගොඩ නැගීමට හැකි විය. බ්‍රිතාන්‍ය, ඕස්ට්‍රේලියා සහ ප්‍රංශ විද්‍යාඥයන් සහ ගවේශකයන් ලෝකයේ විවිධ ස්ථාන වල (සයිබිරියානු,නොර්වේ ඇතුළු ) සංචාරය කරමින් ප්‍රථම යුගල සංක්‍රාන්තිය පිළිබඳ ගවේෂණ කිරීමට ගත් උත්සාහයේදී වැඩි දෙනෙක් සිය ගවේෂණයන් සිදු හසුරා ඇත්තේ අවම වශයෙන් සංක්‍රාන්තිය පිළිබඳවයි.නමුත් සාර්ථක ගවේෂණයන් සිදු කර ඇත්තේ විශේෂයෙන්ම ජෙරෙමිය ඩික්සන් සහ චාර්ලස් මාසන් විසිනි.",sin,wili-2018,sinhala,sinhala
බොහෝ පරිගණක වල අභ්‍යන්තර හා බාහිර නියමග ‍යන දෙවර්ගයම ඇත. අභ්‍යන්තර නියමග මගින් පරිගණකයෙ සියුලුම අභයන්තර කොටස් මව් පුවරැවට සම්බන්ධ කෙරේ. (CPU හා අභ්‍යන්තර මතක ද ඇතුලත්ව) වෙනත් පරිගණක වල ඇති හෝ බාහිර උපකරණ සම්බන්ධ කිරමට නොව පෙදෙසි උපකරණ සම්බන්ධ කිරමට ඇති නිසා මෙම වර්ගයේ අනුමත පෙදෙසි අනුමත ලෙස ද හැදින්වේ. එසේම බාහිර පර්යන්ත සම්බන්ධ කිරිමට බාහිර නියමග යොදා ගනි.,sin,wili-2018,sinhala,sinhala
"කාෂිබායි විසින් මස්තානිගේ සය හැවිරිදි පුත් ෂාම්ෂෙර් බහදූර් තමන්ගේම දරුවකු ලෙස හදාවඩා ගන්නා ලදී. ඔහු‍ට බන්දාහි ජාගිර් සහ කල්පි පිරිනැමිණි. බන්දාවේ නවාබ්වරුන් ඔහුගෙන් පැවතෙන්නන් වේ. 1857දී, බන්දාවේ නවාබ් 1857 ඉන්දියානු අරගලයේ දී ජාන්සියේ රැජිනට සහාය වූයේ ය. ඔහුගෙන් පැවතෙන්නන් වර්තමානයේ භෝපාල්, ඉන්දෝර් සහ සේහෝර් ප්‍රදේශවල ජීවත් වේ.",sin,wili-2018,sinhala,sinhala
"පහතින් දැක්වෙන්නේ විහාර නාම, මරණාපර නාම, දෙන ලද නාම සහ යුග නාමයන් ඇතුළත් සම්පූර්ණ සොං රාජවංශයේ අධිරාජවරුන් ලැයිස්තුවකි. මෙම රාජවංශය පිහිටුවන ලද්දේ චාඕ කුවාංයින් විසින් වන අතර ඔහු ටයිෂු අධිරාජයා (රාජ්‍ය. 960–976) බවට පත් විය. රාජවංශය සමාප්ත වූයේ චාඕ බිංගේ (රාජ්‍ය. 1278–1279) මරණයෙන් පසුවයි. උතුරු සොංහි අවසාන අධිරාජයා වූයේ ක්වින්ෂොං අධිරාජයා (රාජ්‍ය. 1126–1127) ය. පළමු දකුණු සොං අධිරාජයා වූයේ ගඔෂොං අධිරාජයා (රාජ්‍ය. 1127–1162) ය.",sin,wili-2018,sinhala,sinhala
ප්‍ර‍ායෝගික වෙනසකට වඩා ඇත්තේ සංකල්පිත වෙනසක් වුවත Ethernet වැනි ජාල සබැදුම් සාමානයයෙන් නියමන ලෙස නොගැනේ. Lnfiniband සහ Hyper Transport වැනි නව තාක්ෂණ වල සම්ප්‍රාප්තියටයත් සමග ජාල හා නියමග අතර ඇති වෙනස තවදුරටත් බොද වේ. අභ්‍යන්තර හා බාහිර නියමග අතර ඇති වෙනස පවා සමහර අවස්ථාවන්හි අනියත වන අතර අභ්‍යන්තර හෝ බාහිර නියමග මෙිදි Adccess.bus ලෙස හැදින්වේ. ලෙස භාවිතා කළ හැකි අතර infiniband මගින් PCI වැනි අභ්‍යන්තර නියමග හා Fibre channel වැනි බාහිර අනුමග යන දොකොටස ප්‍රතිස්තාපනය කරනු ඇත.,sin,wili-2018,sinhala,sinhala
"කොරියානු සෞන්දර්ය විද්‍යාව පිළිබඳ ඇත්තේ අල්ප වූ අධ්‍යයන සංඛ්‍යාවක් වුව ද, කොරියානු කලාව සෞන්දර්ය ශාස්ත්‍රයක් ලෙස වර්ධනය වූ ආකාරය වටහා ගැනීමට කොරියානු දර්ශනය, විශේෂයෙන්ම කොරියානු බුදු දහම සහ කොරියානු කොන්ෆියුසියානුවාදය පිළිබඳ වූ ලිපි උපකාරී වනු ඇත.",sin,wili-2018,sinhala,sinhala
"චිත්‍රපටයක් තුල දක්නට ලැබෙන අඛණ්ඩතාවය ලෙස හදුන්වනු ලබන්නේ එක් රෑප රාමුවකින් අනෙක් රෑප රාමුවට මාරැවිමේදි පියවි ඇසට අඛණ්ඩ සිදුවිමක් ලෙස පන්වනු ලැබිමයි. 1898 දී රෝබට් ඩබ්. පොල් විසින් නිපදවන ලද Come along, Do! චිත්‍රපටය උදාහරණයක් ලෙස ගනිමු. මෙහි පළමු රෑපරාමුවේදි මහලු යුවලක් කලා ප්‍රදර්ශණයක් පැවැත්වෙන ස්ථානයක පිටත සිටින දර්ශණයක් පෙන්වයි. දෙවන රෑප රාමුවේදි ඔවුන් දෙපල කලා ප්‍රදර්ශණය තුලදි ක්‍රියාකරන ආකරය පෙන්වයි.",sin,wili-2018,sinhala,sinhala
"සංගීත නිර්මාණකරුවෙකු සංගීත උපකරණ, නාද රටා පමණක් නොව ගායකයෙකුගේ හඩ නාද රටාවද අනුගමනය කරනු ලබයි. එනම් තම නිර්මාණය සෑම අංශයක් කෙරෙහිම ඔහුට මනා අවබෝධයක් තිබිය යුතුයි.",sin,wili-2018,sinhala,sinhala
"ජ්‍යුල්මුන්-වර්ගයේ මැටි බඳුන් සාමාන්‍යයෙන් කේතු හැඩැති පත්ළක් සහිත, පනා-හැඩැති මෝස්තර සූරා ඇති ක්‍රි.පූ. 6,000 පමණ අයත් යැයි සැලකෙන ඒවා වේ. මෙම ආකාරයේ මැටි බඳුන් සයිබීරියානු ශෛලීන්ට සමානත්වයක් දක්වයි.",sin,wili-2018,sinhala,sinhala
"ක්‍රිස්තු වර්ෂ 664 (DCLXIV) යනු ජූලියානු දින දසුන ප්‍රකාර, සඳුදා දිනයකින් ඇරඹෙන අධික අවුරුද්දක් (බැඳිය විසින් මුළු දින දසුන දක්වනු ඇත) විය. මෙම වසර සඳහා 664 යන නාමය භාවිත වීම ඇරඹුනේ මුල් මධ්‍යතන යුගයේදී, වසර නම් කිරීම සඳහා යුරෝපයේ ප්‍රචලිත භාවයට පත් ක්‍රමය ලෙසින් ක්‍රිස්තු වර්ෂ දින දසුන් යුගය ඇරඹීම හා සමගය.",sin,wili-2018,sinhala,sinhala
"පළමු වන ලෝක මහා සංග‍්‍රාමයේ ප‍්‍රථම ගැටුම සිදු වුයේ සර්බියාව හා ඔස්ට‍්‍රියාව අතරයි. ඉන් පසු එම දෙරටේ මිත‍්‍ර පක්ෂ ක‍්‍රමයෙන් යුද්ධයට අවතීර්ණ වුහ. ඒ අනුව ඕස්ට‍්‍රියාවට ආධාර පිණිස ජර්මනියත් සර්බියාවට ආධාර පිණිස රුසියාව හා ප‍්‍රංශයත් ප‍්‍රධාන පාර්ශවකරුවෝ ලෙස යුද්ධයට එකතු වුහ. ආරම්භයේදී බ‍්‍රිතාන්‍යය යුද්ධයට සම්බන්ධ නොවිය. එහෙත් ජර්මන් හමුදා බෙල්ජියමට කඩා වැදීම නිසා තවදුරටත් සංග‍්‍රාමයෙන් ඉවත්ව සිටීම බ‍්‍රිතාන්‍යයට කල නොහැකි විය. 1912 දී ප‍්‍රංශය හා බ‍්‍රිතාන්‍යය අතර ඇති කොට ගෙන තිබු ගිවිසුම අනුව උතුරු මුහුද ආරක්ෂා කිරීමේ වගකීම පැවරී තිබුනේ බ‍්‍රිතාන්‍යයටයි. ඒ අනුව ක‍්‍රි. ව 1914 අගෝස්තු 04 වන දින මහා බ‍්‍රිතාන්‍යය ජර්මනියට එරෙහිව යුද ප‍්‍රකාශ කරමින් යුද්දයේ පාර්ශව කරුවෙකු බවට පත්විය. අගෝස්තු 12 වන දින මහා බ‍්‍රිතාන්ය ,ඔස්ට‍්‍රියාව හංගේරියානු අධිරාජ්‍යයට විරුද්ධව යුද ප‍්‍රකාශ කරන ලදී. මෙසේ බ‍්‍රිතාන්‍යය අධිරාජ්‍යය යුද්ධයට සම්බන්ධ වීම නිසා යුරෝපයේ යුද්ධ උණුසුම ලොව විසු ජාතීන්ගේ වැඩි කොටසකට ඍජුව මෙන්ම වක‍්‍රවද පැතිරී ගියේය.",sin,wili-2018,sinhala,sinhala
"උපදෙස් නල මාර්ග පිලිබද අදහස තවදුරටත් වැඩි දියුනු කිරිමෙන් CPU අංගයන්හි අභාවිත කාලය තවදුරටයත අවම කරන ක්‍රම දියුණු විමට හේතු විය. සුපිරි අදිග ලෙස හදුන්වන සැලසුම් වල දිගු උපදෙස් නල මාර්ග හා බහු සර්වසම ක්‍රියාකරවන ඒකකක අඩංග්‍ු වේ. සුපිරි අදිශ නල මාර්ග බහු උපදෙස් ප්‍රමාණයක් කියවා ඒවා dispatcher එක වෙත යවන අතර උපදෙස් සමාන්තර (එක විටම ක්‍රියා කරවිය හැකිද නැද්ද යන්න තිරණය කරන්නේ ඒවා ‍මගින් සේ නම් ඒවා තිබෙන ක්‍රියකරවන ඒකක වෙත යැරවෙන අතර මෙමගින් උපදෙස් කිහිපයකට එකවර ක්‍රියා කරවිමේ හැකියාව ලැබේ. සමස්තයක් ලෙස ගත් විට සුපිරි අදිශ CPU මගින් නැවති සිටින ක්‍රියා කරවන ඒකක වෙත එක විට යැවිය හැකි උපදෙස් ප්‍රමාණය වැඩිවත්ම වැඩි උපදෙස් ප්‍රමාණයක් එක් චක්‍රයකදි සම්පුර්ණ කර ගත හැකිවේ. සුපිරි අදිශ CPU නිර්මිත සැගසුම් කිරිම ගත් විට අපහසු කාර්යය වන්නේ dispatcher නිර්මාණය කිරිමයි. dispatcher ට කුමන උපසේ සාන්තර ක්‍රියා කරවිය හැකි දැයි ඉක්මනනින් හා නිවැරදිව නිර්ණය කළ හැකි විය යුතු අතරම උපරිම ක්‍රියාකරවන ඒකක ගනනක් කාර්ය බහුලව තැාබෙන ආකාරයට එම උපදෙස් යැවිය යුතුය. මේ සදහා උපදෙස් නල මාර්ගය ඉක්මනින් පිරිවය යුතු අතර CPU හැඹිලියේ සැලකිය යුතු කොටස් ප්‍රමාණයක් සුපිරි අදිශ නිර්මිතය යොදා ගැනිමේ අවශ්‍යතාව වැඩි කරයි. එසේම ඉහල මට්ටමක කාරය සාධකයක් ‍පවත්වා ගැනිම උදෙසා branch prediction, speculative execution out-of- order- exexution වැනි උපද්‍රව මගහැරිම් හිල්පිය කුම යොදා ගැනිම තිරණාත්මක වේ. කොන්දෙස් සහගත උපදෙස් මගින් කුමන ශාකාවක් ‍(හෝ පඨයක්_ ගනිදැයි අනුමාන කිරිමට උත්සහ කිරිමෙන් CPU හහට කොන්දේසි සහගත උපදෙසක් නියමකරන තුරැ මහත් ‍නල මාර්ගයම නවතා බලා සිටි මුලු වාර ගණන අඩු කරගත හැකි වේ. කල්පිත ක්‍රියාකරවිම මගින් කොන්දේසි සහගත මෙහෙයුම් අවසානයේ අවශ්‍ය වන හෝ නෙවන කේත කොටස් ක්‍රියා කරවිමෙන් බොහෝ විට ප්‍රමාණවත් කාර්ය සාධන වර්ධයන් පලබා දේ. අපිලිවෙලට ක්‍රියා කරවිම මගින් යම් ප්‍රමාණයකට උපදෙස් ක්‍රියා කිරිමේ පිළිවෙල නැවත සැකසිමක් සිදුවන අතර දත්ත ආයත්තතාවයන් මගින් ඇතිවන ප්‍රමාද අඩු කර ගත හැකිවේ.",sin,wili-2018,sinhala,sinhala
සරල නර මාර්ගකරණය හා සුපරි අදිශ සැලසුම් යන දෙනකම මගින් CPU හි උපදෙස් මට්ටමේ සමානතරතාවය (ILP) වර්දනය කරන අතර තනි සකසනයකට චක්‍රයකට එක් උපදෙසක් ඉක්මවන සීඝ්‍රතාවයකින් උපදෙස් ක්‍රියා කරවිමට අවස්ථාව ලැබේ. බොහො නවින CPU සැලසුම් යම් දුරකට සුපිරි අිශ වන අතර පසුගිය දශකයෙි සරලසුම්කල පොදු කාර්ය CPU සියල්ලම පාහේ සුපිර අදිශ වෙ. පසුගිය වසර වලදි ඉහල ILP පරිගණක සැලසුම් කිරිමට තිබු ප්‍රමුඛතාවය CPU දෘඩාංගය වලින් ඉවත් කොට එහි මෘදුකාංග අතුරැමුහුණතකට හෝ හට ඍජුව මෘදුකාංග මගින් ගම්‍යමානවිමට ඉඩ සලසන අතර එමගින් CPU මගින් ILP හුවා දැක්විමට කල යුතු වැඩ ප්‍රමාණය අඩු කරන අතර මේ හේතුවෙන් සැලසුමෙහි ඇති සංකිර්ණතාව අඩු වේ.,sin,wili-2018,sinhala,sinhala
"වර්තමානයේ අපි දන්නා පරිදි හිරු ප්‍රධාන අනුක්‍රමණයෙන් ඉවත් වනතෙක් සෞරග්‍රහ මණ්ඩලය පවතිනු ඇත. හයිඩ්‍රජන් ඉන්ධන දහනය හරහා සූර්යයා දහනය වන විට එය ඉතිරි ඉන්ධන දහනය කිරීම සඳහා තවත් උණුසුම් වේ. එම නිසා එය තවත් වේගයෙන් දහනය සිදු කරයි. මෙහි ප්‍රතිඵලයක් ලෙස සෑම වසර බිලියන 1.1 ටම දළව 10% කින් හිරුගේ දීප්තිය වැඩිවේ. මෙතැන් සිට වසර බිලියන 7.6 ගතවු කළ, හයිඩ්‍රජන් විලයනය අඩු ඝනත්ව උඩ වියන්වල සිදුවීමට තරම් සූර්ය හරය උණුසුම් වනු ඇත. මෙය හිරු දැන් පවතින පරිධිය මෙන් 260 වාරයක් පමණ දක්වා විශාල වීමට හේතු වේ. හිරු රතු දැවැන්තයා බවට පත් වන්නේ එලෙසය. මෙම අවස්ථාවේ දී එහි විශාලම ලෙස වැඩි වූ පෘෂ්ටික වර්ගඵලය නිසා සූර්යයා සීතල වීමට පටන් ගනී. ක්‍රම ක්‍රමයෙන් හිරුගේ බාහිර ස්ථර සුදු පැහැති කුඩා වස්තුවක් ඉතිරි කරමින් නැතිවී යනු ඇත. අසාමාන්‍ය ඝනත්වයකින් යුත් මෙම වස්තුව එහි මුල් ස්කන්ධයෙන් භාගයක් වන අතර ප්‍රමාණයෙන් පෘථිවිය තරම් වේ.",sin,wili-2018,sinhala,sinhala
සිකුරු සංක්‍රාන්ති සංසිද්ධිය තාරකා විද්‍යාවේ දුර්ලභ සිදුවීමකි. මෙම සංසිද්ධිය සෑම අවුරුදු 243 කට වරක් යුගල වශයෙන් අවුරුදු අටක් වෙන් වෙන්ව අවුරුදු 121.5 සහ අවුරුදු 105.5 වැනි විශාල පරතරයක් ඇතිව සිදු වේ. මෙම ආවර්ථිතාව පෘතුවියේ සහ සිකුරුගේ කක්ෂ එකිනෙකට 8:13 සහ 243:395 ප්‍රමාණයකින් ආසන්න වීම හේතුවෙන් පිළිඹිබු වේ.,sin,wili-2018,sinhala,sinhala
"ඇතැම්විට සරල ලෙස චන්ද්‍රගුප්ත ලෙස හැඳින්වෙන, චන්ද්‍රගුප්ත මෞර්ය (සංස්කෘත: चन्द्रगुप्त मौर्य), (උපත ක්‍රිපූ 340 ගණන්, පාලනය ක්‍රිපූ 320 ගණන් – ක්‍රිපූ 298 ගණන් ), මෞර්ය අධිරාජ්‍යයේ නිර්මාතෘ විය. ඉන්දියානු අර්ධද්වීපයෙහි වැඩි කොටසක් එක්සේසත් කිරීමෙහි ලා චන්ද්‍රගුප්ත සමත් විය. ඉන්දියාව පළමුවෙන් එක්සේසත් කළ තැනැත්තා ලෙසද ඉන්දියාවේ පළමු සැබෑ අධිරාජයා ලෙසද චන්ද්‍රගුප්ත සැලකීමෙහි ලා ඉහත කරුණ ඉවහල් විය. විදේශීය ග්‍රීක හා ලතින් විස්තරයන්හි, චන්ද්‍රගුප්ත හැඳින්වෙනුයේ සන්ඩ්‍රොකුප්ටොස් (Σανδρόκυπτος), සන්ඩ්‍රොකොට්ටොස් (Σανδρόκοττος) හෝ ඇන්ඩ්‍රොකොට්ටුස් ලෙසිනි.",sin,wili-2018,sinhala,sinhala
"ද්වීමය සංඛ්‍යා පද්ධතියේ, එක් එක් සංඛ්‍යාත්මක සංඛ්‍යාංකය වෙතින් දැරිය හැකි අවස්ථා දෙකක් (0 හෝ 1) ඇති අතර එක් එක් අනුයාත සංඛ්‍යාංකය නිරූපණය කරන්නේ දෙකෙහි බලයකින් අගය වැඩිවීමකි.",sin,wili-2018,sinhala,sinhala
"වර්ෂ 2000 දී පමණ ලෝක මට්ටමින් වර්ග කි‍ලෝ මීටර් 2788000 (අක්කර මිලියන 689) ක කෘෂි කාර්මික ඉඩම් වල‍ට වාරිමාර්ග පහසුකම් සදහා සුදානම් කළ 68% ක ප්‍රමාණයක් පිහිටා තිබෙන්නේ ආසියාවේ වන අතර 17% ක් ඇමෙරිකාවේ ද, 9% ක් යුරෝපයේද, 5% අප්‍රිකාවේ ද, 1% ඕස්ට්‍රේලියානු කලාපයේද පිහිටා ඇත. මේවා යින්ද ඉතා හොඳින් වාරි පහසුකම් සපයා ඇති ඒකාබද්ධ ප්‍රදේශ වශයෙන් උතුරු ඉන්දියාවේ සහ පකිස්තානයේ ගංඟා සහ ඉන්දු නදී අසබඩ ප්‍රදෙ‍්ශ, චීනයේ හායි හෙ හුආන්ග් හෙ සහ සැංග්සි ද්‍රෝණියේ ප්‍රදේශ, ඊජිප්තුවේ සහ භූතානයේ ගඟබඩ ප්‍රදේශ, මියුරි - මිසිසිපි ගංඟා ද්‍රෝණිය සහ කැලිෆෝනියාවේ සමහර ප්‍රදේශ හඳුනාගෙන ඇත. ලෝකයේ ජන ගහණය වැඩි ප්‍රදේශ සියල්ලේම වාගේ කුඩා වාරිමාර්ග පහසුකම් වලින් යුත් ප්‍රදේශ පැතිරී ඇත.",sin,wili-2018,sinhala,sinhala
"The effective range varies due to propagation conditions, material coverage, production sample variations, antenna configurations and battery conditions. In most cases the effective range of class 2 devices is extended if they connect to a class 1 transceiver, compared to a pure class 2 network. This is accomplished by the higher sensitivity and transmission power of Class 1 devices.",sin,wili-2018,sinhala,sinhala
"යොහාන් ගුනසේකර නාලන්දා විද්‍යාලය, කොළඹහි ආදි සිසුවෙකි. 1974 සිට 1976 දක්වා යොහාන් කොලඹ නාලන්ද විද්‍යාලයේ ජේෂ්ට ක්‍රිකට් පිලේ ක්‍රීඞා කල අතර 1976 දී නාලන්දා උප නායකයාවිය. යොහාන් වසර 1976 දී ඔබ්සවර් බාටා හොඳම පාසැල් ක්‍රිකට් ක්‍රීඞකයාට හිමි සම්මානය ලබාගත්තේය.",sin,wili-2018,sinhala,sinhala
"සෞරග්‍රහ මණ්ඩලය බවට පත්වීටම තිබූ ප්‍රදේශය හැඳින්‍වූයේ පූර්ව සූර්ය නිහාරිකාව ලෙසය. 7000ත් 200000AU ත් (AU=නක්‍ෂත්‍ර ඒකක, එනම් පොළවේ සිට සූර්යයාට ඇති දුර) අතර පරිධියකින් යුක්ත වූ එය ස්කන්ධයෙන් සූර්යයාට වඩා මඳක් ඉදිරියෙන් සිටී. (සූර්ය ස්කන්ධ 0.1 හා 0.001 අතර ? ). මුලදී මෙය අංශු ඉතා ඇතින් ඈතින් පිහිටා ඇති වළාවක් වන අතර වසර මිලියන ගණනක් ඇවෑමෙන් අංශු එකිනෙක කැටි වූ (ළං ව ඇසිරුණු) ධූලි-වායු වළාවක් ලෙස පෙනෙන්නට විය. මුලදී මෙම ධූලි වලාවට ඉතා කුඩා කෝණික ගම්‍යතාවක් තිබුණි යැයි විශ්වාස කෙරේ. ගුරුත්වය හේතුවෙන් නිහාරිකාව බිඳ වැටීමත් (සංකෝචනය) සමඟ, කෝණික ගම්‍යතා සංස්ථිතිය තුලින් පැහැදිලි කෙරෙන පරිදි එය වේගයෙන් භ්‍රමණය වන්නට විය. මෙවිට නිහාරිකාව ආසන්න වශයෙන් ගෝලයක හැඩයට පත් වූ අතර, (මේ සඳහා අවුරුදු 10,000 - 1,000,000ත් අතර කාලයක් ගතවී ඇත.) කේන්‍ද්‍රාපසාරී බලය හේතුවෙන් ගෝලයේ සමකය ලෙස හැඳින්විය හැකි ප්‍රදේශයේ ඇති ද්‍රව්‍ය පිටතට විහිදී තැටියක් ආකාරයේ හැඩයක් ජනනය විය. මෙය පූර්ව ග්‍රහලෝක තැටිය (proto planetary disk) ලෙස හැඳින්වේ.",sin,wili-2018,sinhala,sinhala
"ඓතිහාසිකව, කලාවන් තුළ අභිවාහ්‍ය කලාව ස්ත්‍රීන්ට පමණක් සීමා වූ වස්ත්‍ර සහ නර්තන විධි අනුවත්, පුරුෂයන්ට සීමා වූ වස්ත්‍ර සහ කථාන්තර කීමේ කලාවන් ලෙසත් දැකගත හැක. කාලයත් සමග ස්ත්‍රී දායකත්වය ක්‍රමයෙන් අඩුවී ගිය අතර, මහජන විනෝදකරුවන් ලෙස කටයුතු කිරීම පුරුෂයන්හට සම්භාව්‍ය දෙයක් විය.",sin,wili-2018,sinhala,sinhala
රජය මේ සම්බන්ධව ප්‍රසිද්ධ පරීක්ෂණයක් කළේ නැත. රජය කියා සිටියේ “ලැබී ඇති තොරතුරු ප්‍රමාණවත් නොවේ. රජයේ ප්‍රධාන නිලධාරින් සහ පොලිස් නිලධාරින් අතර සම්බන්ධතාවය ප්‍රමාණවත් නැත” යනුවෙන පමනී. සිද්ධියෙන් දිවි ගලවා ගත් අය සහ මිය ගිය අයගේ ඤාතීන් සිද්ධිය සම්බන්ධව පවතින අර්බුදකාරී තත්වය නිවැරදි කර ගැනීම සඳහා සම්පූර්ණ පරීක්ෂණයක් ලබා ගැනීමේ අරමුණෙන් යුරෝපා අධිකරණයේ සහ මහාධිකරණයේ නීති මගින් කෙරෙන කටයුතු සම්බන්ධයෙන් උත්සුක වෙති. ෂැඩෝ හෝම් (Shadow Home) ලේකම් ඩේවිඩ් ඩෙවින් කීවේ “මහජනතාවට හා පාර්ලිමේන්තුවට ඉදිරිපත් කළ කථාන්දරය සත්‍ය කාරනා සමග බලන විට නොගැලපෙන බව ක්‍රම ක්‍රමයෙන් පැහැදිලි වන්නේය” යනුවෙනි.,sin,wili-2018,sinhala,sinhala
"1999 වසරේදී බොලීවියානු ජන සංගීතඥයෙකු වූ Marcello Titto Li සමග එක්ව, ""සංයුග්ම"" නම් ජන සහ ව්‍යවහාරික සංගීත නිරිමාණයක් සිදු කරමින්, නදීක සිය කලා දිවිය ආරම්භ කලේය.",sin,wili-2018,sinhala,sinhala
"සාමාන්‍යයෙන් ත්‍රිමාන අවකාශයේ අංශු පද්ධතියක පිහිටුම සහ චලනය විමෝචකයක් ලෙස හැදින්වෙන වස්තු මගින් පාලනය වේ. විමෝචකය අංශු සදහා ප්‍රභවය ලෙස ක්‍රියා කරන අතර ත්‍රිමාන අවකාශය තුළ එහි පිහිටුම මගින් අංශු ජනනය වන ස්ථාන සහ ඒවා ගමන් කරන ස්ථානය තීරණය වේ. ඝනකයක් හෝ තලයක් වැනි සාමාන්‍ය ත්‍රිමාන දැලිස් රාමු වස්තුවක් විමෝචකය ලෙස භාවිතා කල හැකි වේ. විමෝචකයකට එය හා බැදුනු අංශු හැසුරුම් පරාමිතීන් සමුහයක් පවතී. මෙම පරාමිතීන් අතරට නිපදුම් සීඝ්‍රතාව (ඒකක කාලයක් තුල ජනනය වන අංශු සංඛ්‍යාව), අංශුවෙහි ආරම්භක ප්‍රවේග දෛශිකය (නිර්මාණය වීමෙන් අනතුරුව අංශු නිකුත් වන දිශාව), අංශු ජීවන කාලය (එක් එක් අංශුවක් නොපෙනීයාමට පෙර පවතින කාලය), අංශු වර්ණය ආදි බොහෝ පරාමිතීන් අයත් විය හැකිය. සාමාන්‍යයෙන් මෙම පරාමිතීන් සියල්ලටම හෝ ඒවායින් බහුතරයකට යම් අවිනිෂ්චිත බවක් තිබෙන අතර එහිදි නිෂ්චිත සංඛ්‍යාමය අගයන් වෙනුවට නිර්මාණ කරුවා විසින් නිෂ්චිත මධ්‍ය අගයක් ලබාදෙන අතර ඉන් දෙපසට සම්භාවීව විචලනය විය හැකි අගයක් සඳහන් කරනු ලැබේ. (උදා - මධ්‍ය අංශ ජීව කාලය = රූප රාමු 50 ± 20%) දැලිස් රාමු වස්තුවක් විමෝචකය ලෙස භාවිතා කරන විට ආරම්භක ප්‍රවේග දෛශිකයන් බොහෝ විට වස්තුවේ එක් එක් මුහුණත් වලට ලම්භක වන පරිදි සකස් කෙරෙන අතර එවිට එක් එක් මුහුණතින් සෘජුව අංශු විසිරෙන සෙයක් දිස්වේ.",sin,wili-2018,sinhala,sinhala
"ගොර්යෝ රාජවංශය පැවතියේ ක්‍රි.ව. 918 සිට 1392 දක්වා වූ කාලයේ ය. ගොර්යෝ කලා ශිල්පීනගේ වඩාත් ප්‍රචලිතම නිර්මාණය වූයේ කොරියානු සෙලඩන් මැටි බඳුන් ය. මේවා ක්‍රි.ව. 1050 සිට 1250 දක්වා කාලයේ නිමැවිණි. සෙලඩන් සම්භවය වූයේ චීනයේ වුව ද, කොරියානු කුඹල් ශිල්පීන් විසින් තමන්ටම ආවේණික ශෛලියක් ගොඩනගා ගෙන තිබූ හෙයින් ඒවාට ඉහළ වටිනාකමක් හිමි විය. වරක් චීන වැසියන් එය සලකා ඇත්තේ ""දෙව්ලොව යටතේ පළමු දෙය"" සහ ""ලෝකයේ හොඳම දෑ දොළහෙන්"" එකක් ලෙසයි.",sin,wili-2018,sinhala,sinhala
"උගන්ඩා ජනරජය නැගෙනහිර අප්‍රිකාවේ පිහිටි සතර දෙසින්ම භූමියෙන් වටවූ රාජ්‍යකි. මෙහි දේශ සීමාවන් ‍මෙසේ වෙයි. නැගෙනහිරට කෙන්යාව, උතුරට සුඩානය, බටහිරට කොන්ගෝ ප්‍රජාතන්ත්‍රවාදී ජනරජය හා දකුණට ටැන්සානියාවත්, කෙන්යාවෙන් හා ටැන්සානියාවෙන් ද මායිම් වී පවතින වික්ටෝරියා විලෙන් සෑහෙන කොටසකින්ද මෙරටෙහි දකුණු දිග ප්‍රදේශය සමන්විත වෙයි.",sin,wili-2018,sinhala,sinhala
කැනරි රේගුවක සිටි බෝම්බයක් රැගත් පුද්ගලයෙකු ප්‍රහාරයක් එල්ල කිරීමට ප්‍රථම ස්නයිපර් තුවක්කු කරුවෙකු විසින් ඔහුට වෙඩි තැබූ බවට මුලින් වැරදි ප්‍රචාරයක් තිබුනි.,sin,wili-2018,sinhala,sinhala
දිගින් අඩි 70ක් හා පළලින් අඩි 65ක් පමණ වන මෙම පොකුණෙහි ගැඹුර අඩි 15ක් පමණ වේ. පොකුණෙහි මධ්‍ය කොටස (වේදිකාව) දිගින් අඩි 55ක් හා පළලින් අඩි 30ක් පමණ වේ. පොකුණට බැසීම සඳහා වූ පියගැට පෙළ දකුණු අන්තය දෙසින් නිමවා ඇත.,sin,wili-2018,sinhala,sinhala
"සෙන්ටිමීටර 100 කටත් වඩා වැඩි දුරකට විහිදී යනමෙහි ජලය පිට කිරීමට සෑදූ දොරටු දෙකක නටබුන් ද දක්නට ලැබේ.දැනට ස්ථාන තුනකින් කැඩී ගොස් ඇති මෙහි ගල් තනිකලු ගල්ය.පාළම ස්ථාන තුනකින් ම කැඩී යාමට හේතුව ලෙස ජනප්‍රවාදයේ සඳහන් වන්නේ එක් වර්ෂයක දී ""පදවි වැව"" පිටාරගලා ගොස් ""මොර ඔය"" හරහා ආ ජල පහරේ වේගයට මෙම පාළම මැදින් කැඩී ගොස් ඉවුරු දෙක අයිනෙන් බිදී ගියේ ඔයට එකතු වූ ජල දහරාවේ ප්‍රමාණයට ඔරොත්තු නොදුන් නිසා බවයි.මෙම පාළම මොර ඔය හා කිවුල් ඔය හරස් කොට අමුණක් ලෙස නිමවා එතැන් සිට"" වැලි ඇල ""දිගේ පහළ පිහිටි නිකවැව,කිරිඉබ්බන්වැව,ආදී වැව් පෝෂණයට යොදා ගත් බවයි.එමෙන්මමීට වසර 2000කට පෙර එනම් ක්‍රි:ව 07 දී පමණ දැනට ගල්වංගුව ලෙසින් හදුන්වන ප්‍රදේශය හරහා වැටී තිබුන ගමන් මාර්ගයක් මේ පාළම හරහා ද ,ගිය බව ජනප්‍රවාදයේ එයි.ඒ බව සනාථ කළ හැකි සාධක ද ඒ අවට ප්‍රදේශ වලින් හමුවී තිබේ.1961 වර්ෂයේ පදවිය ජනපදවාසීන් පිරිසක් විසින්කිවුල් ඔයට කෙත් බිම් හරහා යන වැඩි ජලය එක් කර ගැනීම සඳහා කුඩා ඇල මාර්ගයක් කපමින් සිටියදී පසට යටවී තිබී හමු වූ ලිග්ගල් තුනක් ද, හැන්දක් ද, අළු ද, මෙය සනාථ කරනු අස් හොඳම ශේෂ වස්තූන්ය.ඒ ආකාරයටම අදටත් වැල්ලෙන් යටවී පවතින විශාල පාදමක් ද , සමූහ ගොවිපළ ආසන්නයෙන් දැකගත හැකිය. එම පාදම එදා මහසෙන් රජු විසින් පදවි වැව ආසන්නයේ ඉදි කළ පාදමකට ඉතා කිට්ටු නෑකම් කියන්නක් බව ජනපද වාසීන්ගේ අදහසයි.එලෙසම පාළම අවසන් වන ස්ථානයේ ඇති ස්ථුපයක නටඹුන් ද,දක්නට ලැබේ.එය ගමයි,පන්සලයි,වැවයි,දාගැබයි,යන සංකල්පය පසක් කරන ස්ථානයක් වැනිය.කෙසේ නමුදු මෙම යෝධ නිර්මාණය පිළිබදව කිසිම පත පොතක හෝ සෙල්ලිපියක සඳහන් නොවීම නිසා කවදා, කෙදිනක,කවුරුන් විසින් මෙය නිර්මාණය කළාද, යන්න නිශ්චිතවම සඳහන් කළ නොහැක.එහෙත් ජනප්‍රවාදයේ සඳහන් ආකාරයට පරාක්‍රමභාහු රජ දවස මෙය නිර්මාණය කරන්නට ඇතැයි විශ්වාසයක් පවතී. මීට වසර2000 කට පෙර ඈත අතීතයේ ඉතා දියුණු ශිෂ්ටාචාරයක් ව පැවති මේ ප්‍රදේශය විජිතපුර රාජධානි කොට ගත් එළාර වැනි දකුණු ඉන්දියානු ජාතිකයන්ගේ ආක්‍රමණත් උතුරින් එල්ල වූ දමිළ ඊලාම් බලපෑමත් නිසා දෙකඩ වී විනාශ වී ගියේය.ඉන් පසු පසට යටවී වල් බිහිවුණු මේ අනර්ඝ ස්ථාන නැවත යන්තම් හෝ එළි පෙහෙළි වූයේ 1957 වර්ෂයේ පදවිය ජනපදය පිහිටු වීමත් සමඟය.එසේ ජනපද බිහි වූවත් කණගාටුවකට කරුන වී ඇත්තේ කිසිදු බලධරයෙකුගේ හෝ පුරාවිද්‍යා ගවේශකයෙකුගේ දෙනෙතට මෙවන් යෝධ නිර්මාණයන් හසු වී නොතිබීමයි.",sin,wili-2018,sinhala,sinhala
"ස්වාමීනි, නුඹ වහන්සේ මාගේ ශාස්තෲවරයාය, මම නුඹවහන්සේගේ ශ්‍රාවක වෙමියි, ස්වාමීනි, නුඹ වහන්සේ මාගේ ශාස්තෲවරයාය, මම නුඹවහන්සේගේ ශ්‍රාවක වෙමියි කීහ.",sin,wili-2018,sinhala,sinhala
"ශාන්තිනායක බුදුරජාණන් වහන්සේ විසින් සකල ලෝ වැසි සත්වයන්ගේ සංසාරික දුක් නිවාලීම පිණිස දේශිත ඒකායන මාර්ගය වශයෙන් සතර සතිපට්ඨානය සඳහන් කළ හැකි ය. ඒකායනෝ අයං භික්‍ඛවේ සත්ථානං විශුද්ධියා - සෝක පරිද්ධවානං සමතික්කමාය – දුක්ඛ දෝමනස්සානං අත්ථංගමාය – ඤායස්ස අධිගමාය නිබ්බානස්ස සවිඡිකිරියාය යදිදං චත්තාරෝ සතිපට්ඨානා, වශයෙන් පෙන්වා දෙන්නේ, මහණෙනි එකම එක මාර්ගයක් ඇත සත්වයාගේ පිරිසුදු වීම පිණිස, ශෝක කිරීම, හඬා වැලපීම්, සුසුම් හෙලීම් දුරලීම පිණිසත්, දුක්ඛ දෝමනස්සයාගේ නිරුද්ධිය පිණිසත්, සිව්සස් ධර්මයන්ගේ අවබෝධය පිණිසත්, එනම් සතර සතිපට්ඨානයයි.",sin,wili-2018,sinhala,sinhala
"කෘෂිකාර්මික පරිසර පද්ධතිවල ජෛව වවිවිධත්වයක් දැකිය හැකිය. කෘෂිකාර්මික බෝග වගාව මේ ආශ්‍රිතව බහුලව දැකිය හැකිය. එළවළු, පළතුරු, අල වර්ග මෙන්ම කෝපි, කොකෝවා, කරදමුංගු, කරාබුනැටි වැනි බෝග ද සත්ත්ව නිෂ්පාදන ද මේ ආශ්‍රිතව දැකිය හැකිය. මෙම කෘෂිකාර්මික පරිසර පද්ධතිය ආශ්‍රිතව විවිධත්වයෙන් යුතු කෘමි විශේෂ ද දක්නට ලැබේ. කුරුණෑගල",sin,wili-2018,sinhala,sinhala
ඉතා පැරණි ජල ඉන්ජිනේරුවන් ලෙස ක්‍රි.පූ. 6වන ශත වර්ෂයේ වසන්ත හා සිසිර කාලයන් හි සිටි සුන්ෂු ආවෝද වොරින් රාජ්‍යසමයේ සිටි (ක්‍රි.පූ. 5වන ශතවර්ෂය) එක්සුමන් බයෝද විශාල වාරිමාර්ග ව්‍යාපෘතීන් ක්‍රියාත්මක කළෝය. ක්‍රි.පූ. 256 දී චිනයේ ක්වින්(Qin) අධිරාජ්‍යයේ යෙච්වාන්(szechwan) ප්‍රදේශයේ Dujiangyan වාරිමාර්ග ව්‍යාපෘතිය ක්‍රියාත්මක ‍ෙකරිණි. එයින් අදටත් විශාල වගා බිම් ප්‍රමාණයකට ජලය සැපයේ.,sin,wili-2018,sinhala,sinhala
"While the Bluetooth Core Specification does mandate minimums for range, the range of the technology is application specific and is not limited. Manufacturers may tune their implementations to the range needed to support individual use cases.",sin,wili-2018,sinhala,sinhala
පීටර් මහතාගේ සම්මුඛ සාකච්ඡාවලින් පළමු වැන්න 2005 ජූලි 07 වැනි දින සවස පවත්වන ලදි. මෙය පීටර් මහතා BBC රේඩියෝ 5 සජීව වැඩ සටහනට සහභාගී වීමෙන්පසු සිදු වන්නට ඇතැයි අනුමාන කෙරේ. මෙහි පහත පළවන්නේ රේඩියෝ 5 සජීව වැඩ සටහනෙහි පිටපතකි. පීටර්: අද උදේ නමය හමාරට අපි ඇත්තෙන්ම සමාගමක් වෙනුවෙන් අභ්‍යාසයක් පවත්වමින් සිටියා. මෙය පැවැත්වුනේ ලන්ඩනයේ පදිංචිකරුවන් දාහකට වඩා පිරිසක් වෙනුවෙන්. පාදක වුනේ දුම්රිය නැවතුම් පල වල එක විට බෝම්බ පුපුරවා හැරීමක්. එය හරියටම මේ උදෑසන සිදු වුනා. මගේ සිරුරේ ලෝම කෙලින් වුනා.,sin,wili-2018,sinhala,sinhala
"ඉන්දියාවේ අනෙකුත් ප්‍රදේශ වලද සැලකිය යුතු දෙමළ ප්‍රජාවක් විසිරී සිටී. මේවායින් බොහොමයක් වර්තමානයේ ඉස්මතු වන්නට වූ අතර යටත් විජිත සමය හා පශ්චාත් යටත් විජිත සමය තෙක් එහි ඉතිහාසය දිව යයි. නමුත් සමහර විශේෂ දමිළ වාසභූමි වන දකුණු කර්ණාටය(මිලියන 2.9), පුනේ, මහාරාෂ්ට(මිලියන 1.4), ආන්ද්‍රා ප්‍රදේශය(මිලියන 1.2), කේරළය(මිලියන 0.6) සහ දිල්ලි (මිලියන 0.1) යන ප්‍රදේශ වල ඉතිහාසය මධ්‍යකාලීන යුගය තෙක් විහිදේ.",sin,wili-2018,sinhala,sinhala
මහා ජනපද 16 අතර මගධය ඉන්දියාවේ බිහිවු වඩා ජනප්‍රිය හා ශ්‍රේෂ්ඨ පාලකයෙකු අශෝක මෞර්යගේ රාජ්‍ය කාලයත් සමග ආරම්භ වු පෙළපත් ගණනක් යටතේ ඉතා වැදගත් ස්ථානයක් හිමි කරගන්නා ලදී.,sin,wili-2018,sinhala,sinhala
මෙම ලිපිමාලාවේ කර්තෘ භික්‍ෂුවක් බව පමනක් සඳහන් වීය. පසුව මෙම ලිපි මාලාව ග්‍රන්ථ ලෙස එලි දැක්වුනු අතර ඒවායේද කර්තෘ නිර්නාමික භික්‍ෂුවක් බව සඳහන් විය. එවකට අප්‍රකට භික්‍ෂුවක් වූ රාජගිරියේ අරියඤාණ හිමි මෙම ලිපි මාලාවේ කර්තෘ බව වර්තමාන පිලිගැනීමයි.[තහවුරු කරන්න],sin,wili-2018,sinhala,sinhala
"ගමසේ ගනොරල් 24, තුර්කි ශිෂ්‍යාවකි. හැමර්ස්මිත්හි භාෂා විද්‍යාලයට යාම පිණිස උමං දුම්රිය අල්ලා ගැනීමට උතුරු ලන්ඩනයේ ඇයගේ නැන්දනියගේ නිවසෙන් පිටවූවාය.",sin,wili-2018,sinhala,sinhala
"ක්‍රි.ව 10 සියවසින් පසු දමිළ ජනයාගේ ඉතිහාසය පිළිබඳ වූ අනේ ප්‍රකාර පුරාවෘත්ත සමාජයේ පිළිගැනීමට ලක් විය. ඉරෛයානර් අගප්පොරුල් (Iraiyanar Agapporul ) සඳහන් කරන ආකාරයට, සංගම් සාහිත්‍යයේ 10 වෙනි සහ 11 වෙනි සියවසේ විවරණයට අනුව, ඉන්දියානු අර්ධද්වීපය තුල දමිළ ජනපද ඔවුන්ගේ ස්වාභාවික දේශ සීමාවෙන් ඔබ්බට දකුණු ප්‍රදේශයේ කොට්ඨාස 49ක් පුරා ව්‍යාප්ත වන ලදි .",sin,wili-2018,sinhala,sinhala
"As of September, 2010, Creative Commons licenses have been ""ported"" to 53 different jurisdictions worldwide, with 8 others under development.",sin,wili-2018,sinhala,sinhala
"යක්ෂයෝ විකාර හා හාස්‍ය ජනක රූප හා ස්වභාව ඇති බිහිසුණු භූත විශේෂයකි. ඔවුන් යෝධයන් සේ මහත් හෝ රීරී යකා සේ ඇගිල්ලක පළල තරම් සිට වාමනයකු තරමට වැඩෙතත්, ඉමහත් ශක්තියක් ඇත්තන්ද විය හැකිය. බෙහෝ විට පුරාණ කතාවල එන රජුන්ගේ හා බිසොවුන්ගේ දරුවන් වන මොවුන් ඇතැම් විට කුලීන, කුලහීන දෙපක්ෂය අතර විෂම විවාහයේ ප‍්‍රතිඵලයකි. ඇතම් අවස්ථාවලදී දෙවියෝ දිව්‍ය බලයෙන් උපත ලද. ඔවුන්ගේ උපත විශ්මය ජනකය. කිළිටිය. යකුන් උපදින්නේ මවගේ තනෙනි. නැතහොත් මවගේ ආර්තව ලෙයිනි. නැතහොත් යුද්ධයේ වැගුරුණු ලෙයිනි. නැතහොත් මිණී අඵ වලිනි. ඔවුන් ගැබෙහි සිටින කාලය අද්භුතව සිටිති. නැතහොත් කෙටි වේ. නිසි කලට පෙර කළල රූපය ලෙසින් බිහිවේ. යක්කු රෞද්‍රය. ලේ පිපාසිතය. ලිංගික ආශාවෙන් මැඩෙති. මිනිස් මාංශ අපේක්ෂා කරති. යකුන්ගේ චිත‍්‍ර හා බලි රුප ඔවුන් ඉතා බිහිසුණු සේ දක්වයි. ඔවුන් කඵය. ශරීරය කෙස් වලින් වැසී ඇත. ඇස් එළියට නෙරා ඇත. හිස් විශාලය. නාස්පුඩුවලින් ගිනි පිටවේ. බොල් වූ තොල් පිටට නෙරා ඇත. දිළිසෙන සුදු දළ දෙකක් මුව දෙපසට විහිදී ඇත. කඵ යකා දරුවන් දෙදෙනෙකුගේ හිස් කටින් ඩැහැ ගෙන එම හිස සුන් මළකඳ දෙක දෑතේ ගෙන එයි. යක්කු චපලය. හිතුවක්කාරය. සොරකම් කරති. කපටිකම් කිරිමට සමත්ය ( කැෆ්ෆෙරර්, 2007 : 214 ).",sin,wili-2018,sinhala,sinhala
"Cite the work's title or name (if applicable), if such a thing exists. If the work is being published on the Internet, it is nice to link the name or title directly to the original work.",sin,wili-2018,sinhala,sinhala
පුරාවෘත්තයන්ට අනුව ඒනිස් නම් ත්‍රෙජන් කුමරුවාගෙන් පැවතුණු රෝමියුලස් සහ රිමුස් යන නිවුන් දරුවන් විසින් රෝමයේ ක්‍රි.පු. 753 අප්‍රෙල් 21 වන දින ස්ථාපනය කෙ‍රිනි ඇල්බාන් ලොන්ගාහි ලතින් රාජ්‍යයා වු නියමිටර් ඔහුගේ කෲර සොහොයුරා වු ඇමුලියස් විසින් සිහිසුනෙන් ඉවත් කල අතර නියුමිටර්ගේ දියණිය වු රියා සිල්වියාට දාව රෝමියලුස් සහ රිමුස් උපත ලැබුහ. රියා සිල්වියා වෙස්ටේලියානු කාන්තාවක් වු අතර මාස් විසින් දුෂණය කරනු ලැබ ඒ හේතු කොට නිවුන් දරුවන් අර්ධ දේවත්වයට පත්විය. රෝමියුලස් සහ රිමුස් විසින් ඔවුන්ව නැවත අයත් කර ගන්න යැයි බියට පත් වු නව රජු ඔවුන් දියේ ගිල්විමට කටයුතු සකස් විය. වෘකදේනුවක් විසින් (සමහර වාර්ථා අනුව ගොප්පලකුගේ බිරිදක් විසින් ) ඔවුන් බේරාගෙන ඇති දැඩි කල අතර ඔවුන් නිසි වයසට පැමිණිමෙන් පසු ඇල්බා ලොන්ගාහි ඔවුන්ව නියුමිටර්ට ලබා දුන්හ. නිවුන් සොහොයුරන් විසින් ඉන්පසු ඔවුන්ගේම නගරය බිහිකර අතර රෝමයේ රජකම සදහා දෙදෙනා අතර වු සටනේදි රෝමියලස් විසින් රීමස් ඝාතනය කරන ලදි. ඒ අනුව නගරයෙහි නමෙහි ‍මුලාශ්‍ය වුයේ රෝමියුලස්ය. පුරාවෘත්තයන්ට අනුව නගරයේ කාන්තාවන් නොසිටි හෙයින් ලැටින්වරු උත්සවයක් සදහා සේබයින්වරුන්ට ආරාධනය කල අතර ඔවුන් අතර සිටි අවිවාහක කාන්තාවන් ‍සොරකම් කලහ. එමගින් ලැටින්වරුන් හා සේබයින්වරුන්ගේ ඒකාබද්ධ විමක් සිදු විය.,sin,wili-2018,sinhala,sinhala
"පෙර සේවය කර ඇති, අධ්‍යක්ෂක ජනරාල්වරු වන්නේ, රියර් අද්මිරාල් සරත් වීරසේකර (එම්.ඒ., දර්ශනපති) සහ රියර් අද්මිරාල් ආනන්ද පීරිස් මහතා (RSP, VSV, USP, NDC, පාර්ලිමේන්තු තේරීම් කාරක සභාව, DISS) ය. ආසන්න වශයෙන් සන්නද්ධ සේවා සහ පොලිස් නිලධාරීන් 75ක් වඩා හොඳ පරිපාලනය සඳහා අනුයුක්ත කරන ලදී. සිවිල් ආරක්ෂක දෙපාර්තමේන්තුවේ වත්මන් තුන්වන අධ්‍යක්ෂ ජනරාල් චන්ද්‍රරත්න පල්ලේගම ( MA, BSc (Hons), PgD, JP (All-Island), FCPM, MAAT (SL) ), මහතා ශ්‍රි ලංකා පරිපාලන සේවයේ (SLAS) විශේෂ ශ්‍රේණියේ නිලධාරියෙකි",sin,wili-2018,sinhala,sinhala
ගන්ජි (ගංගා නදිය) ගංගාවට උතුරින් පිහිටි ලිච්චවි රාජධානිය සමග අජාසත්ත රජු යුද වැදීම හේතුව තරමක් වෙනස් වේ. අජාසත්ත රජු සිය අමාත්ය වරයෙකු ලිච්චවි රාජ්‍යයට යවා ලිච්චවි රජ දරුවන්ගේ එක්සත් භාවයට හානි කිරීමට ක්රිජයා කරන ලද බව පෙනේ. සිය ප්‍රහාරය ගංගා නදිය හරහා දියත් කිරීම සදහා අජාසත්ත රජු විසින් පාටලීපුත්රත නගරයේ බලකොටුවක් ඉදි කරවන ලදී. එකිනෙකා හා එකග නොවූ එක්සත්කම බිදී ගිය ලිච්චවි රජදරුවන් බලකොටුව ඉදි කිරීමෙන් පසු පරාජයට පත් විය. අජාසත්ත රජු විසින් නව පන්නයේ ගිනි අවි දෙවර්ගයක් එනම් කැටපොලය හා නවීන යුදටැංකියක් හා සමානව පැද්දෙන යගදාවක් සහිතව වසන ලද අශ්ව කරත්තයක් භාවිතා කළ අයුරු ජෛන පොත්පත් වල සදහන් වේ. පාටලීපුත්ර නගරය වෙළද මධ්යකස්තානයක් ලෙද සකස් වීමට පටන් ගත් අතර අජාසත්ත රජුගේ මරණයෙන් පසු එය මගධ රාජ්‍යයේ අගනුවර බවට පත් විය.,sin,wili-2018,sinhala,sinhala
වලාකුළක සිට පහත් වන අකුණු ධාරාවක් සෘජුවම ළගා වීම.සෘජු ගැටුම ඉතාම අනතුරුදායකය. එවන් පහරකට ලක් වුවන් 10 දෙනෙකුගෙන් 8කටම මාරාන්තික උවදුරු ළගා වන බව කියැවේ. දෙදෙනකු සති කිහිපයක් සාත්තු ලැබිය යුතු ශාරීරික ආපදා වලට භාජනය වේ.,sin,wili-2018,sinhala,sinhala
පළමු වන ලෝක සංග‍්‍රාමය ඇති වූයේ ක‍්‍රි. ව 1914 වන විට යුරෝපයේ ප‍්‍රධාන බලවතුන් විසින් ඇතිකරගෙන තිබු මිත‍්‍ර පිල හා මධ්‍යම බලවතුන්ගේ පිල යන දෙපාර්ශවය අතරයි,sin,wili-2018,sinhala,sinhala
"මෙහිදි මුර්ත ශේෂය යනු ද්‍රවශිල ආකාරයේන් මුදල් අත තබා ගැනිමය.මුර්ත ආදායම වැඩිවන විට ද්‍රව ශිලතාවයත් වැඩි වේ.මුදල් ඉල්ලුම හා මුර්ත ආදායම අතර අනුලෝම සබදතාවයක් ඇත.පොලිය වැඩිවන විට ද්‍රවශිලතාවය අඩු වේ.එවිට වැඩි පොලි ආදායමක් ඉපයිමට හැකියාව ඇත.මුදල් ඉල්ලුම හා පොලිය අතර ප්‍රතිලෝම සම්බන්දතාවයක් පවති. නාමික මුදල් සැපයුම ඉහළ දමන විට මුල් අවස්ථාවේ මිළ වෙනස් නොවේ.මුර්ත මුදල් සැපයුම වැඩිවේ.මෙහි දි මුදල් ඉල්ලුම නොවෙනස්ව හා වෙළඳ පොළ අසම තුලිත තාවයක් පවති.මෙහි දි පොළිය වෙනස් වේ.මුදලේ මිල/පොලිය පහළ යයි,ආයෝජනය,පරිභෝජනය ඉහළ යන විට සමස්ත ඉහළ යයි.එවිට මිළත් ඉහළ යයි.ශ්‍රම ඉල්ලුම වැටුප් ඉහළ යයි එවිට නිශ්පාදන පිරිවැය ඉහළ යන විට මිළත් ඉහළ යයි.",sin,wili-2018,sinhala,sinhala
"මෙය ඉන්දියානු සංගීත භාණ්ඩකි. ශාස්ත්‍රීය සංගීතය සදහා යොදා ගැනේ. ශ්‍රැති පිහිටුවා ගැනීම හා අදාල රාග , ස්වර මත සුසර කරගැනීමට සහය වාද්‍ය භාණ්ඩයක් වශයෙන් උපකාරී වෙයි. ස්වරූපයෙන් මෙය සාන්තූරයට සමානය. ""මත්තකෝකිල වීණා"" යනුවෙන්ද හඳුන්වයි.",sin,wili-2018,sinhala,sinhala
"ක්‍රිපූ. 3 වන සියවසේ පමණ සිට, රජ වංශිකයන් වූ චෝළ , චෞර , පන්ධ්‍යන් පැරණි දමිළ දේශයේ බලය ලබා ගැනීම සදහා නැගී සිටියෝ ය.එම සැම වංශිකයන්ට දමිළ බස භාවිතා වන ප්‍රාන්තයක් තුළ ඔවුන්ගේම රාජධානියක් පැවතුනි. පුරාතන සාහිත්‍ය හා ශිලාලේඛන වල සඳහන් පරිදි මධ්‍යම තමිල්නාඩුවේ විශාල ප්‍රදේශයක් ප්‍රාදේශීය නායකයන්ගේ එකමුතුවෙන් පාලනය කරන ලදී. මෙම ප්‍රාදේශීය නායකයන් හා රජුන් අතර සටන් සුලබ දසුනක් විය. එසේම ඔවුන් අතීත ශ්‍රිලංකාව සමගද ගැටුම් ඇතිකර ගත්හ. මෙවැනි බොහොමයක් යුද්ධයන්ගේ අරමුණ වුයේ ගැටුම්කාරී ප්‍රදේශයන් යටත් කර ගැනීම හෝ තම භූමියට ඈදා ගැනීමටත් වඩා තම ආධිපත්‍ය තහවුරුකර ගැනීම හා රට වැසියාගේ ගෞරවය දිනාගැනීමය . කෙසේ නමුත් රජුන් හා ප්‍රාදේශීය නායකයින් කලාව හා එකල පැවතුණ සුවිශේෂී සාහිත්‍ය සදහා අනුග්‍රාහකයෝ වුහ. එසේම මෙම පුරාතන යුගයේ දී සංස්කෘතික ක්‍රියාකාරකම් සුවිශේෂී කොට සලකනු ලැබූ බව දමිළ සාහිත්‍ය මගින් පෙන්නුම් කරයි.",sin,wili-2018,sinhala,sinhala
"මිනිසුන්ගේ නිවාස වල වුයේ ඉතා කුඩා ලී බඩු ප්‍රමාණයකි. ඒවා අතර පුටු, මේස හා කවිච්චි විය. අෂර්බානිපල් තම කවිච්චියේ හාන්සි වී ආහාර ගත් අතර ඔහුගේ බිරිද ඔහුට පසෙකින් තිබු පුටුවක වාඩි වී සිටි බව කියවේ.",sin,wili-2018,sinhala,sinhala
"ඊශ්වර දෙවියන් විසින් මවන ලද්දක් යැයි විශ්වාස කරන නිසාද සරස්වතී දේවිය දෝතින් දරා සිටිනා වාද්‍ය භාණ්ඩයක් වන නිසාද හින්දූහූ වීණාව පූජනීය වස්තුවක් ලෙස සලකති. ඉන්දියාවේ පළමුවෙන්ම නිර්මාණය කරන ලද වාද්‍ය භාණ්ඩය ලෙසද සැලකේ. මුල්කාලීන වීණාවල පර්දා නොතිබිණි. එහෙත් වත්මන් වීණාවල පර්දා තිබේ.ධ්වනි මංජුසා හෙවත් තුද්බා දෙකක්ද සහිතය. ඉන්දියාවේ වීණා වර්ග කිහිපයක්ම භාවිත වේ. උතුරු ඉන්දියාවේ භාවිතා වන වීණාව හදුන්වන්නේ ""බීන්"" නමිනි.",sin,wili-2018,sinhala,sinhala
"පයිතගෝරියානුවන් විසින් ඉත සංඛ්‍යාවන් දැන සිටි අතර, ඒවා වෙත ගුප්ත ගුණාංග ඇති බවට ඔවුහූ බැර තැබූහ. වසර 850 පමණදී, ඉරාක ගණිතඥ තාබිත් ඉබ්න් කොර්රා (826–901) විසින් මෙම සංඛ්‍යා අතරින් සමහරක් ව්‍යුත්පන්න කල හැකි පොදු පූත්‍රයක් සොයා ගන්නා ලදි. ඉත සංඛ්‍යා පිළිබඳ අධ්‍යයනය කල අනෙකුත් අරාබි ගණිතඥයින් වන්නේ, අල්-මජිරිටි (මරණය 1007), අල්-බැග්දාදි (980–1037) සහ, අල්-ෆාරිසී (1260–1320) යන අයයි. ඉරාන ගණිතඥ මුහම්මද් බාකිර් යස්දි (16වන සියවස) විසින් (9363584, 9437056) යුගලය සොයාගන්නා ලද අතර, බොහෝ විටෙක ඩෙකාර්ට් වෙත මෙය ආරෝපිත කෙරෙයි. මෙම විෂය ක්ෂේත්‍රය පිළිබඳ පෙරදිග ගණිතඥයන්ගේ කර්තව්‍යයන් බොහෝමයක් මතකයෙන් ගිලිහි ගොස් තිබුණි.",sin,wili-2018,sinhala,sinhala
"සැපයුම් අංශයේ තවත් එක් උද්ධමනකාරී සාධකයකි.මෙය ශ්‍රමිකයන් වැටුප් රේටයන් වැඩි කරගැනීමට ක්‍රියාකරන සේම සමහර ඒකාධිකාරී හා කතිපයාධිකාරී ආයතන පිරිවැය වැඩිවනවාට වඩා වැඩි වේගයකින්,මිල වැඩි කරගැනීමට උත්සාහ කරයි.පොදු වැටුප් උද්ධමනයක් සදහා සංවිධිත වෘත්තීය සමිති පැවතිය යුතු සේම ලාභයෙන් තල්ලුවු උද්ධමනයක් ඇති වීම සදහා අසම්පුර්ණ වෙළදපලවල් පැවතීම අත්‍යවශ්‍ය වේ.ගැනුම්කරැවන්ගේ හා විකුණුම්කරැවන්වගේ තරගයක් තුලින් මිල තීරණය වීමකදී,විකුණුම්කරුට මිල ඉහල දැමීමේ අවස්ථාවක් උදා නොවේ.නමුත් බොහෝ භාණ්ඩවලට මෙවැනි පුර්ණ තරඟයක් ඇති නොවේ.එහිදී මිල තීරණය කරීම සිදු කරනුයේ විකුණුම්කරු විසිනි.මෙවැනි ‍වෙළ‍දපල තත්වයක් පවතින රටක,විකුණුම්කරැවන් විසින් පිරිවැය ඉහල යන වේගයට වඩා වැඩියෙන් මිල ඉහල දමා,අධික ලාභයක් ඉපයීමට උත්සුක වේ.එහිදී ලාභයෙන් තල්ලුවු උද්ධමනයක් ඇති වේ.",sin,wili-2018,sinhala,sinhala
"මෙම ක්‍රමය වඩාත් සංකිර්ණ ක්‍රමයකි. මෙම අංශුමය ක්‍රමය, භෞතික ක්‍රමය එක් පියවරක් ඉදිරියට ගෙන යාමකි. මෙහිදි සලකනු ලබන්නේ අංශු ජාලයක් එකිනෙක සමග ඍජුවම අන්තර් ක්‍රියා කරයි. එනම්, අංශ්‍ර අතර දුනු වෙනුවට අංශු අතර ශක්ති හුවමාරැව යොදා ගෙන රෙද්දෙහි හැඩය නිහ්චය කර ගනි. මේ සදහා පහත සදහන් අයුරැ ශක්ති සමිකරණය යොදා ගනි.",sin,wili-2018,sinhala,sinhala
"ක්‍රි.පූ. 300 අවට, යැන් රාජ්‍යය සමග යුද්ධයෙන් පසුව ගෝජොසොන් රාජ්‍යයට එහි වටිනා බටහිර ප්‍රදේශය අහිමි විය. නමුත් මෙමගින් පෙනෙන්නේ ගෝජොසොන් රාජ්‍යය යැන් සමග යුධ වැදීමට තරම් විශාල ප්‍රබල රාජ්‍යයක් වන්නට ඇති බවයි. මෙම කාලය අවට ගෝජොසොන් එහි අගනුවර ප්යොංග්යෑං ප්‍රදේශය වෙත යළි ගෙනයන්නට ඇති බැව්‍ පෙනේ.",sin,wili-2018,sinhala,sinhala
"වයස අවුරුදු දහසය අවුරුදු කුමරිය රැජින, ඇගේ මව පවසා ඇත්තේ, මෙම මෝර්ඩු තම ඉඩම් අසල පිටවන. කැලෑවේ මායාකාරී කේක් කරයි කුමරියගේ මව මවක් බවට පත්වේ, ද රජ වෙනුවට ඇය දඩයම් කිරීම අරඹයි මෝර්ඩු. කුමරිය ඇගේ මව වෙනුවෙන් ඇගේ ජීවිතය පූජා කළාය, ඇයට කන්න දුන්නේ නැති නිසා ඇයට දුර්වල වූ නිසා, ඇය පැරණි එකට ආපසු යන්නේ.",sin,wili-2018,sinhala,sinhala
ශාස්ත්‍රීය සංගීතයේදීත් සරල සංගීතයේදීත් භාවිත කෙරේ. ඉන්දීය සම්භවයක් ඇති මෙම සංගීත භාණ්ඩ ඉන්දීය ශාස්ත්‍රීය සංගීතය ‍මෙරටට පැමිණිමෙන් පසුව ප්‍රචලිත වූවකි. සිතාරයේ හැඩය ඌද් නමැති පර්සියානු වාද්‍ය භාණ්ඩයට සමාන බව පැවසේ. සිතාරයේ බද මත පිහිටුවා ඇති පර්දා එහාට මෙහාට සැකසීමෙන් වාදකයාට කැමති පරිදි වාදනය කළ හැකිය. දබරැගිල්ලේ පලදින මිස්රාබ් නම් මුදුවක් වානි ආධාරකයෙන් තත් පම්පනය කරවයි.,sin,wili-2018,sinhala,sinhala
"කාර්මික ආසවනය is typically performed in large, vertical cylindrical columns known as ""distillation or fractionation towers"" or ""distillation columns"" with diameters ranging from about 65 centimetres to 6 metres and heights ranging from about 6 metres to 60 metres or more. The distillation towers have liquid outlets at intervals up the column which allow for the withdrawal of different fractions or products having different boiling points or boiling ranges. By increasing the temperature of the product inside the columns, the different hydrocarbons are separated. The ""lightest"" products (those with the lowest boiling point) exit from the top of the columns and the ""heaviest"" products (those with the highest boiling point) exit from the bottom of the column.",sin,wili-2018,sinhala,sinhala
"එහි දී m හා b නියතයන් (පරාමිතික) බවට පත් වී ඇත. ඒකජ යන්නට යොදන ""linear"" (සරල රේඛීය) යන වචනය සෑදී ඇත්තේ ද ඒකජ සමීකරණයක පිළිතුරු ලෙස ලැබෙන අගයන් තලයක ඇඳි විට සරල රේඛාවක් ලැබෙන බැවිනි. මෙම ව්‍යක්තික සමීකරණයේ දී, m නියතය මගින් රේඛාවේ අනුක්‍රමණය තීරණය වන අතර b නියත පදය මගින් රේඛාව y-අක්ෂය ඡේදනය කරන ලක්ෂ්‍යය හෙවත් අන්තඃඛණ්ඩය තීරණය වේ.",sin,wili-2018,sinhala,sinhala
"වනාන්තරයට සිදුකරන බාධා කිරීම් යනු වනයේ සැලැස්ම හා සංයුතිය වෙනස් කරන එක්තරා ආකාරයකි. එම ආකාර වලට කැළෑ ගිනි තැබීමි, ගංවතුර, සුළග හෝ භූමි කමිපා හෝ කෘමින්, වෙනත් රෝග නිසා සිදුවන මියයාම් අදාළ වේ. මෙය මිනිසුන්ගේ ක්‍රියාකාරකමි නිසා ද සිදුවිය හැක. උදාහරණ ලෙස වනාන්තරයෙන් දැව ලබා ගැනීම ගත හැක.",sin,wili-2018,sinhala,sinhala
"1995 වසරේ දී කුලියාපිටිය ආසනයේ ජාතික යොවුන් පෙරමුණේ සභාපතිවරයා ලෙසින් තේරී පත්වන අකිල විරාජ් කාරියවසම්, 1996 වසරේ දී යොවුන් පෙරමුණු කුරුණෑගල දිස්ත‍්‍රික් සභාපති ධූරයටත්, ඉන් අනතුරුව ජාතික යොවුන් පෙරමුණේ කෘත්‍යාධිකාරී මණ්ඩලයේ සාමාජිකයෙකු ලෙසත් පත්විය. 2003 වසරේ දී පඬුවස්නුවර එක්සත් ජාතික පක්ෂ සංවිධායක ධුරයට තේරී පත්වන ඔහු 2004 පාර්ලිමේන්තු මැතිවරණයේ දී මනාප ඡන්ද 83,114ක් ලබාගෙන කුරුණෑගල මනාප ලයිස්තුවේ තුන්වැනි තැන හිමි කර ගනිමින් පාර්ලිමේන්තුවට තේරී පත්විය.",sin,wili-2018,sinhala,sinhala
සොං රාජවංශය (960–1279) යනු පංච රාජවංශ සහ දස රාජධානි යුගය (907–960) ලෙස හඳුන්වන යුගයෙහි අනුප්‍රාප්තික සහ යුවාන් රාජවංශයේ (1271–1368) පූර්වප්‍රාප්තික චීන අධිරාජකීය රාජවංශයයි. 1279දී යුවාන් රාජවංශය විසින් සොං රාජවංශය යටත් කරගන්නා ලදී. උතුරු සොං රාජවංශය (960–1127) සහ දකුණු සොං රාජවංශ (1127–1279) ලෙස සම්මුතික බෙදීම නිර්මාණය වූයේ 1127දී ජින් රාජවංශය (1115–1234) විසින් උතුරු චීන දේශසීමාව යටත් කරගැනීම නිසායි. අනතුරුව උතුරේ බියෑන්ජිංහි (වර්තමාන කායිෆෙං) වූ අගනුවර දකුණේ ලින්’අන් (වර්තමාන හැංචෞ) වෙත ගෙනයන ලදී.,sin,wili-2018,sinhala,sinhala
"මෙය ඒකල වාදනයට ඉතා උචිතය. ශාස්ත්‍රීය සංගීතයේදී බෙහෙවින් භාවිත වෙයි. මෙය ඉන්දියාවෙන් බිහි වූ වාද්‍ය භාණ්ඩයක් ලෙස සැලකේ. හැඩයෙන් රබාබ් නම් වාද්‍ය භාණ්ඩයට තරමක් සමානය. මෙහි තත් සතරකි. අනු තත් දොළහකි. ප්‍රධාන තත් සතර මැදින් ඇති තත්යුගලය පිත්තලින් නිමවා ඇත. තුන් හුලස් ලී කැබැල්ලක් හෝ අං කැබැල්ලක් මගින් මෙය වාදනය කරනු ලබයි. ස්වර වීණා, සූර් සිංගාර් ආදී වාද්‍ය භාණ්ඩද අයත් වන්නේ සරෝද් වාද්‍ය භාණ්ඩ පවුලටය.",sin,wili-2018,sinhala,sinhala
මෙම රාජ වංශය ආරම්භ වුයේ ක්‍රි.පු. 185 දී වන අතර ඒ වන විට අශෝක රජුගේ මරණයෙන් වසර 50 ක් පමණ ගත වී තිබුනි. මෙම රාජ වංශය ආරම්භ කරන ලද්දේ එවකට මෞර්ය හමුදාවේ නායකයාව සිටි පුස්‍ය මිත්‍ර සුංගා විසිනි. පාලන බලය ලබා ගැනීම සදහා ඔහු විසින් එවකට රජුව සිටි බ්‍රිහාඩ්‍රත රජු හමුදා ආචාර දැක්වුම් අවස්ථාවකදී මරාදමන ලදී. මෙම රජු මෞර්ය රාජ වංශයට අයත් අවසාන රජුවේ. ඔහුගේ මරණයත් සමග පුස්‍ය මිත්‍ර සුංගා රජු බවට පත්විය.,sin,wili-2018,sinhala,sinhala
"බ්‍රසීලය එරෙහි ජර්මනිය යනු, එම වසරෙහි ෆීෆා ලෝක කුසලාන තරගාවලියෙහි පළමු අර්ධ-අවසාන තරගය ලෙසින්, බ්‍රසීලයෙහි, බේලො හොරිසෝන්ටෙ නගරයෙහි, එස්ටාඩියෝ මිනේරෝ ක්‍රීඩාංගණයෙහිදී, 2014 ජූලි 8 දිනදී පැවති පාපන්දු තරගය වෙයි. මෙම අදියර වන විට කණ්ඩායම් දෙකම තරගාවලියෙහි අපරාජිතව සිටියහ. තරගය අවසන් වූයේ බ්‍රසීලය] සඳහා සංවේගය ඉපදවූ පරාජයක් අත් කර දෙමිනි; ජර්මනිය අඩ-කාලයේදී 5–0 ලෙසින් ඉදිරියෙන් සිටි අතර, ඔවුන් අවසානයේදී 7–1 ලෙසින් ජය ගත්හ. ජර්මනියේ ටෝනි කෲස් තරගයේ වීරයා ලෙසින් තෝරා ගැනිණි. මෙක්සිකානු තරග විනිසුරු මාර්කෝ රොද්‍රීගස් නායකත්වය ගත් කොන්කකැෆ් නිලධාරින් විසින් මෙම තරගය පරිපාලනය කරන ලදි.",sin,wili-2018,sinhala,sinhala
"මුල්කාලීන සංකල්ප ලේඛයන්ගෙන් මෙහි රටාවන් ආභාසය ලබන්නට ඇතැයි සැලකේ. ජ්‍යාමිතික රටා, ශාක, සතුන් පිළිබඳ මෝස්තර සහ ස්වාභාවික සැරසිලි ප්‍රධාන මෝස්තර ආකාර සතර වේ. ජ්‍යාමිතික මෝස්තර අතරට, ත්‍රිකෝණ, සමචතුරස්‍ර, රුවිත හැඩ, අක්වක් හැඩ,දැලිස් හැඩ, සර්පිල, දැති රටා, වෘත්ත සහ ඒක කේන්ද්‍රීය වලයන් අයත් වේ. ශිලා යුගයට අයත් ගල් කැටයම්වල අන්තර්ගත සත්ත්ව රූ මගින් ආහාර රැස් කිරීමේ ක්‍රියාකාරකම් නිරූපණය වේ යැයි සිතිය හැක. මෙම රටාවන් විහාර සහ ආශ්‍රමවල ද්වාර, වස්ත්‍ර, දැව භාණ්ඩ සහ අවාන් හා හැඳි වැනි උපකරණවල දැකගත හැක.",sin,wili-2018,sinhala,sinhala
"ක්‍රි.පූ. 5වන සියවස අවට, ශෛලමය සුසානභූමි තුළින් මෙන්ම ගෘහස්ථ පාත්‍ර සහ සරාවල ඔප දැමූ රතු ස්වභාවයක් දැකගත හැක. මේවා යකඩවලින් පොහොසත් මැටි වර්ගයකින් තනා ඇති අතර, ඒවායේ සිනිඳු ඔපවත් ස්වභාවයක් දැකගත හැක.",sin,wili-2018,sinhala,sinhala
"ජේම්ස් ඇඩම්ස් 32 ,උගස් බ්‍රෝකර් කෙනෙකි. පීටර්ස් බරෝග් හි නිවසේ සිට ලන්ඩනයට කිංග්ස් ක්‍රොස් හරහා ගමන් කරමින් සිටියේය. එහිදි ඔහු තම මවට කථා කළේය.",sin,wili-2018,sinhala,sinhala
"මධ්‍යකාලීන චෝළ යුගයට පෙර ශ්‍රී ලංකාවේ විසූ දෙමළ ජනතාවගේ හමුවීම පිළිබඳ පොදු විද්වත් එකඟතාවත් ඇත[තහවුරු කරන්න]. එක් න්‍යායක් අනුව ක්‍රි.ව 10 වන සියවසේ දකුණු ඉන්දියාව වෙතින් එල්ල වූ ආක්‍රමණයන්ට පෙර ශ්‍රිලංකාවේ ක්‍රමවත් දෙමළ නියෝජනයක් නොතිබූ බවත්, තවත් න්‍යායකට අනුව දෙමළ ජනයා ලංකා දිවයිනේ මුල් ආදිවාසීන් බව ට පිළිගැනීමක් ඇත[තහවුරු කරන්න]. නමුදු අනෙක් සංස්කෘතික විසරණ න්‍යාය අනුව දමිළ භාෂාව ඉන්දියානු අර්ධද්වීපයේ සිට අනෙකුත් මධ්‍ය ශිලා (Mesolithic)යුගයේ ජනයා අතර විහිදීම ක්‍රිස්තියානු සමයටත් සියවස් ගණනාවකට පෙර සිට සිදුවී ඇත.",sin,wili-2018,sinhala,sinhala
1960 දී ශ්‍රීලංකාව හා ඉන්දියාව අතර අත්සන් කරන ලද ගිවිසුමේ වගන්ති ප්‍රකාරව 40% වූ ඉන්දීය දමිළ ජනයාට ඉන්දියානු දෙමළ ජනයා මධ්‍යම කදුකරයේ ජිවත් වෙයි. ඉතිහාස සාධකයන්ට අනුව එකිනෙකට ප්‍රභින්න වූ ජන කොට්ඨාසයන් දෙකක් සේ පිළිබිඹු වුවද 1980 සිට ඔවුනොවුන් අතර කැපී පෙනෙන එකමුතු බවක් වර්ධනය වන්නට විය. ශ්‍රිලාංකීය පුරවැසිභාවය පිරිනමන ලද ශේෂ ජනයා තම මවුබිම වූ ඉන්දියාවට පමුණුවන ලදී.1990 වන විට ශ්‍රිලංකාවේ වෙසෙන බොහෝ ඉන්දියානු දමිළ ජනයාට ශ්‍රිලාංකීය පුරවැසිභාවය හිමිවුනි.,sin,wili-2018,sinhala,sinhala
"එවෙලේ එක ගඩොල් පෙලක් බැඳ අවසන් කිරීමට එක ගඩොල් කැටයක් මදි වී තිබුණි. එහි ගිය සිටු දුව ""මේ ගඩොල් කැටය තබා බඳින්නට"" යැයි පැවසීය. ඉන්පසු සිටූ දූ තමන් විසින්ම ඒ රන් ගඩොල් කැටය චෛත්‍යයේ තබා බදාමද යොදා, මානෙල් මල් පුදා වැඳ ""මේ පිනෙන් උපනූපන් ජාතියේ මාගේ කයින් සඳුන් මල් සුවඳත්, මුව්න් මානෙල් මල් සුවඳත් විහිදේවා"" යි පැතීය.",sin,wili-2018,sinhala,sinhala
"Tregedy යන ඉංග්‍රීසි වදන බිහි වී ඇති τραγοιδία යන වදන ග්‍රීක වචන දෙකක සංයුක්ත වදනකි. ඒවා නම් ලෑටි ගෑමට සම්බන්ධ එළුවා යන ‍ෙත්රුම ඇති τράγος යන වදන හා ගීත ගැයීමට සම්බන්ධ ගීතය යන තේරුම ඇති ῳδή යන වදනයි. මෙමඟින් අතිශය දුලබ පෞරාණික පරාවර්තනය වන එළු මිනිසා ගීතය බිලි දෙනවා යන්න විස්තර කරයි. අඩුම තරමින් එමඟින් පුරාතන ඩයොනයිසියානු සංස්කෘතීන්වල ක්‍රියාවන් නිරූපණය කරයි. එසේ නමුත් මෙම පහසුකම් චාරිත්‍ර ශෝකාන්ත හා හාස්‍ය නාට්‍යවලට පදනම වූයේ කෙසේද යන්න ස්ථිර බවකින් යුතුව පැහැදිලි කිරීම කළ නොහැක්කක් විය. එමෙන්ම හෙලිනිස්ථික යුගය තෙක් වූ සියළු ශෝකාන්ත ඩයොනයිසස් දෙවියාට ගෞරව පිණිස ලියන ලද ස්වාධීන කොටස් වූ අතර එම නිසා වර්තමානයේ දී අපට ඉතිරිව ඇත්තේ පැරණි ශෝකාන්තා නැවත නැවත රඟ දැක්වීම විලාසිතාවක් බවට පත් වීම හේතුවෙන් නැවත රඟ දැක් වූ නිසා අපේ මතකයේ පවතින කොටස් කොටස් පමණි. එය නියම, එක්වරක් රඟ දැක්වූ ශෝකාන්තයට පහල බැස්මක් සේ සැලකුණි.",sin,wili-2018,sinhala,sinhala
ක්‍රි.පු. 2 වන සියවසේ මුල් කාලයේ දී රජරට රාජධානියේ අගනුවර වූ අනුරාධපුර හා දිවයිනේ අනෙකුත් ප්‍රදේශ වල දමිළ හෝ ද්‍රවිඩ යනුවෙන් හදුන්වාදෙනු ලැබූ ජනයා ජිවත් වූ බව පුරාවිද්‍යාලේඛන සාධක අනුව හෙළිදරව් වේ[තහවුරු කරන්න]. ඉතිහාසමය වාර්තා [තහවුරු කරන්න]සනාථ කරන පරිදි වර්තමාන ඉන්දියානු දේශයේ පැවතියා වූ දෙමළ රාජධානි ක්‍රි.පු. 2 වන සියවසේ පමණ සිට ලංකා දිවයින හා එහි කටයුතු සම්බන්ධව ඉතා සමීපව කටයුතු කර ඇත. ක්‍රි.පු. 145 දී සිදුවූ එළාර ආක්‍රමණය වැනි වාර්ගික දමිළ වික්‍රමිකයින් පිළිබඳ සිංහල මහාවංශයේද සදහන්ව ඇත. එමෙන්ම 7වන හා 11 වන සියවස අතරතුරදී ප්‍රාදේශීය නායකයින් හා රජුන් ඔවුන්ගේ නිත්‍යනුකුලභාවය ස්ථාපනය බලය රැකගැනීම උදෙසා දකුණු ඉන්දියාවේ සිට දමිළ සොල්දාදුවන් විශාල වශයෙන් අනුරාධපුර වෙත රැගෙන එන ලදී. ක්‍රි.ව. 8 වන සියවස වන විට ක්‍රමයෙන් දෙමළ ගම බිම් ස්ථාපිත වූ අතර පොදුවේ ඒවා දෙමළ- කැබැල්ල (Tamil-allotment) නම් විය.,sin,wili-2018,sinhala,sinhala
නයිට්‍රික් අම්ල සාන්ද්‍රණය වැඩි විට කාබනික කලාපය තුළට නිස්සාරණය වැඩිවන අතර නයිට්‍රික් අම්ල සාන්ද්‍රණය අඩු වන විට නිස්සාරණය ප්‍රත්‍යාවර්ත වේ. නයිට්‍රික් අම්ල‍ෙය් භාවිත ඉන්ධන දියකර අද්‍රාව්‍ය ද්‍රව්‍ය ඉවත් කර ඉතා ක්‍රියාකාරී ද්‍රවයෙන් යුරේනියම් හා ප්ලූටෝනීයම් නිස්සාරණය කරගනු ලැබේ. ඉන්පසු නිස්සාරිත කාබනික කලාපයෙන් වැඩිමනත් යුරේනියම් හා ප්ලූටෝනියම් හා විඛණ්ඩන ඵල ස්වල්පයක් පමණක් අඩංගු මාධ්‍යට ක්‍රියාකාරී ද්‍රවවයක් තනා ගනු ලැබේ. ඉන්පසු මෙම ජලීය ද්‍රාවණය නැවත ට්‍රයිබිවුටයිල් පොස්පේට් / හයිඩ්‍රොකාබන මගින් නව කාබනික කලාපයක් සාදමින් නැවත නිස්සාරණය කරනු ලැබේ. ඉන්පසු ලෝහ දරා සිටින කාබනික කලාපය කෙමෙන් කෙමෙන් ලෝහය ඉවත් කරමින් යුරේනියම් හා ප්ලූවොරීන් පමණක් අඩංගු ජලීය ද්‍රාවණයක් සාදනු ලැබේ. නිස්සාරණයේ අදියර 2 ක් යොදා ගන්නේ ඇක්ටිනයිඩ ඵලවල සංශුද්ධතාව වැඩි දියුණු කිරීම සදහාය. පළමු නිස්සාරණයට යොදාගන්නා කාබනික කලාපය විශාල විකිරණ ප්‍රමාණයකට නිරාවරණය වේ. විකිරණ මගින් ට්‍රයිබිවුටයිල් පොස්ෆේට් ඩයිබියුටයිල් හයිඩ්‍රජන් පොස්ෆේට් බවට පත් විය හැක. ඩයිබියුටයිල් හයිඩ්‍රජන් පොස්පේට් නිසා පද්ධතිය වඩාත් සංකීර්ණ ආකාරයට ක්‍රියාත්මක විය හැක. මන්ද යත් එමගින් ලෝහ නිස්සාරණය කරන්නේ අයන හුවමාරු යාන්ත්‍රණයක් හරහාය. (අඩු අම්ල සාන්ද්‍රණ නිස්සාරණ ප්‍රමාණය වැඩිවේ) ඩයිබියුටයිල් හයිඩ්‍රජන් පොස්පේට්හි බලපෑම අඩු කිරීමට සාමාන්‍යයෙන් කරන්නේ භාවිතා කරන ලද කාබනික ස්ථරය සෝඩියම් කා‍බනේට් මගින් සේදීමයි.,sin,wili-2018,sinhala,sinhala
සම්මා සම්බුදුරජාණන් වහන්සේ නමකට පමණක් පිහිටන දෙතිස් මහා පුරුෂ ලක්‍ෂණ වලින් හතක් උන්වහන්සේටද පිහිටා තිබුණි. එසේම උන්වහන්සේ රූපයෙන් ගෞතම බුදුරජාණන් වහන්සේට බෝහෝ සෙයින් සමාන විය. එබැවින් සමහර අවස්ථාවන්හි දී ජනයා බුදුරජාණන් වහන්සේ යැයි වරදවා වටහාගෙන උන්වහන්සේට දන් පිළිගැන්වූ අවස්ථා තිබුණි.,sin,wili-2018,sinhala,sinhala
"එකල්හි බුදුරජාණන් වහන්සේ ""කාශ්‍යපය, මා විසින් මේ සිවුර ගත් දිනයේදී මහ පොළොව කම්පා විය. මේ සිවුර මඳ ගුණැතියෙකු හට නම් පරිභෝග කළ නොහැක. මෙය පිළිගන්නට හැක්කේ පිළිවෙත් කිරීමට සමත් පාංශුකූලික භික්ෂූන් වහන්සේ නමක් පමණියි"" කියා තෙරුන් වහන්සේ සමඟ සිවුරු මාරු කර ගත් සේක. එකෙණෙහිම මහ පොළොව යලිත් කම්පිත විය.",sin,wili-2018,sinhala,sinhala
ඉන්පසු උන්වහන්සේ අජාසත් රජතුමාගේ රාජ අනුග්‍රහය මත රජගහ නුවර වේහාර පර්වතයේ සප්තපණ්ණී ගුහාවේ පන්සියයක් රහතන් වහන්සේලාගේ සහභාගීත්වයෙන් ප්‍රථම ධර්ම සංගායනාව පැවැත්වීය.,sin,wili-2018,sinhala,sinhala
"කායානුපස්සනා කර්මස්ථානයේ හඳුනාගත යුතු කොටස් කිහිපයකි. 1. ආනාපානසති, 2. ඉරියාපථ, 3. චතුසම්පජඤ්ඤ, 4. ධාතුමනසිකාරය, 5. කායගතාසති, 6. නව සිවතික වශයෙනි.",sin,wili-2018,sinhala,pali
"අප උපතේ සිට මරණය දක්වා කරන බොහෝ ක්‍රියා ඇත. කුමන ක්‍රියාවක් සිදු කළ ද ඒ කිසිවක් භාවනාවක් නොවී ය. ඉරියාපථ භාවනාව යනු ඇවිදීම, හිඳීම, සයනය, ආහාර ගැනීම, වැසිකිළි කැසිකිළි යෑම ආදී සියලු ක්‍රියා සිහියෙන් යුතුව කිරීමය. එනම් යෝනිසෝමනසිකාරයෙන් සිදුකිරීම වන්නේ ය. මෙම ‘ඉරියාපථ’, එනම් ඉරියව් වල පැවැත්ම පිළිබඳ සිහිය යොමු කිරීමෙන් බලාපොරොත්තු වන්නේ සත්ව පුද්ගල ආත්ම වශයෙන් තමා යැයි සිතින් අල්වා ගත් අල්වා ගැනීම මිථ්‍යාවක් හා මුලාවක් යන දෘෂ්ටිය ප්‍රහාණය කිරීම ය. පුද්ගලයා විසින් ඇති කරගන්නා වූ අවිද්‍යාව නිසා සත්ව පුද්ගල සංඥාව මුල්කරගෙන මම මාගේ යැයි දෘෂ්ටියක බැසගෙන වාසය කරයි. එම අවිද්‍යා සහගත සංඥාව නිසා මම යැයි පුද්ගලයෙකු ඇත. මම යැයි පුද්ගලයෙකු ගමන් කරයි. ආදී වශයෙන් දෘෂ්ටියක් සැකසී ඇත. මෙම ඉරියාපථ කොටස මනාකොට ප්‍රගුණ කරන ලද යෝගියාට වැටහෙනුයේ මම හිඳිමි, වශයෙන් හෝ මම ගමන් කරමි යන්න වායෝ ධාතුවෙහි පැතිරීම මුල්කරගෙන සිදු වූ ක්‍රියාවක් මිස, ගමන් ගන්නා හෝ සිටින සත්වයකු පුද්ගලයකු ලෙස ගත නොහැකි බව අවබෝධයට පැමිණීමය. මේ ආකාරයෙන් ඉඳීම්, හිටීම්, ගමන් කිරීම්, සයනය, ආදී සතර ඉරියව් කෙරෙහිම යෝනිසෝ මණසිකාරය දියුණු කිරීම ඉරියාපථ භාවනාව යැයි දත යුතු ය.",sin,wili-2018,sinhala,sinhala
පහත දැක්වෙන්නේ විශ්වයේ බහුලතම සාමාන්‍ය පදාර්ථයට අයත් මූලද්‍රව්‍ය 10 වේ. මූලද්‍රව්‍ය ඉදිරියෙන් එහි සුලභත්වය මිලියනයට කොටස් (PPm ) ඇසුරෙන් දක්වා ඇත.,sin,wili-2018,sinhala,sinhala
"පවර්: හරියටම. එය සිදු වුනා. අද උදේ නමය හමාරට පමණ. අපි එය සැලසුම් කළේ එක්තරා සමාගමක් සඳහා. එක් නිශ්චිත කාරණයක් නිසා මම ඔවුන්ගේ නම් සඳහන් කරන්නේ නෑ. ඒත් ඔවුන් අහගෙන ඉන්නවා. ඔවුන් එය දැන ගනීවි. අපට කාමරයක් පුරාම හිටියා. අවදානම් අවස්ථාවලට මුහුණ පෑමට කළමණාකරුවන්. පළමු වතාවට ඔවුන් මූන ගැසී තිබුනා. ඉතින් මිනිත්තු පහක් ඇතුලත අපි ඉක්මන් තීරණයක් ගත්තා. ""මෙය තමා නියම එක"" ඉතින් අපි පිටත් වුනා. අපි ක්‍රියාකාරී ආපදා කළමණාකරන ක්‍රියා පිළිවෙල ක්‍රියාත්මක කිරීමේ නිවැරදි සරඹ කරමින් පිටත් වුනා.",sin,wili-2018,sinhala,sinhala
එහෙත් වායුගෝලයේ ඉහළට යනවිට පීඩනයේ අඩු වීම නිසා බිඳවැටිම් විද්‍යුත් ක්ෂේත්‍රයේ අගය ක්‍රමයෙන් අඩුවේ. වියළි වාතයේදී ට වඩා ජලවාෂ්ප සහිත වාතයේ සන්නායකතාව හෙවත් විදුලිය ගලා යාමේ හැකියාව (Conductivity) වැඩිය.,sin,wili-2018,sinhala,sinhala
"ක්‍රිපූ 338 වසර යනු, ප්‍රාග්-ජූලියන් රෝමානු දින දසුනෙහි වසරකි. එකල එය හැඳින්වුනේ කමිලස් සහ මේනියස්ගේ රාජ්‍යතාන්ත්‍රික වර්ෂය (හෝ, එලෙස බහුල ලෙසින් නොව, වසර 416 අබ් ඌර්බෙ කෝන්ඩිටා ) ලෙසිනි. මෙම වසර සඳහා ක්‍රිපූ 338 වන නාමය භාවිත වීම ඇරඹුකේ මුල් මධ්‍යතන යුගයේදී, වසර නම් කිරීම සඳහා යුරෝපයේ ඉදිරියට පත් ක්‍රමය ලෙසින් ක්‍රිස්තු වර්ෂ දින දසුන් යුගය ඇරඹීම හා සමගය.",sin,wili-2018,sinhala,sinhala
"රික්තක ආසවනය systems operate at reduced pressure, thereby lowering the boiling points of the materials. Note that the use of anti-bumping granules will not work at reduced pressures.",sin,wili-2018,sinhala,sinhala
පහර දීමේ පළමු සංවත්සර දිනය වූ (2006 ජුලි 6 වැනි) දින අල් ජසීරා සේවය විසින් බෝම්බ කරුවන්ගෙන් කෙනෙකු වූ ෂෙහ්සාඩ් තන්වීර්ගේ පටිගත කරන ලද පණිවුඩයක් ගුවන් ගත කරන ලදී. ඔහු මෙසේ කීවේය.,sin,wili-2018,sinhala,sinhala
"ඔහුගේ මව, අෆේනි ෂාකූර් (ජාතක නාමය ඇලිස් ෆේ විලියම්ස්), සහ ඔහුගේ පියා, බිලී ගාලන්ඩ්, 1960 දශකයේ අග භාගයේ සිට 1970 මුල්භාගය වනතුරු නිව් යෝර්ක් හි බ්ලැක් පැන්තර් පාර්ටි (බ්ලැක් පැන්තර් පක්ෂය)හි ක්‍රියාකාරී සාමාජිකයින් වූහ. ටූපැක් බිහිවන්නේ ඔහුගේ මව ""නිව් යොර්ක් හිදී එක්සත් ජනපද ආණ්ඩුවට සහ නිව් යොර්ක් මංසලකුණුවලට එරෙහි කුමන්ත්‍රණය""ක නියැලුනි යැයි ගොණු කරනට යෙදුණු පැන්තර් 21 නඩුවේ ඇයට එල්ලකර තිබූ චෝදනා 150කට අධික ප්‍රමාණයකින් නිදහස් වීමෙන් මසකට පසුවය.",sin,wili-2018,sinhala,sinhala
සීසියම් ෆ්ලෝරයිඩ් ඉතා හොඳින් විඝටනය වන නිසා එය අදාල ලවණ වලට වඩා ඉහල ප්‍රතික්‍රියාවක් දක්වන ෆ්ලෝරයිඩ් ප්‍රභවයකි. තවද නිර්ජලීය ෆ්ලෝරයිඩ් අයන ලබාගැනී සඳහා යොදාගනුලබන ටෙරා-එන්-බියුටයිලමෝනියම්-ෆ්ලෝරයිඩ් ( tetra-n-butylammonium fluoride / TBAF) හා TAS-ෆ්ලෝරයිඩ් ( TAS-fluoride / TASF) වෙනුවට අවම ජලාකර්ෂකයකින් යුතු විකල්පයක් ලෙස සීසියම් ෆ්ලෝරයිඩ් (CsF) භවිතාවේ.,sin,wili-2018,sinhala,sinhala
"ශ්‍රී ලංකාවේ ජාතික වෘක්ෂය ලෙස නම් කළ නා ගසට අමතරව නාමල් උයන තුළ හල්මිල්ල, කළුවර, මිල්ල ආදි ශාක රැසක් ද දක්නට ලැබෙයි. අපේ රටට ආවේනික වූ හා ආවේනික නො වූ පක්ෂි වර්ග 18ක් ඇති බවත් ඖෂධීය ශාක විශේෂ 72 ක් හා කෘමි විශේෂ 75 ක් ඇති බවත් පර්යේෂණ මගින් අනාවරණය වී තිබේ.",sin,wili-2018,sinhala,sinhala
"ඵලදායීතාවය ඉහල යන වේගයට වඩා වැඩි වේගයකින් වැටුප් ඉහල යන වි‍ට සැපයුම් ශ්‍රිතයට උද්ධමනකාරී බලපෑම් ඇතිවේ.වැටුප් රේටයන් වැඩිවීමට එක් හේතුවක් ලෙස ශ්‍රමයට ඇති අධි ඉල්ලුම දැක්විය හැක.පූර්ණ සේවා නියුක්ති මට්ටමේ ආර්ථිකය පවතින වි‍ට,මුදල් ආදායමේ වැඩිවීමක් උද්ධමනය වැඩි වීමට හේතු සාධක වේ.",sin,wili-2018,sinhala,sinhala
"දකුණු ඉන්දියානු හා ශ්‍රී ලාංකික ආදාහන ක්‍රමවේදයන්ගේ ඇති සංස්කෘතික සමානකම් ක්‍රිපූ 10 වන සියවස තෙක් දිවෙන බව පුරාවිද්‍යාඥයන් සඳහන් කලද , ඉන්දියානු ඉතිහාසය හා පුරාවිද්‍යාව මගින් එය ක්‍රි.පූ 15 සියවස තෙක් පසුපසට ගෙන ඇත. අනුරාධපුරයේ බ්‍රාහ්මීය නොවන සලකුණු සහිත භාණ්ඩයන් හා සිදුකල විකිරණ පරීක්ෂණ මගින් ඒවා ක්‍රි.පූ 9 හා 10 වන සියවසට පමණ අයත් බව තහවුරු වී ඇත.",sin,wili-2018,sinhala,sinhala
"ඒමි ලී හා බෙන් මූඩි විසින් 1995දී එවැනසෙන්ස් ආර්ම්භකළ පසු, ඔවුන් විසින් විස්තෘත පටි (වි.ප.) 3ක් සහ එක් ආදර්ශ සංයුක්ත තැටියක් නිකුත්කළ අතර, 2001 දුරුතුමස ඔවුන් ඔවුන්ගේ පළමු ලේබලය වන ""Wind-up Records"" සමග අත්සන් තබන ලදී. ඇල්බමයේ ගීත රචනය සඳහාම අවුරුදු අටක් ගතවී ඇත. MTV සමග තැබූ සම්මුඛ සාකච්ඡාවකදී, බෙන් මූඩි විසින් තමා ලී සමග එක්ව ගීත ලිවීම නොකළ බවද, ""අවුරුදු අට ඇතුලත සම්හරවිට දෙතුන්පාරක් විතරයි අපි එක කාමරේ වාඩිවෙලා ලියුවේ"" යැයි ද හෙළිකළේය.",sin,wili-2018,sinhala,sinhala
ඓතිහාසික පොලොන්නරුව නගරයේ ශිව දෙවියන් සදහා ඉදි කල ශිව දේවාල කිහිපයක් දැකගත හැකිවේ. අනුරාධපුර යුගයට පසු ලක්දිව බලයට පත් චෝලයන් විසින් තම ආගමික ඕනෑ එපාකම් සදහා මේ හින්දු ආගමික ගොඩනැගීම් කළහ.,sin,wili-2018,sinhala,sinhala
"මෙය, 1600, 1972, 2000, 2028, 2056, 2084, 2400 හෝ 2800 වැනි, ජනවාරි 1 දින සෙනසුරාදා දිනයකින් ඇරඹෙන ඕනෑම අධික අවුරුද්දක් (ඩොමිනිකල් අකුර BA) සඳහා, දින දසුන වෙයි.",sin,wili-2018,sinhala,sinhala
Curriculum Coordination Committee English Language Teaching Unit Medical Education Unit (MEU) Nuclear Medicine Unit (NMU) Medical Library e-Library,sin,wili-2018,sinhala,sinhala
ඉන්දියානු සම්භවයක් සහිත දෙමළ ජනයා (කදුකර දමිළ ජනයා) ක්‍රි.ව. 19 වන සියවසේ තමිල් මදුරාසි පරිපාලන ඒකකයේ සිට තේ වගාව සදහා ශ්‍රමිකයන් ලෙස ශ්‍රී ලංකාවට ගෙන්වූ දෙමළ ජනයාගෙන් පැවත එන්නන් වේ. මින් බහුතරය තවමත් මධ්‍යම කදුකරයේ ජිවත් වෙයි. බ්‍රිතාන්‍ය ලංකාව සහ බ්‍රිතාන්‍ය රාජ් භූමි දෙකම එක්සත් රාජධානිය යටතේ වූ බැවින් ලංකාව‍ (1984දී) සහ ඉන්දියාව (1947දී) නිමින් ස්වෛරීය රාජ්‍යයන් ලෙස නිදහස ලබනතුරු මෙවුන්ගේ පුරවැසිභාවය පිලිබඳ ටැටළුවක් නොවීය. මොවුන්ගේ ඉරණම පිළිබඳව සලකාබැලීමක්න් හෝ තීරණයකින් තොරව ස්වාධීන රාජයන් බිහිවීමෙන් පසු මෙය සමාජයීය සහ දේශපාලන්ක ගැටළුවක් බවට පත්විය. 1960 දී ශ්‍රීලංකාව හා ඉන්දියාව අතර අත්සන් කරන ලද ගිවිසුමේ වගන්ති ප්‍රකාරව 40% වූ ඉන්දීය දමිළ ජනයාට ශ්‍රිලාංකීය පුරවැසිභාවය පිරිනමන ලද ශේෂ ජනයා තම මවුබිම වූ ඉන්දියාවට පමුණුවන ලදී.1990 වන විට ශ්‍රිලංකාවේ වෙසෙන බොහෝ ඉන්දියානු දමිළ ජනයාට ශ්‍රිලාංකීය පුරවැසිභාවය හිමිවුනි.,sin,wili-2018,sinhala,sinhala
"ශ්‍රී ලංකාවේ, උතුරු මැද පළාතේ, පොළොන්නරුව පුරාතන නගරයේ, හැටදාගේ පිහිටා ඇත. නගරයෙහි පැරණිතම සහ මහත් ශුද්ධවූ ස්මාරක පිහිටා ඇති චතුරස්‍රාකාර ප්‍රදේශයක් වන දළදා මළුවෙහි උතුරු දිග කොණට සමීපයෙහි මෙය පිහිටා ඇත. දකුණු දිගට මුහුණ ලා ඇති එහි ඇතුළුවීමේ ද්වාරය, එක එල්ලේ පොළොන්නරුව වටදාගේ ඇතුළුවීමේ දොරටුවට මුහුණ ලා සිටියි. ගල්පොත ශිලා ලේඛනය එය සමීපයෙන් නැගෙනහිර දිශාවට වන්නට පිහිටි අතර, අටදාගේ පිහිටන්නේ එයින් බටහිර දිශාවට වන්නටය.",sin,wili-2018,sinhala,sinhala
බිහාද්‍රත වරුන්ට පසුව ප්‍රද් යෝතවරු පැමිණි අතර වැයු පුරාණයට අනුව ඔවුන් වසර 138 ක් පුරාවට තම පාලනය ගෙන ගියේ එක් ප්‍රද්යෝත සම්ප්‍රදායක් වුයේ රජකම ලබාගැනීම සඳහා කුමරා විසින් තම පියා මරා දැමීමයි. එම කාලය තුළදී මගධයේ දරුණු අපරාධ සිදු වු බවට වාර්තා ඇත. මිනිසුන් නැගී සිට නව රජතුමා බවට පත්වීමට ශිෂුනාග තෝරාගත් අතර එමගින් ප්‍රදේ යෝත වරුන්ගේ බලය බිදවැටී ශිෂුනාග පෙළපත ඇති විය.,sin,wili-2018,sinhala,sinhala
"අධ්‍යාපනය හරහා නූතන ලෝකය ගවේෂණය කිරීමේ ඉඩහසර ලබා දුන්නද තවමත් ග‍්‍රාමීයව වෙසෙන මිනිසුන් තම පාරම්පරික විශ්වාස පද්ධතිය ආරක්ෂා කරති. විශේෂයෙන් මල්වර වූ විට, ගැබ් ගත් විට, දරු ප‍්‍රසූතියේදී යනාදී විශේෂ අවස්ථා පිළිබඳව තවමත් පිළිගත් සංස්කෘතික රටාවක් ඔවුන් අතර පවතී. ඒ වත් පිළිවෙත් ආරක්ෂා කරන ඔවුන්ගේ අරමුණ වන්නේ යක්ෂ දෝෂයන් ඒ අවස්ථාවන්ට බලපෑම් කිරීම ඉහළ නිසා ඒවායින් මිදිමය. විශේෂයෙන් ”කිල්ල” යන සංකල්පය ඔවුන් තුළ පවති. අමරසිංහම් දක්වන ආකාරයට අභිචාරාත්මක ප‍්‍රතිකාර මගින් සිදු වන්නේ රෝගියාගේ මනස හා රුධිරය පිරිසිදු කිරීමය. විශේෂයෙන් අන් ප‍්‍රතිකාර ක‍්‍රමවලට වඩා එය රෝගීයාට සමීප ප‍්‍රතිකාර ක‍්‍රමයක්ද වේ. මන්ද ඒ මගින් විහිළු, අශ්ලීල කියුම් ආදිය යොදා ගනිමින් සිනහව ඇති කරන නිසාය. එම නිසාම රෝගී මනස සුවපත් වීම සිදු වන්නේ ඖෂධ හරහා නොව මනස සුවපත් කිරීම හරහාය. මෙහිදී අභිචාරාත්මක ප‍්‍රතිකාර අවශ්‍ය බව දැනේ නම් මිනිසුන් කෙසේ හෝ ඒ කරා ළඟා වීමට උත්සාහ දරති. මන්ද ඒ සම්බන්ධයෙන් දැඩි විශ්වාසයක් ඔවුන් තුළ පවතින නිසාය.",sin,wili-2018,sinhala,sinhala
ටී.ආනන්ද ක‍්‍රිෂ්ණන් උපත ලැබූයේ 1938 අපේ‍්‍රල් 1 දින මලයාසියාවේ ක්වාලලම්පූර්හි බි‍්‍රක්ෆීල්ඞ්හි දී ‘පුංචි ඉන්දියාව’ නමින් හඳුන්වන පෙදෙසක උපත ලද ඔහුගේ මව්පියෝ ශ්‍රී ලාංකික දෙමළ වැසියෝ වෙති.,sin,wili-2018,sinhala,sinhala
සාම්ප්‍රදායට අනුව ශිෂුනාග පෙළපත මගධ රාජධානියට උරුමකම් කීවේ 684 BCE හිදිය. ඔවුන්ගේ අගනුවර රාජ්‍ය බිහිවු අතර පසුව වර්තමාන පට්න අසල පාටලී පුත්‍ර අගනුවර ලෙස තෝරා ගැනිණි. මෙම පෙළපත 424 BC දක්වා පැවති අතර ඉන්පසු එය නන්දා පෙළපත විසින් යටත් කර ගන්නා ලදී. මෙම වකවානුවේදී මගධයෙන් ආරම්භ වු ඉන්දියාවේ ප්‍රධාන ආගම් දෙකක දියුණූ වීම සිදු විය. ගෞතම බුදුරජාණන් වහන්සේ BC 6 වන හෝ 5 වන සියවසේදී බුද්ධාගම සොයා ගත් අතර පසුව එය නැගෙනහිර ආසියාවට හා ගිනිකොණ දිග ආසියාවට ව්‍යාප්ත විය. ඒ අතරතුර මහාවීරතුමා පෞරාණික ජෛන ආගම නැවත පුනර්ජීවනයට ලක්කර නැවත නඟා සිටුවන ලදී.,sin,wili-2018,sinhala,sinhala
"උදාහරණයක් ලෙස, consider the distillation of a mixture of ජලය and එතනෝල්. එතනෝල් boils at 78.4 °C while water boils at 100 °C. So, by gently heating the mixture, the most volatile component will concentrate to a greater degree in the vapor leaving the liquid. Some mixtures form azeotropes, where the mixture boils at a lower temperature than either component. In this example, a mixture of 96% ethanol and 4% water boils at 78.2 °C, being more volatile than pure ethanol. For this reason, ethanol cannot be completely purified by direct fractional distillation of ethanol-water mixtures.",sin,wili-2018,sinhala,sinhala
විශ්වයේ අඩංගු සාමාන්‍ය පදාර්ථයෙන් 74% හා 24% බැගින් පිළිවෙලින් හයිඩ්‍රජන් හා හීලියම් වලින් යුක්ත බව විශ්වාස කෙරේ. මුළු ස්කන්ධයෙන් ඉතා සුළු ප්‍රතිශතයක් සදහා දායක වුවද ඉතිරි බරින් වැඩි මූලද්‍රව්‍ය විශ්වීය ක්‍රියාකාරිත්වයට දැඩි බලපෑමක් එල්ල කරයි. ක්ෂීර පථයේ මුළු ස්කන්ධයෙන් 2% ක් පමණ මෙම බරින් වැඩි මූලද්‍රව්‍යවලින් සමන්විතය.,sin,wili-2018,sinhala,sinhala
"සම්ගුංන්‍යුසා, ජේවං උන්ගි, දොංගුක් තොංගම් සහ ජොසොන් රාජවංශයේ වාර්ෂික වාර්තා යනාදියෙහි අන්තර්ගත විස්තරවල දංගුන් විසින් ගෝජොසොන් පිහිටුවූයේ ක්‍රි.පූ. 2333 වර්ෂයේ බව පවසයි. මෙම දිනය ඓතිහාසික මූලාශ්‍රවල ද විවිධ අයුරින් දක්වා ඇත. එසේවුව ද, එම මූලාශ්‍ර සියල්ලෙහිම මෙම දිනය මිත්‍යාමය යාඕ අධිරාජයාගේ රාජ්‍ය සමයයට (සම්ප්‍රදායික දින: ක්‍රි.පූ. 2357 ? – ක්‍රි.පූ. 2256 ?) අයත් යැයි දක්වා ඇත. සම්ගුංන්‍යුසා පවසන්නේ දංගුන් සිහසුනට පත්වූයේ ජනප්‍රවාදගත යාශ් රාජ්‍ය සමයේ 50වන වර්ෂයේ බවයි. නමුත් සේජොං රජුගේ වාර්ෂික වාර්තාවල එය පළමු වර්ෂය ලෙසත් සහ දොංගුක් තොංගම් මූලාශ්‍රයේ එය 25වන වර්ෂය ලෙසත් දක්වා ඇත.",sin,wili-2018,sinhala,sinhala
"Besides licenses, Creative Commons also offers a way to release material into the public domain through CC0, a legal tool for waiving as many rights as legally possible, worldwide. Development of CC0 began in 2007 and the tool was released in 2009.",sin,wili-2018,sinhala,sanskrit
20වැනි සියවසේ ක්‍රි.ව. 1914 ජුලි මස 28 දින සිට ක්‍රි.ව. 1918 නොවැම්බර් මස 11 දින දක්වා වසර හතරකට වැඩි කාලයක් පැවැතුණු මෙය පසුව යුරෝපා රටවල යටත් විජිත කරා ද වක්‍රාකාරව ව්‍යාප්ත විණි. මෙය කෙටියෙන් WWI ලෙස ද හඳුන්වනු ලබයි.,sin,wili-2018,sinhala,sinhala
"ඇතිකරගත් අවිද්‍යා සහගත සංඥාව නිසා පිළිකුල් සහගත වූ කුණපයක් වෙත තමා ඇළුම්කරන බව ඔහුට නොවැටහෙන්නේ ය. එහෙත් කයෙහි පවතින පිළිකුල් සහගත බව හා ආසාර බව පිළිබඳ කායානුපස්සනාවෙහි නිරත වන යෝගියාට අන්‍ය වූ හෝ තමාගේ හෝ යැයි සම්මත කය කුණප කොටසක් පමණක් බවත්, මෙහි ඇලුම්කොට යුතු කිසිවක් නොමැති බවත් අවබෝධ වන්නේ ය. කායානුපස්සනාවෙහි අවසාන කොටස ‘නව සීවථික’ නම් වෙයි. ජීවිතක්‍ෂයට මෙය පත් පුද්ගලයකුගේ මෘත දේහය දින 9 ක් ගත වන විට විනාශය කරා ගමන් ගන්නා ආකාරය පිළිබඳ නුවණින් බලා තම සිරුර පිළිබඳ පවතින රාගය දුරු කරන කර්මස්ථානයක් බව දත යුතු ය.",sin,wili-2018,sinhala,sinhala
"Since 2004, all current licenses require attribution of the original author. The attribution must be given to ""the best of [one's] ability using the information available"". Generally this implies the following:",sin,wili-2018,sinhala,sinhala
නොරියා(Noria) ජල චක්‍ර ක්‍රමයට (දිය පහරක ගලායන වේගයට අනුව ක්‍රියාත්මක වූ) ජලය භාවිතයක්ද මේ අවධියේදීම භාවිතයට ගැණුනි. ඒ උතුරු අප්‍රිකාවේ සිටි රෝමාණුවන් විසිනි. ක්‍රි.පූ. 150 වන විට පෙර වළල්ලක් වටා සවිකර තිබූ බැහැලුම් ක්‍රමයට අමතර පීල්ලක සවිකල බැහැලුම් වලට වඩා ක්‍රමිකව ජලය පිරවෙන ලෙස දියුණු කරණ ලදී.,sin,wili-2018,sinhala,sinhala
"සත්වන දින අවසානයේ බුදුරජාණන් වහන්සේ ප්‍රමුඛ මහා සංඝරත්නයට සිවුරු ආදිය පුදා බුදුරජාණන් වහන්සේ ඉදිරියෙහි ප්‍රාර්ථනා කරන්නාහු, ""ස්වාමීනී, සත්දිනක් දන් දීමෙන් මා කරගත්තා වූ කුශල කර්මය හේතුවෙන් මට දිව්‍ය සම්පත්තියක් හෝ ශක්‍ර-බ්‍රහ්ම සම්පත්තියක් නොපතමි. මතුයම් බුදු සස්නක මහානිසභ තෙරුන් වහන්සේ පත් තැනට පත්වීමට හේතු වාසනා වේවායි"" පැවසීය.",sin,wili-2018,sinhala,sinhala
කෙසේ වෙතත් නළ මාර්ගකරණය මගින් මුල් මෙහෙයුමක ප්‍රතිඵලය ඊලග මෙහෙයුම නිම කිරිමට අවශ්‍ය වන අවස්ථා ඇති විමට පුළුවන මෙම තත්ත්වය දත්ත ආයතනය ගැටලු ලෙස හැදින්වේ. මෙවඇනි තත්ව වැඩ පැවැත්විමට මෙවැනි ආකාරයේ තත්ව ගැන හා මෙවැනි තත්වයක් උදා වුවහොත් උපදෙස් නල මාර්ගයේ කොටසක් පවා කිරිම සදහා අතිරේක පරිපතවලියක් අවශ්‍ය වන නිසා නල මාර්ගස්ථ සකසන Sbscater ඒවාට වඩා සංකිර්ණ වේ. 9නමුත් සුවිශේෂ ලෙස සංකිර්ණ නොවේ) නල මාර්ගයක සකසනකය අදිශ තත්තවයට ඉතාමත් ලංවිය හැකි අතර නිෂේධනය විය හැක්කේ නල මාර්ග හදිසියේ නතර විමමෙන් පමණි. (උපදෙස් එක් අවදියකදි එක් ස්පන්දන ච්‍ක්‍රයකට වඩා ගැනිමෙනි),sin,wili-2018,sinhala,sinhala
"Sampling Plus: parts of the work can be copied and modified for any purpose other than advertising, and the entire work can be copied for noncommercial purposes",sin,wili-2018,sinhala,sinhala
"In laboratory distillation, several types of condensers are commonly found. The Liebig condenser is simply a straight tube within a water jacket, and is the simplest (and relatively least expensive) form of condenser. The Graham condenser is a spiral tube within a water jacket, and the Allihn condenser has a series of large and small constrictions on the inside tube, each increasing the surface area upon which the vapor constituents may condense.",sin,wili-2018,sinhala,sinhala
වනාන්තර ගතිකත්වය ලෙස විස්තර කරනුයේ වනාන්තරයේ හැඩය හා අනෙකුත් වෙනස්කම් සිදු කරන ‍ෙභෟතික හා ජෛව විද්‍යාත්මක බලපෑම් යටපත් කිරීමය. මෙය වනයේ සංයුක්තිය හා සැලැස්ම විකෘති කරන අඛණ්ඩ වෙනස් වීමකි. වනාන්තර ගතිකත්වයේ මූලික අංග දෙකකි. එනම් වන සන්තතිය (පරිසර විද්‍යාත්මක සන්තතිය) සහ වනාන්තර වලට සිදුවන බාධා කිරීමි ය.,sin,wili-2018,sinhala,sinhala
"එදින භද්‍රාද තළසැලි තුනක් එලියෙහි වනා කිරිමවුන් හා සිටින්නි, කවුඩන් විසින් තල පණුවන් කනු දැක ඒ කුමක්දැයි විචාරා එහි පාපය තමන්ට හිමි වන බව දැන ""මේ සතුන් කරන පාපය මට හිමි වන්නේ නම් මේ සංසාරයෙන් ගොඩ ඒමක් නම් නැත. මම සියල්ලම සැමියා හට දී පැවිදි වන්නෙමි"" ඉටා ගත්තාය.i",sin,wili-2018,sinhala,sinhala
ක්‍රි.ව.2013 වසරේ ඔක්තෝබර් මාසයේදී පිරිසක් විසින් ගල් කොරියක මුවාවෙන් මීවත්පුර පිහිටි පර්වතයක් පුපුරවා එතුමියගේ දේහය තිබූ තැනින් ඉවත්කොට ආභරණ සොරකම් කොට දේහය පුළුස්සා දැමිමට කටයුතු කල බවට විවිධ අංශ මගින් චෝදනා එල්ල විය. කෙසේ නමුදු පුරාවිද්‍යාඥයින් විසින් මෙම චෝදනා පදනම් විරහිත බවට මත පළ කරන ලදී.,sin,wili-2018,sinhala,sinhala
